71.01664,1Ae5LTmecYK4qg2dcjMiGuUbTMQqYWKBaAswFYYg1wDToS,check,9
131.01013,1Ae5LTmecYK4qg2dcjMiGuUbTMQqYWKBaAswFYYg1wDToS,check,14
191.01439,1Ae5LTmecYK4qg2dcjMiGuUbTMQqYWKBaAswFYYg1wDToS,check,14
251.0171,1Ae5LTmecYK4qg2dcjMiGuUbTMQqYWKBaAswFYYg1wDToS,check,15
306.36432,1Ae5LTmecYK4qg2dcjMiGuUbTMQqYWKBaAswFYYg1wDToS,check,16
371.0048,1Ae5LTmecYK4qg2dcjMiGuUbTMQqYWKBaAswFYYg1wDToS,check,16
431.00693,1Ae5LTmecYK4qg2dcjMiGuUbTMQqYWKBaAswFYYg1wDToS,check,12
491.0171,1Ae5LTmecYK4qg2dcjMiGuUbTMQqYWKBaAswFYYg1wDToS,check,13
548.30853,1Ae5LTmecYK4qg2dcjMiGuUbTMQqYWKBaAswFYYg1wDToS,check,17
604.23395,1Ae5LTmecYK4qg2dcjMiGuUbTMQqYWKBaAswFYYg1wDToS,check,17
670.67737,1Ae5LTmecYK4qg2dcjMiGuUbTMQqYWKBaAswFYYg1wDToS,check,16
731.0115,1Ae5LTmecYK4qg2dcjMiGuUbTMQqYWKBaAswFYYg1wDToS,check,16
791.0173,1Ae5LTmecYK4qg2dcjMiGuUbTMQqYWKBaAswFYYg1wDToS,check,15
851.00726,1Ae5LTmecYK4qg2dcjMiGuUbTMQqYWKBaAswFYYg1wDToS,check,11
911.0165,1Ae5LTmecYK4qg2dcjMiGuUbTMQqYWKBaAswFYYg1wDToS,check,7
971.01605,1Ae5LTmecYK4qg2dcjMiGuUbTMQqYWKBaAswFYYg1wDToS,check,6
1031.0139,1Ae5LTmecYK4qg2dcjMiGuUbTMQqYWKBaAswFYYg1wDToS,check,9
1091.0107,1Ae5LTmecYK4qg2dcjMiGuUbTMQqYWKBaAswFYYg1wDToS,check,16
1151.0118,1Ae5LTmecYK4qg2dcjMiGuUbTMQqYWKBaAswFYYg1wDToS,check,16
1211.0109,1Ae5LTmecYK4qg2dcjMiGuUbTMQqYWKBaAswFYYg1wDToS,check,15
1271.0093,1Ae5LTmecYK4qg2dcjMiGuUbTMQqYWKBaAswFYYg1wDToS,check,15
1331.0149,1Ae5LTmecYK4qg2dcjMiGuUbTMQqYWKBaAswFYYg1wDToS,check,13
1391.0104,1Ae5LTmecYK4qg2dcjMiGuUbTMQqYWKBaAswFYYg1wDToS,check,16
1451.0104,1Ae5LTmecYK4qg2dcjMiGuUbTMQqYWKBaAswFYYg1wDToS,check,14
1511.0117,1Ae5LTmecYK4qg2dcjMiGuUbTMQqYWKBaAswFYYg1wDToS,check,15
1571.0178,1Ae5LTmecYK4qg2dcjMiGuUbTMQqYWKBaAswFYYg1wDToS,check,13
1631.0157,1Ae5LTmecYK4qg2dcjMiGuUbTMQqYWKBaAswFYYg1wDToS,check,11
1691.0159,1Ae5LTmecYK4qg2dcjMiGuUbTMQqYWKBaAswFYYg1wDToS,check,12
1751.0164,1Ae5LTmecYK4qg2dcjMiGuUbTMQqYWKBaAswFYYg1wDToS,check,7
1811.0126,1Ae5LTmecYK4qg2dcjMiGuUbTMQqYWKBaAswFYYg1wDToS,check,10
1871.0107,1Ae5LTmecYK4qg2dcjMiGuUbTMQqYWKBaAswFYYg1wDToS,check,16
1931.0107,1Ae5LTmecYK4qg2dcjMiGuUbTMQqYWKBaAswFYYg1wDToS,check,16
1991.0114,1Ae5LTmecYK4qg2dcjMiGuUbTMQqYWKBaAswFYYg1wDToS,check,16
2051.0115,1Ae5LTmecYK4qg2dcjMiGuUbTMQqYWKBaAswFYYg1wDToS,check,15
2111.0112,1Ae5LTmecYK4qg2dcjMiGuUbTMQqYWKBaAswFYYg1wDToS,check,15
2171.0151,1Ae5LTmecYK4qg2dcjMiGuUbTMQqYWKBaAswFYYg1wDToS,check,14
2231.01,1Ae5LTmecYK4qg2dcjMiGuUbTMQqYWKBaAswFYYg1wDToS,check,16
2291.008,1Ae5LTmecYK4qg2dcjMiGuUbTMQqYWKBaAswFYYg1wDToS,check,16
2351.0127,1Ae5LTmecYK4qg2dcjMiGuUbTMQqYWKBaAswFYYg1wDToS,check,13
2411.0103,1Ae5LTmecYK4qg2dcjMiGuUbTMQqYWKBaAswFYYg1wDToS,check,11
2471.0164,1Ae5LTmecYK4qg2dcjMiGuUbTMQqYWKBaAswFYYg1wDToS,check,10
2531.017,1Ae5LTmecYK4qg2dcjMiGuUbTMQqYWKBaAswFYYg1wDToS,check,7
2591.0154,1Ae5LTmecYK4qg2dcjMiGuUbTMQqYWKBaAswFYYg1wDToS,check,12
2651.01,1Ae5LTmecYK4qg2dcjMiGuUbTMQqYWKBaAswFYYg1wDToS,check,15
2711.0134,1Ae5LTmecYK4qg2dcjMiGuUbTMQqYWKBaAswFYYg1wDToS,check,16
2771.0151,1Ae5LTmecYK4qg2dcjMiGuUbTMQqYWKBaAswFYYg1wDToS,check,15
2831.013,1Ae5LTmecYK4qg2dcjMiGuUbTMQqYWKBaAswFYYg1wDToS,check,15
2891.012,1Ae5LTmecYK4qg2dcjMiGuUbTMQqYWKBaAswFYYg1wDToS,check,15
2951.0095,1Ae5LTmecYK4qg2dcjMiGuUbTMQqYWKBaAswFYYg1wDToS,check,16
3011.012,1Ae5LTmecYK4qg2dcjMiGuUbTMQqYWKBaAswFYYg1wDToS,check,14
3071.0168,1Ae5LTmecYK4qg2dcjMiGuUbTMQqYWKBaAswFYYg1wDToS,check,15
3131.0151,1Ae5LTmecYK4qg2dcjMiGuUbTMQqYWKBaAswFYYg1wDToS,check,15
3191.0098,1Ae5LTmecYK4qg2dcjMiGuUbTMQqYWKBaAswFYYg1wDToS,check,14
3251.008,1Ae5LTmecYK4qg2dcjMiGuUbTMQqYWKBaAswFYYg1wDToS,check,14
3311.0144,1Ae5LTmecYK4qg2dcjMiGuUbTMQqYWKBaAswFYYg1wDToS,check,8
3371.0107,1Ae5LTmecYK4qg2dcjMiGuUbTMQqYWKBaAswFYYg1wDToS,check,10
3431.0107,1Ae5LTmecYK4qg2dcjMiGuUbTMQqYWKBaAswFYYg1wDToS,check,13
3491.0103,1Ae5LTmecYK4qg2dcjMiGuUbTMQqYWKBaAswFYYg1wDToS,check,15
3551.0068,1Ae5LTmecYK4qg2dcjMiGuUbTMQqYWKBaAswFYYg1wDToS,check,12
3611.0044,1Ae5LTmecYK4qg2dcjMiGuUbTMQqYWKBaAswFYYg1wDToS,check,16
3671.0054,1Ae5LTmecYK4qg2dcjMiGuUbTMQqYWKBaAswFYYg1wDToS,check,16
3731.0112,1Ae5LTmecYK4qg2dcjMiGuUbTMQqYWKBaAswFYYg1wDToS,check,13
3791.015,1Ae5LTmecYK4qg2dcjMiGuUbTMQqYWKBaAswFYYg1wDToS,check,15
3851.011,1Ae5LTmecYK4qg2dcjMiGuUbTMQqYWKBaAswFYYg1wDToS,check,15
3911.0063,1Ae5LTmecYK4qg2dcjMiGuUbTMQqYWKBaAswFYYg1wDToS,check,14
3971.0164,1Ae5LTmecYK4qg2dcjMiGuUbTMQqYWKBaAswFYYg1wDToS,check,10
4031.0168,1Ae5LTmecYK4qg2dcjMiGuUbTMQqYWKBaAswFYYg1wDToS,check,14
4091.0103,1Ae5LTmecYK4qg2dcjMiGuUbTMQqYWKBaAswFYYg1wDToS,check,14
4151.0146,1Ae5LTmecYK4qg2dcjMiGuUbTMQqYWKBaAswFYYg1wDToS,check,10
4211.0093,1Ae5LTmecYK4qg2dcjMiGuUbTMQqYWKBaAswFYYg1wDToS,check,13
4271.0117,1Ae5LTmecYK4qg2dcjMiGuUbTMQqYWKBaAswFYYg1wDToS,check,14
4331.004,1Ae5LTmecYK4qg2dcjMiGuUbTMQqYWKBaAswFYYg1wDToS,check,15
4391.005,1Ae5LTmecYK4qg2dcjMiGuUbTMQqYWKBaAswFYYg1wDToS,check,15
4451.012,1Ae5LTmecYK4qg2dcjMiGuUbTMQqYWKBaAswFYYg1wDToS,check,15
4511.0107,1Ae5LTmecYK4qg2dcjMiGuUbTMQqYWKBaAswFYYg1wDToS,check,14
4571.012,1Ae5LTmecYK4qg2dcjMiGuUbTMQqYWKBaAswFYYg1wDToS,check,13
4631.011,1Ae5LTmecYK4qg2dcjMiGuUbTMQqYWKBaAswFYYg1wDToS,check,15
4691.008,1Ae5LTmecYK4qg2dcjMiGuUbTMQqYWKBaAswFYYg1wDToS,check,13
4751.0127,1Ae5LTmecYK4qg2dcjMiGuUbTMQqYWKBaAswFYYg1wDToS,check,11
4811.016,1Ae5LTmecYK4qg2dcjMiGuUbTMQqYWKBaAswFYYg1wDToS,check,9
4871.017,1Ae5LTmecYK4qg2dcjMiGuUbTMQqYWKBaAswFYYg1wDToS,check,9
4931.0063,1Ae5LTmecYK4qg2dcjMiGuUbTMQqYWKBaAswFYYg1wDToS,check,13
4991.0063,1Ae5LTmecYK4qg2dcjMiGuUbTMQqYWKBaAswFYYg1wDToS,check,16
5051.012,1Ae5LTmecYK4qg2dcjMiGuUbTMQqYWKBaAswFYYg1wDToS,check,15
5111.0107,1Ae5LTmecYK4qg2dcjMiGuUbTMQqYWKBaAswFYYg1wDToS,check,16
5171.008,1Ae5LTmecYK4qg2dcjMiGuUbTMQqYWKBaAswFYYg1wDToS,check,15
5231.0103,1Ae5LTmecYK4qg2dcjMiGuUbTMQqYWKBaAswFYYg1wDToS,check,15
5291.013,1Ae5LTmecYK4qg2dcjMiGuUbTMQqYWKBaAswFYYg1wDToS,check,16
5351.0093,1Ae5LTmecYK4qg2dcjMiGuUbTMQqYWKBaAswFYYg1wDToS,check,15
5411.011,1Ae5LTmecYK4qg2dcjMiGuUbTMQqYWKBaAswFYYg1wDToS,check,15
5471.0117,1Ae5LTmecYK4qg2dcjMiGuUbTMQqYWKBaAswFYYg1wDToS,check,15
5531.012,1Ae5LTmecYK4qg2dcjMiGuUbTMQqYWKBaAswFYYg1wDToS,check,14
5591.0127,1Ae5LTmecYK4qg2dcjMiGuUbTMQqYWKBaAswFYYg1wDToS,check,15
5651.016,1Ae5LTmecYK4qg2dcjMiGuUbTMQqYWKBaAswFYYg1wDToS,check,12
5711.0127,1Ae5LTmecYK4qg2dcjMiGuUbTMQqYWKBaAswFYYg1wDToS,check,16
5771.011,1Ae5LTmecYK4qg2dcjMiGuUbTMQqYWKBaAswFYYg1wDToS,check,15
5831.0117,1Ae5LTmecYK4qg2dcjMiGuUbTMQqYWKBaAswFYYg1wDToS,check,14
5891.011,1Ae5LTmecYK4qg2dcjMiGuUbTMQqYWKBaAswFYYg1wDToS,check,16
5951.012,1Ae5LTmecYK4qg2dcjMiGuUbTMQqYWKBaAswFYYg1wDToS,check,15
6011.012,1Ae5LTmecYK4qg2dcjMiGuUbTMQqYWKBaAswFYYg1wDToS,check,15
6071.0127,1Ae5LTmecYK4qg2dcjMiGuUbTMQqYWKBaAswFYYg1wDToS,check,15
6131.013,1Ae5LTmecYK4qg2dcjMiGuUbTMQqYWKBaAswFYYg1wDToS,check,14
6191.009,1Ae5LTmecYK4qg2dcjMiGuUbTMQqYWKBaAswFYYg1wDToS,check,15
6251.0127,1Ae5LTmecYK4qg2dcjMiGuUbTMQqYWKBaAswFYYg1wDToS,check,15
6311.015,1Ae5LTmecYK4qg2dcjMiGuUbTMQqYWKBaAswFYYg1wDToS,check,15
6371.012,1Ae5LTmecYK4qg2dcjMiGuUbTMQqYWKBaAswFYYg1wDToS,check,15
6431.0137,1Ae5LTmecYK4qg2dcjMiGuUbTMQqYWKBaAswFYYg1wDToS,check,15
6491.0107,1Ae5LTmecYK4qg2dcjMiGuUbTMQqYWKBaAswFYYg1wDToS,check,16
6551.0103,1Ae5LTmecYK4qg2dcjMiGuUbTMQqYWKBaAswFYYg1wDToS,check,15
6611.011,1Ae5LTmecYK4qg2dcjMiGuUbTMQqYWKBaAswFYYg1wDToS,check,15
6671.012,1Ae5LTmecYK4qg2dcjMiGuUbTMQqYWKBaAswFYYg1wDToS,check,11
6731.0117,1Ae5LTmecYK4qg2dcjMiGuUbTMQqYWKBaAswFYYg1wDToS,check,14
6791.011,1Ae5LTmecYK4qg2dcjMiGuUbTMQqYWKBaAswFYYg1wDToS,check,16
6851.0146,1Ae5LTmecYK4qg2dcjMiGuUbTMQqYWKBaAswFYYg1wDToS,check,16
6911.0083,1Ae5LTmecYK4qg2dcjMiGuUbTMQqYWKBaAswFYYg1wDToS,check,16
6971.011,1Ae5LTmecYK4qg2dcjMiGuUbTMQqYWKBaAswFYYg1wDToS,check,14
7031.0107,1Ae5LTmecYK4qg2dcjMiGuUbTMQqYWKBaAswFYYg1wDToS,check,16
7091.0117,1Ae5LTmecYK4qg2dcjMiGuUbTMQqYWKBaAswFYYg1wDToS,check,16
7151.0127,1Ae5LTmecYK4qg2dcjMiGuUbTMQqYWKBaAswFYYg1wDToS,check,16
7211.014,1Ae5LTmecYK4qg2dcjMiGuUbTMQqYWKBaAswFYYg1wDToS,check,13
7271.0127,1Ae5LTmecYK4qg2dcjMiGuUbTMQqYWKBaAswFYYg1wDToS,check,15
7331.0103,1Ae5LTmecYK4qg2dcjMiGuUbTMQqYWKBaAswFYYg1wDToS,check,16
7391.012,1Ae5LTmecYK4qg2dcjMiGuUbTMQqYWKBaAswFYYg1wDToS,check,16
7451.0117,1Ae5LTmecYK4qg2dcjMiGuUbTMQqYWKBaAswFYYg1wDToS,check,16
7511.0107,1Ae5LTmecYK4qg2dcjMiGuUbTMQqYWKBaAswFYYg1wDToS,check,16
7571.012,1Ae5LTmecYK4qg2dcjMiGuUbTMQqYWKBaAswFYYg1wDToS,check,15
7631.0146,1Ae5LTmecYK4qg2dcjMiGuUbTMQqYWKBaAswFYYg1wDToS,check,15
7691.0107,1Ae5LTmecYK4qg2dcjMiGuUbTMQqYWKBaAswFYYg1wDToS,check,15
7751.0117,1Ae5LTmecYK4qg2dcjMiGuUbTMQqYWKBaAswFYYg1wDToS,check,15
7811.016,1Ae5LTmecYK4qg2dcjMiGuUbTMQqYWKBaAswFYYg1wDToS,check,11
7871.0146,1Ae5LTmecYK4qg2dcjMiGuUbTMQqYWKBaAswFYYg1wDToS,check,12
7931.016,1Ae5LTmecYK4qg2dcjMiGuUbTMQqYWKBaAswFYYg1wDToS,check,7
7991.0156,1Ae5LTmecYK4qg2dcjMiGuUbTMQqYWKBaAswFYYg1wDToS,check,10
8051.0127,1Ae5LTmecYK4qg2dcjMiGuUbTMQqYWKBaAswFYYg1wDToS,check,13
8111.0166,1Ae5LTmecYK4qg2dcjMiGuUbTMQqYWKBaAswFYYg1wDToS,check,12
8171.01,1Ae5LTmecYK4qg2dcjMiGuUbTMQqYWKBaAswFYYg1wDToS,check,15
8231.016,1Ae5LTmecYK4qg2dcjMiGuUbTMQqYWKBaAswFYYg1wDToS,check,15
8291.018,1Ae5LTmecYK4qg2dcjMiGuUbTMQqYWKBaAswFYYg1wDToS,check,15
8351.01,1Ae5LTmecYK4qg2dcjMiGuUbTMQqYWKBaAswFYYg1wDToS,check,16
8411.015,1Ae5LTmecYK4qg2dcjMiGuUbTMQqYWKBaAswFYYg1wDToS,check,15
8471.011,1Ae5LTmecYK4qg2dcjMiGuUbTMQqYWKBaAswFYYg1wDToS,check,16
8531.011,1Ae5LTmecYK4qg2dcjMiGuUbTMQqYWKBaAswFYYg1wDToS,check,16
8591.011,1Ae5LTmecYK4qg2dcjMiGuUbTMQqYWKBaAswFYYg1wDToS,check,15
8651.017,1Ae5LTmecYK4qg2dcjMiGuUbTMQqYWKBaAswFYYg1wDToS,check,13
8711.011,1Ae5LTmecYK4qg2dcjMiGuUbTMQqYWKBaAswFYYg1wDToS,check,14
8771.016,1Ae5LTmecYK4qg2dcjMiGuUbTMQqYWKBaAswFYYg1wDToS,check,8
8831.01,1Ae5LTmecYK4qg2dcjMiGuUbTMQqYWKBaAswFYYg1wDToS,check,16
8891.012,1Ae5LTmecYK4qg2dcjMiGuUbTMQqYWKBaAswFYYg1wDToS,check,12
8951.012,1Ae5LTmecYK4qg2dcjMiGuUbTMQqYWKBaAswFYYg1wDToS,check,16
9011.012,1Ae5LTmecYK4qg2dcjMiGuUbTMQqYWKBaAswFYYg1wDToS,check,16
9071.013,1Ae5LTmecYK4qg2dcjMiGuUbTMQqYWKBaAswFYYg1wDToS,check,15
9131.011,1Ae5LTmecYK4qg2dcjMiGuUbTMQqYWKBaAswFYYg1wDToS,check,16
9191.015,1Ae5LTmecYK4qg2dcjMiGuUbTMQqYWKBaAswFYYg1wDToS,check,16
9251.015,1Ae5LTmecYK4qg2dcjMiGuUbTMQqYWKBaAswFYYg1wDToS,check,14
9311.028,1Ae5LTmecYK4qg2dcjMiGuUbTMQqYWKBaAswFYYg1wDToS,check,12
9371.013,1Ae5LTmecYK4qg2dcjMiGuUbTMQqYWKBaAswFYYg1wDToS,check,9
9431.015,1Ae5LTmecYK4qg2dcjMiGuUbTMQqYWKBaAswFYYg1wDToS,check,11
9491.017,1Ae5LTmecYK4qg2dcjMiGuUbTMQqYWKBaAswFYYg1wDToS,check,10
9551.017,1Ae5LTmecYK4qg2dcjMiGuUbTMQqYWKBaAswFYYg1wDToS,check,7
9611.011,1Ae5LTmecYK4qg2dcjMiGuUbTMQqYWKBaAswFYYg1wDToS,check,16
9671.017,1Ae5LTmecYK4qg2dcjMiGuUbTMQqYWKBaAswFYYg1wDToS,check,14
9731.009,1Ae5LTmecYK4qg2dcjMiGuUbTMQqYWKBaAswFYYg1wDToS,check,16
9791.015,1Ae5LTmecYK4qg2dcjMiGuUbTMQqYWKBaAswFYYg1wDToS,check,16
9851.012,1Ae5LTmecYK4qg2dcjMiGuUbTMQqYWKBaAswFYYg1wDToS,check,16
9911.011,1Ae5LTmecYK4qg2dcjMiGuUbTMQqYWKBaAswFYYg1wDToS,check,14
9971.017,1Ae5LTmecYK4qg2dcjMiGuUbTMQqYWKBaAswFYYg1wDToS,check,11
10031.016,1Ae5LTmecYK4qg2dcjMiGuUbTMQqYWKBaAswFYYg1wDToS,check,8
10091.016,1Ae5LTmecYK4qg2dcjMiGuUbTMQqYWKBaAswFYYg1wDToS,check,6
10151.015,1Ae5LTmecYK4qg2dcjMiGuUbTMQqYWKBaAswFYYg1wDToS,check,7
10211.015,1Ae5LTmecYK4qg2dcjMiGuUbTMQqYWKBaAswFYYg1wDToS,check,7
10271.017,1Ae5LTmecYK4qg2dcjMiGuUbTMQqYWKBaAswFYYg1wDToS,check,4
10331.017,1Ae5LTmecYK4qg2dcjMiGuUbTMQqYWKBaAswFYYg1wDToS,check,3
10391.016,1Ae5LTmecYK4qg2dcjMiGuUbTMQqYWKBaAswFYYg1wDToS,check,15
10451.01,1Ae5LTmecYK4qg2dcjMiGuUbTMQqYWKBaAswFYYg1wDToS,check,15
10511.015,1Ae5LTmecYK4qg2dcjMiGuUbTMQqYWKBaAswFYYg1wDToS,check,16
10571.013,1Ae5LTmecYK4qg2dcjMiGuUbTMQqYWKBaAswFYYg1wDToS,check,16
10631.011,1Ae5LTmecYK4qg2dcjMiGuUbTMQqYWKBaAswFYYg1wDToS,check,16
10691.012,1Ae5LTmecYK4qg2dcjMiGuUbTMQqYWKBaAswFYYg1wDToS,check,16
10751.016,1Ae5LTmecYK4qg2dcjMiGuUbTMQqYWKBaAswFYYg1wDToS,check,14
10811.012,1Ae5LTmecYK4qg2dcjMiGuUbTMQqYWKBaAswFYYg1wDToS,check,14
10871.013,1Ae5LTmecYK4qg2dcjMiGuUbTMQqYWKBaAswFYYg1wDToS,check,16
10931.014,1Ae5LTmecYK4qg2dcjMiGuUbTMQqYWKBaAswFYYg1wDToS,check,10
10991.017,1Ae5LTmecYK4qg2dcjMiGuUbTMQqYWKBaAswFYYg1wDToS,check,8
11051.017,1Ae5LTmecYK4qg2dcjMiGuUbTMQqYWKBaAswFYYg1wDToS,check,11
11111.017,1Ae5LTmecYK4qg2dcjMiGuUbTMQqYWKBaAswFYYg1wDToS,check,10
11171.012,1Ae5LTmecYK4qg2dcjMiGuUbTMQqYWKBaAswFYYg1wDToS,check,15
11231.016,1Ae5LTmecYK4qg2dcjMiGuUbTMQqYWKBaAswFYYg1wDToS,check,15
11291.014,1Ae5LTmecYK4qg2dcjMiGuUbTMQqYWKBaAswFYYg1wDToS,check,15
11351.013,1Ae5LTmecYK4qg2dcjMiGuUbTMQqYWKBaAswFYYg1wDToS,check,16
11411.012,1Ae5LTmecYK4qg2dcjMiGuUbTMQqYWKBaAswFYYg1wDToS,check,15
11471.014,1Ae5LTmecYK4qg2dcjMiGuUbTMQqYWKBaAswFYYg1wDToS,check,15
11531.013,1Ae5LTmecYK4qg2dcjMiGuUbTMQqYWKBaAswFYYg1wDToS,check,14
11591.016,1Ae5LTmecYK4qg2dcjMiGuUbTMQqYWKBaAswFYYg1wDToS,check,12
11651.015,1Ae5LTmecYK4qg2dcjMiGuUbTMQqYWKBaAswFYYg1wDToS,check,12
11711.018,1Ae5LTmecYK4qg2dcjMiGuUbTMQqYWKBaAswFYYg1wDToS,check,11
11771.015,1Ae5LTmecYK4qg2dcjMiGuUbTMQqYWKBaAswFYYg1wDToS,check,10
11831.018,1Ae5LTmecYK4qg2dcjMiGuUbTMQqYWKBaAswFYYg1wDToS,check,13
11891.018,1Ae5LTmecYK4qg2dcjMiGuUbTMQqYWKBaAswFYYg1wDToS,check,11
11951.007,1Ae5LTmecYK4qg2dcjMiGuUbTMQqYWKBaAswFYYg1wDToS,check,16
12011.01,1Ae5LTmecYK4qg2dcjMiGuUbTMQqYWKBaAswFYYg1wDToS,check,16
12071.008,1Ae5LTmecYK4qg2dcjMiGuUbTMQqYWKBaAswFYYg1wDToS,check,15
12131.006,1Ae5LTmecYK4qg2dcjMiGuUbTMQqYWKBaAswFYYg1wDToS,check,16
12191.009,1Ae5LTmecYK4qg2dcjMiGuUbTMQqYWKBaAswFYYg1wDToS,check,14
12251.009,1Ae5LTmecYK4qg2dcjMiGuUbTMQqYWKBaAswFYYg1wDToS,check,15
12311.01,1Ae5LTmecYK4qg2dcjMiGuUbTMQqYWKBaAswFYYg1wDToS,check,14
12371.016,1Ae5LTmecYK4qg2dcjMiGuUbTMQqYWKBaAswFYYg1wDToS,check,12
12431.01,1Ae5LTmecYK4qg2dcjMiGuUbTMQqYWKBaAswFYYg1wDToS,check,14
12491.017,1Ae5LTmecYK4qg2dcjMiGuUbTMQqYWKBaAswFYYg1wDToS,check,10
12551.017,1Ae5LTmecYK4qg2dcjMiGuUbTMQqYWKBaAswFYYg1wDToS,check,13
12611.011,1Ae5LTmecYK4qg2dcjMiGuUbTMQqYWKBaAswFYYg1wDToS,check,13
12671.017,1Ae5LTmecYK4qg2dcjMiGuUbTMQqYWKBaAswFYYg1wDToS,check,9
12731.016,1Ae5LTmecYK4qg2dcjMiGuUbTMQqYWKBaAswFYYg1wDToS,check,11
12791.012,1Ae5LTmecYK4qg2dcjMiGuUbTMQqYWKBaAswFYYg1wDToS,check,15
12851.013,1Ae5LTmecYK4qg2dcjMiGuUbTMQqYWKBaAswFYYg1wDToS,check,15
12911.015,1Ae5LTmecYK4qg2dcjMiGuUbTMQqYWKBaAswFYYg1wDToS,check,16
12971.012,1Ae5LTmecYK4qg2dcjMiGuUbTMQqYWKBaAswFYYg1wDToS,check,16
13031.011,1Ae5LTmecYK4qg2dcjMiGuUbTMQqYWKBaAswFYYg1wDToS,check,16
13091.01,1Ae5LTmecYK4qg2dcjMiGuUbTMQqYWKBaAswFYYg1wDToS,check,16
13151.012,1Ae5LTmecYK4qg2dcjMiGuUbTMQqYWKBaAswFYYg1wDToS,check,11
13211.017,1Ae5LTmecYK4qg2dcjMiGuUbTMQqYWKBaAswFYYg1wDToS,check,10
13271.017,1Ae5LTmecYK4qg2dcjMiGuUbTMQqYWKBaAswFYYg1wDToS,check,11
13331.016,1Ae5LTmecYK4qg2dcjMiGuUbTMQqYWKBaAswFYYg1wDToS,check,10
13391.016,1Ae5LTmecYK4qg2dcjMiGuUbTMQqYWKBaAswFYYg1wDToS,check,10
13451.013,1Ae5LTmecYK4qg2dcjMiGuUbTMQqYWKBaAswFYYg1wDToS,check,12
13511.016,1Ae5LTmecYK4qg2dcjMiGuUbTMQqYWKBaAswFYYg1wDToS,check,16
13571.014,1Ae5LTmecYK4qg2dcjMiGuUbTMQqYWKBaAswFYYg1wDToS,check,16
13631.012,1Ae5LTmecYK4qg2dcjMiGuUbTMQqYWKBaAswFYYg1wDToS,check,16
13691.01,1Ae5LTmecYK4qg2dcjMiGuUbTMQqYWKBaAswFYYg1wDToS,check,16
13751.012,1Ae5LTmecYK4qg2dcjMiGuUbTMQqYWKBaAswFYYg1wDToS,check,16
13811.013,1Ae5LTmecYK4qg2dcjMiGuUbTMQqYWKBaAswFYYg1wDToS,check,12
13871.018,1Ae5LTmecYK4qg2dcjMiGuUbTMQqYWKBaAswFYYg1wDToS,check,10
13931.017,1Ae5LTmecYK4qg2dcjMiGuUbTMQqYWKBaAswFYYg1wDToS,check,6
13991.016,1Ae5LTmecYK4qg2dcjMiGuUbTMQqYWKBaAswFYYg1wDToS,check,7
14051.018,1Ae5LTmecYK4qg2dcjMiGuUbTMQqYWKBaAswFYYg1wDToS,check,8
14111.017,1Ae5LTmecYK4qg2dcjMiGuUbTMQqYWKBaAswFYYg1wDToS,check,9
14171.014,1Ae5LTmecYK4qg2dcjMiGuUbTMQqYWKBaAswFYYg1wDToS,check,6
14231.017,1Ae5LTmecYK4qg2dcjMiGuUbTMQqYWKBaAswFYYg1wDToS,check,5
14291.016,1Ae5LTmecYK4qg2dcjMiGuUbTMQqYWKBaAswFYYg1wDToS,check,12
14351.015,1Ae5LTmecYK4qg2dcjMiGuUbTMQqYWKBaAswFYYg1wDToS,check,16
14411.017,1Ae5LTmecYK4qg2dcjMiGuUbTMQqYWKBaAswFYYg1wDToS,check,12
14471.014,1Ae5LTmecYK4qg2dcjMiGuUbTMQqYWKBaAswFYYg1wDToS,check,15
14531.012,1Ae5LTmecYK4qg2dcjMiGuUbTMQqYWKBaAswFYYg1wDToS,check,11
14591.016,1Ae5LTmecYK4qg2dcjMiGuUbTMQqYWKBaAswFYYg1wDToS,check,11
14651.016,1Ae5LTmecYK4qg2dcjMiGuUbTMQqYWKBaAswFYYg1wDToS,check,12
14711.016,1Ae5LTmecYK4qg2dcjMiGuUbTMQqYWKBaAswFYYg1wDToS,check,9
14771.016,1Ae5LTmecYK4qg2dcjMiGuUbTMQqYWKBaAswFYYg1wDToS,check,8
14831.018,1Ae5LTmecYK4qg2dcjMiGuUbTMQqYWKBaAswFYYg1wDToS,check,11
14891.009,1Ae5LTmecYK4qg2dcjMiGuUbTMQqYWKBaAswFYYg1wDToS,check,12
14951.016,1Ae5LTmecYK4qg2dcjMiGuUbTMQqYWKBaAswFYYg1wDToS,check,12
15011.016,1Ae5LTmecYK4qg2dcjMiGuUbTMQqYWKBaAswFYYg1wDToS,check,11
15071.013,1Ae5LTmecYK4qg2dcjMiGuUbTMQqYWKBaAswFYYg1wDToS,check,12
15131.013,1Ae5LTmecYK4qg2dcjMiGuUbTMQqYWKBaAswFYYg1wDToS,check,15
15191.012,1Ae5LTmecYK4qg2dcjMiGuUbTMQqYWKBaAswFYYg1wDToS,check,15
15251.012,1Ae5LTmecYK4qg2dcjMiGuUbTMQqYWKBaAswFYYg1wDToS,check,13
15311.012,1Ae5LTmecYK4qg2dcjMiGuUbTMQqYWKBaAswFYYg1wDToS,check,14
15371.013,1Ae5LTmecYK4qg2dcjMiGuUbTMQqYWKBaAswFYYg1wDToS,check,14
15431.011,1Ae5LTmecYK4qg2dcjMiGuUbTMQqYWKBaAswFYYg1wDToS,check,15
15491.016,1Ae5LTmecYK4qg2dcjMiGuUbTMQqYWKBaAswFYYg1wDToS,check,10
15551.019,1Ae5LTmecYK4qg2dcjMiGuUbTMQqYWKBaAswFYYg1wDToS,check,13
15611.014,1Ae5LTmecYK4qg2dcjMiGuUbTMQqYWKBaAswFYYg1wDToS,check,10
15671.018,1Ae5LTmecYK4qg2dcjMiGuUbTMQqYWKBaAswFYYg1wDToS,check,11
15731.016,1Ae5LTmecYK4qg2dcjMiGuUbTMQqYWKBaAswFYYg1wDToS,check,6
15791.017,1Ae5LTmecYK4qg2dcjMiGuUbTMQqYWKBaAswFYYg1wDToS,check,10
15851.016,1Ae5LTmecYK4qg2dcjMiGuUbTMQqYWKBaAswFYYg1wDToS,check,13
15911.016,1Ae5LTmecYK4qg2dcjMiGuUbTMQqYWKBaAswFYYg1wDToS,check,12
15971.013,1Ae5LTmecYK4qg2dcjMiGuUbTMQqYWKBaAswFYYg1wDToS,check,14
16031.016,1Ae5LTmecYK4qg2dcjMiGuUbTMQqYWKBaAswFYYg1wDToS,check,11
16091.012,1Ae5LTmecYK4qg2dcjMiGuUbTMQqYWKBaAswFYYg1wDToS,check,16
16151.011,1Ae5LTmecYK4qg2dcjMiGuUbTMQqYWKBaAswFYYg1wDToS,check,12
16211.018,1Ae5LTmecYK4qg2dcjMiGuUbTMQqYWKBaAswFYYg1wDToS,check,10
16271.018,1Ae5LTmecYK4qg2dcjMiGuUbTMQqYWKBaAswFYYg1wDToS,check,11
16331.015,1Ae5LTmecYK4qg2dcjMiGuUbTMQqYWKBaAswFYYg1wDToS,check,6
16391.016,1Ae5LTmecYK4qg2dcjMiGuUbTMQqYWKBaAswFYYg1wDToS,check,6
16451.016,1Ae5LTmecYK4qg2dcjMiGuUbTMQqYWKBaAswFYYg1wDToS,check,7
16511.018,1Ae5LTmecYK4qg2dcjMiGuUbTMQqYWKBaAswFYYg1wDToS,check,5
16571.016,1Ae5LTmecYK4qg2dcjMiGuUbTMQqYWKBaAswFYYg1wDToS,check,12
16631.016,1Ae5LTmecYK4qg2dcjMiGuUbTMQqYWKBaAswFYYg1wDToS,check,7
16691.014,1Ae5LTmecYK4qg2dcjMiGuUbTMQqYWKBaAswFYYg1wDToS,check,13
16751.014,1Ae5LTmecYK4qg2dcjMiGuUbTMQqYWKBaAswFYYg1wDToS,check,14
16811.01,1Ae5LTmecYK4qg2dcjMiGuUbTMQqYWKBaAswFYYg1wDToS,check,12
16871.016,1Ae5LTmecYK4qg2dcjMiGuUbTMQqYWKBaAswFYYg1wDToS,check,13
16931.012,1Ae5LTmecYK4qg2dcjMiGuUbTMQqYWKBaAswFYYg1wDToS,check,13
16991.016,1Ae5LTmecYK4qg2dcjMiGuUbTMQqYWKBaAswFYYg1wDToS,check,7
17051.016,1Ae5LTmecYK4qg2dcjMiGuUbTMQqYWKBaAswFYYg1wDToS,check,9
17111.016,1Ae5LTmecYK4qg2dcjMiGuUbTMQqYWKBaAswFYYg1wDToS,check,9
17171.016,1Ae5LTmecYK4qg2dcjMiGuUbTMQqYWKBaAswFYYg1wDToS,check,12
17231.016,1Ae5LTmecYK4qg2dcjMiGuUbTMQqYWKBaAswFYYg1wDToS,check,10
17291.018,1Ae5LTmecYK4qg2dcjMiGuUbTMQqYWKBaAswFYYg1wDToS,check,5
17351.01,1Ae5LTmecYK4qg2dcjMiGuUbTMQqYWKBaAswFYYg1wDToS,check,16
17411.012,1Ae5LTmecYK4qg2dcjMiGuUbTMQqYWKBaAswFYYg1wDToS,check,13
17471.018,1Ae5LTmecYK4qg2dcjMiGuUbTMQqYWKBaAswFYYg1wDToS,check,12
17531.018,1Ae5LTmecYK4qg2dcjMiGuUbTMQqYWKBaAswFYYg1wDToS,check,12
17591.01,1Ae5LTmecYK4qg2dcjMiGuUbTMQqYWKBaAswFYYg1wDToS,check,14
17651.016,1Ae5LTmecYK4qg2dcjMiGuUbTMQqYWKBaAswFYYg1wDToS,check,14
17711.018,1Ae5LTmecYK4qg2dcjMiGuUbTMQqYWKBaAswFYYg1wDToS,check,14
17771.016,1Ae5LTmecYK4qg2dcjMiGuUbTMQqYWKBaAswFYYg1wDToS,check,13
17831.012,1Ae5LTmecYK4qg2dcjMiGuUbTMQqYWKBaAswFYYg1wDToS,check,12
17891.018,1Ae5LTmecYK4qg2dcjMiGuUbTMQqYWKBaAswFYYg1wDToS,check,9
17951.016,1Ae5LTmecYK4qg2dcjMiGuUbTMQqYWKBaAswFYYg1wDToS,check,8
18011.018,1Ae5LTmecYK4qg2dcjMiGuUbTMQqYWKBaAswFYYg1wDToS,check,4
18071.018,1Ae5LTmecYK4qg2dcjMiGuUbTMQqYWKBaAswFYYg1wDToS,check,6
18131.012,1Ae5LTmecYK4qg2dcjMiGuUbTMQqYWKBaAswFYYg1wDToS,check,15
18191.016,1Ae5LTmecYK4qg2dcjMiGuUbTMQqYWKBaAswFYYg1wDToS,check,12
18251.012,1Ae5LTmecYK4qg2dcjMiGuUbTMQqYWKBaAswFYYg1wDToS,check,13
18311.018,1Ae5LTmecYK4qg2dcjMiGuUbTMQqYWKBaAswFYYg1wDToS,check,13
18371.012,1Ae5LTmecYK4qg2dcjMiGuUbTMQqYWKBaAswFYYg1wDToS,check,15
18431.01,1Ae5LTmecYK4qg2dcjMiGuUbTMQqYWKBaAswFYYg1wDToS,check,14
18491.018,1Ae5LTmecYK4qg2dcjMiGuUbTMQqYWKBaAswFYYg1wDToS,check,14
18551.012,1Ae5LTmecYK4qg2dcjMiGuUbTMQqYWKBaAswFYYg1wDToS,check,15
18611.018,1Ae5LTmecYK4qg2dcjMiGuUbTMQqYWKBaAswFYYg1wDToS,check,14
18671.016,1Ae5LTmecYK4qg2dcjMiGuUbTMQqYWKBaAswFYYg1wDToS,check,13
18731.02,1Ae5LTmecYK4qg2dcjMiGuUbTMQqYWKBaAswFYYg1wDToS,check,11
18791.016,1Ae5LTmecYK4qg2dcjMiGuUbTMQqYWKBaAswFYYg1wDToS,check,13
18851.018,1Ae5LTmecYK4qg2dcjMiGuUbTMQqYWKBaAswFYYg1wDToS,check,8
18911.008,1Ae5LTmecYK4qg2dcjMiGuUbTMQqYWKBaAswFYYg1wDToS,check,16
18971.012,1Ae5LTmecYK4qg2dcjMiGuUbTMQqYWKBaAswFYYg1wDToS,check,13
19031.01,1Ae5LTmecYK4qg2dcjMiGuUbTMQqYWKBaAswFYYg1wDToS,check,15
19091.012,1Ae5LTmecYK4qg2dcjMiGuUbTMQqYWKBaAswFYYg1wDToS,check,16
19151.012,1Ae5LTmecYK4qg2dcjMiGuUbTMQqYWKBaAswFYYg1wDToS,check,16
19211.01,1Ae5LTmecYK4qg2dcjMiGuUbTMQqYWKBaAswFYYg1wDToS,check,15
19271.016,1Ae5LTmecYK4qg2dcjMiGuUbTMQqYWKBaAswFYYg1wDToS,check,10
19331.016,1Ae5LTmecYK4qg2dcjMiGuUbTMQqYWKBaAswFYYg1wDToS,check,10
19391.016,1Ae5LTmecYK4qg2dcjMiGuUbTMQqYWKBaAswFYYg1wDToS,check,8
19451.016,1Ae5LTmecYK4qg2dcjMiGuUbTMQqYWKBaAswFYYg1wDToS,check,11
19511.016,1Ae5LTmecYK4qg2dcjMiGuUbTMQqYWKBaAswFYYg1wDToS,check,10
19571.016,1Ae5LTmecYK4qg2dcjMiGuUbTMQqYWKBaAswFYYg1wDToS,check,9
19631.018,1Ae5LTmecYK4qg2dcjMiGuUbTMQqYWKBaAswFYYg1wDToS,check,11
19691.012,1Ae5LTmecYK4qg2dcjMiGuUbTMQqYWKBaAswFYYg1wDToS,check,16
19751.012,1Ae5LTmecYK4qg2dcjMiGuUbTMQqYWKBaAswFYYg1wDToS,check,14
19811.012,1Ae5LTmecYK4qg2dcjMiGuUbTMQqYWKBaAswFYYg1wDToS,check,15
19871.016,1Ae5LTmecYK4qg2dcjMiGuUbTMQqYWKBaAswFYYg1wDToS,check,13
19931.01,1Ae5LTmecYK4qg2dcjMiGuUbTMQqYWKBaAswFYYg1wDToS,check,15
19991.012,1Ae5LTmecYK4qg2dcjMiGuUbTMQqYWKBaAswFYYg1wDToS,check,16
20051.016,1Ae5LTmecYK4qg2dcjMiGuUbTMQqYWKBaAswFYYg1wDToS,check,15
20111.016,1Ae5LTmecYK4qg2dcjMiGuUbTMQqYWKBaAswFYYg1wDToS,check,15
20171.01,1Ae5LTmecYK4qg2dcjMiGuUbTMQqYWKBaAswFYYg1wDToS,check,14
20231.01,1Ae5LTmecYK4qg2dcjMiGuUbTMQqYWKBaAswFYYg1wDToS,check,12
20291.006,1Ae5LTmecYK4qg2dcjMiGuUbTMQqYWKBaAswFYYg1wDToS,check,14
20351.004,1Ae5LTmecYK4qg2dcjMiGuUbTMQqYWKBaAswFYYg1wDToS,check,14
20411.004,1Ae5LTmecYK4qg2dcjMiGuUbTMQqYWKBaAswFYYg1wDToS,check,15
20471.01,1Ae5LTmecYK4qg2dcjMiGuUbTMQqYWKBaAswFYYg1wDToS,check,16
20531.016,1Ae5LTmecYK4qg2dcjMiGuUbTMQqYWKBaAswFYYg1wDToS,check,13
20591.012,1Ae5LTmecYK4qg2dcjMiGuUbTMQqYWKBaAswFYYg1wDToS,check,16
20651.012,1Ae5LTmecYK4qg2dcjMiGuUbTMQqYWKBaAswFYYg1wDToS,check,15
20711.012,1Ae5LTmecYK4qg2dcjMiGuUbTMQqYWKBaAswFYYg1wDToS,check,15
20771.01,1Ae5LTmecYK4qg2dcjMiGuUbTMQqYWKBaAswFYYg1wDToS,check,16
20831.01,1Ae5LTmecYK4qg2dcjMiGuUbTMQqYWKBaAswFYYg1wDToS,check,15
20891.016,1Ae5LTmecYK4qg2dcjMiGuUbTMQqYWKBaAswFYYg1wDToS,check,15
20951.016,1Ae5LTmecYK4qg2dcjMiGuUbTMQqYWKBaAswFYYg1wDToS,check,13
21011.012,1Ae5LTmecYK4qg2dcjMiGuUbTMQqYWKBaAswFYYg1wDToS,check,12
21071.014,1Ae5LTmecYK4qg2dcjMiGuUbTMQqYWKBaAswFYYg1wDToS,check,13
21131.016,1Ae5LTmecYK4qg2dcjMiGuUbTMQqYWKBaAswFYYg1wDToS,check,10
21191.016,1Ae5LTmecYK4qg2dcjMiGuUbTMQqYWKBaAswFYYg1wDToS,check,10
21251.012,1Ae5LTmecYK4qg2dcjMiGuUbTMQqYWKBaAswFYYg1wDToS,check,15
21311.012,1Ae5LTmecYK4qg2dcjMiGuUbTMQqYWKBaAswFYYg1wDToS,check,15
21371.01,1Ae5LTmecYK4qg2dcjMiGuUbTMQqYWKBaAswFYYg1wDToS,check,15
21431.01,1Ae5LTmecYK4qg2dcjMiGuUbTMQqYWKBaAswFYYg1wDToS,check,16
21491.01,1Ae5LTmecYK4qg2dcjMiGuUbTMQqYWKBaAswFYYg1wDToS,check,15
21551.01,1Ae5LTmecYK4qg2dcjMiGuUbTMQqYWKBaAswFYYg1wDToS,check,16
21611.012,1Ae5LTmecYK4qg2dcjMiGuUbTMQqYWKBaAswFYYg1wDToS,check,12
21671.016,1Ae5LTmecYK4qg2dcjMiGuUbTMQqYWKBaAswFYYg1wDToS,check,13
21731.014,1Ae5LTmecYK4qg2dcjMiGuUbTMQqYWKBaAswFYYg1wDToS,check,11
21791.016,1Ae5LTmecYK4qg2dcjMiGuUbTMQqYWKBaAswFYYg1wDToS,check,13
21851.016,1Ae5LTmecYK4qg2dcjMiGuUbTMQqYWKBaAswFYYg1wDToS,check,13
21911.016,1Ae5LTmecYK4qg2dcjMiGuUbTMQqYWKBaAswFYYg1wDToS,check,12
21971.016,1Ae5LTmecYK4qg2dcjMiGuUbTMQqYWKBaAswFYYg1wDToS,check,9
22031.012,1Ae5LTmecYK4qg2dcjMiGuUbTMQqYWKBaAswFYYg1wDToS,check,16
22091.014,1Ae5LTmecYK4qg2dcjMiGuUbTMQqYWKBaAswFYYg1wDToS,check,12
22151.012,1Ae5LTmecYK4qg2dcjMiGuUbTMQqYWKBaAswFYYg1wDToS,check,16
22211.014,1Ae5LTmecYK4qg2dcjMiGuUbTMQqYWKBaAswFYYg1wDToS,check,13
22271.018,1Ae5LTmecYK4qg2dcjMiGuUbTMQqYWKBaAswFYYg1wDToS,check,14
22331.01,1Ae5LTmecYK4qg2dcjMiGuUbTMQqYWKBaAswFYYg1wDToS,check,16
22391.012,1Ae5LTmecYK4qg2dcjMiGuUbTMQqYWKBaAswFYYg1wDToS,check,16
22451.018,1Ae5LTmecYK4qg2dcjMiGuUbTMQqYWKBaAswFYYg1wDToS,check,14
22511.016,1Ae5LTmecYK4qg2dcjMiGuUbTMQqYWKBaAswFYYg1wDToS,check,14
22571.02,1Ae5LTmecYK4qg2dcjMiGuUbTMQqYWKBaAswFYYg1wDToS,check,14
22631.016,1Ae5LTmecYK4qg2dcjMiGuUbTMQqYWKBaAswFYYg1wDToS,check,8
22691.014,1Ae5LTmecYK4qg2dcjMiGuUbTMQqYWKBaAswFYYg1wDToS,check,9
22751.016,1Ae5LTmecYK4qg2dcjMiGuUbTMQqYWKBaAswFYYg1wDToS,check,7
22811.018,1Ae5LTmecYK4qg2dcjMiGuUbTMQqYWKBaAswFYYg1wDToS,check,12
22871.018,1Ae5LTmecYK4qg2dcjMiGuUbTMQqYWKBaAswFYYg1wDToS,check,10
22931.016,1Ae5LTmecYK4qg2dcjMiGuUbTMQqYWKBaAswFYYg1wDToS,check,9
22991.02,1Ae5LTmecYK4qg2dcjMiGuUbTMQqYWKBaAswFYYg1wDToS,check,14
23051.014,1Ae5LTmecYK4qg2dcjMiGuUbTMQqYWKBaAswFYYg1wDToS,check,13
23111.018,1Ae5LTmecYK4qg2dcjMiGuUbTMQqYWKBaAswFYYg1wDToS,check,10
23171.016,1Ae5LTmecYK4qg2dcjMiGuUbTMQqYWKBaAswFYYg1wDToS,check,9
23231.012,1Ae5LTmecYK4qg2dcjMiGuUbTMQqYWKBaAswFYYg1wDToS,check,8
23291.02,1Ae5LTmecYK4qg2dcjMiGuUbTMQqYWKBaAswFYYg1wDToS,check,6
23351.016,1Ae5LTmecYK4qg2dcjMiGuUbTMQqYWKBaAswFYYg1wDToS,check,7
23411.018,1Ae5LTmecYK4qg2dcjMiGuUbTMQqYWKBaAswFYYg1wDToS,check,4
23471.018,1Ae5LTmecYK4qg2dcjMiGuUbTMQqYWKBaAswFYYg1wDToS,check,6
23531.018,1Ae5LTmecYK4qg2dcjMiGuUbTMQqYWKBaAswFYYg1wDToS,check,3
23591.012,1Ae5LTmecYK4qg2dcjMiGuUbTMQqYWKBaAswFYYg1wDToS,check,16
23651.012,1Ae5LTmecYK4qg2dcjMiGuUbTMQqYWKBaAswFYYg1wDToS,check,16
23711.016,1Ae5LTmecYK4qg2dcjMiGuUbTMQqYWKBaAswFYYg1wDToS,check,13
23771.01,1Ae5LTmecYK4qg2dcjMiGuUbTMQqYWKBaAswFYYg1wDToS,check,16
23831.014,1Ae5LTmecYK4qg2dcjMiGuUbTMQqYWKBaAswFYYg1wDToS,check,13
23891.01,1Ae5LTmecYK4qg2dcjMiGuUbTMQqYWKBaAswFYYg1wDToS,check,16
23951.012,1Ae5LTmecYK4qg2dcjMiGuUbTMQqYWKBaAswFYYg1wDToS,check,16
24011.012,1Ae5LTmecYK4qg2dcjMiGuUbTMQqYWKBaAswFYYg1wDToS,check,15
24071.012,1Ae5LTmecYK4qg2dcjMiGuUbTMQqYWKBaAswFYYg1wDToS,check,16
24131.018,1Ae5LTmecYK4qg2dcjMiGuUbTMQqYWKBaAswFYYg1wDToS,check,13
24191.014,1Ae5LTmecYK4qg2dcjMiGuUbTMQqYWKBaAswFYYg1wDToS,check,14
24251.018,1Ae5LTmecYK4qg2dcjMiGuUbTMQqYWKBaAswFYYg1wDToS,check,5
24311.018,1Ae5LTmecYK4qg2dcjMiGuUbTMQqYWKBaAswFYYg1wDToS,check,9
24371.012,1Ae5LTmecYK4qg2dcjMiGuUbTMQqYWKBaAswFYYg1wDToS,check,16
24431.012,1Ae5LTmecYK4qg2dcjMiGuUbTMQqYWKBaAswFYYg1wDToS,check,15
24491.01,1Ae5LTmecYK4qg2dcjMiGuUbTMQqYWKBaAswFYYg1wDToS,check,14
24551.016,1Ae5LTmecYK4qg2dcjMiGuUbTMQqYWKBaAswFYYg1wDToS,check,15
24611.016,1Ae5LTmecYK4qg2dcjMiGuUbTMQqYWKBaAswFYYg1wDToS,check,14
24671.02,1Ae5LTmecYK4qg2dcjMiGuUbTMQqYWKBaAswFYYg1wDToS,check,15
24731.016,1Ae5LTmecYK4qg2dcjMiGuUbTMQqYWKBaAswFYYg1wDToS,check,13
24791.01,1Ae5LTmecYK4qg2dcjMiGuUbTMQqYWKBaAswFYYg1wDToS,check,13
24851.012,1Ae5LTmecYK4qg2dcjMiGuUbTMQqYWKBaAswFYYg1wDToS,check,14
24911.012,1Ae5LTmecYK4qg2dcjMiGuUbTMQqYWKBaAswFYYg1wDToS,check,14
24971.014,1Ae5LTmecYK4qg2dcjMiGuUbTMQqYWKBaAswFYYg1wDToS,check,12
25031.016,1Ae5LTmecYK4qg2dcjMiGuUbTMQqYWKBaAswFYYg1wDToS,check,12
25091.016,1Ae5LTmecYK4qg2dcjMiGuUbTMQqYWKBaAswFYYg1wDToS,check,10
25151.016,1Ae5LTmecYK4qg2dcjMiGuUbTMQqYWKBaAswFYYg1wDToS,check,13
25211.016,1Ae5LTmecYK4qg2dcjMiGuUbTMQqYWKBaAswFYYg1wDToS,check,13
25271.018,1Ae5LTmecYK4qg2dcjMiGuUbTMQqYWKBaAswFYYg1wDToS,check,8
25331.018,1Ae5LTmecYK4qg2dcjMiGuUbTMQqYWKBaAswFYYg1wDToS,check,11
25391.016,1Ae5LTmecYK4qg2dcjMiGuUbTMQqYWKBaAswFYYg1wDToS,check,8
25451.012,1Ae5LTmecYK4qg2dcjMiGuUbTMQqYWKBaAswFYYg1wDToS,check,13
25511.016,1Ae5LTmecYK4qg2dcjMiGuUbTMQqYWKBaAswFYYg1wDToS,check,11
25571.018,1Ae5LTmecYK4qg2dcjMiGuUbTMQqYWKBaAswFYYg1wDToS,check,11
25631.016,1Ae5LTmecYK4qg2dcjMiGuUbTMQqYWKBaAswFYYg1wDToS,check,8
25691.018,1Ae5LTmecYK4qg2dcjMiGuUbTMQqYWKBaAswFYYg1wDToS,check,7
25751.018,1Ae5LTmecYK4qg2dcjMiGuUbTMQqYWKBaAswFYYg1wDToS,check,4
25811.018,1Ae5LTmecYK4qg2dcjMiGuUbTMQqYWKBaAswFYYg1wDToS,check,3
25871.018,1Ae5LTmecYK4qg2dcjMiGuUbTMQqYWKBaAswFYYg1wDToS,check,3
25931.018,1Ae5LTmecYK4qg2dcjMiGuUbTMQqYWKBaAswFYYg1wDToS,check,10
25991.018,1Ae5LTmecYK4qg2dcjMiGuUbTMQqYWKBaAswFYYg1wDToS,check,14
26051.018,1Ae5LTmecYK4qg2dcjMiGuUbTMQqYWKBaAswFYYg1wDToS,check,10
26111.014,1Ae5LTmecYK4qg2dcjMiGuUbTMQqYWKBaAswFYYg1wDToS,check,16
26171.018,1Ae5LTmecYK4qg2dcjMiGuUbTMQqYWKBaAswFYYg1wDToS,check,13
26231.016,1Ae5LTmecYK4qg2dcjMiGuUbTMQqYWKBaAswFYYg1wDToS,check,12
26291.018,1Ae5LTmecYK4qg2dcjMiGuUbTMQqYWKBaAswFYYg1wDToS,check,11
26351.016,1Ae5LTmecYK4qg2dcjMiGuUbTMQqYWKBaAswFYYg1wDToS,check,3
26411.018,1Ae5LTmecYK4qg2dcjMiGuUbTMQqYWKBaAswFYYg1wDToS,check,3
26471.02,1Ae5LTmecYK4qg2dcjMiGuUbTMQqYWKBaAswFYYg1wDToS,check,3
26531.018,1Ae5LTmecYK4qg2dcjMiGuUbTMQqYWKBaAswFYYg1wDToS,check,3
26591.016,1Ae5LTmecYK4qg2dcjMiGuUbTMQqYWKBaAswFYYg1wDToS,check,3
26651.018,1Ae5LTmecYK4qg2dcjMiGuUbTMQqYWKBaAswFYYg1wDToS,check,3
26711.014,1Ae5LTmecYK4qg2dcjMiGuUbTMQqYWKBaAswFYYg1wDToS,check,10
26771.014,1Ae5LTmecYK4qg2dcjMiGuUbTMQqYWKBaAswFYYg1wDToS,check,16
26831.014,1Ae5LTmecYK4qg2dcjMiGuUbTMQqYWKBaAswFYYg1wDToS,check,14
26891.01,1Ae5LTmecYK4qg2dcjMiGuUbTMQqYWKBaAswFYYg1wDToS,check,15
26951.012,1Ae5LTmecYK4qg2dcjMiGuUbTMQqYWKBaAswFYYg1wDToS,check,14
27011.014,1Ae5LTmecYK4qg2dcjMiGuUbTMQqYWKBaAswFYYg1wDToS,check,14
27071.018,1Ae5LTmecYK4qg2dcjMiGuUbTMQqYWKBaAswFYYg1wDToS,check,13
27131.016,1Ae5LTmecYK4qg2dcjMiGuUbTMQqYWKBaAswFYYg1wDToS,check,14
27191.01,1Ae5LTmecYK4qg2dcjMiGuUbTMQqYWKBaAswFYYg1wDToS,check,14
27251.014,1Ae5LTmecYK4qg2dcjMiGuUbTMQqYWKBaAswFYYg1wDToS,check,13
27311.018,1Ae5LTmecYK4qg2dcjMiGuUbTMQqYWKBaAswFYYg1wDToS,check,14
27371.012,1Ae5LTmecYK4qg2dcjMiGuUbTMQqYWKBaAswFYYg1wDToS,check,13
27431.014,1Ae5LTmecYK4qg2dcjMiGuUbTMQqYWKBaAswFYYg1wDToS,check,11
27491.01,1Ae5LTmecYK4qg2dcjMiGuUbTMQqYWKBaAswFYYg1wDToS,check,16
27551.01,1Ae5LTmecYK4qg2dcjMiGuUbTMQqYWKBaAswFYYg1wDToS,check,15
27611.012,1Ae5LTmecYK4qg2dcjMiGuUbTMQqYWKBaAswFYYg1wDToS,check,16
27671.014,1Ae5LTmecYK4qg2dcjMiGuUbTMQqYWKBaAswFYYg1wDToS,check,15
27731.012,1Ae5LTmecYK4qg2dcjMiGuUbTMQqYWKBaAswFYYg1wDToS,check,15
27791.012,1Ae5LTmecYK4qg2dcjMiGuUbTMQqYWKBaAswFYYg1wDToS,check,16
27851.012,1Ae5LTmecYK4qg2dcjMiGuUbTMQqYWKBaAswFYYg1wDToS,check,15
27911.012,1Ae5LTmecYK4qg2dcjMiGuUbTMQqYWKBaAswFYYg1wDToS,check,15
27971.012,1Ae5LTmecYK4qg2dcjMiGuUbTMQqYWKBaAswFYYg1wDToS,check,14
28031.01,1Ae5LTmecYK4qg2dcjMiGuUbTMQqYWKBaAswFYYg1wDToS,check,12
28091.01,1Ae5LTmecYK4qg2dcjMiGuUbTMQqYWKBaAswFYYg1wDToS,check,16
28151.018,1Ae5LTmecYK4qg2dcjMiGuUbTMQqYWKBaAswFYYg1wDToS,check,12
28211.016,1Ae5LTmecYK4qg2dcjMiGuUbTMQqYWKBaAswFYYg1wDToS,check,15
28271.014,1Ae5LTmecYK4qg2dcjMiGuUbTMQqYWKBaAswFYYg1wDToS,check,15
28331.012,1Ae5LTmecYK4qg2dcjMiGuUbTMQqYWKBaAswFYYg1wDToS,check,16
28391.012,1Ae5LTmecYK4qg2dcjMiGuUbTMQqYWKBaAswFYYg1wDToS,check,15
28451.018,1Ae5LTmecYK4qg2dcjMiGuUbTMQqYWKBaAswFYYg1wDToS,check,15
28511.01,1Ae5LTmecYK4qg2dcjMiGuUbTMQqYWKBaAswFYYg1wDToS,check,16
28571.012,1Ae5LTmecYK4qg2dcjMiGuUbTMQqYWKBaAswFYYg1wDToS,check,15
28631.016,1Ae5LTmecYK4qg2dcjMiGuUbTMQqYWKBaAswFYYg1wDToS,check,13
28691.014,1Ae5LTmecYK4qg2dcjMiGuUbTMQqYWKBaAswFYYg1wDToS,check,13
28751.01,1Ae5LTmecYK4qg2dcjMiGuUbTMQqYWKBaAswFYYg1wDToS,check,14
28811.01,1Ae5LTmecYK4qg2dcjMiGuUbTMQqYWKBaAswFYYg1wDToS,check,12
28871.006,1Ae5LTmecYK4qg2dcjMiGuUbTMQqYWKBaAswFYYg1wDToS,check,14
28931.006,1Ae5LTmecYK4qg2dcjMiGuUbTMQqYWKBaAswFYYg1wDToS,check,11
28991.008,1Ae5LTmecYK4qg2dcjMiGuUbTMQqYWKBaAswFYYg1wDToS,check,15
29051.01,1Ae5LTmecYK4qg2dcjMiGuUbTMQqYWKBaAswFYYg1wDToS,check,14
29111.012,1Ae5LTmecYK4qg2dcjMiGuUbTMQqYWKBaAswFYYg1wDToS,check,16
29171.012,1Ae5LTmecYK4qg2dcjMiGuUbTMQqYWKBaAswFYYg1wDToS,check,15
29231.012,1Ae5LTmecYK4qg2dcjMiGuUbTMQqYWKBaAswFYYg1wDToS,check,14
29291.012,1Ae5LTmecYK4qg2dcjMiGuUbTMQqYWKBaAswFYYg1wDToS,check,15
29351.016,1Ae5LTmecYK4qg2dcjMiGuUbTMQqYWKBaAswFYYg1wDToS,check,15
29411.01,1Ae5LTmecYK4qg2dcjMiGuUbTMQqYWKBaAswFYYg1wDToS,check,15
29471.018,1Ae5LTmecYK4qg2dcjMiGuUbTMQqYWKBaAswFYYg1wDToS,check,9
29531.016,1Ae5LTmecYK4qg2dcjMiGuUbTMQqYWKBaAswFYYg1wDToS,check,6
29591.018,1Ae5LTmecYK4qg2dcjMiGuUbTMQqYWKBaAswFYYg1wDToS,check,8
29651.016,1Ae5LTmecYK4qg2dcjMiGuUbTMQqYWKBaAswFYYg1wDToS,check,7
29711.016,1Ae5LTmecYK4qg2dcjMiGuUbTMQqYWKBaAswFYYg1wDToS,check,8
29771.012,1Ae5LTmecYK4qg2dcjMiGuUbTMQqYWKBaAswFYYg1wDToS,check,16
29831.012,1Ae5LTmecYK4qg2dcjMiGuUbTMQqYWKBaAswFYYg1wDToS,check,16
29891.012,1Ae5LTmecYK4qg2dcjMiGuUbTMQqYWKBaAswFYYg1wDToS,check,15
29951.01,1Ae5LTmecYK4qg2dcjMiGuUbTMQqYWKBaAswFYYg1wDToS,check,15
30011.02,1Ae5LTmecYK4qg2dcjMiGuUbTMQqYWKBaAswFYYg1wDToS,check,15
30071.012,1Ae5LTmecYK4qg2dcjMiGuUbTMQqYWKBaAswFYYg1wDToS,check,13
30131.012,1Ae5LTmecYK4qg2dcjMiGuUbTMQqYWKBaAswFYYg1wDToS,check,16
30191.016,1Ae5LTmecYK4qg2dcjMiGuUbTMQqYWKBaAswFYYg1wDToS,check,12
30251.012,1Ae5LTmecYK4qg2dcjMiGuUbTMQqYWKBaAswFYYg1wDToS,check,12
30311.01,1Ae5LTmecYK4qg2dcjMiGuUbTMQqYWKBaAswFYYg1wDToS,check,14
30371.012,1Ae5LTmecYK4qg2dcjMiGuUbTMQqYWKBaAswFYYg1wDToS,check,13
30431.012,1Ae5LTmecYK4qg2dcjMiGuUbTMQqYWKBaAswFYYg1wDToS,check,12
30491.018,1Ae5LTmecYK4qg2dcjMiGuUbTMQqYWKBaAswFYYg1wDToS,check,12
30551.01,1Ae5LTmecYK4qg2dcjMiGuUbTMQqYWKBaAswFYYg1wDToS,check,16
30611.01,1Ae5LTmecYK4qg2dcjMiGuUbTMQqYWKBaAswFYYg1wDToS,check,16
30671.012,1Ae5LTmecYK4qg2dcjMiGuUbTMQqYWKBaAswFYYg1wDToS,check,16
30731.01,1Ae5LTmecYK4qg2dcjMiGuUbTMQqYWKBaAswFYYg1wDToS,check,16
30791.01,1Ae5LTmecYK4qg2dcjMiGuUbTMQqYWKBaAswFYYg1wDToS,check,16
30851.012,1Ae5LTmecYK4qg2dcjMiGuUbTMQqYWKBaAswFYYg1wDToS,check,16
30911.014,1Ae5LTmecYK4qg2dcjMiGuUbTMQqYWKBaAswFYYg1wDToS,check,16
30971.008,1Ae5LTmecYK4qg2dcjMiGuUbTMQqYWKBaAswFYYg1wDToS,check,16
31031.01,1Ae5LTmecYK4qg2dcjMiGuUbTMQqYWKBaAswFYYg1wDToS,check,15
31091.012,1Ae5LTmecYK4qg2dcjMiGuUbTMQqYWKBaAswFYYg1wDToS,check,16
31151.016,1Ae5LTmecYK4qg2dcjMiGuUbTMQqYWKBaAswFYYg1wDToS,check,13
31211.012,1Ae5LTmecYK4qg2dcjMiGuUbTMQqYWKBaAswFYYg1wDToS,check,16
31271.012,1Ae5LTmecYK4qg2dcjMiGuUbTMQqYWKBaAswFYYg1wDToS,check,13
31331.01,1Ae5LTmecYK4qg2dcjMiGuUbTMQqYWKBaAswFYYg1wDToS,check,15
31391.012,1Ae5LTmecYK4qg2dcjMiGuUbTMQqYWKBaAswFYYg1wDToS,check,15
31451.012,1Ae5LTmecYK4qg2dcjMiGuUbTMQqYWKBaAswFYYg1wDToS,check,16
31511.01,1Ae5LTmecYK4qg2dcjMiGuUbTMQqYWKBaAswFYYg1wDToS,check,16
31571.012,1Ae5LTmecYK4qg2dcjMiGuUbTMQqYWKBaAswFYYg1wDToS,check,16
31631.012,1Ae5LTmecYK4qg2dcjMiGuUbTMQqYWKBaAswFYYg1wDToS,check,16
31691.01,1Ae5LTmecYK4qg2dcjMiGuUbTMQqYWKBaAswFYYg1wDToS,check,16
31751.014,1Ae5LTmecYK4qg2dcjMiGuUbTMQqYWKBaAswFYYg1wDToS,check,15
31811.014,1Ae5LTmecYK4qg2dcjMiGuUbTMQqYWKBaAswFYYg1wDToS,check,15
31871.012,1Ae5LTmecYK4qg2dcjMiGuUbTMQqYWKBaAswFYYg1wDToS,check,16
31931.012,1Ae5LTmecYK4qg2dcjMiGuUbTMQqYWKBaAswFYYg1wDToS,check,15
31991.012,1Ae5LTmecYK4qg2dcjMiGuUbTMQqYWKBaAswFYYg1wDToS,check,15
32051.012,1Ae5LTmecYK4qg2dcjMiGuUbTMQqYWKBaAswFYYg1wDToS,check,16
32111.012,1Ae5LTmecYK4qg2dcjMiGuUbTMQqYWKBaAswFYYg1wDToS,check,16
32171.014,1Ae5LTmecYK4qg2dcjMiGuUbTMQqYWKBaAswFYYg1wDToS,check,15
32231.012,1Ae5LTmecYK4qg2dcjMiGuUbTMQqYWKBaAswFYYg1wDToS,check,16
32291.012,1Ae5LTmecYK4qg2dcjMiGuUbTMQqYWKBaAswFYYg1wDToS,check,16
32351.01,1Ae5LTmecYK4qg2dcjMiGuUbTMQqYWKBaAswFYYg1wDToS,check,16
32411.016,1Ae5LTmecYK4qg2dcjMiGuUbTMQqYWKBaAswFYYg1wDToS,check,13
32471.012,1Ae5LTmecYK4qg2dcjMiGuUbTMQqYWKBaAswFYYg1wDToS,check,16
32531.01,1Ae5LTmecYK4qg2dcjMiGuUbTMQqYWKBaAswFYYg1wDToS,check,16
32591.012,1Ae5LTmecYK4qg2dcjMiGuUbTMQqYWKBaAswFYYg1wDToS,check,16
32651.012,1Ae5LTmecYK4qg2dcjMiGuUbTMQqYWKBaAswFYYg1wDToS,check,16
32711.012,1Ae5LTmecYK4qg2dcjMiGuUbTMQqYWKBaAswFYYg1wDToS,check,15
32771.01,1Ae5LTmecYK4qg2dcjMiGuUbTMQqYWKBaAswFYYg1wDToS,check,16
32831.01,1Ae5LTmecYK4qg2dcjMiGuUbTMQqYWKBaAswFYYg1wDToS,check,15
32891.01,1Ae5LTmecYK4qg2dcjMiGuUbTMQqYWKBaAswFYYg1wDToS,check,16
32951.01,1Ae5LTmecYK4qg2dcjMiGuUbTMQqYWKBaAswFYYg1wDToS,check,16
33011.016,1Ae5LTmecYK4qg2dcjMiGuUbTMQqYWKBaAswFYYg1wDToS,check,15
33071.01,1Ae5LTmecYK4qg2dcjMiGuUbTMQqYWKBaAswFYYg1wDToS,check,15
33131.008,1Ae5LTmecYK4qg2dcjMiGuUbTMQqYWKBaAswFYYg1wDToS,check,16
33191.01,1Ae5LTmecYK4qg2dcjMiGuUbTMQqYWKBaAswFYYg1wDToS,check,16
33251.01,1Ae5LTmecYK4qg2dcjMiGuUbTMQqYWKBaAswFYYg1wDToS,check,15
33311.01,1Ae5LTmecYK4qg2dcjMiGuUbTMQqYWKBaAswFYYg1wDToS,check,16
33371.01,1Ae5LTmecYK4qg2dcjMiGuUbTMQqYWKBaAswFYYg1wDToS,check,14
33431.016,1Ae5LTmecYK4qg2dcjMiGuUbTMQqYWKBaAswFYYg1wDToS,check,14
33491.01,1Ae5LTmecYK4qg2dcjMiGuUbTMQqYWKBaAswFYYg1wDToS,check,15
33551.008,1Ae5LTmecYK4qg2dcjMiGuUbTMQqYWKBaAswFYYg1wDToS,check,15
33611.016,1Ae5LTmecYK4qg2dcjMiGuUbTMQqYWKBaAswFYYg1wDToS,check,14
33671.01,1Ae5LTmecYK4qg2dcjMiGuUbTMQqYWKBaAswFYYg1wDToS,check,15
33731.01,1Ae5LTmecYK4qg2dcjMiGuUbTMQqYWKBaAswFYYg1wDToS,check,16
33791.01,1Ae5LTmecYK4qg2dcjMiGuUbTMQqYWKBaAswFYYg1wDToS,check,16
33851.01,1Ae5LTmecYK4qg2dcjMiGuUbTMQqYWKBaAswFYYg1wDToS,check,16
33911.01,1Ae5LTmecYK4qg2dcjMiGuUbTMQqYWKBaAswFYYg1wDToS,check,16
33971.01,1Ae5LTmecYK4qg2dcjMiGuUbTMQqYWKBaAswFYYg1wDToS,check,15
34031.01,1Ae5LTmecYK4qg2dcjMiGuUbTMQqYWKBaAswFYYg1wDToS,check,16
34091.016,1Ae5LTmecYK4qg2dcjMiGuUbTMQqYWKBaAswFYYg1wDToS,check,12
34151.016,1Ae5LTmecYK4qg2dcjMiGuUbTMQqYWKBaAswFYYg1wDToS,check,15
34211.01,1Ae5LTmecYK4qg2dcjMiGuUbTMQqYWKBaAswFYYg1wDToS,check,15
34271.01,1Ae5LTmecYK4qg2dcjMiGuUbTMQqYWKBaAswFYYg1wDToS,check,13
34331.02,1Ae5LTmecYK4qg2dcjMiGuUbTMQqYWKBaAswFYYg1wDToS,check,14
34391.01,1Ae5LTmecYK4qg2dcjMiGuUbTMQqYWKBaAswFYYg1wDToS,check,15
34451.01,1Ae5LTmecYK4qg2dcjMiGuUbTMQqYWKBaAswFYYg1wDToS,check,15
34511.01,1Ae5LTmecYK4qg2dcjMiGuUbTMQqYWKBaAswFYYg1wDToS,check,16
34571.01,1Ae5LTmecYK4qg2dcjMiGuUbTMQqYWKBaAswFYYg1wDToS,check,15
34631.01,1Ae5LTmecYK4qg2dcjMiGuUbTMQqYWKBaAswFYYg1wDToS,check,15
34691.01,1Ae5LTmecYK4qg2dcjMiGuUbTMQqYWKBaAswFYYg1wDToS,check,16
34751.01,1Ae5LTmecYK4qg2dcjMiGuUbTMQqYWKBaAswFYYg1wDToS,check,16
34811.01,1Ae5LTmecYK4qg2dcjMiGuUbTMQqYWKBaAswFYYg1wDToS,check,16
34871.01,1Ae5LTmecYK4qg2dcjMiGuUbTMQqYWKBaAswFYYg1wDToS,check,16
34931.01,1Ae5LTmecYK4qg2dcjMiGuUbTMQqYWKBaAswFYYg1wDToS,check,16
34991.016,1Ae5LTmecYK4qg2dcjMiGuUbTMQqYWKBaAswFYYg1wDToS,check,15
35051.01,1Ae5LTmecYK4qg2dcjMiGuUbTMQqYWKBaAswFYYg1wDToS,check,16
35111.01,1Ae5LTmecYK4qg2dcjMiGuUbTMQqYWKBaAswFYYg1wDToS,check,16
35171.01,1Ae5LTmecYK4qg2dcjMiGuUbTMQqYWKBaAswFYYg1wDToS,check,14
35231.01,1Ae5LTmecYK4qg2dcjMiGuUbTMQqYWKBaAswFYYg1wDToS,check,15
35291.016,1Ae5LTmecYK4qg2dcjMiGuUbTMQqYWKBaAswFYYg1wDToS,check,15
35351.008,1Ae5LTmecYK4qg2dcjMiGuUbTMQqYWKBaAswFYYg1wDToS,check,15
35411.01,1Ae5LTmecYK4qg2dcjMiGuUbTMQqYWKBaAswFYYg1wDToS,check,15
35471.01,1Ae5LTmecYK4qg2dcjMiGuUbTMQqYWKBaAswFYYg1wDToS,check,15
35531.01,1Ae5LTmecYK4qg2dcjMiGuUbTMQqYWKBaAswFYYg1wDToS,check,16
35591.01,1Ae5LTmecYK4qg2dcjMiGuUbTMQqYWKBaAswFYYg1wDToS,check,16
35651.01,1Ae5LTmecYK4qg2dcjMiGuUbTMQqYWKBaAswFYYg1wDToS,check,15
35711.01,1Ae5LTmecYK4qg2dcjMiGuUbTMQqYWKBaAswFYYg1wDToS,check,15
35771.01,1Ae5LTmecYK4qg2dcjMiGuUbTMQqYWKBaAswFYYg1wDToS,check,15
35831.01,1Ae5LTmecYK4qg2dcjMiGuUbTMQqYWKBaAswFYYg1wDToS,check,15
35891.01,1Ae5LTmecYK4qg2dcjMiGuUbTMQqYWKBaAswFYYg1wDToS,check,16
35951.02,1Ae5LTmecYK4qg2dcjMiGuUbTMQqYWKBaAswFYYg1wDToS,check,15
36011.016,1Ae5LTmecYK4qg2dcjMiGuUbTMQqYWKBaAswFYYg1wDToS,check,14
36071.01,1Ae5LTmecYK4qg2dcjMiGuUbTMQqYWKBaAswFYYg1wDToS,check,16
36131.01,1Ae5LTmecYK4qg2dcjMiGuUbTMQqYWKBaAswFYYg1wDToS,check,16
36191.01,1Ae5LTmecYK4qg2dcjMiGuUbTMQqYWKBaAswFYYg1wDToS,check,16
36251.01,1Ae5LTmecYK4qg2dcjMiGuUbTMQqYWKBaAswFYYg1wDToS,check,16
36311.01,1Ae5LTmecYK4qg2dcjMiGuUbTMQqYWKBaAswFYYg1wDToS,check,16
36371.01,1Ae5LTmecYK4qg2dcjMiGuUbTMQqYWKBaAswFYYg1wDToS,check,15
36431.01,1Ae5LTmecYK4qg2dcjMiGuUbTMQqYWKBaAswFYYg1wDToS,check,16
36491.016,1Ae5LTmecYK4qg2dcjMiGuUbTMQqYWKBaAswFYYg1wDToS,check,16
36551.01,1Ae5LTmecYK4qg2dcjMiGuUbTMQqYWKBaAswFYYg1wDToS,check,15
36611.01,1Ae5LTmecYK4qg2dcjMiGuUbTMQqYWKBaAswFYYg1wDToS,check,16
36671.01,1Ae5LTmecYK4qg2dcjMiGuUbTMQqYWKBaAswFYYg1wDToS,check,15
36731.016,1Ae5LTmecYK4qg2dcjMiGuUbTMQqYWKBaAswFYYg1wDToS,check,13
36791.01,1Ae5LTmecYK4qg2dcjMiGuUbTMQqYWKBaAswFYYg1wDToS,check,16
36851.01,1Ae5LTmecYK4qg2dcjMiGuUbTMQqYWKBaAswFYYg1wDToS,check,16
36911.01,1Ae5LTmecYK4qg2dcjMiGuUbTMQqYWKBaAswFYYg1wDToS,check,16
36971.01,1Ae5LTmecYK4qg2dcjMiGuUbTMQqYWKBaAswFYYg1wDToS,check,16
37031.008,1Ae5LTmecYK4qg2dcjMiGuUbTMQqYWKBaAswFYYg1wDToS,check,15
37091.008,1Ae5LTmecYK4qg2dcjMiGuUbTMQqYWKBaAswFYYg1wDToS,check,15
37151.008,1Ae5LTmecYK4qg2dcjMiGuUbTMQqYWKBaAswFYYg1wDToS,check,16
37211.004,1Ae5LTmecYK4qg2dcjMiGuUbTMQqYWKBaAswFYYg1wDToS,check,15
37271.004,1Ae5LTmecYK4qg2dcjMiGuUbTMQqYWKBaAswFYYg1wDToS,check,15
37331.008,1Ae5LTmecYK4qg2dcjMiGuUbTMQqYWKBaAswFYYg1wDToS,check,12
37391.01,1Ae5LTmecYK4qg2dcjMiGuUbTMQqYWKBaAswFYYg1wDToS,check,13
37451.01,1Ae5LTmecYK4qg2dcjMiGuUbTMQqYWKBaAswFYYg1wDToS,check,16
37511.01,1Ae5LTmecYK4qg2dcjMiGuUbTMQqYWKBaAswFYYg1wDToS,check,15
37571.008,1Ae5LTmecYK4qg2dcjMiGuUbTMQqYWKBaAswFYYg1wDToS,check,16
37631.01,1Ae5LTmecYK4qg2dcjMiGuUbTMQqYWKBaAswFYYg1wDToS,check,15
37691.01,1Ae5LTmecYK4qg2dcjMiGuUbTMQqYWKBaAswFYYg1wDToS,check,16
37751.01,1Ae5LTmecYK4qg2dcjMiGuUbTMQqYWKBaAswFYYg1wDToS,check,16
37811.01,1Ae5LTmecYK4qg2dcjMiGuUbTMQqYWKBaAswFYYg1wDToS,check,15
37871.01,1Ae5LTmecYK4qg2dcjMiGuUbTMQqYWKBaAswFYYg1wDToS,check,15
37931.008,1Ae5LTmecYK4qg2dcjMiGuUbTMQqYWKBaAswFYYg1wDToS,check,15
37991.016,1Ae5LTmecYK4qg2dcjMiGuUbTMQqYWKBaAswFYYg1wDToS,check,12
38051.01,1Ae5LTmecYK4qg2dcjMiGuUbTMQqYWKBaAswFYYg1wDToS,check,15
38111.01,1Ae5LTmecYK4qg2dcjMiGuUbTMQqYWKBaAswFYYg1wDToS,check,14
38171.01,1Ae5LTmecYK4qg2dcjMiGuUbTMQqYWKBaAswFYYg1wDToS,check,16
38231.01,1Ae5LTmecYK4qg2dcjMiGuUbTMQqYWKBaAswFYYg1wDToS,check,16
38291.016,1Ae5LTmecYK4qg2dcjMiGuUbTMQqYWKBaAswFYYg1wDToS,check,14
38351.016,1Ae5LTmecYK4qg2dcjMiGuUbTMQqYWKBaAswFYYg1wDToS,check,16
38411.02,1Ae5LTmecYK4qg2dcjMiGuUbTMQqYWKBaAswFYYg1wDToS,check,14
38471.01,1Ae5LTmecYK4qg2dcjMiGuUbTMQqYWKBaAswFYYg1wDToS,check,14
38531.01,1Ae5LTmecYK4qg2dcjMiGuUbTMQqYWKBaAswFYYg1wDToS,check,16
38591.008,1Ae5LTmecYK4qg2dcjMiGuUbTMQqYWKBaAswFYYg1wDToS,check,16
38651.008,1Ae5LTmecYK4qg2dcjMiGuUbTMQqYWKBaAswFYYg1wDToS,check,16
38711.01,1Ae5LTmecYK4qg2dcjMiGuUbTMQqYWKBaAswFYYg1wDToS,check,16
38771.008,1Ae5LTmecYK4qg2dcjMiGuUbTMQqYWKBaAswFYYg1wDToS,check,16
38831.01,1Ae5LTmecYK4qg2dcjMiGuUbTMQqYWKBaAswFYYg1wDToS,check,16
38891.01,1Ae5LTmecYK4qg2dcjMiGuUbTMQqYWKBaAswFYYg1wDToS,check,16
38951.01,1Ae5LTmecYK4qg2dcjMiGuUbTMQqYWKBaAswFYYg1wDToS,check,15
39011.01,1Ae5LTmecYK4qg2dcjMiGuUbTMQqYWKBaAswFYYg1wDToS,check,15
39071.01,1Ae5LTmecYK4qg2dcjMiGuUbTMQqYWKBaAswFYYg1wDToS,check,16
39131.016,1Ae5LTmecYK4qg2dcjMiGuUbTMQqYWKBaAswFYYg1wDToS,check,15
39191.01,1Ae5LTmecYK4qg2dcjMiGuUbTMQqYWKBaAswFYYg1wDToS,check,15
39251.01,1Ae5LTmecYK4qg2dcjMiGuUbTMQqYWKBaAswFYYg1wDToS,check,16
39311.01,1Ae5LTmecYK4qg2dcjMiGuUbTMQqYWKBaAswFYYg1wDToS,check,16
39371.01,1Ae5LTmecYK4qg2dcjMiGuUbTMQqYWKBaAswFYYg1wDToS,check,16
39431.01,1Ae5LTmecYK4qg2dcjMiGuUbTMQqYWKBaAswFYYg1wDToS,check,16
39491.01,1Ae5LTmecYK4qg2dcjMiGuUbTMQqYWKBaAswFYYg1wDToS,check,14
39551.01,1Ae5LTmecYK4qg2dcjMiGuUbTMQqYWKBaAswFYYg1wDToS,check,15
39611.016,1Ae5LTmecYK4qg2dcjMiGuUbTMQqYWKBaAswFYYg1wDToS,check,13
39671.01,1Ae5LTmecYK4qg2dcjMiGuUbTMQqYWKBaAswFYYg1wDToS,check,16
39731.01,1Ae5LTmecYK4qg2dcjMiGuUbTMQqYWKBaAswFYYg1wDToS,check,15
39791.02,1Ae5LTmecYK4qg2dcjMiGuUbTMQqYWKBaAswFYYg1wDToS,check,13
39851.01,1Ae5LTmecYK4qg2dcjMiGuUbTMQqYWKBaAswFYYg1wDToS,check,16
39911.01,1Ae5LTmecYK4qg2dcjMiGuUbTMQqYWKBaAswFYYg1wDToS,check,16
39971.01,1Ae5LTmecYK4qg2dcjMiGuUbTMQqYWKBaAswFYYg1wDToS,check,16
40031.01,1Ae5LTmecYK4qg2dcjMiGuUbTMQqYWKBaAswFYYg1wDToS,check,16
40091.01,1Ae5LTmecYK4qg2dcjMiGuUbTMQqYWKBaAswFYYg1wDToS,check,16
40151.01,1Ae5LTmecYK4qg2dcjMiGuUbTMQqYWKBaAswFYYg1wDToS,check,16
40211.01,1Ae5LTmecYK4qg2dcjMiGuUbTMQqYWKBaAswFYYg1wDToS,check,15
40271.01,1Ae5LTmecYK4qg2dcjMiGuUbTMQqYWKBaAswFYYg1wDToS,check,15
40331.016,1Ae5LTmecYK4qg2dcjMiGuUbTMQqYWKBaAswFYYg1wDToS,check,15
40391.01,1Ae5LTmecYK4qg2dcjMiGuUbTMQqYWKBaAswFYYg1wDToS,check,16
40451.01,1Ae5LTmecYK4qg2dcjMiGuUbTMQqYWKBaAswFYYg1wDToS,check,16
40511.01,1Ae5LTmecYK4qg2dcjMiGuUbTMQqYWKBaAswFYYg1wDToS,check,16
40571.01,1Ae5LTmecYK4qg2dcjMiGuUbTMQqYWKBaAswFYYg1wDToS,check,15
40631.01,1Ae5LTmecYK4qg2dcjMiGuUbTMQqYWKBaAswFYYg1wDToS,check,16
40691.01,1Ae5LTmecYK4qg2dcjMiGuUbTMQqYWKBaAswFYYg1wDToS,check,16
40751.016,1Ae5LTmecYK4qg2dcjMiGuUbTMQqYWKBaAswFYYg1wDToS,check,15
40811.01,1Ae5LTmecYK4qg2dcjMiGuUbTMQqYWKBaAswFYYg1wDToS,check,15
40871.01,1Ae5LTmecYK4qg2dcjMiGuUbTMQqYWKBaAswFYYg1wDToS,check,16
40931.01,1Ae5LTmecYK4qg2dcjMiGuUbTMQqYWKBaAswFYYg1wDToS,check,15
40991.01,1Ae5LTmecYK4qg2dcjMiGuUbTMQqYWKBaAswFYYg1wDToS,check,16
41051.01,1Ae5LTmecYK4qg2dcjMiGuUbTMQqYWKBaAswFYYg1wDToS,check,16
41111.01,1Ae5LTmecYK4qg2dcjMiGuUbTMQqYWKBaAswFYYg1wDToS,check,16
41171.01,1Ae5LTmecYK4qg2dcjMiGuUbTMQqYWKBaAswFYYg1wDToS,check,15
41231.008,1Ae5LTmecYK4qg2dcjMiGuUbTMQqYWKBaAswFYYg1wDToS,check,15
41291.01,1Ae5LTmecYK4qg2dcjMiGuUbTMQqYWKBaAswFYYg1wDToS,check,14
41351.01,1Ae5LTmecYK4qg2dcjMiGuUbTMQqYWKBaAswFYYg1wDToS,check,15
41411.01,1Ae5LTmecYK4qg2dcjMiGuUbTMQqYWKBaAswFYYg1wDToS,check,14
41471.01,1Ae5LTmecYK4qg2dcjMiGuUbTMQqYWKBaAswFYYg1wDToS,check,14
41531.01,1Ae5LTmecYK4qg2dcjMiGuUbTMQqYWKBaAswFYYg1wDToS,check,15
41591.008,1Ae5LTmecYK4qg2dcjMiGuUbTMQqYWKBaAswFYYg1wDToS,check,15
41651.01,1Ae5LTmecYK4qg2dcjMiGuUbTMQqYWKBaAswFYYg1wDToS,check,15
41711.01,1Ae5LTmecYK4qg2dcjMiGuUbTMQqYWKBaAswFYYg1wDToS,check,15
41771.01,1Ae5LTmecYK4qg2dcjMiGuUbTMQqYWKBaAswFYYg1wDToS,check,15
41831.008,1Ae5LTmecYK4qg2dcjMiGuUbTMQqYWKBaAswFYYg1wDToS,check,15
41891.01,1Ae5LTmecYK4qg2dcjMiGuUbTMQqYWKBaAswFYYg1wDToS,check,15
41951.01,1Ae5LTmecYK4qg2dcjMiGuUbTMQqYWKBaAswFYYg1wDToS,check,14
42011.01,1Ae5LTmecYK4qg2dcjMiGuUbTMQqYWKBaAswFYYg1wDToS,check,15
42071.01,1Ae5LTmecYK4qg2dcjMiGuUbTMQqYWKBaAswFYYg1wDToS,check,14
42131.02,1Ae5LTmecYK4qg2dcjMiGuUbTMQqYWKBaAswFYYg1wDToS,check,12
42191.01,1Ae5LTmecYK4qg2dcjMiGuUbTMQqYWKBaAswFYYg1wDToS,check,15
42251.01,1Ae5LTmecYK4qg2dcjMiGuUbTMQqYWKBaAswFYYg1wDToS,check,14
42311.01,1Ae5LTmecYK4qg2dcjMiGuUbTMQqYWKBaAswFYYg1wDToS,check,15
42371.01,1Ae5LTmecYK4qg2dcjMiGuUbTMQqYWKBaAswFYYg1wDToS,check,14
42431.01,1Ae5LTmecYK4qg2dcjMiGuUbTMQqYWKBaAswFYYg1wDToS,check,15
42491.01,1Ae5LTmecYK4qg2dcjMiGuUbTMQqYWKBaAswFYYg1wDToS,check,15
42551.01,1Ae5LTmecYK4qg2dcjMiGuUbTMQqYWKBaAswFYYg1wDToS,check,14
42611.01,1Ae5LTmecYK4qg2dcjMiGuUbTMQqYWKBaAswFYYg1wDToS,check,14
42671.01,1Ae5LTmecYK4qg2dcjMiGuUbTMQqYWKBaAswFYYg1wDToS,check,15
42731.01,1Ae5LTmecYK4qg2dcjMiGuUbTMQqYWKBaAswFYYg1wDToS,check,13
42791.01,1Ae5LTmecYK4qg2dcjMiGuUbTMQqYWKBaAswFYYg1wDToS,check,15
42851.01,1Ae5LTmecYK4qg2dcjMiGuUbTMQqYWKBaAswFYYg1wDToS,check,15
42911.016,1Ae5LTmecYK4qg2dcjMiGuUbTMQqYWKBaAswFYYg1wDToS,check,15
42971.01,1Ae5LTmecYK4qg2dcjMiGuUbTMQqYWKBaAswFYYg1wDToS,check,15
43031.01,1Ae5LTmecYK4qg2dcjMiGuUbTMQqYWKBaAswFYYg1wDToS,check,15
43091.016,1Ae5LTmecYK4qg2dcjMiGuUbTMQqYWKBaAswFYYg1wDToS,check,15
43151.016,1Ae5LTmecYK4qg2dcjMiGuUbTMQqYWKBaAswFYYg1wDToS,check,15
43211.01,1Ae5LTmecYK4qg2dcjMiGuUbTMQqYWKBaAswFYYg1wDToS,check,14
43271.01,1Ae5LTmecYK4qg2dcjMiGuUbTMQqYWKBaAswFYYg1wDToS,check,15
43331.01,1Ae5LTmecYK4qg2dcjMiGuUbTMQqYWKBaAswFYYg1wDToS,check,15
43391.01,1Ae5LTmecYK4qg2dcjMiGuUbTMQqYWKBaAswFYYg1wDToS,check,15
43451.01,1Ae5LTmecYK4qg2dcjMiGuUbTMQqYWKBaAswFYYg1wDToS,check,15
43511.01,1Ae5LTmecYK4qg2dcjMiGuUbTMQqYWKBaAswFYYg1wDToS,check,15
43571.01,1Ae5LTmecYK4qg2dcjMiGuUbTMQqYWKBaAswFYYg1wDToS,check,14
43631.01,1Ae5LTmecYK4qg2dcjMiGuUbTMQqYWKBaAswFYYg1wDToS,check,15
43691.016,1Ae5LTmecYK4qg2dcjMiGuUbTMQqYWKBaAswFYYg1wDToS,check,14
43751.01,1Ae5LTmecYK4qg2dcjMiGuUbTMQqYWKBaAswFYYg1wDToS,check,15
43811.01,1Ae5LTmecYK4qg2dcjMiGuUbTMQqYWKBaAswFYYg1wDToS,check,15
43871.016,1Ae5LTmecYK4qg2dcjMiGuUbTMQqYWKBaAswFYYg1wDToS,check,14
43931.01,1Ae5LTmecYK4qg2dcjMiGuUbTMQqYWKBaAswFYYg1wDToS,check,15
43991.01,1Ae5LTmecYK4qg2dcjMiGuUbTMQqYWKBaAswFYYg1wDToS,check,15
44051.01,1Ae5LTmecYK4qg2dcjMiGuUbTMQqYWKBaAswFYYg1wDToS,check,14
44111.01,1Ae5LTmecYK4qg2dcjMiGuUbTMQqYWKBaAswFYYg1wDToS,check,15
44171.01,1Ae5LTmecYK4qg2dcjMiGuUbTMQqYWKBaAswFYYg1wDToS,check,15
44231.01,1Ae5LTmecYK4qg2dcjMiGuUbTMQqYWKBaAswFYYg1wDToS,check,15
44291.01,1Ae5LTmecYK4qg2dcjMiGuUbTMQqYWKBaAswFYYg1wDToS,check,15
44351.01,1Ae5LTmecYK4qg2dcjMiGuUbTMQqYWKBaAswFYYg1wDToS,check,15
44411.01,1Ae5LTmecYK4qg2dcjMiGuUbTMQqYWKBaAswFYYg1wDToS,check,14
44471.01,1Ae5LTmecYK4qg2dcjMiGuUbTMQqYWKBaAswFYYg1wDToS,check,15
44531.01,1Ae5LTmecYK4qg2dcjMiGuUbTMQqYWKBaAswFYYg1wDToS,check,14
44591.01,1Ae5LTmecYK4qg2dcjMiGuUbTMQqYWKBaAswFYYg1wDToS,check,15
44651.01,1Ae5LTmecYK4qg2dcjMiGuUbTMQqYWKBaAswFYYg1wDToS,check,15
44711.01,1Ae5LTmecYK4qg2dcjMiGuUbTMQqYWKBaAswFYYg1wDToS,check,15
44771.01,1Ae5LTmecYK4qg2dcjMiGuUbTMQqYWKBaAswFYYg1wDToS,check,15
44831.01,1Ae5LTmecYK4qg2dcjMiGuUbTMQqYWKBaAswFYYg1wDToS,check,15
44891.01,1Ae5LTmecYK4qg2dcjMiGuUbTMQqYWKBaAswFYYg1wDToS,check,15
44951.01,1Ae5LTmecYK4qg2dcjMiGuUbTMQqYWKBaAswFYYg1wDToS,check,15
45011.01,1Ae5LTmecYK4qg2dcjMiGuUbTMQqYWKBaAswFYYg1wDToS,check,15
45071.01,1Ae5LTmecYK4qg2dcjMiGuUbTMQqYWKBaAswFYYg1wDToS,check,14
45131.01,1Ae5LTmecYK4qg2dcjMiGuUbTMQqYWKBaAswFYYg1wDToS,check,15
45191.01,1Ae5LTmecYK4qg2dcjMiGuUbTMQqYWKBaAswFYYg1wDToS,check,15
45251.008,1Ae5LTmecYK4qg2dcjMiGuUbTMQqYWKBaAswFYYg1wDToS,check,13
45311.01,1Ae5LTmecYK4qg2dcjMiGuUbTMQqYWKBaAswFYYg1wDToS,check,14
45371.01,1Ae5LTmecYK4qg2dcjMiGuUbTMQqYWKBaAswFYYg1wDToS,check,14
45431.01,1Ae5LTmecYK4qg2dcjMiGuUbTMQqYWKBaAswFYYg1wDToS,check,15
45491.01,1Ae5LTmecYK4qg2dcjMiGuUbTMQqYWKBaAswFYYg1wDToS,check,14
45551.01,1Ae5LTmecYK4qg2dcjMiGuUbTMQqYWKBaAswFYYg1wDToS,check,15
45611.008,1Ae5LTmecYK4qg2dcjMiGuUbTMQqYWKBaAswFYYg1wDToS,check,15
45671.01,1Ae5LTmecYK4qg2dcjMiGuUbTMQqYWKBaAswFYYg1wDToS,check,14
45731.01,1Ae5LTmecYK4qg2dcjMiGuUbTMQqYWKBaAswFYYg1wDToS,check,14
45791.01,1Ae5LTmecYK4qg2dcjMiGuUbTMQqYWKBaAswFYYg1wDToS,check,15
45851.008,1Ae5LTmecYK4qg2dcjMiGuUbTMQqYWKBaAswFYYg1wDToS,check,11
45911.004,1Ae5LTmecYK4qg2dcjMiGuUbTMQqYWKBaAswFYYg1wDToS,check,15
45971.004,1Ae5LTmecYK4qg2dcjMiGuUbTMQqYWKBaAswFYYg1wDToS,check,15
46031.008,1Ae5LTmecYK4qg2dcjMiGuUbTMQqYWKBaAswFYYg1wDToS,check,13
46091.01,1Ae5LTmecYK4qg2dcjMiGuUbTMQqYWKBaAswFYYg1wDToS,check,15
46151.01,1Ae5LTmecYK4qg2dcjMiGuUbTMQqYWKBaAswFYYg1wDToS,check,15
46211.01,1Ae5LTmecYK4qg2dcjMiGuUbTMQqYWKBaAswFYYg1wDToS,check,15
46271.01,1Ae5LTmecYK4qg2dcjMiGuUbTMQqYWKBaAswFYYg1wDToS,check,15
46331.008,1Ae5LTmecYK4qg2dcjMiGuUbTMQqYWKBaAswFYYg1wDToS,check,15
46391.01,1Ae5LTmecYK4qg2dcjMiGuUbTMQqYWKBaAswFYYg1wDToS,check,15
46451.01,1Ae5LTmecYK4qg2dcjMiGuUbTMQqYWKBaAswFYYg1wDToS,check,15
46511.01,1Ae5LTmecYK4qg2dcjMiGuUbTMQqYWKBaAswFYYg1wDToS,check,15
46571.01,1Ae5LTmecYK4qg2dcjMiGuUbTMQqYWKBaAswFYYg1wDToS,check,15
46631.008,1Ae5LTmecYK4qg2dcjMiGuUbTMQqYWKBaAswFYYg1wDToS,check,15
46691.008,1Ae5LTmecYK4qg2dcjMiGuUbTMQqYWKBaAswFYYg1wDToS,check,15
46751.01,1Ae5LTmecYK4qg2dcjMiGuUbTMQqYWKBaAswFYYg1wDToS,check,15
46811.01,1Ae5LTmecYK4qg2dcjMiGuUbTMQqYWKBaAswFYYg1wDToS,check,15
46871.01,1Ae5LTmecYK4qg2dcjMiGuUbTMQqYWKBaAswFYYg1wDToS,check,15
46931.01,1Ae5LTmecYK4qg2dcjMiGuUbTMQqYWKBaAswFYYg1wDToS,check,15
46991.01,1Ae5LTmecYK4qg2dcjMiGuUbTMQqYWKBaAswFYYg1wDToS,check,15
47051.01,1Ae5LTmecYK4qg2dcjMiGuUbTMQqYWKBaAswFYYg1wDToS,check,15
47111.01,1Ae5LTmecYK4qg2dcjMiGuUbTMQqYWKBaAswFYYg1wDToS,check,15
47171.01,1Ae5LTmecYK4qg2dcjMiGuUbTMQqYWKBaAswFYYg1wDToS,check,15
47231.01,1Ae5LTmecYK4qg2dcjMiGuUbTMQqYWKBaAswFYYg1wDToS,check,15
47291.01,1Ae5LTmecYK4qg2dcjMiGuUbTMQqYWKBaAswFYYg1wDToS,check,15
47351.01,1Ae5LTmecYK4qg2dcjMiGuUbTMQqYWKBaAswFYYg1wDToS,check,15
47411.008,1Ae5LTmecYK4qg2dcjMiGuUbTMQqYWKBaAswFYYg1wDToS,check,15
47471.02,1Ae5LTmecYK4qg2dcjMiGuUbTMQqYWKBaAswFYYg1wDToS,check,12
47531.01,1Ae5LTmecYK4qg2dcjMiGuUbTMQqYWKBaAswFYYg1wDToS,check,15
47591.01,1Ae5LTmecYK4qg2dcjMiGuUbTMQqYWKBaAswFYYg1wDToS,check,15
47651.01,1Ae5LTmecYK4qg2dcjMiGuUbTMQqYWKBaAswFYYg1wDToS,check,15
47711.01,1Ae5LTmecYK4qg2dcjMiGuUbTMQqYWKBaAswFYYg1wDToS,check,14
47771.01,1Ae5LTmecYK4qg2dcjMiGuUbTMQqYWKBaAswFYYg1wDToS,check,15
47831.01,1Ae5LTmecYK4qg2dcjMiGuUbTMQqYWKBaAswFYYg1wDToS,check,14
47891.02,1Ae5LTmecYK4qg2dcjMiGuUbTMQqYWKBaAswFYYg1wDToS,check,11
47951.008,1Ae5LTmecYK4qg2dcjMiGuUbTMQqYWKBaAswFYYg1wDToS,check,15
48011.01,1Ae5LTmecYK4qg2dcjMiGuUbTMQqYWKBaAswFYYg1wDToS,check,15
48071.01,1Ae5LTmecYK4qg2dcjMiGuUbTMQqYWKBaAswFYYg1wDToS,check,14
48131.01,1Ae5LTmecYK4qg2dcjMiGuUbTMQqYWKBaAswFYYg1wDToS,check,15
48191.01,1Ae5LTmecYK4qg2dcjMiGuUbTMQqYWKBaAswFYYg1wDToS,check,15
48251.01,1Ae5LTmecYK4qg2dcjMiGuUbTMQqYWKBaAswFYYg1wDToS,check,15
48311.008,1Ae5LTmecYK4qg2dcjMiGuUbTMQqYWKBaAswFYYg1wDToS,check,14
48371.01,1Ae5LTmecYK4qg2dcjMiGuUbTMQqYWKBaAswFYYg1wDToS,check,14
48431.01,1Ae5LTmecYK4qg2dcjMiGuUbTMQqYWKBaAswFYYg1wDToS,check,14
48491.01,1Ae5LTmecYK4qg2dcjMiGuUbTMQqYWKBaAswFYYg1wDToS,check,14
48551.01,1Ae5LTmecYK4qg2dcjMiGuUbTMQqYWKBaAswFYYg1wDToS,check,15
48611.01,1Ae5LTmecYK4qg2dcjMiGuUbTMQqYWKBaAswFYYg1wDToS,check,15
48671.01,1Ae5LTmecYK4qg2dcjMiGuUbTMQqYWKBaAswFYYg1wDToS,check,15
48731.01,1Ae5LTmecYK4qg2dcjMiGuUbTMQqYWKBaAswFYYg1wDToS,check,14
48791.01,1Ae5LTmecYK4qg2dcjMiGuUbTMQqYWKBaAswFYYg1wDToS,check,15
48851.01,1Ae5LTmecYK4qg2dcjMiGuUbTMQqYWKBaAswFYYg1wDToS,check,15
48911.01,1Ae5LTmecYK4qg2dcjMiGuUbTMQqYWKBaAswFYYg1wDToS,check,14
48971.01,1Ae5LTmecYK4qg2dcjMiGuUbTMQqYWKBaAswFYYg1wDToS,check,15
49031.01,1Ae5LTmecYK4qg2dcjMiGuUbTMQqYWKBaAswFYYg1wDToS,check,13
49091.01,1Ae5LTmecYK4qg2dcjMiGuUbTMQqYWKBaAswFYYg1wDToS,check,15
49151.01,1Ae5LTmecYK4qg2dcjMiGuUbTMQqYWKBaAswFYYg1wDToS,check,14
49211.01,1Ae5LTmecYK4qg2dcjMiGuUbTMQqYWKBaAswFYYg1wDToS,check,15
49271.01,1Ae5LTmecYK4qg2dcjMiGuUbTMQqYWKBaAswFYYg1wDToS,check,14
49331.01,1Ae5LTmecYK4qg2dcjMiGuUbTMQqYWKBaAswFYYg1wDToS,check,15
49391.01,1Ae5LTmecYK4qg2dcjMiGuUbTMQqYWKBaAswFYYg1wDToS,check,15
49451.01,1Ae5LTmecYK4qg2dcjMiGuUbTMQqYWKBaAswFYYg1wDToS,check,15
49511.01,1Ae5LTmecYK4qg2dcjMiGuUbTMQqYWKBaAswFYYg1wDToS,check,15
49571.01,1Ae5LTmecYK4qg2dcjMiGuUbTMQqYWKBaAswFYYg1wDToS,check,15
49631.008,1Ae5LTmecYK4qg2dcjMiGuUbTMQqYWKBaAswFYYg1wDToS,check,14
49691.01,1Ae5LTmecYK4qg2dcjMiGuUbTMQqYWKBaAswFYYg1wDToS,check,15
49751.01,1Ae5LTmecYK4qg2dcjMiGuUbTMQqYWKBaAswFYYg1wDToS,check,15
49811.01,1Ae5LTmecYK4qg2dcjMiGuUbTMQqYWKBaAswFYYg1wDToS,check,14
49871.01,1Ae5LTmecYK4qg2dcjMiGuUbTMQqYWKBaAswFYYg1wDToS,check,15
49931.01,1Ae5LTmecYK4qg2dcjMiGuUbTMQqYWKBaAswFYYg1wDToS,check,15
49991.008,1Ae5LTmecYK4qg2dcjMiGuUbTMQqYWKBaAswFYYg1wDToS,check,15
50051.01,1Ae5LTmecYK4qg2dcjMiGuUbTMQqYWKBaAswFYYg1wDToS,check,15
50111.01,1Ae5LTmecYK4qg2dcjMiGuUbTMQqYWKBaAswFYYg1wDToS,check,15
50171.008,1Ae5LTmecYK4qg2dcjMiGuUbTMQqYWKBaAswFYYg1wDToS,check,15
50231.01,1Ae5LTmecYK4qg2dcjMiGuUbTMQqYWKBaAswFYYg1wDToS,check,14
50291.01,1Ae5LTmecYK4qg2dcjMiGuUbTMQqYWKBaAswFYYg1wDToS,check,15
50351.01,1Ae5LTmecYK4qg2dcjMiGuUbTMQqYWKBaAswFYYg1wDToS,check,14
50411.01,1Ae5LTmecYK4qg2dcjMiGuUbTMQqYWKBaAswFYYg1wDToS,check,14
50471.01,1Ae5LTmecYK4qg2dcjMiGuUbTMQqYWKBaAswFYYg1wDToS,check,14
50531.01,1Ae5LTmecYK4qg2dcjMiGuUbTMQqYWKBaAswFYYg1wDToS,check,13
50591.01,1Ae5LTmecYK4qg2dcjMiGuUbTMQqYWKBaAswFYYg1wDToS,check,15
50651.01,1Ae5LTmecYK4qg2dcjMiGuUbTMQqYWKBaAswFYYg1wDToS,check,15
50711.01,1Ae5LTmecYK4qg2dcjMiGuUbTMQqYWKBaAswFYYg1wDToS,check,14
50771.008,1Ae5LTmecYK4qg2dcjMiGuUbTMQqYWKBaAswFYYg1wDToS,check,15
50831.01,1Ae5LTmecYK4qg2dcjMiGuUbTMQqYWKBaAswFYYg1wDToS,check,15
50891.01,1Ae5LTmecYK4qg2dcjMiGuUbTMQqYWKBaAswFYYg1wDToS,check,14
50951.008,1Ae5LTmecYK4qg2dcjMiGuUbTMQqYWKBaAswFYYg1wDToS,check,14
51011.01,1Ae5LTmecYK4qg2dcjMiGuUbTMQqYWKBaAswFYYg1wDToS,check,14
51071.01,1Ae5LTmecYK4qg2dcjMiGuUbTMQqYWKBaAswFYYg1wDToS,check,15
51131.01,1Ae5LTmecYK4qg2dcjMiGuUbTMQqYWKBaAswFYYg1wDToS,check,15
51191.01,1Ae5LTmecYK4qg2dcjMiGuUbTMQqYWKBaAswFYYg1wDToS,check,15
51251.01,1Ae5LTmecYK4qg2dcjMiGuUbTMQqYWKBaAswFYYg1wDToS,check,14
51311.01,1Ae5LTmecYK4qg2dcjMiGuUbTMQqYWKBaAswFYYg1wDToS,check,15
51371.01,1Ae5LTmecYK4qg2dcjMiGuUbTMQqYWKBaAswFYYg1wDToS,check,15
51431.01,1Ae5LTmecYK4qg2dcjMiGuUbTMQqYWKBaAswFYYg1wDToS,check,15
51491.016,1Ae5LTmecYK4qg2dcjMiGuUbTMQqYWKBaAswFYYg1wDToS,check,14
51551.01,1Ae5LTmecYK4qg2dcjMiGuUbTMQqYWKBaAswFYYg1wDToS,check,15
51611.01,1Ae5LTmecYK4qg2dcjMiGuUbTMQqYWKBaAswFYYg1wDToS,check,15
51671.01,1Ae5LTmecYK4qg2dcjMiGuUbTMQqYWKBaAswFYYg1wDToS,check,15
51731.01,1Ae5LTmecYK4qg2dcjMiGuUbTMQqYWKBaAswFYYg1wDToS,check,15
51791.01,1Ae5LTmecYK4qg2dcjMiGuUbTMQqYWKBaAswFYYg1wDToS,check,15
51851.01,1Ae5LTmecYK4qg2dcjMiGuUbTMQqYWKBaAswFYYg1wDToS,check,15
51911.016,1Ae5LTmecYK4qg2dcjMiGuUbTMQqYWKBaAswFYYg1wDToS,check,15
51971.01,1Ae5LTmecYK4qg2dcjMiGuUbTMQqYWKBaAswFYYg1wDToS,check,15
52031.01,1Ae5LTmecYK4qg2dcjMiGuUbTMQqYWKBaAswFYYg1wDToS,check,14
52091.01,1Ae5LTmecYK4qg2dcjMiGuUbTMQqYWKBaAswFYYg1wDToS,check,14
52151.01,1Ae5LTmecYK4qg2dcjMiGuUbTMQqYWKBaAswFYYg1wDToS,check,15
52211.016,1Ae5LTmecYK4qg2dcjMiGuUbTMQqYWKBaAswFYYg1wDToS,check,15
52271.01,1Ae5LTmecYK4qg2dcjMiGuUbTMQqYWKBaAswFYYg1wDToS,check,15
52331.01,1Ae5LTmecYK4qg2dcjMiGuUbTMQqYWKBaAswFYYg1wDToS,check,15
52391.01,1Ae5LTmecYK4qg2dcjMiGuUbTMQqYWKBaAswFYYg1wDToS,check,15
52451.01,1Ae5LTmecYK4qg2dcjMiGuUbTMQqYWKBaAswFYYg1wDToS,check,15
52511.01,1Ae5LTmecYK4qg2dcjMiGuUbTMQqYWKBaAswFYYg1wDToS,check,15
52571.008,1Ae5LTmecYK4qg2dcjMiGuUbTMQqYWKBaAswFYYg1wDToS,check,15
52631.01,1Ae5LTmecYK4qg2dcjMiGuUbTMQqYWKBaAswFYYg1wDToS,check,14
52691.01,1Ae5LTmecYK4qg2dcjMiGuUbTMQqYWKBaAswFYYg1wDToS,check,15
52751.01,1Ae5LTmecYK4qg2dcjMiGuUbTMQqYWKBaAswFYYg1wDToS,check,15
52811.01,1Ae5LTmecYK4qg2dcjMiGuUbTMQqYWKBaAswFYYg1wDToS,check,14
52871.01,1Ae5LTmecYK4qg2dcjMiGuUbTMQqYWKBaAswFYYg1wDToS,check,15
52931.01,1Ae5LTmecYK4qg2dcjMiGuUbTMQqYWKBaAswFYYg1wDToS,check,14
52991.01,1Ae5LTmecYK4qg2dcjMiGuUbTMQqYWKBaAswFYYg1wDToS,check,14
53051.01,1Ae5LTmecYK4qg2dcjMiGuUbTMQqYWKBaAswFYYg1wDToS,check,15
53111.016,1Ae5LTmecYK4qg2dcjMiGuUbTMQqYWKBaAswFYYg1wDToS,check,15
53171.01,1Ae5LTmecYK4qg2dcjMiGuUbTMQqYWKBaAswFYYg1wDToS,check,14
53231.01,1Ae5LTmecYK4qg2dcjMiGuUbTMQqYWKBaAswFYYg1wDToS,check,15
53291.008,1Ae5LTmecYK4qg2dcjMiGuUbTMQqYWKBaAswFYYg1wDToS,check,15
53351.01,1Ae5LTmecYK4qg2dcjMiGuUbTMQqYWKBaAswFYYg1wDToS,check,15
53411.01,1Ae5LTmecYK4qg2dcjMiGuUbTMQqYWKBaAswFYYg1wDToS,check,14
53471.01,1Ae5LTmecYK4qg2dcjMiGuUbTMQqYWKBaAswFYYg1wDToS,check,15
53531.01,1Ae5LTmecYK4qg2dcjMiGuUbTMQqYWKBaAswFYYg1wDToS,check,14
53591.01,1Ae5LTmecYK4qg2dcjMiGuUbTMQqYWKBaAswFYYg1wDToS,check,14
53651.008,1Ae5LTmecYK4qg2dcjMiGuUbTMQqYWKBaAswFYYg1wDToS,check,15
53711.01,1Ae5LTmecYK4qg2dcjMiGuUbTMQqYWKBaAswFYYg1wDToS,check,15
53771.008,1Ae5LTmecYK4qg2dcjMiGuUbTMQqYWKBaAswFYYg1wDToS,check,14
53831.01,1Ae5LTmecYK4qg2dcjMiGuUbTMQqYWKBaAswFYYg1wDToS,check,14
53891.01,1Ae5LTmecYK4qg2dcjMiGuUbTMQqYWKBaAswFYYg1wDToS,check,15
53951.01,1Ae5LTmecYK4qg2dcjMiGuUbTMQqYWKBaAswFYYg1wDToS,check,15
54011.008,1Ae5LTmecYK4qg2dcjMiGuUbTMQqYWKBaAswFYYg1wDToS,check,14
54071.01,1Ae5LTmecYK4qg2dcjMiGuUbTMQqYWKBaAswFYYg1wDToS,check,15
54131.01,1Ae5LTmecYK4qg2dcjMiGuUbTMQqYWKBaAswFYYg1wDToS,check,15
54191.01,1Ae5LTmecYK4qg2dcjMiGuUbTMQqYWKBaAswFYYg1wDToS,check,15
54251.01,1Ae5LTmecYK4qg2dcjMiGuUbTMQqYWKBaAswFYYg1wDToS,check,15
54311.01,1Ae5LTmecYK4qg2dcjMiGuUbTMQqYWKBaAswFYYg1wDToS,check,14
54371.008,1Ae5LTmecYK4qg2dcjMiGuUbTMQqYWKBaAswFYYg1wDToS,check,15
54431.01,1Ae5LTmecYK4qg2dcjMiGuUbTMQqYWKBaAswFYYg1wDToS,check,15
54491.008,1Ae5LTmecYK4qg2dcjMiGuUbTMQqYWKBaAswFYYg1wDToS,check,15
54551.008,1Ae5LTmecYK4qg2dcjMiGuUbTMQqYWKBaAswFYYg1wDToS,check,14
54611.008,1Ae5LTmecYK4qg2dcjMiGuUbTMQqYWKBaAswFYYg1wDToS,check,15
54671.008,1Ae5LTmecYK4qg2dcjMiGuUbTMQqYWKBaAswFYYg1wDToS,check,15
54731.004,1Ae5LTmecYK4qg2dcjMiGuUbTMQqYWKBaAswFYYg1wDToS,check,15
54791.008,1Ae5LTmecYK4qg2dcjMiGuUbTMQqYWKBaAswFYYg1wDToS,check,15
54851.01,1Ae5LTmecYK4qg2dcjMiGuUbTMQqYWKBaAswFYYg1wDToS,check,15
54911.01,1Ae5LTmecYK4qg2dcjMiGuUbTMQqYWKBaAswFYYg1wDToS,check,15
54971.008,1Ae5LTmecYK4qg2dcjMiGuUbTMQqYWKBaAswFYYg1wDToS,check,15
55031.02,1Ae5LTmecYK4qg2dcjMiGuUbTMQqYWKBaAswFYYg1wDToS,check,15
55091.016,1Ae5LTmecYK4qg2dcjMiGuUbTMQqYWKBaAswFYYg1wDToS,check,15
55151.01,1Ae5LTmecYK4qg2dcjMiGuUbTMQqYWKBaAswFYYg1wDToS,check,15
55211.01,1Ae5LTmecYK4qg2dcjMiGuUbTMQqYWKBaAswFYYg1wDToS,check,15
55271.01,1Ae5LTmecYK4qg2dcjMiGuUbTMQqYWKBaAswFYYg1wDToS,check,15
55331.01,1Ae5LTmecYK4qg2dcjMiGuUbTMQqYWKBaAswFYYg1wDToS,check,15
55391.01,1Ae5LTmecYK4qg2dcjMiGuUbTMQqYWKBaAswFYYg1wDToS,check,14
55451.01,1Ae5LTmecYK4qg2dcjMiGuUbTMQqYWKBaAswFYYg1wDToS,check,15
55511.01,1Ae5LTmecYK4qg2dcjMiGuUbTMQqYWKBaAswFYYg1wDToS,check,15
55571.01,1Ae5LTmecYK4qg2dcjMiGuUbTMQqYWKBaAswFYYg1wDToS,check,15
55631.01,1Ae5LTmecYK4qg2dcjMiGuUbTMQqYWKBaAswFYYg1wDToS,check,15
55691.01,1Ae5LTmecYK4qg2dcjMiGuUbTMQqYWKBaAswFYYg1wDToS,check,14
55751.008,1Ae5LTmecYK4qg2dcjMiGuUbTMQqYWKBaAswFYYg1wDToS,check,15
55811.01,1Ae5LTmecYK4qg2dcjMiGuUbTMQqYWKBaAswFYYg1wDToS,check,15
55871.01,1Ae5LTmecYK4qg2dcjMiGuUbTMQqYWKBaAswFYYg1wDToS,check,15
55931.01,1Ae5LTmecYK4qg2dcjMiGuUbTMQqYWKBaAswFYYg1wDToS,check,15
55991.01,1Ae5LTmecYK4qg2dcjMiGuUbTMQqYWKBaAswFYYg1wDToS,check,14
56051.01,1Ae5LTmecYK4qg2dcjMiGuUbTMQqYWKBaAswFYYg1wDToS,check,15
56111.01,1Ae5LTmecYK4qg2dcjMiGuUbTMQqYWKBaAswFYYg1wDToS,check,15
56171.01,1Ae5LTmecYK4qg2dcjMiGuUbTMQqYWKBaAswFYYg1wDToS,check,15
56231.01,1Ae5LTmecYK4qg2dcjMiGuUbTMQqYWKBaAswFYYg1wDToS,check,15
56291.01,1Ae5LTmecYK4qg2dcjMiGuUbTMQqYWKBaAswFYYg1wDToS,check,14
56351.008,1Ae5LTmecYK4qg2dcjMiGuUbTMQqYWKBaAswFYYg1wDToS,check,15
56411.01,1Ae5LTmecYK4qg2dcjMiGuUbTMQqYWKBaAswFYYg1wDToS,check,15
56471.01,1Ae5LTmecYK4qg2dcjMiGuUbTMQqYWKBaAswFYYg1wDToS,check,15
56531.01,1Ae5LTmecYK4qg2dcjMiGuUbTMQqYWKBaAswFYYg1wDToS,check,15
56591.01,1Ae5LTmecYK4qg2dcjMiGuUbTMQqYWKBaAswFYYg1wDToS,check,15
56651.01,1Ae5LTmecYK4qg2dcjMiGuUbTMQqYWKBaAswFYYg1wDToS,check,15
56711.01,1Ae5LTmecYK4qg2dcjMiGuUbTMQqYWKBaAswFYYg1wDToS,check,15
56771.01,1Ae5LTmecYK4qg2dcjMiGuUbTMQqYWKBaAswFYYg1wDToS,check,15
56831.01,1Ae5LTmecYK4qg2dcjMiGuUbTMQqYWKBaAswFYYg1wDToS,check,15
56891.008,1Ae5LTmecYK4qg2dcjMiGuUbTMQqYWKBaAswFYYg1wDToS,check,14
56951.01,1Ae5LTmecYK4qg2dcjMiGuUbTMQqYWKBaAswFYYg1wDToS,check,15
57011.016,1Ae5LTmecYK4qg2dcjMiGuUbTMQqYWKBaAswFYYg1wDToS,check,13
57071.01,1Ae5LTmecYK4qg2dcjMiGuUbTMQqYWKBaAswFYYg1wDToS,check,15
57131.01,1Ae5LTmecYK4qg2dcjMiGuUbTMQqYWKBaAswFYYg1wDToS,check,15
57191.01,1Ae5LTmecYK4qg2dcjMiGuUbTMQqYWKBaAswFYYg1wDToS,check,15
57251.01,1Ae5LTmecYK4qg2dcjMiGuUbTMQqYWKBaAswFYYg1wDToS,check,15
57311.016,1Ae5LTmecYK4qg2dcjMiGuUbTMQqYWKBaAswFYYg1wDToS,check,15
57371.008,1Ae5LTmecYK4qg2dcjMiGuUbTMQqYWKBaAswFYYg1wDToS,check,15
57431.01,1Ae5LTmecYK4qg2dcjMiGuUbTMQqYWKBaAswFYYg1wDToS,check,15
57491.01,1Ae5LTmecYK4qg2dcjMiGuUbTMQqYWKBaAswFYYg1wDToS,check,15
57551.01,1Ae5LTmecYK4qg2dcjMiGuUbTMQqYWKBaAswFYYg1wDToS,check,15
57611.01,1Ae5LTmecYK4qg2dcjMiGuUbTMQqYWKBaAswFYYg1wDToS,check,15
57671.01,1Ae5LTmecYK4qg2dcjMiGuUbTMQqYWKBaAswFYYg1wDToS,check,15
57731.01,1Ae5LTmecYK4qg2dcjMiGuUbTMQqYWKBaAswFYYg1wDToS,check,15
57791.01,1Ae5LTmecYK4qg2dcjMiGuUbTMQqYWKBaAswFYYg1wDToS,check,15
57851.01,1Ae5LTmecYK4qg2dcjMiGuUbTMQqYWKBaAswFYYg1wDToS,check,15
57911.01,1Ae5LTmecYK4qg2dcjMiGuUbTMQqYWKBaAswFYYg1wDToS,check,15
57971.01,1Ae5LTmecYK4qg2dcjMiGuUbTMQqYWKBaAswFYYg1wDToS,check,15
58031.008,1Ae5LTmecYK4qg2dcjMiGuUbTMQqYWKBaAswFYYg1wDToS,check,15
58091.01,1Ae5LTmecYK4qg2dcjMiGuUbTMQqYWKBaAswFYYg1wDToS,check,15
58151.01,1Ae5LTmecYK4qg2dcjMiGuUbTMQqYWKBaAswFYYg1wDToS,check,15
58211.01,1Ae5LTmecYK4qg2dcjMiGuUbTMQqYWKBaAswFYYg1wDToS,check,15
58271.01,1Ae5LTmecYK4qg2dcjMiGuUbTMQqYWKBaAswFYYg1wDToS,check,14
58331.01,1Ae5LTmecYK4qg2dcjMiGuUbTMQqYWKBaAswFYYg1wDToS,check,15
58391.008,1Ae5LTmecYK4qg2dcjMiGuUbTMQqYWKBaAswFYYg1wDToS,check,15
58451.008,1Ae5LTmecYK4qg2dcjMiGuUbTMQqYWKBaAswFYYg1wDToS,check,15
58511.01,1Ae5LTmecYK4qg2dcjMiGuUbTMQqYWKBaAswFYYg1wDToS,check,15
58571.01,1Ae5LTmecYK4qg2dcjMiGuUbTMQqYWKBaAswFYYg1wDToS,check,14
58631.01,1Ae5LTmecYK4qg2dcjMiGuUbTMQqYWKBaAswFYYg1wDToS,check,14
58691.01,1Ae5LTmecYK4qg2dcjMiGuUbTMQqYWKBaAswFYYg1wDToS,check,15
58751.008,1Ae5LTmecYK4qg2dcjMiGuUbTMQqYWKBaAswFYYg1wDToS,check,15
58811.01,1Ae5LTmecYK4qg2dcjMiGuUbTMQqYWKBaAswFYYg1wDToS,check,15
58871.01,1Ae5LTmecYK4qg2dcjMiGuUbTMQqYWKBaAswFYYg1wDToS,check,15
58931.01,1Ae5LTmecYK4qg2dcjMiGuUbTMQqYWKBaAswFYYg1wDToS,check,15
58991.016,1Ae5LTmecYK4qg2dcjMiGuUbTMQqYWKBaAswFYYg1wDToS,check,15
59051.01,1Ae5LTmecYK4qg2dcjMiGuUbTMQqYWKBaAswFYYg1wDToS,check,15
59111.01,1Ae5LTmecYK4qg2dcjMiGuUbTMQqYWKBaAswFYYg1wDToS,check,15
59171.008,1Ae5LTmecYK4qg2dcjMiGuUbTMQqYWKBaAswFYYg1wDToS,check,14
59231.01,1Ae5LTmecYK4qg2dcjMiGuUbTMQqYWKBaAswFYYg1wDToS,check,15
59291.01,1Ae5LTmecYK4qg2dcjMiGuUbTMQqYWKBaAswFYYg1wDToS,check,15
59351.01,1Ae5LTmecYK4qg2dcjMiGuUbTMQqYWKBaAswFYYg1wDToS,check,15
59411.01,1Ae5LTmecYK4qg2dcjMiGuUbTMQqYWKBaAswFYYg1wDToS,check,15
59471.01,1Ae5LTmecYK4qg2dcjMiGuUbTMQqYWKBaAswFYYg1wDToS,check,15
59531.008,1Ae5LTmecYK4qg2dcjMiGuUbTMQqYWKBaAswFYYg1wDToS,check,15
59591.01,1Ae5LTmecYK4qg2dcjMiGuUbTMQqYWKBaAswFYYg1wDToS,check,15
59651.01,1Ae5LTmecYK4qg2dcjMiGuUbTMQqYWKBaAswFYYg1wDToS,check,15
59711.01,1Ae5LTmecYK4qg2dcjMiGuUbTMQqYWKBaAswFYYg1wDToS,check,15
59771.01,1Ae5LTmecYK4qg2dcjMiGuUbTMQqYWKBaAswFYYg1wDToS,check,15
59831.01,1Ae5LTmecYK4qg2dcjMiGuUbTMQqYWKBaAswFYYg1wDToS,check,15
59891.01,1Ae5LTmecYK4qg2dcjMiGuUbTMQqYWKBaAswFYYg1wDToS,check,15
59951.01,1Ae5LTmecYK4qg2dcjMiGuUbTMQqYWKBaAswFYYg1wDToS,check,14
60011.01,1Ae5LTmecYK4qg2dcjMiGuUbTMQqYWKBaAswFYYg1wDToS,check,13
60071.01,1Ae5LTmecYK4qg2dcjMiGuUbTMQqYWKBaAswFYYg1wDToS,check,15
60131.01,1Ae5LTmecYK4qg2dcjMiGuUbTMQqYWKBaAswFYYg1wDToS,check,15
60191.008,1Ae5LTmecYK4qg2dcjMiGuUbTMQqYWKBaAswFYYg1wDToS,check,15
60251.01,1Ae5LTmecYK4qg2dcjMiGuUbTMQqYWKBaAswFYYg1wDToS,check,14
60311.01,1Ae5LTmecYK4qg2dcjMiGuUbTMQqYWKBaAswFYYg1wDToS,check,15
60371.01,1Ae5LTmecYK4qg2dcjMiGuUbTMQqYWKBaAswFYYg1wDToS,check,15
60431.01,1Ae5LTmecYK4qg2dcjMiGuUbTMQqYWKBaAswFYYg1wDToS,check,14
60491.01,1Ae5LTmecYK4qg2dcjMiGuUbTMQqYWKBaAswFYYg1wDToS,check,15
60551.01,1Ae5LTmecYK4qg2dcjMiGuUbTMQqYWKBaAswFYYg1wDToS,check,15
60611.01,1Ae5LTmecYK4qg2dcjMiGuUbTMQqYWKBaAswFYYg1wDToS,check,15
60671.016,1Ae5LTmecYK4qg2dcjMiGuUbTMQqYWKBaAswFYYg1wDToS,check,14
60731.01,1Ae5LTmecYK4qg2dcjMiGuUbTMQqYWKBaAswFYYg1wDToS,check,15
60791.016,1Ae5LTmecYK4qg2dcjMiGuUbTMQqYWKBaAswFYYg1wDToS,check,14
60851.01,1Ae5LTmecYK4qg2dcjMiGuUbTMQqYWKBaAswFYYg1wDToS,check,15
60911.01,1Ae5LTmecYK4qg2dcjMiGuUbTMQqYWKBaAswFYYg1wDToS,check,15
60971.01,1Ae5LTmecYK4qg2dcjMiGuUbTMQqYWKBaAswFYYg1wDToS,check,14
61031.01,1Ae5LTmecYK4qg2dcjMiGuUbTMQqYWKBaAswFYYg1wDToS,check,15
61091.01,1Ae5LTmecYK4qg2dcjMiGuUbTMQqYWKBaAswFYYg1wDToS,check,14
61151.01,1Ae5LTmecYK4qg2dcjMiGuUbTMQqYWKBaAswFYYg1wDToS,check,15
61211.01,1Ae5LTmecYK4qg2dcjMiGuUbTMQqYWKBaAswFYYg1wDToS,check,15
61271.01,1Ae5LTmecYK4qg2dcjMiGuUbTMQqYWKBaAswFYYg1wDToS,check,15
61331.01,1Ae5LTmecYK4qg2dcjMiGuUbTMQqYWKBaAswFYYg1wDToS,check,15
61391.01,1Ae5LTmecYK4qg2dcjMiGuUbTMQqYWKBaAswFYYg1wDToS,check,15
61451.01,1Ae5LTmecYK4qg2dcjMiGuUbTMQqYWKBaAswFYYg1wDToS,check,14
61511.01,1Ae5LTmecYK4qg2dcjMiGuUbTMQqYWKBaAswFYYg1wDToS,check,15
61571.01,1Ae5LTmecYK4qg2dcjMiGuUbTMQqYWKBaAswFYYg1wDToS,check,15
61631.01,1Ae5LTmecYK4qg2dcjMiGuUbTMQqYWKBaAswFYYg1wDToS,check,15
61691.01,1Ae5LTmecYK4qg2dcjMiGuUbTMQqYWKBaAswFYYg1wDToS,check,15
61751.01,1Ae5LTmecYK4qg2dcjMiGuUbTMQqYWKBaAswFYYg1wDToS,check,14
61811.01,1Ae5LTmecYK4qg2dcjMiGuUbTMQqYWKBaAswFYYg1wDToS,check,15
61871.01,1Ae5LTmecYK4qg2dcjMiGuUbTMQqYWKBaAswFYYg1wDToS,check,15
61931.01,1Ae5LTmecYK4qg2dcjMiGuUbTMQqYWKBaAswFYYg1wDToS,check,15
61991.01,1Ae5LTmecYK4qg2dcjMiGuUbTMQqYWKBaAswFYYg1wDToS,check,14
62051.016,1Ae5LTmecYK4qg2dcjMiGuUbTMQqYWKBaAswFYYg1wDToS,check,14
62111.01,1Ae5LTmecYK4qg2dcjMiGuUbTMQqYWKBaAswFYYg1wDToS,check,15
62171.01,1Ae5LTmecYK4qg2dcjMiGuUbTMQqYWKBaAswFYYg1wDToS,check,14
62231.01,1Ae5LTmecYK4qg2dcjMiGuUbTMQqYWKBaAswFYYg1wDToS,check,15
62291.01,1Ae5LTmecYK4qg2dcjMiGuUbTMQqYWKBaAswFYYg1wDToS,check,14
62351.01,1Ae5LTmecYK4qg2dcjMiGuUbTMQqYWKBaAswFYYg1wDToS,check,15
62411.016,1Ae5LTmecYK4qg2dcjMiGuUbTMQqYWKBaAswFYYg1wDToS,check,14
62471.01,1Ae5LTmecYK4qg2dcjMiGuUbTMQqYWKBaAswFYYg1wDToS,check,15
62531.01,1Ae5LTmecYK4qg2dcjMiGuUbTMQqYWKBaAswFYYg1wDToS,check,15
62591.01,1Ae5LTmecYK4qg2dcjMiGuUbTMQqYWKBaAswFYYg1wDToS,check,15
62651.01,1Ae5LTmecYK4qg2dcjMiGuUbTMQqYWKBaAswFYYg1wDToS,check,15
62711.01,1Ae5LTmecYK4qg2dcjMiGuUbTMQqYWKBaAswFYYg1wDToS,check,15
62771.01,1Ae5LTmecYK4qg2dcjMiGuUbTMQqYWKBaAswFYYg1wDToS,check,15
62831.01,1Ae5LTmecYK4qg2dcjMiGuUbTMQqYWKBaAswFYYg1wDToS,check,15
62891.01,1Ae5LTmecYK4qg2dcjMiGuUbTMQqYWKBaAswFYYg1wDToS,check,15
62951.016,1Ae5LTmecYK4qg2dcjMiGuUbTMQqYWKBaAswFYYg1wDToS,check,14
63011.016,1Ae5LTmecYK4qg2dcjMiGuUbTMQqYWKBaAswFYYg1wDToS,check,14
63071.016,1Ae5LTmecYK4qg2dcjMiGuUbTMQqYWKBaAswFYYg1wDToS,check,15
63131.01,1Ae5LTmecYK4qg2dcjMiGuUbTMQqYWKBaAswFYYg1wDToS,check,15
63191.01,1Ae5LTmecYK4qg2dcjMiGuUbTMQqYWKBaAswFYYg1wDToS,check,15
63251.01,1Ae5LTmecYK4qg2dcjMiGuUbTMQqYWKBaAswFYYg1wDToS,check,15
63311.01,1Ae5LTmecYK4qg2dcjMiGuUbTMQqYWKBaAswFYYg1wDToS,check,15
63371.01,1Ae5LTmecYK4qg2dcjMiGuUbTMQqYWKBaAswFYYg1wDToS,check,15
63431.008,1Ae5LTmecYK4qg2dcjMiGuUbTMQqYWKBaAswFYYg1wDToS,check,15
63491.008,1Ae5LTmecYK4qg2dcjMiGuUbTMQqYWKBaAswFYYg1wDToS,check,14
63551.004,1Ae5LTmecYK4qg2dcjMiGuUbTMQqYWKBaAswFYYg1wDToS,check,14
63611.008,1Ae5LTmecYK4qg2dcjMiGuUbTMQqYWKBaAswFYYg1wDToS,check,15
63671.01,1Ae5LTmecYK4qg2dcjMiGuUbTMQqYWKBaAswFYYg1wDToS,check,15
63731.01,1Ae5LTmecYK4qg2dcjMiGuUbTMQqYWKBaAswFYYg1wDToS,check,15
63791.01,1Ae5LTmecYK4qg2dcjMiGuUbTMQqYWKBaAswFYYg1wDToS,check,15
63851.016,1Ae5LTmecYK4qg2dcjMiGuUbTMQqYWKBaAswFYYg1wDToS,check,13
63911.01,1Ae5LTmecYK4qg2dcjMiGuUbTMQqYWKBaAswFYYg1wDToS,check,15
63971.01,1Ae5LTmecYK4qg2dcjMiGuUbTMQqYWKBaAswFYYg1wDToS,check,15
64031.016,1Ae5LTmecYK4qg2dcjMiGuUbTMQqYWKBaAswFYYg1wDToS,check,12
64091.01,1Ae5LTmecYK4qg2dcjMiGuUbTMQqYWKBaAswFYYg1wDToS,check,14
64151.01,1Ae5LTmecYK4qg2dcjMiGuUbTMQqYWKBaAswFYYg1wDToS,check,15
64211.01,1Ae5LTmecYK4qg2dcjMiGuUbTMQqYWKBaAswFYYg1wDToS,check,15
64271.01,1Ae5LTmecYK4qg2dcjMiGuUbTMQqYWKBaAswFYYg1wDToS,check,15
64331.008,1Ae5LTmecYK4qg2dcjMiGuUbTMQqYWKBaAswFYYg1wDToS,check,15
64391.01,1Ae5LTmecYK4qg2dcjMiGuUbTMQqYWKBaAswFYYg1wDToS,check,14
64451.01,1Ae5LTmecYK4qg2dcjMiGuUbTMQqYWKBaAswFYYg1wDToS,check,14
64511.01,1Ae5LTmecYK4qg2dcjMiGuUbTMQqYWKBaAswFYYg1wDToS,check,15
64571.01,1Ae5LTmecYK4qg2dcjMiGuUbTMQqYWKBaAswFYYg1wDToS,check,15
64631.01,1Ae5LTmecYK4qg2dcjMiGuUbTMQqYWKBaAswFYYg1wDToS,check,15
64691.01,1Ae5LTmecYK4qg2dcjMiGuUbTMQqYWKBaAswFYYg1wDToS,check,14
64751.01,1Ae5LTmecYK4qg2dcjMiGuUbTMQqYWKBaAswFYYg1wDToS,check,15
64811.01,1Ae5LTmecYK4qg2dcjMiGuUbTMQqYWKBaAswFYYg1wDToS,check,15
64871.016,1Ae5LTmecYK4qg2dcjMiGuUbTMQqYWKBaAswFYYg1wDToS,check,15
64931.01,1Ae5LTmecYK4qg2dcjMiGuUbTMQqYWKBaAswFYYg1wDToS,check,15
64991.01,1Ae5LTmecYK4qg2dcjMiGuUbTMQqYWKBaAswFYYg1wDToS,check,14
65051.01,1Ae5LTmecYK4qg2dcjMiGuUbTMQqYWKBaAswFYYg1wDToS,check,15
65111.01,1Ae5LTmecYK4qg2dcjMiGuUbTMQqYWKBaAswFYYg1wDToS,check,15
65171.01,1Ae5LTmecYK4qg2dcjMiGuUbTMQqYWKBaAswFYYg1wDToS,check,15
65231.008,1Ae5LTmecYK4qg2dcjMiGuUbTMQqYWKBaAswFYYg1wDToS,check,15
65291.01,1Ae5LTmecYK4qg2dcjMiGuUbTMQqYWKBaAswFYYg1wDToS,check,14
65351.016,1Ae5LTmecYK4qg2dcjMiGuUbTMQqYWKBaAswFYYg1wDToS,check,13
65411.01,1Ae5LTmecYK4qg2dcjMiGuUbTMQqYWKBaAswFYYg1wDToS,check,12
65471.01,1Ae5LTmecYK4qg2dcjMiGuUbTMQqYWKBaAswFYYg1wDToS,check,15
65531.01,1Ae5LTmecYK4qg2dcjMiGuUbTMQqYWKBaAswFYYg1wDToS,check,14
65591.01,1Ae5LTmecYK4qg2dcjMiGuUbTMQqYWKBaAswFYYg1wDToS,check,15
65651.016,1Ae5LTmecYK4qg2dcjMiGuUbTMQqYWKBaAswFYYg1wDToS,check,15
65711.01,1Ae5LTmecYK4qg2dcjMiGuUbTMQqYWKBaAswFYYg1wDToS,check,15
65771.01,1Ae5LTmecYK4qg2dcjMiGuUbTMQqYWKBaAswFYYg1wDToS,check,14
65831.01,1Ae5LTmecYK4qg2dcjMiGuUbTMQqYWKBaAswFYYg1wDToS,check,14
65891.01,1Ae5LTmecYK4qg2dcjMiGuUbTMQqYWKBaAswFYYg1wDToS,check,14
65951.016,1Ae5LTmecYK4qg2dcjMiGuUbTMQqYWKBaAswFYYg1wDToS,check,14
66011.016,1Ae5LTmecYK4qg2dcjMiGuUbTMQqYWKBaAswFYYg1wDToS,check,13
66071.01,1Ae5LTmecYK4qg2dcjMiGuUbTMQqYWKBaAswFYYg1wDToS,check,15
66131.016,1Ae5LTmecYK4qg2dcjMiGuUbTMQqYWKBaAswFYYg1wDToS,check,14
66191.01,1Ae5LTmecYK4qg2dcjMiGuUbTMQqYWKBaAswFYYg1wDToS,check,15
66251.01,1Ae5LTmecYK4qg2dcjMiGuUbTMQqYWKBaAswFYYg1wDToS,check,15
66311.01,1Ae5LTmecYK4qg2dcjMiGuUbTMQqYWKBaAswFYYg1wDToS,check,15
66371.016,1Ae5LTmecYK4qg2dcjMiGuUbTMQqYWKBaAswFYYg1wDToS,check,13
66431.016,1Ae5LTmecYK4qg2dcjMiGuUbTMQqYWKBaAswFYYg1wDToS,check,15
66491.016,1Ae5LTmecYK4qg2dcjMiGuUbTMQqYWKBaAswFYYg1wDToS,check,12
66551.01,1Ae5LTmecYK4qg2dcjMiGuUbTMQqYWKBaAswFYYg1wDToS,check,15
66611.016,1Ae5LTmecYK4qg2dcjMiGuUbTMQqYWKBaAswFYYg1wDToS,check,13
66671.016,1Ae5LTmecYK4qg2dcjMiGuUbTMQqYWKBaAswFYYg1wDToS,check,15
66731.016,1Ae5LTmecYK4qg2dcjMiGuUbTMQqYWKBaAswFYYg1wDToS,check,12
66791.01,1Ae5LTmecYK4qg2dcjMiGuUbTMQqYWKBaAswFYYg1wDToS,check,14
66851.016,1Ae5LTmecYK4qg2dcjMiGuUbTMQqYWKBaAswFYYg1wDToS,check,13
66911.016,1Ae5LTmecYK4qg2dcjMiGuUbTMQqYWKBaAswFYYg1wDToS,check,12
66971.01,1Ae5LTmecYK4qg2dcjMiGuUbTMQqYWKBaAswFYYg1wDToS,check,14
67031.01,1Ae5LTmecYK4qg2dcjMiGuUbTMQqYWKBaAswFYYg1wDToS,check,15
67091.01,1Ae5LTmecYK4qg2dcjMiGuUbTMQqYWKBaAswFYYg1wDToS,check,14
67151.016,1Ae5LTmecYK4qg2dcjMiGuUbTMQqYWKBaAswFYYg1wDToS,check,12
67211.01,1Ae5LTmecYK4qg2dcjMiGuUbTMQqYWKBaAswFYYg1wDToS,check,15
67271.01,1Ae5LTmecYK4qg2dcjMiGuUbTMQqYWKBaAswFYYg1wDToS,check,13
67331.01,1Ae5LTmecYK4qg2dcjMiGuUbTMQqYWKBaAswFYYg1wDToS,check,15
67391.016,1Ae5LTmecYK4qg2dcjMiGuUbTMQqYWKBaAswFYYg1wDToS,check,15
67451.016,1Ae5LTmecYK4qg2dcjMiGuUbTMQqYWKBaAswFYYg1wDToS,check,14
67511.016,1Ae5LTmecYK4qg2dcjMiGuUbTMQqYWKBaAswFYYg1wDToS,check,14
67571.016,1Ae5LTmecYK4qg2dcjMiGuUbTMQqYWKBaAswFYYg1wDToS,check,14
67631.016,1Ae5LTmecYK4qg2dcjMiGuUbTMQqYWKBaAswFYYg1wDToS,check,15
67691.01,1Ae5LTmecYK4qg2dcjMiGuUbTMQqYWKBaAswFYYg1wDToS,check,15
67751.01,1Ae5LTmecYK4qg2dcjMiGuUbTMQqYWKBaAswFYYg1wDToS,check,13
67811.016,1Ae5LTmecYK4qg2dcjMiGuUbTMQqYWKBaAswFYYg1wDToS,check,13
67871.016,1Ae5LTmecYK4qg2dcjMiGuUbTMQqYWKBaAswFYYg1wDToS,check,6
67931.01,1Ae5LTmecYK4qg2dcjMiGuUbTMQqYWKBaAswFYYg1wDToS,check,13
67991.01,1Ae5LTmecYK4qg2dcjMiGuUbTMQqYWKBaAswFYYg1wDToS,check,15
68051.016,1Ae5LTmecYK4qg2dcjMiGuUbTMQqYWKBaAswFYYg1wDToS,check,15
68111.016,1Ae5LTmecYK4qg2dcjMiGuUbTMQqYWKBaAswFYYg1wDToS,check,14
68171.016,1Ae5LTmecYK4qg2dcjMiGuUbTMQqYWKBaAswFYYg1wDToS,check,3
68231.016,1Ae5LTmecYK4qg2dcjMiGuUbTMQqYWKBaAswFYYg1wDToS,check,3
68291.016,1Ae5LTmecYK4qg2dcjMiGuUbTMQqYWKBaAswFYYg1wDToS,check,3
68351.016,1Ae5LTmecYK4qg2dcjMiGuUbTMQqYWKBaAswFYYg1wDToS,check,3
68411.016,1Ae5LTmecYK4qg2dcjMiGuUbTMQqYWKBaAswFYYg1wDToS,check,3
68471.016,1Ae5LTmecYK4qg2dcjMiGuUbTMQqYWKBaAswFYYg1wDToS,check,3
68531.016,1Ae5LTmecYK4qg2dcjMiGuUbTMQqYWKBaAswFYYg1wDToS,check,3
68591.016,1Ae5LTmecYK4qg2dcjMiGuUbTMQqYWKBaAswFYYg1wDToS,check,13
68651.016,1Ae5LTmecYK4qg2dcjMiGuUbTMQqYWKBaAswFYYg1wDToS,check,3
68711.016,1Ae5LTmecYK4qg2dcjMiGuUbTMQqYWKBaAswFYYg1wDToS,check,3
68771.016,1Ae5LTmecYK4qg2dcjMiGuUbTMQqYWKBaAswFYYg1wDToS,check,13
68831.016,1Ae5LTmecYK4qg2dcjMiGuUbTMQqYWKBaAswFYYg1wDToS,check,7
68891.01,1Ae5LTmecYK4qg2dcjMiGuUbTMQqYWKBaAswFYYg1wDToS,check,13
68951.016,1Ae5LTmecYK4qg2dcjMiGuUbTMQqYWKBaAswFYYg1wDToS,check,12
69011.016,1Ae5LTmecYK4qg2dcjMiGuUbTMQqYWKBaAswFYYg1wDToS,check,12
69071.016,1Ae5LTmecYK4qg2dcjMiGuUbTMQqYWKBaAswFYYg1wDToS,check,10
69131.016,1Ae5LTmecYK4qg2dcjMiGuUbTMQqYWKBaAswFYYg1wDToS,check,12
69191.016,1Ae5LTmecYK4qg2dcjMiGuUbTMQqYWKBaAswFYYg1wDToS,check,6
69251.01,1Ae5LTmecYK4qg2dcjMiGuUbTMQqYWKBaAswFYYg1wDToS,check,12
69311.016,1Ae5LTmecYK4qg2dcjMiGuUbTMQqYWKBaAswFYYg1wDToS,check,9
69371.01,1Ae5LTmecYK4qg2dcjMiGuUbTMQqYWKBaAswFYYg1wDToS,check,15
69431.01,1Ae5LTmecYK4qg2dcjMiGuUbTMQqYWKBaAswFYYg1wDToS,check,15
69491.01,1Ae5LTmecYK4qg2dcjMiGuUbTMQqYWKBaAswFYYg1wDToS,check,15
69551.01,1Ae5LTmecYK4qg2dcjMiGuUbTMQqYWKBaAswFYYg1wDToS,check,15
69611.01,1Ae5LTmecYK4qg2dcjMiGuUbTMQqYWKBaAswFYYg1wDToS,check,15
69671.016,1Ae5LTmecYK4qg2dcjMiGuUbTMQqYWKBaAswFYYg1wDToS,check,15
69731.016,1Ae5LTmecYK4qg2dcjMiGuUbTMQqYWKBaAswFYYg1wDToS,check,14
69791.016,1Ae5LTmecYK4qg2dcjMiGuUbTMQqYWKBaAswFYYg1wDToS,check,15
69851.016,1Ae5LTmecYK4qg2dcjMiGuUbTMQqYWKBaAswFYYg1wDToS,check,11
69911.016,1Ae5LTmecYK4qg2dcjMiGuUbTMQqYWKBaAswFYYg1wDToS,check,12
69971.016,1Ae5LTmecYK4qg2dcjMiGuUbTMQqYWKBaAswFYYg1wDToS,check,11
70031.016,1Ae5LTmecYK4qg2dcjMiGuUbTMQqYWKBaAswFYYg1wDToS,check,12
70091.016,1Ae5LTmecYK4qg2dcjMiGuUbTMQqYWKBaAswFYYg1wDToS,check,5
70151.016,1Ae5LTmecYK4qg2dcjMiGuUbTMQqYWKBaAswFYYg1wDToS,check,12
70211.016,1Ae5LTmecYK4qg2dcjMiGuUbTMQqYWKBaAswFYYg1wDToS,check,8
70271.016,1Ae5LTmecYK4qg2dcjMiGuUbTMQqYWKBaAswFYYg1wDToS,check,14
70331.016,1Ae5LTmecYK4qg2dcjMiGuUbTMQqYWKBaAswFYYg1wDToS,check,11
70391.016,1Ae5LTmecYK4qg2dcjMiGuUbTMQqYWKBaAswFYYg1wDToS,check,10
70451.016,1Ae5LTmecYK4qg2dcjMiGuUbTMQqYWKBaAswFYYg1wDToS,check,9
70511.016,1Ae5LTmecYK4qg2dcjMiGuUbTMQqYWKBaAswFYYg1wDToS,check,6
70571.016,1Ae5LTmecYK4qg2dcjMiGuUbTMQqYWKBaAswFYYg1wDToS,check,3
70631.016,1Ae5LTmecYK4qg2dcjMiGuUbTMQqYWKBaAswFYYg1wDToS,check,3
70691.016,1Ae5LTmecYK4qg2dcjMiGuUbTMQqYWKBaAswFYYg1wDToS,check,3
70751.016,1Ae5LTmecYK4qg2dcjMiGuUbTMQqYWKBaAswFYYg1wDToS,check,3
70811.016,1Ae5LTmecYK4qg2dcjMiGuUbTMQqYWKBaAswFYYg1wDToS,check,3
70871.016,1Ae5LTmecYK4qg2dcjMiGuUbTMQqYWKBaAswFYYg1wDToS,check,3
70931.016,1Ae5LTmecYK4qg2dcjMiGuUbTMQqYWKBaAswFYYg1wDToS,check,11
70991.016,1Ae5LTmecYK4qg2dcjMiGuUbTMQqYWKBaAswFYYg1wDToS,check,10
71051.016,1Ae5LTmecYK4qg2dcjMiGuUbTMQqYWKBaAswFYYg1wDToS,check,14
71111.016,1Ae5LTmecYK4qg2dcjMiGuUbTMQqYWKBaAswFYYg1wDToS,check,14
71171.016,1Ae5LTmecYK4qg2dcjMiGuUbTMQqYWKBaAswFYYg1wDToS,check,12
71231.016,1Ae5LTmecYK4qg2dcjMiGuUbTMQqYWKBaAswFYYg1wDToS,check,11
71291.016,1Ae5LTmecYK4qg2dcjMiGuUbTMQqYWKBaAswFYYg1wDToS,check,10
71351.016,1Ae5LTmecYK4qg2dcjMiGuUbTMQqYWKBaAswFYYg1wDToS,check,6
71411.016,1Ae5LTmecYK4qg2dcjMiGuUbTMQqYWKBaAswFYYg1wDToS,check,5
71471.016,1Ae5LTmecYK4qg2dcjMiGuUbTMQqYWKBaAswFYYg1wDToS,check,11
71531.016,1Ae5LTmecYK4qg2dcjMiGuUbTMQqYWKBaAswFYYg1wDToS,check,8
71591.016,1Ae5LTmecYK4qg2dcjMiGuUbTMQqYWKBaAswFYYg1wDToS,check,8
71651.016,1Ae5LTmecYK4qg2dcjMiGuUbTMQqYWKBaAswFYYg1wDToS,check,7
71711.016,1Ae5LTmecYK4qg2dcjMiGuUbTMQqYWKBaAswFYYg1wDToS,check,15
71771.01,1Ae5LTmecYK4qg2dcjMiGuUbTMQqYWKBaAswFYYg1wDToS,check,15
71831.01,1Ae5LTmecYK4qg2dcjMiGuUbTMQqYWKBaAswFYYg1wDToS,check,15
71891.01,1Ae5LTmecYK4qg2dcjMiGuUbTMQqYWKBaAswFYYg1wDToS,check,14
71951.01,1Ae5LTmecYK4qg2dcjMiGuUbTMQqYWKBaAswFYYg1wDToS,check,15
