70.21565,1AnmmidWcWF9UFAbKc1tY5xWKBVErYFURaTzTq4EFouj8P,check,20
123.93799,1AnmmidWcWF9UFAbKc1tY5xWKBVErYFURaTzTq4EFouj8P,check,20
191.01347,1AnmmidWcWF9UFAbKc1tY5xWKBVErYFURaTzTq4EFouj8P,check,17
251.00533,1AnmmidWcWF9UFAbKc1tY5xWKBVErYFURaTzTq4EFouj8P,check,15
311.0174,1AnmmidWcWF9UFAbKc1tY5xWKBVErYFURaTzTq4EFouj8P,check,16
371.01544,1AnmmidWcWF9UFAbKc1tY5xWKBVErYFURaTzTq4EFouj8P,check,16
431.0145,1AnmmidWcWF9UFAbKc1tY5xWKBVErYFURaTzTq4EFouj8P,check,13
486.0105,1AnmmidWcWF9UFAbKc1tY5xWKBVErYFURaTzTq4EFouj8P,check,19
542.54956,1AnmmidWcWF9UFAbKc1tY5xWKBVErYFURaTzTq4EFouj8P,check,20
611.0069,1AnmmidWcWF9UFAbKc1tY5xWKBVErYFURaTzTq4EFouj8P,check,18
664.283,1AnmmidWcWF9UFAbKc1tY5xWKBVErYFURaTzTq4EFouj8P,check,20
727.6901,1AnmmidWcWF9UFAbKc1tY5xWKBVErYFURaTzTq4EFouj8P,check,20
786.0104,1AnmmidWcWF9UFAbKc1tY5xWKBVErYFURaTzTq4EFouj8P,check,19
846.21954,1AnmmidWcWF9UFAbKc1tY5xWKBVErYFURaTzTq4EFouj8P,check,20
911.0119,1AnmmidWcWF9UFAbKc1tY5xWKBVErYFURaTzTq4EFouj8P,check,19
971.01215,1AnmmidWcWF9UFAbKc1tY5xWKBVErYFURaTzTq4EFouj8P,check,19
1031.0154,1AnmmidWcWF9UFAbKc1tY5xWKBVErYFURaTzTq4EFouj8P,check,17
1091.0122,1AnmmidWcWF9UFAbKc1tY5xWKBVErYFURaTzTq4EFouj8P,check,17
1151.0151,1AnmmidWcWF9UFAbKc1tY5xWKBVErYFURaTzTq4EFouj8P,check,15
1211.0055,1AnmmidWcWF9UFAbKc1tY5xWKBVErYFURaTzTq4EFouj8P,check,18
1271.0135,1AnmmidWcWF9UFAbKc1tY5xWKBVErYFURaTzTq4EFouj8P,check,19
1331.0122,1AnmmidWcWF9UFAbKc1tY5xWKBVErYFURaTzTq4EFouj8P,check,19
1391.014,1AnmmidWcWF9UFAbKc1tY5xWKBVErYFURaTzTq4EFouj8P,check,18
1451.0139,1AnmmidWcWF9UFAbKc1tY5xWKBVErYFURaTzTq4EFouj8P,check,18
1511.0134,1AnmmidWcWF9UFAbKc1tY5xWKBVErYFURaTzTq4EFouj8P,check,19
1571.0121,1AnmmidWcWF9UFAbKc1tY5xWKBVErYFURaTzTq4EFouj8P,check,19
1631.013,1AnmmidWcWF9UFAbKc1tY5xWKBVErYFURaTzTq4EFouj8P,check,19
1691.0156,1AnmmidWcWF9UFAbKc1tY5xWKBVErYFURaTzTq4EFouj8P,check,17
1751.0164,1AnmmidWcWF9UFAbKc1tY5xWKBVErYFURaTzTq4EFouj8P,check,18
1811.0127,1AnmmidWcWF9UFAbKc1tY5xWKBVErYFURaTzTq4EFouj8P,check,19
1871.0168,1AnmmidWcWF9UFAbKc1tY5xWKBVErYFURaTzTq4EFouj8P,check,17
1931.0128,1AnmmidWcWF9UFAbKc1tY5xWKBVErYFURaTzTq4EFouj8P,check,17
1991.008,1AnmmidWcWF9UFAbKc1tY5xWKBVErYFURaTzTq4EFouj8P,check,17
2051.0115,1AnmmidWcWF9UFAbKc1tY5xWKBVErYFURaTzTq4EFouj8P,check,18
2111.0127,1AnmmidWcWF9UFAbKc1tY5xWKBVErYFURaTzTq4EFouj8P,check,19
2171.0144,1AnmmidWcWF9UFAbKc1tY5xWKBVErYFURaTzTq4EFouj8P,check,16
2231.0134,1AnmmidWcWF9UFAbKc1tY5xWKBVErYFURaTzTq4EFouj8P,check,18
2291.0125,1AnmmidWcWF9UFAbKc1tY5xWKBVErYFURaTzTq4EFouj8P,check,18
2351.013,1AnmmidWcWF9UFAbKc1tY5xWKBVErYFURaTzTq4EFouj8P,check,19
2411.0132,1AnmmidWcWF9UFAbKc1tY5xWKBVErYFURaTzTq4EFouj8P,check,19
2471.0134,1AnmmidWcWF9UFAbKc1tY5xWKBVErYFURaTzTq4EFouj8P,check,19
2531.014,1AnmmidWcWF9UFAbKc1tY5xWKBVErYFURaTzTq4EFouj8P,check,19
2591.0322,1AnmmidWcWF9UFAbKc1tY5xWKBVErYFURaTzTq4EFouj8P,check,16
2651.0063,1AnmmidWcWF9UFAbKc1tY5xWKBVErYFURaTzTq4EFouj8P,check,18
2711.0122,1AnmmidWcWF9UFAbKc1tY5xWKBVErYFURaTzTq4EFouj8P,check,17
2771.0168,1AnmmidWcWF9UFAbKc1tY5xWKBVErYFURaTzTq4EFouj8P,check,18
2831.017,1AnmmidWcWF9UFAbKc1tY5xWKBVErYFURaTzTq4EFouj8P,check,17
2891.0112,1AnmmidWcWF9UFAbKc1tY5xWKBVErYFURaTzTq4EFouj8P,check,18
2951.013,1AnmmidWcWF9UFAbKc1tY5xWKBVErYFURaTzTq4EFouj8P,check,18
3011.0117,1AnmmidWcWF9UFAbKc1tY5xWKBVErYFURaTzTq4EFouj8P,check,19
3071.0142,1AnmmidWcWF9UFAbKc1tY5xWKBVErYFURaTzTq4EFouj8P,check,19
3131.012,1AnmmidWcWF9UFAbKc1tY5xWKBVErYFURaTzTq4EFouj8P,check,19
3191.014,1AnmmidWcWF9UFAbKc1tY5xWKBVErYFURaTzTq4EFouj8P,check,18
3251.0127,1AnmmidWcWF9UFAbKc1tY5xWKBVErYFURaTzTq4EFouj8P,check,18
3311.0142,1AnmmidWcWF9UFAbKc1tY5xWKBVErYFURaTzTq4EFouj8P,check,19
3371.0151,1AnmmidWcWF9UFAbKc1tY5xWKBVErYFURaTzTq4EFouj8P,check,17
3431.0168,1AnmmidWcWF9UFAbKc1tY5xWKBVErYFURaTzTq4EFouj8P,check,18
3491.0176,1AnmmidWcWF9UFAbKc1tY5xWKBVErYFURaTzTq4EFouj8P,check,16
3551.0117,1AnmmidWcWF9UFAbKc1tY5xWKBVErYFURaTzTq4EFouj8P,check,19
3611.0127,1AnmmidWcWF9UFAbKc1tY5xWKBVErYFURaTzTq4EFouj8P,check,18
3671.011,1AnmmidWcWF9UFAbKc1tY5xWKBVErYFURaTzTq4EFouj8P,check,19
3731.0168,1AnmmidWcWF9UFAbKc1tY5xWKBVErYFURaTzTq4EFouj8P,check,19
3791.0105,1AnmmidWcWF9UFAbKc1tY5xWKBVErYFURaTzTq4EFouj8P,check,18
3851.013,1AnmmidWcWF9UFAbKc1tY5xWKBVErYFURaTzTq4EFouj8P,check,18
3911.0054,1AnmmidWcWF9UFAbKc1tY5xWKBVErYFURaTzTq4EFouj8P,check,19
3971.0103,1AnmmidWcWF9UFAbKc1tY5xWKBVErYFURaTzTq4EFouj8P,check,19
4031.017,1AnmmidWcWF9UFAbKc1tY5xWKBVErYFURaTzTq4EFouj8P,check,19
4091.0144,1AnmmidWcWF9UFAbKc1tY5xWKBVErYFURaTzTq4EFouj8P,check,18
4151.014,1AnmmidWcWF9UFAbKc1tY5xWKBVErYFURaTzTq4EFouj8P,check,18
4211.0093,1AnmmidWcWF9UFAbKc1tY5xWKBVErYFURaTzTq4EFouj8P,check,19
4271.007,1AnmmidWcWF9UFAbKc1tY5xWKBVErYFURaTzTq4EFouj8P,check,16
4331.007,1AnmmidWcWF9UFAbKc1tY5xWKBVErYFURaTzTq4EFouj8P,check,19
4391.013,1AnmmidWcWF9UFAbKc1tY5xWKBVErYFURaTzTq4EFouj8P,check,18
4451.013,1AnmmidWcWF9UFAbKc1tY5xWKBVErYFURaTzTq4EFouj8P,check,18
4511.011,1AnmmidWcWF9UFAbKc1tY5xWKBVErYFURaTzTq4EFouj8P,check,19
4571.0103,1AnmmidWcWF9UFAbKc1tY5xWKBVErYFURaTzTq4EFouj8P,check,19
4631.008,1AnmmidWcWF9UFAbKc1tY5xWKBVErYFURaTzTq4EFouj8P,check,19
4691.0117,1AnmmidWcWF9UFAbKc1tY5xWKBVErYFURaTzTq4EFouj8P,check,18
4751.0103,1AnmmidWcWF9UFAbKc1tY5xWKBVErYFURaTzTq4EFouj8P,check,19
4811.015,1AnmmidWcWF9UFAbKc1tY5xWKBVErYFURaTzTq4EFouj8P,check,18
4871.013,1AnmmidWcWF9UFAbKc1tY5xWKBVErYFURaTzTq4EFouj8P,check,18
4931.014,1AnmmidWcWF9UFAbKc1tY5xWKBVErYFURaTzTq4EFouj8P,check,19
4991.013,1AnmmidWcWF9UFAbKc1tY5xWKBVErYFURaTzTq4EFouj8P,check,16
5051.016,1AnmmidWcWF9UFAbKc1tY5xWKBVErYFURaTzTq4EFouj8P,check,15
5111.014,1AnmmidWcWF9UFAbKc1tY5xWKBVErYFURaTzTq4EFouj8P,check,19
5171.012,1AnmmidWcWF9UFAbKc1tY5xWKBVErYFURaTzTq4EFouj8P,check,18
5231.0137,1AnmmidWcWF9UFAbKc1tY5xWKBVErYFURaTzTq4EFouj8P,check,19
5291.0117,1AnmmidWcWF9UFAbKc1tY5xWKBVErYFURaTzTq4EFouj8P,check,18
5351.0117,1AnmmidWcWF9UFAbKc1tY5xWKBVErYFURaTzTq4EFouj8P,check,19
5411.013,1AnmmidWcWF9UFAbKc1tY5xWKBVErYFURaTzTq4EFouj8P,check,19
5471.013,1AnmmidWcWF9UFAbKc1tY5xWKBVErYFURaTzTq4EFouj8P,check,19
5531.013,1AnmmidWcWF9UFAbKc1tY5xWKBVErYFURaTzTq4EFouj8P,check,19
5591.0127,1AnmmidWcWF9UFAbKc1tY5xWKBVErYFURaTzTq4EFouj8P,check,19
5651.0146,1AnmmidWcWF9UFAbKc1tY5xWKBVErYFURaTzTq4EFouj8P,check,18
5711.016,1AnmmidWcWF9UFAbKc1tY5xWKBVErYFURaTzTq4EFouj8P,check,18
5771.0137,1AnmmidWcWF9UFAbKc1tY5xWKBVErYFURaTzTq4EFouj8P,check,17
5831.0127,1AnmmidWcWF9UFAbKc1tY5xWKBVErYFURaTzTq4EFouj8P,check,18
5891.0127,1AnmmidWcWF9UFAbKc1tY5xWKBVErYFURaTzTq4EFouj8P,check,18
5951.0127,1AnmmidWcWF9UFAbKc1tY5xWKBVErYFURaTzTq4EFouj8P,check,19
6011.012,1AnmmidWcWF9UFAbKc1tY5xWKBVErYFURaTzTq4EFouj8P,check,19
6071.015,1AnmmidWcWF9UFAbKc1tY5xWKBVErYFURaTzTq4EFouj8P,check,19
6131.014,1AnmmidWcWF9UFAbKc1tY5xWKBVErYFURaTzTq4EFouj8P,check,19
6191.014,1AnmmidWcWF9UFAbKc1tY5xWKBVErYFURaTzTq4EFouj8P,check,19
6251.0137,1AnmmidWcWF9UFAbKc1tY5xWKBVErYFURaTzTq4EFouj8P,check,19
6311.013,1AnmmidWcWF9UFAbKc1tY5xWKBVErYFURaTzTq4EFouj8P,check,18
6371.012,1AnmmidWcWF9UFAbKc1tY5xWKBVErYFURaTzTq4EFouj8P,check,18
6431.0146,1AnmmidWcWF9UFAbKc1tY5xWKBVErYFURaTzTq4EFouj8P,check,18
6491.0137,1AnmmidWcWF9UFAbKc1tY5xWKBVErYFURaTzTq4EFouj8P,check,17
6551.0127,1AnmmidWcWF9UFAbKc1tY5xWKBVErYFURaTzTq4EFouj8P,check,17
6611.0083,1AnmmidWcWF9UFAbKc1tY5xWKBVErYFURaTzTq4EFouj8P,check,17
6671.0127,1AnmmidWcWF9UFAbKc1tY5xWKBVErYFURaTzTq4EFouj8P,check,19
6731.0146,1AnmmidWcWF9UFAbKc1tY5xWKBVErYFURaTzTq4EFouj8P,check,17
6791.012,1AnmmidWcWF9UFAbKc1tY5xWKBVErYFURaTzTq4EFouj8P,check,18
6851.012,1AnmmidWcWF9UFAbKc1tY5xWKBVErYFURaTzTq4EFouj8P,check,19
6911.0146,1AnmmidWcWF9UFAbKc1tY5xWKBVErYFURaTzTq4EFouj8P,check,19
6971.01,1AnmmidWcWF9UFAbKc1tY5xWKBVErYFURaTzTq4EFouj8P,check,19
7031.0166,1AnmmidWcWF9UFAbKc1tY5xWKBVErYFURaTzTq4EFouj8P,check,19
7091.014,1AnmmidWcWF9UFAbKc1tY5xWKBVErYFURaTzTq4EFouj8P,check,17
7151.0176,1AnmmidWcWF9UFAbKc1tY5xWKBVErYFURaTzTq4EFouj8P,check,19
7211.013,1AnmmidWcWF9UFAbKc1tY5xWKBVErYFURaTzTq4EFouj8P,check,18
7271.015,1AnmmidWcWF9UFAbKc1tY5xWKBVErYFURaTzTq4EFouj8P,check,18
7331.0127,1AnmmidWcWF9UFAbKc1tY5xWKBVErYFURaTzTq4EFouj8P,check,16
7391.0176,1AnmmidWcWF9UFAbKc1tY5xWKBVErYFURaTzTq4EFouj8P,check,15
7451.012,1AnmmidWcWF9UFAbKc1tY5xWKBVErYFURaTzTq4EFouj8P,check,18
7511.018,1AnmmidWcWF9UFAbKc1tY5xWKBVErYFURaTzTq4EFouj8P,check,17
7571.013,1AnmmidWcWF9UFAbKc1tY5xWKBVErYFURaTzTq4EFouj8P,check,19
7631.035,1AnmmidWcWF9UFAbKc1tY5xWKBVErYFURaTzTq4EFouj8P,check,19
7691.0156,1AnmmidWcWF9UFAbKc1tY5xWKBVErYFURaTzTq4EFouj8P,check,18
7751.014,1AnmmidWcWF9UFAbKc1tY5xWKBVErYFURaTzTq4EFouj8P,check,19
7811.016,1AnmmidWcWF9UFAbKc1tY5xWKBVErYFURaTzTq4EFouj8P,check,18
7871.014,1AnmmidWcWF9UFAbKc1tY5xWKBVErYFURaTzTq4EFouj8P,check,18
7931.0137,1AnmmidWcWF9UFAbKc1tY5xWKBVErYFURaTzTq4EFouj8P,check,18
7991.012,1AnmmidWcWF9UFAbKc1tY5xWKBVErYFURaTzTq4EFouj8P,check,18
8051.0137,1AnmmidWcWF9UFAbKc1tY5xWKBVErYFURaTzTq4EFouj8P,check,19
8111.015,1AnmmidWcWF9UFAbKc1tY5xWKBVErYFURaTzTq4EFouj8P,check,18
8171.0137,1AnmmidWcWF9UFAbKc1tY5xWKBVErYFURaTzTq4EFouj8P,check,17
8231.021,1AnmmidWcWF9UFAbKc1tY5xWKBVErYFURaTzTq4EFouj8P,check,18
8291.016,1AnmmidWcWF9UFAbKc1tY5xWKBVErYFURaTzTq4EFouj8P,check,15
8351.013,1AnmmidWcWF9UFAbKc1tY5xWKBVErYFURaTzTq4EFouj8P,check,19
8411.013,1AnmmidWcWF9UFAbKc1tY5xWKBVErYFURaTzTq4EFouj8P,check,19
8471.015,1AnmmidWcWF9UFAbKc1tY5xWKBVErYFURaTzTq4EFouj8P,check,18
8531.018,1AnmmidWcWF9UFAbKc1tY5xWKBVErYFURaTzTq4EFouj8P,check,19
8591.014,1AnmmidWcWF9UFAbKc1tY5xWKBVErYFURaTzTq4EFouj8P,check,18
8651.014,1AnmmidWcWF9UFAbKc1tY5xWKBVErYFURaTzTq4EFouj8P,check,18
8711.017,1AnmmidWcWF9UFAbKc1tY5xWKBVErYFURaTzTq4EFouj8P,check,18
8771.016,1AnmmidWcWF9UFAbKc1tY5xWKBVErYFURaTzTq4EFouj8P,check,16
8831.014,1AnmmidWcWF9UFAbKc1tY5xWKBVErYFURaTzTq4EFouj8P,check,18
8891.013,1AnmmidWcWF9UFAbKc1tY5xWKBVErYFURaTzTq4EFouj8P,check,16
8951.016,1AnmmidWcWF9UFAbKc1tY5xWKBVErYFURaTzTq4EFouj8P,check,17
9011.016,1AnmmidWcWF9UFAbKc1tY5xWKBVErYFURaTzTq4EFouj8P,check,16
9071.017,1AnmmidWcWF9UFAbKc1tY5xWKBVErYFURaTzTq4EFouj8P,check,17
9131.016,1AnmmidWcWF9UFAbKc1tY5xWKBVErYFURaTzTq4EFouj8P,check,18
9191.011,1AnmmidWcWF9UFAbKc1tY5xWKBVErYFURaTzTq4EFouj8P,check,19
9251.01,1AnmmidWcWF9UFAbKc1tY5xWKBVErYFURaTzTq4EFouj8P,check,17
9311.012,1AnmmidWcWF9UFAbKc1tY5xWKBVErYFURaTzTq4EFouj8P,check,18
9371.007,1AnmmidWcWF9UFAbKc1tY5xWKBVErYFURaTzTq4EFouj8P,check,17
9431.005,1AnmmidWcWF9UFAbKc1tY5xWKBVErYFURaTzTq4EFouj8P,check,16
9491.008,1AnmmidWcWF9UFAbKc1tY5xWKBVErYFURaTzTq4EFouj8P,check,15
9551.018,1AnmmidWcWF9UFAbKc1tY5xWKBVErYFURaTzTq4EFouj8P,check,15
9611.016,1AnmmidWcWF9UFAbKc1tY5xWKBVErYFURaTzTq4EFouj8P,check,14
9671.017,1AnmmidWcWF9UFAbKc1tY5xWKBVErYFURaTzTq4EFouj8P,check,13
9731.017,1AnmmidWcWF9UFAbKc1tY5xWKBVErYFURaTzTq4EFouj8P,check,12
9791.013,1AnmmidWcWF9UFAbKc1tY5xWKBVErYFURaTzTq4EFouj8P,check,19
9851.014,1AnmmidWcWF9UFAbKc1tY5xWKBVErYFURaTzTq4EFouj8P,check,18
9911.018,1AnmmidWcWF9UFAbKc1tY5xWKBVErYFURaTzTq4EFouj8P,check,18
9971.012,1AnmmidWcWF9UFAbKc1tY5xWKBVErYFURaTzTq4EFouj8P,check,19
10031.017,1AnmmidWcWF9UFAbKc1tY5xWKBVErYFURaTzTq4EFouj8P,check,18
10091.013,1AnmmidWcWF9UFAbKc1tY5xWKBVErYFURaTzTq4EFouj8P,check,19
10151.013,1AnmmidWcWF9UFAbKc1tY5xWKBVErYFURaTzTq4EFouj8P,check,19
10211.013,1AnmmidWcWF9UFAbKc1tY5xWKBVErYFURaTzTq4EFouj8P,check,18
10271.014,1AnmmidWcWF9UFAbKc1tY5xWKBVErYFURaTzTq4EFouj8P,check,19
10331.016,1AnmmidWcWF9UFAbKc1tY5xWKBVErYFURaTzTq4EFouj8P,check,14
10391.016,1AnmmidWcWF9UFAbKc1tY5xWKBVErYFURaTzTq4EFouj8P,check,17
10451.015,1AnmmidWcWF9UFAbKc1tY5xWKBVErYFURaTzTq4EFouj8P,check,16
10511.012,1AnmmidWcWF9UFAbKc1tY5xWKBVErYFURaTzTq4EFouj8P,check,17
10571.014,1AnmmidWcWF9UFAbKc1tY5xWKBVErYFURaTzTq4EFouj8P,check,19
10631.012,1AnmmidWcWF9UFAbKc1tY5xWKBVErYFURaTzTq4EFouj8P,check,18
10691.013,1AnmmidWcWF9UFAbKc1tY5xWKBVErYFURaTzTq4EFouj8P,check,19
10751.013,1AnmmidWcWF9UFAbKc1tY5xWKBVErYFURaTzTq4EFouj8P,check,19
10811.013,1AnmmidWcWF9UFAbKc1tY5xWKBVErYFURaTzTq4EFouj8P,check,18
10871.014,1AnmmidWcWF9UFAbKc1tY5xWKBVErYFURaTzTq4EFouj8P,check,19
10931.011,1AnmmidWcWF9UFAbKc1tY5xWKBVErYFURaTzTq4EFouj8P,check,19
10991.015,1AnmmidWcWF9UFAbKc1tY5xWKBVErYFURaTzTq4EFouj8P,check,19
11051.011,1AnmmidWcWF9UFAbKc1tY5xWKBVErYFURaTzTq4EFouj8P,check,18
11111.016,1AnmmidWcWF9UFAbKc1tY5xWKBVErYFURaTzTq4EFouj8P,check,17
11171.015,1AnmmidWcWF9UFAbKc1tY5xWKBVErYFURaTzTq4EFouj8P,check,14
11231.014,1AnmmidWcWF9UFAbKc1tY5xWKBVErYFURaTzTq4EFouj8P,check,13
11291.017,1AnmmidWcWF9UFAbKc1tY5xWKBVErYFURaTzTq4EFouj8P,check,18
11351.012,1AnmmidWcWF9UFAbKc1tY5xWKBVErYFURaTzTq4EFouj8P,check,18
11411.015,1AnmmidWcWF9UFAbKc1tY5xWKBVErYFURaTzTq4EFouj8P,check,19
11471.014,1AnmmidWcWF9UFAbKc1tY5xWKBVErYFURaTzTq4EFouj8P,check,19
11531.014,1AnmmidWcWF9UFAbKc1tY5xWKBVErYFURaTzTq4EFouj8P,check,18
11591.014,1AnmmidWcWF9UFAbKc1tY5xWKBVErYFURaTzTq4EFouj8P,check,19
11651.013,1AnmmidWcWF9UFAbKc1tY5xWKBVErYFURaTzTq4EFouj8P,check,19
11711.014,1AnmmidWcWF9UFAbKc1tY5xWKBVErYFURaTzTq4EFouj8P,check,19
11771.013,1AnmmidWcWF9UFAbKc1tY5xWKBVErYFURaTzTq4EFouj8P,check,17
11831.016,1AnmmidWcWF9UFAbKc1tY5xWKBVErYFURaTzTq4EFouj8P,check,16
11891.015,1AnmmidWcWF9UFAbKc1tY5xWKBVErYFURaTzTq4EFouj8P,check,17
11951.014,1AnmmidWcWF9UFAbKc1tY5xWKBVErYFURaTzTq4EFouj8P,check,19
12011.014,1AnmmidWcWF9UFAbKc1tY5xWKBVErYFURaTzTq4EFouj8P,check,18
12071.015,1AnmmidWcWF9UFAbKc1tY5xWKBVErYFURaTzTq4EFouj8P,check,16
12131.015,1AnmmidWcWF9UFAbKc1tY5xWKBVErYFURaTzTq4EFouj8P,check,17
12191.012,1AnmmidWcWF9UFAbKc1tY5xWKBVErYFURaTzTq4EFouj8P,check,18
12251.016,1AnmmidWcWF9UFAbKc1tY5xWKBVErYFURaTzTq4EFouj8P,check,18
12311.015,1AnmmidWcWF9UFAbKc1tY5xWKBVErYFURaTzTq4EFouj8P,check,18
12371.013,1AnmmidWcWF9UFAbKc1tY5xWKBVErYFURaTzTq4EFouj8P,check,18
12431.018,1AnmmidWcWF9UFAbKc1tY5xWKBVErYFURaTzTq4EFouj8P,check,18
12491.013,1AnmmidWcWF9UFAbKc1tY5xWKBVErYFURaTzTq4EFouj8P,check,16
12551.015,1AnmmidWcWF9UFAbKc1tY5xWKBVErYFURaTzTq4EFouj8P,check,19
12611.013,1AnmmidWcWF9UFAbKc1tY5xWKBVErYFURaTzTq4EFouj8P,check,19
12671.017,1AnmmidWcWF9UFAbKc1tY5xWKBVErYFURaTzTq4EFouj8P,check,17
12731.017,1AnmmidWcWF9UFAbKc1tY5xWKBVErYFURaTzTq4EFouj8P,check,17
12791.013,1AnmmidWcWF9UFAbKc1tY5xWKBVErYFURaTzTq4EFouj8P,check,13
12851.015,1AnmmidWcWF9UFAbKc1tY5xWKBVErYFURaTzTq4EFouj8P,check,17
12911.017,1AnmmidWcWF9UFAbKc1tY5xWKBVErYFURaTzTq4EFouj8P,check,18
12971.019,1AnmmidWcWF9UFAbKc1tY5xWKBVErYFURaTzTq4EFouj8P,check,18
13031.015,1AnmmidWcWF9UFAbKc1tY5xWKBVErYFURaTzTq4EFouj8P,check,18
13091.012,1AnmmidWcWF9UFAbKc1tY5xWKBVErYFURaTzTq4EFouj8P,check,18
13151.014,1AnmmidWcWF9UFAbKc1tY5xWKBVErYFURaTzTq4EFouj8P,check,19
13211.017,1AnmmidWcWF9UFAbKc1tY5xWKBVErYFURaTzTq4EFouj8P,check,17
13271.016,1AnmmidWcWF9UFAbKc1tY5xWKBVErYFURaTzTq4EFouj8P,check,14
13331.016,1AnmmidWcWF9UFAbKc1tY5xWKBVErYFURaTzTq4EFouj8P,check,18
13391.016,1AnmmidWcWF9UFAbKc1tY5xWKBVErYFURaTzTq4EFouj8P,check,16
13451.016,1AnmmidWcWF9UFAbKc1tY5xWKBVErYFURaTzTq4EFouj8P,check,14
13511.016,1AnmmidWcWF9UFAbKc1tY5xWKBVErYFURaTzTq4EFouj8P,check,14
13571.017,1AnmmidWcWF9UFAbKc1tY5xWKBVErYFURaTzTq4EFouj8P,check,13
13631.015,1AnmmidWcWF9UFAbKc1tY5xWKBVErYFURaTzTq4EFouj8P,check,15
13691.014,1AnmmidWcWF9UFAbKc1tY5xWKBVErYFURaTzTq4EFouj8P,check,18
13751.017,1AnmmidWcWF9UFAbKc1tY5xWKBVErYFURaTzTq4EFouj8P,check,19
13811.014,1AnmmidWcWF9UFAbKc1tY5xWKBVErYFURaTzTq4EFouj8P,check,18
13871.016,1AnmmidWcWF9UFAbKc1tY5xWKBVErYFURaTzTq4EFouj8P,check,19
13931.014,1AnmmidWcWF9UFAbKc1tY5xWKBVErYFURaTzTq4EFouj8P,check,19
13991.013,1AnmmidWcWF9UFAbKc1tY5xWKBVErYFURaTzTq4EFouj8P,check,18
14051.015,1AnmmidWcWF9UFAbKc1tY5xWKBVErYFURaTzTq4EFouj8P,check,18
14111.014,1AnmmidWcWF9UFAbKc1tY5xWKBVErYFURaTzTq4EFouj8P,check,16
14171.016,1AnmmidWcWF9UFAbKc1tY5xWKBVErYFURaTzTq4EFouj8P,check,17
14231.018,1AnmmidWcWF9UFAbKc1tY5xWKBVErYFURaTzTq4EFouj8P,check,14
14291.016,1AnmmidWcWF9UFAbKc1tY5xWKBVErYFURaTzTq4EFouj8P,check,15
14351.018,1AnmmidWcWF9UFAbKc1tY5xWKBVErYFURaTzTq4EFouj8P,check,15
14411.016,1AnmmidWcWF9UFAbKc1tY5xWKBVErYFURaTzTq4EFouj8P,check,17
14471.013,1AnmmidWcWF9UFAbKc1tY5xWKBVErYFURaTzTq4EFouj8P,check,18
14531.013,1AnmmidWcWF9UFAbKc1tY5xWKBVErYFURaTzTq4EFouj8P,check,18
14591.02,1AnmmidWcWF9UFAbKc1tY5xWKBVErYFURaTzTq4EFouj8P,check,18
14651.014,1AnmmidWcWF9UFAbKc1tY5xWKBVErYFURaTzTq4EFouj8P,check,17
14711.012,1AnmmidWcWF9UFAbKc1tY5xWKBVErYFURaTzTq4EFouj8P,check,19
14771.014,1AnmmidWcWF9UFAbKc1tY5xWKBVErYFURaTzTq4EFouj8P,check,17
14831.015,1AnmmidWcWF9UFAbKc1tY5xWKBVErYFURaTzTq4EFouj8P,check,16
14891.014,1AnmmidWcWF9UFAbKc1tY5xWKBVErYFURaTzTq4EFouj8P,check,18
14951.014,1AnmmidWcWF9UFAbKc1tY5xWKBVErYFURaTzTq4EFouj8P,check,17
15011.014,1AnmmidWcWF9UFAbKc1tY5xWKBVErYFURaTzTq4EFouj8P,check,18
15071.016,1AnmmidWcWF9UFAbKc1tY5xWKBVErYFURaTzTq4EFouj8P,check,14
15131.017,1AnmmidWcWF9UFAbKc1tY5xWKBVErYFURaTzTq4EFouj8P,check,15
15191.012,1AnmmidWcWF9UFAbKc1tY5xWKBVErYFURaTzTq4EFouj8P,check,19
15251.017,1AnmmidWcWF9UFAbKc1tY5xWKBVErYFURaTzTq4EFouj8P,check,18
15311.017,1AnmmidWcWF9UFAbKc1tY5xWKBVErYFURaTzTq4EFouj8P,check,18
15371.013,1AnmmidWcWF9UFAbKc1tY5xWKBVErYFURaTzTq4EFouj8P,check,15
15431.016,1AnmmidWcWF9UFAbKc1tY5xWKBVErYFURaTzTq4EFouj8P,check,14
15491.013,1AnmmidWcWF9UFAbKc1tY5xWKBVErYFURaTzTq4EFouj8P,check,17
15551.014,1AnmmidWcWF9UFAbKc1tY5xWKBVErYFURaTzTq4EFouj8P,check,17
15611.013,1AnmmidWcWF9UFAbKc1tY5xWKBVErYFURaTzTq4EFouj8P,check,17
15671.015,1AnmmidWcWF9UFAbKc1tY5xWKBVErYFURaTzTq4EFouj8P,check,16
15731.02,1AnmmidWcWF9UFAbKc1tY5xWKBVErYFURaTzTq4EFouj8P,check,17
15791.017,1AnmmidWcWF9UFAbKc1tY5xWKBVErYFURaTzTq4EFouj8P,check,11
15851.019,1AnmmidWcWF9UFAbKc1tY5xWKBVErYFURaTzTq4EFouj8P,check,13
15911.018,1AnmmidWcWF9UFAbKc1tY5xWKBVErYFURaTzTq4EFouj8P,check,13
15971.013,1AnmmidWcWF9UFAbKc1tY5xWKBVErYFURaTzTq4EFouj8P,check,19
16031.016,1AnmmidWcWF9UFAbKc1tY5xWKBVErYFURaTzTq4EFouj8P,check,18
16091.013,1AnmmidWcWF9UFAbKc1tY5xWKBVErYFURaTzTq4EFouj8P,check,17
16151.013,1AnmmidWcWF9UFAbKc1tY5xWKBVErYFURaTzTq4EFouj8P,check,18
16211.016,1AnmmidWcWF9UFAbKc1tY5xWKBVErYFURaTzTq4EFouj8P,check,16
16271.014,1AnmmidWcWF9UFAbKc1tY5xWKBVErYFURaTzTq4EFouj8P,check,19
16331.017,1AnmmidWcWF9UFAbKc1tY5xWKBVErYFURaTzTq4EFouj8P,check,15
16391.016,1AnmmidWcWF9UFAbKc1tY5xWKBVErYFURaTzTq4EFouj8P,check,16
16451.018,1AnmmidWcWF9UFAbKc1tY5xWKBVErYFURaTzTq4EFouj8P,check,16
16511.016,1AnmmidWcWF9UFAbKc1tY5xWKBVErYFURaTzTq4EFouj8P,check,15
16571.014,1AnmmidWcWF9UFAbKc1tY5xWKBVErYFURaTzTq4EFouj8P,check,17
16631.018,1AnmmidWcWF9UFAbKc1tY5xWKBVErYFURaTzTq4EFouj8P,check,12
16691.014,1AnmmidWcWF9UFAbKc1tY5xWKBVErYFURaTzTq4EFouj8P,check,16
16751.014,1AnmmidWcWF9UFAbKc1tY5xWKBVErYFURaTzTq4EFouj8P,check,19
16811.012,1AnmmidWcWF9UFAbKc1tY5xWKBVErYFURaTzTq4EFouj8P,check,19
16871.014,1AnmmidWcWF9UFAbKc1tY5xWKBVErYFURaTzTq4EFouj8P,check,18
16931.014,1AnmmidWcWF9UFAbKc1tY5xWKBVErYFURaTzTq4EFouj8P,check,18
16991.014,1AnmmidWcWF9UFAbKc1tY5xWKBVErYFURaTzTq4EFouj8P,check,18
17051.016,1AnmmidWcWF9UFAbKc1tY5xWKBVErYFURaTzTq4EFouj8P,check,19
17111.016,1AnmmidWcWF9UFAbKc1tY5xWKBVErYFURaTzTq4EFouj8P,check,18
17171.008,1AnmmidWcWF9UFAbKc1tY5xWKBVErYFURaTzTq4EFouj8P,check,17
17231.014,1AnmmidWcWF9UFAbKc1tY5xWKBVErYFURaTzTq4EFouj8P,check,19
17291.012,1AnmmidWcWF9UFAbKc1tY5xWKBVErYFURaTzTq4EFouj8P,check,16
17351.018,1AnmmidWcWF9UFAbKc1tY5xWKBVErYFURaTzTq4EFouj8P,check,16
17411.016,1AnmmidWcWF9UFAbKc1tY5xWKBVErYFURaTzTq4EFouj8P,check,16
17471.016,1AnmmidWcWF9UFAbKc1tY5xWKBVErYFURaTzTq4EFouj8P,check,15
17531.01,1AnmmidWcWF9UFAbKc1tY5xWKBVErYFURaTzTq4EFouj8P,check,17
17591.012,1AnmmidWcWF9UFAbKc1tY5xWKBVErYFURaTzTq4EFouj8P,check,19
17651.008,1AnmmidWcWF9UFAbKc1tY5xWKBVErYFURaTzTq4EFouj8P,check,19
17711.008,1AnmmidWcWF9UFAbKc1tY5xWKBVErYFURaTzTq4EFouj8P,check,19
17771.012,1AnmmidWcWF9UFAbKc1tY5xWKBVErYFURaTzTq4EFouj8P,check,19
17831.014,1AnmmidWcWF9UFAbKc1tY5xWKBVErYFURaTzTq4EFouj8P,check,18
17891.01,1AnmmidWcWF9UFAbKc1tY5xWKBVErYFURaTzTq4EFouj8P,check,18
17951.014,1AnmmidWcWF9UFAbKc1tY5xWKBVErYFURaTzTq4EFouj8P,check,17
18011.014,1AnmmidWcWF9UFAbKc1tY5xWKBVErYFURaTzTq4EFouj8P,check,18
18071.014,1AnmmidWcWF9UFAbKc1tY5xWKBVErYFURaTzTq4EFouj8P,check,18
18131.016,1AnmmidWcWF9UFAbKc1tY5xWKBVErYFURaTzTq4EFouj8P,check,18
18191.016,1AnmmidWcWF9UFAbKc1tY5xWKBVErYFURaTzTq4EFouj8P,check,15
18251.014,1AnmmidWcWF9UFAbKc1tY5xWKBVErYFURaTzTq4EFouj8P,check,17
18311.016,1AnmmidWcWF9UFAbKc1tY5xWKBVErYFURaTzTq4EFouj8P,check,19
18371.014,1AnmmidWcWF9UFAbKc1tY5xWKBVErYFURaTzTq4EFouj8P,check,19
18431.016,1AnmmidWcWF9UFAbKc1tY5xWKBVErYFURaTzTq4EFouj8P,check,18
18491.012,1AnmmidWcWF9UFAbKc1tY5xWKBVErYFURaTzTq4EFouj8P,check,18
18551.012,1AnmmidWcWF9UFAbKc1tY5xWKBVErYFURaTzTq4EFouj8P,check,18
18611.012,1AnmmidWcWF9UFAbKc1tY5xWKBVErYFURaTzTq4EFouj8P,check,18
18671.018,1AnmmidWcWF9UFAbKc1tY5xWKBVErYFURaTzTq4EFouj8P,check,15
18731.012,1AnmmidWcWF9UFAbKc1tY5xWKBVErYFURaTzTq4EFouj8P,check,18
18791.016,1AnmmidWcWF9UFAbKc1tY5xWKBVErYFURaTzTq4EFouj8P,check,17
18851.016,1AnmmidWcWF9UFAbKc1tY5xWKBVErYFURaTzTq4EFouj8P,check,17
18911.018,1AnmmidWcWF9UFAbKc1tY5xWKBVErYFURaTzTq4EFouj8P,check,18
18971.012,1AnmmidWcWF9UFAbKc1tY5xWKBVErYFURaTzTq4EFouj8P,check,16
19031.016,1AnmmidWcWF9UFAbKc1tY5xWKBVErYFURaTzTq4EFouj8P,check,16
19091.014,1AnmmidWcWF9UFAbKc1tY5xWKBVErYFURaTzTq4EFouj8P,check,18
19151.014,1AnmmidWcWF9UFAbKc1tY5xWKBVErYFURaTzTq4EFouj8P,check,19
19211.016,1AnmmidWcWF9UFAbKc1tY5xWKBVErYFURaTzTq4EFouj8P,check,19
19271.016,1AnmmidWcWF9UFAbKc1tY5xWKBVErYFURaTzTq4EFouj8P,check,19
19331.008,1AnmmidWcWF9UFAbKc1tY5xWKBVErYFURaTzTq4EFouj8P,check,17
19391.014,1AnmmidWcWF9UFAbKc1tY5xWKBVErYFURaTzTq4EFouj8P,check,18
19451.014,1AnmmidWcWF9UFAbKc1tY5xWKBVErYFURaTzTq4EFouj8P,check,19
19511.012,1AnmmidWcWF9UFAbKc1tY5xWKBVErYFURaTzTq4EFouj8P,check,19
19571.012,1AnmmidWcWF9UFAbKc1tY5xWKBVErYFURaTzTq4EFouj8P,check,19
19631.018,1AnmmidWcWF9UFAbKc1tY5xWKBVErYFURaTzTq4EFouj8P,check,17
19691.012,1AnmmidWcWF9UFAbKc1tY5xWKBVErYFURaTzTq4EFouj8P,check,18
19751.012,1AnmmidWcWF9UFAbKc1tY5xWKBVErYFURaTzTq4EFouj8P,check,17
19811.014,1AnmmidWcWF9UFAbKc1tY5xWKBVErYFURaTzTq4EFouj8P,check,19
19871.016,1AnmmidWcWF9UFAbKc1tY5xWKBVErYFURaTzTq4EFouj8P,check,19
19931.018,1AnmmidWcWF9UFAbKc1tY5xWKBVErYFURaTzTq4EFouj8P,check,19
19991.014,1AnmmidWcWF9UFAbKc1tY5xWKBVErYFURaTzTq4EFouj8P,check,18
20051.014,1AnmmidWcWF9UFAbKc1tY5xWKBVErYFURaTzTq4EFouj8P,check,19
20111.014,1AnmmidWcWF9UFAbKc1tY5xWKBVErYFURaTzTq4EFouj8P,check,19
20171.012,1AnmmidWcWF9UFAbKc1tY5xWKBVErYFURaTzTq4EFouj8P,check,19
20231.016,1AnmmidWcWF9UFAbKc1tY5xWKBVErYFURaTzTq4EFouj8P,check,17
20291.014,1AnmmidWcWF9UFAbKc1tY5xWKBVErYFURaTzTq4EFouj8P,check,18
20351.014,1AnmmidWcWF9UFAbKc1tY5xWKBVErYFURaTzTq4EFouj8P,check,17
20411.014,1AnmmidWcWF9UFAbKc1tY5xWKBVErYFURaTzTq4EFouj8P,check,19
20471.014,1AnmmidWcWF9UFAbKc1tY5xWKBVErYFURaTzTq4EFouj8P,check,19
20531.016,1AnmmidWcWF9UFAbKc1tY5xWKBVErYFURaTzTq4EFouj8P,check,18
20591.016,1AnmmidWcWF9UFAbKc1tY5xWKBVErYFURaTzTq4EFouj8P,check,15
20651.014,1AnmmidWcWF9UFAbKc1tY5xWKBVErYFURaTzTq4EFouj8P,check,18
20711.014,1AnmmidWcWF9UFAbKc1tY5xWKBVErYFURaTzTq4EFouj8P,check,19
20771.012,1AnmmidWcWF9UFAbKc1tY5xWKBVErYFURaTzTq4EFouj8P,check,18
20831.016,1AnmmidWcWF9UFAbKc1tY5xWKBVErYFURaTzTq4EFouj8P,check,18
20891.014,1AnmmidWcWF9UFAbKc1tY5xWKBVErYFURaTzTq4EFouj8P,check,18
20951.012,1AnmmidWcWF9UFAbKc1tY5xWKBVErYFURaTzTq4EFouj8P,check,19
21011.018,1AnmmidWcWF9UFAbKc1tY5xWKBVErYFURaTzTq4EFouj8P,check,19
21071.014,1AnmmidWcWF9UFAbKc1tY5xWKBVErYFURaTzTq4EFouj8P,check,19
21131.014,1AnmmidWcWF9UFAbKc1tY5xWKBVErYFURaTzTq4EFouj8P,check,16
21191.014,1AnmmidWcWF9UFAbKc1tY5xWKBVErYFURaTzTq4EFouj8P,check,18
21251.012,1AnmmidWcWF9UFAbKc1tY5xWKBVErYFURaTzTq4EFouj8P,check,16
21311.018,1AnmmidWcWF9UFAbKc1tY5xWKBVErYFURaTzTq4EFouj8P,check,15
21371.016,1AnmmidWcWF9UFAbKc1tY5xWKBVErYFURaTzTq4EFouj8P,check,13
21431.014,1AnmmidWcWF9UFAbKc1tY5xWKBVErYFURaTzTq4EFouj8P,check,18
21491.014,1AnmmidWcWF9UFAbKc1tY5xWKBVErYFURaTzTq4EFouj8P,check,17
21551.014,1AnmmidWcWF9UFAbKc1tY5xWKBVErYFURaTzTq4EFouj8P,check,19
21611.016,1AnmmidWcWF9UFAbKc1tY5xWKBVErYFURaTzTq4EFouj8P,check,17
21671.016,1AnmmidWcWF9UFAbKc1tY5xWKBVErYFURaTzTq4EFouj8P,check,18
21731.018,1AnmmidWcWF9UFAbKc1tY5xWKBVErYFURaTzTq4EFouj8P,check,19
21791.012,1AnmmidWcWF9UFAbKc1tY5xWKBVErYFURaTzTq4EFouj8P,check,19
21851.01,1AnmmidWcWF9UFAbKc1tY5xWKBVErYFURaTzTq4EFouj8P,check,19
21911.016,1AnmmidWcWF9UFAbKc1tY5xWKBVErYFURaTzTq4EFouj8P,check,19
21971.012,1AnmmidWcWF9UFAbKc1tY5xWKBVErYFURaTzTq4EFouj8P,check,18
22031.014,1AnmmidWcWF9UFAbKc1tY5xWKBVErYFURaTzTq4EFouj8P,check,14
22091.016,1AnmmidWcWF9UFAbKc1tY5xWKBVErYFURaTzTq4EFouj8P,check,15
22151.014,1AnmmidWcWF9UFAbKc1tY5xWKBVErYFURaTzTq4EFouj8P,check,17
22211.016,1AnmmidWcWF9UFAbKc1tY5xWKBVErYFURaTzTq4EFouj8P,check,17
22271.016,1AnmmidWcWF9UFAbKc1tY5xWKBVErYFURaTzTq4EFouj8P,check,19
22331.018,1AnmmidWcWF9UFAbKc1tY5xWKBVErYFURaTzTq4EFouj8P,check,15
22391.012,1AnmmidWcWF9UFAbKc1tY5xWKBVErYFURaTzTq4EFouj8P,check,19
22451.016,1AnmmidWcWF9UFAbKc1tY5xWKBVErYFURaTzTq4EFouj8P,check,14
22511.012,1AnmmidWcWF9UFAbKc1tY5xWKBVErYFURaTzTq4EFouj8P,check,18
22571.014,1AnmmidWcWF9UFAbKc1tY5xWKBVErYFURaTzTq4EFouj8P,check,17
22631.016,1AnmmidWcWF9UFAbKc1tY5xWKBVErYFURaTzTq4EFouj8P,check,14
22691.016,1AnmmidWcWF9UFAbKc1tY5xWKBVErYFURaTzTq4EFouj8P,check,14
22751.016,1AnmmidWcWF9UFAbKc1tY5xWKBVErYFURaTzTq4EFouj8P,check,14
22811.014,1AnmmidWcWF9UFAbKc1tY5xWKBVErYFURaTzTq4EFouj8P,check,13
22871.016,1AnmmidWcWF9UFAbKc1tY5xWKBVErYFURaTzTq4EFouj8P,check,14
22931.016,1AnmmidWcWF9UFAbKc1tY5xWKBVErYFURaTzTq4EFouj8P,check,13
22991.012,1AnmmidWcWF9UFAbKc1tY5xWKBVErYFURaTzTq4EFouj8P,check,19
23051.012,1AnmmidWcWF9UFAbKc1tY5xWKBVErYFURaTzTq4EFouj8P,check,18
23111.016,1AnmmidWcWF9UFAbKc1tY5xWKBVErYFURaTzTq4EFouj8P,check,18
23171.014,1AnmmidWcWF9UFAbKc1tY5xWKBVErYFURaTzTq4EFouj8P,check,19
23231.012,1AnmmidWcWF9UFAbKc1tY5xWKBVErYFURaTzTq4EFouj8P,check,19
23291.016,1AnmmidWcWF9UFAbKc1tY5xWKBVErYFURaTzTq4EFouj8P,check,19
23351.01,1AnmmidWcWF9UFAbKc1tY5xWKBVErYFURaTzTq4EFouj8P,check,19
23411.014,1AnmmidWcWF9UFAbKc1tY5xWKBVErYFURaTzTq4EFouj8P,check,19
23471.014,1AnmmidWcWF9UFAbKc1tY5xWKBVErYFURaTzTq4EFouj8P,check,19
23531.012,1AnmmidWcWF9UFAbKc1tY5xWKBVErYFURaTzTq4EFouj8P,check,19
23591.016,1AnmmidWcWF9UFAbKc1tY5xWKBVErYFURaTzTq4EFouj8P,check,17
23651.012,1AnmmidWcWF9UFAbKc1tY5xWKBVErYFURaTzTq4EFouj8P,check,17
23711.012,1AnmmidWcWF9UFAbKc1tY5xWKBVErYFURaTzTq4EFouj8P,check,17
23771.014,1AnmmidWcWF9UFAbKc1tY5xWKBVErYFURaTzTq4EFouj8P,check,18
23831.012,1AnmmidWcWF9UFAbKc1tY5xWKBVErYFURaTzTq4EFouj8P,check,17
23891.016,1AnmmidWcWF9UFAbKc1tY5xWKBVErYFURaTzTq4EFouj8P,check,13
23951.014,1AnmmidWcWF9UFAbKc1tY5xWKBVErYFURaTzTq4EFouj8P,check,19
24011.012,1AnmmidWcWF9UFAbKc1tY5xWKBVErYFURaTzTq4EFouj8P,check,19
24071.008,1AnmmidWcWF9UFAbKc1tY5xWKBVErYFURaTzTq4EFouj8P,check,19
24131.014,1AnmmidWcWF9UFAbKc1tY5xWKBVErYFURaTzTq4EFouj8P,check,18
24191.014,1AnmmidWcWF9UFAbKc1tY5xWKBVErYFURaTzTq4EFouj8P,check,18
24251.014,1AnmmidWcWF9UFAbKc1tY5xWKBVErYFURaTzTq4EFouj8P,check,18
24311.016,1AnmmidWcWF9UFAbKc1tY5xWKBVErYFURaTzTq4EFouj8P,check,18
24371.014,1AnmmidWcWF9UFAbKc1tY5xWKBVErYFURaTzTq4EFouj8P,check,19
24431.014,1AnmmidWcWF9UFAbKc1tY5xWKBVErYFURaTzTq4EFouj8P,check,18
24491.012,1AnmmidWcWF9UFAbKc1tY5xWKBVErYFURaTzTq4EFouj8P,check,17
24551.014,1AnmmidWcWF9UFAbKc1tY5xWKBVErYFURaTzTq4EFouj8P,check,17
24611.016,1AnmmidWcWF9UFAbKc1tY5xWKBVErYFURaTzTq4EFouj8P,check,19
24671.016,1AnmmidWcWF9UFAbKc1tY5xWKBVErYFURaTzTq4EFouj8P,check,14
24731.014,1AnmmidWcWF9UFAbKc1tY5xWKBVErYFURaTzTq4EFouj8P,check,17
24791.018,1AnmmidWcWF9UFAbKc1tY5xWKBVErYFURaTzTq4EFouj8P,check,17
24851.014,1AnmmidWcWF9UFAbKc1tY5xWKBVErYFURaTzTq4EFouj8P,check,19
24911.016,1AnmmidWcWF9UFAbKc1tY5xWKBVErYFURaTzTq4EFouj8P,check,16
24971.018,1AnmmidWcWF9UFAbKc1tY5xWKBVErYFURaTzTq4EFouj8P,check,13
25031.018,1AnmmidWcWF9UFAbKc1tY5xWKBVErYFURaTzTq4EFouj8P,check,16
25091.016,1AnmmidWcWF9UFAbKc1tY5xWKBVErYFURaTzTq4EFouj8P,check,13
25151.016,1AnmmidWcWF9UFAbKc1tY5xWKBVErYFURaTzTq4EFouj8P,check,14
25211.014,1AnmmidWcWF9UFAbKc1tY5xWKBVErYFURaTzTq4EFouj8P,check,13
25271.02,1AnmmidWcWF9UFAbKc1tY5xWKBVErYFURaTzTq4EFouj8P,check,13
25331.016,1AnmmidWcWF9UFAbKc1tY5xWKBVErYFURaTzTq4EFouj8P,check,14
25391.014,1AnmmidWcWF9UFAbKc1tY5xWKBVErYFURaTzTq4EFouj8P,check,19
25451.016,1AnmmidWcWF9UFAbKc1tY5xWKBVErYFURaTzTq4EFouj8P,check,16
25511.014,1AnmmidWcWF9UFAbKc1tY5xWKBVErYFURaTzTq4EFouj8P,check,18
25571.008,1AnmmidWcWF9UFAbKc1tY5xWKBVErYFURaTzTq4EFouj8P,check,19
25631.018,1AnmmidWcWF9UFAbKc1tY5xWKBVErYFURaTzTq4EFouj8P,check,15
25691.016,1AnmmidWcWF9UFAbKc1tY5xWKBVErYFURaTzTq4EFouj8P,check,14
25751.016,1AnmmidWcWF9UFAbKc1tY5xWKBVErYFURaTzTq4EFouj8P,check,13
25811.018,1AnmmidWcWF9UFAbKc1tY5xWKBVErYFURaTzTq4EFouj8P,check,12
25871.021,1AnmmidWcWF9UFAbKc1tY5xWKBVErYFURaTzTq4EFouj8P,check,12
25931.008,1AnmmidWcWF9UFAbKc1tY5xWKBVErYFURaTzTq4EFouj8P,check,12
25991.01,1AnmmidWcWF9UFAbKc1tY5xWKBVErYFURaTzTq4EFouj8P,check,11
26051.008,1AnmmidWcWF9UFAbKc1tY5xWKBVErYFURaTzTq4EFouj8P,check,15
26111.008,1AnmmidWcWF9UFAbKc1tY5xWKBVErYFURaTzTq4EFouj8P,check,16
26171.008,1AnmmidWcWF9UFAbKc1tY5xWKBVErYFURaTzTq4EFouj8P,check,17
26231.01,1AnmmidWcWF9UFAbKc1tY5xWKBVErYFURaTzTq4EFouj8P,check,16
26291.01,1AnmmidWcWF9UFAbKc1tY5xWKBVErYFURaTzTq4EFouj8P,check,19
26351.012,1AnmmidWcWF9UFAbKc1tY5xWKBVErYFURaTzTq4EFouj8P,check,19
26411.016,1AnmmidWcWF9UFAbKc1tY5xWKBVErYFURaTzTq4EFouj8P,check,19
26471.014,1AnmmidWcWF9UFAbKc1tY5xWKBVErYFURaTzTq4EFouj8P,check,19
26531.018,1AnmmidWcWF9UFAbKc1tY5xWKBVErYFURaTzTq4EFouj8P,check,16
26591.014,1AnmmidWcWF9UFAbKc1tY5xWKBVErYFURaTzTq4EFouj8P,check,19
26651.01,1AnmmidWcWF9UFAbKc1tY5xWKBVErYFURaTzTq4EFouj8P,check,18
26711.016,1AnmmidWcWF9UFAbKc1tY5xWKBVErYFURaTzTq4EFouj8P,check,15
26771.014,1AnmmidWcWF9UFAbKc1tY5xWKBVErYFURaTzTq4EFouj8P,check,16
26831.012,1AnmmidWcWF9UFAbKc1tY5xWKBVErYFURaTzTq4EFouj8P,check,18
26891.016,1AnmmidWcWF9UFAbKc1tY5xWKBVErYFURaTzTq4EFouj8P,check,18
26951.012,1AnmmidWcWF9UFAbKc1tY5xWKBVErYFURaTzTq4EFouj8P,check,19
27011.014,1AnmmidWcWF9UFAbKc1tY5xWKBVErYFURaTzTq4EFouj8P,check,17
27071.014,1AnmmidWcWF9UFAbKc1tY5xWKBVErYFURaTzTq4EFouj8P,check,19
27131.014,1AnmmidWcWF9UFAbKc1tY5xWKBVErYFURaTzTq4EFouj8P,check,19
27191.012,1AnmmidWcWF9UFAbKc1tY5xWKBVErYFURaTzTq4EFouj8P,check,18
27251.018,1AnmmidWcWF9UFAbKc1tY5xWKBVErYFURaTzTq4EFouj8P,check,17
27311.014,1AnmmidWcWF9UFAbKc1tY5xWKBVErYFURaTzTq4EFouj8P,check,19
27371.012,1AnmmidWcWF9UFAbKc1tY5xWKBVErYFURaTzTq4EFouj8P,check,17
27431.018,1AnmmidWcWF9UFAbKc1tY5xWKBVErYFURaTzTq4EFouj8P,check,19
27491.016,1AnmmidWcWF9UFAbKc1tY5xWKBVErYFURaTzTq4EFouj8P,check,16
27551.014,1AnmmidWcWF9UFAbKc1tY5xWKBVErYFURaTzTq4EFouj8P,check,16
27611.012,1AnmmidWcWF9UFAbKc1tY5xWKBVErYFURaTzTq4EFouj8P,check,19
27671.016,1AnmmidWcWF9UFAbKc1tY5xWKBVErYFURaTzTq4EFouj8P,check,19
27731.016,1AnmmidWcWF9UFAbKc1tY5xWKBVErYFURaTzTq4EFouj8P,check,19
27791.012,1AnmmidWcWF9UFAbKc1tY5xWKBVErYFURaTzTq4EFouj8P,check,18
27851.012,1AnmmidWcWF9UFAbKc1tY5xWKBVErYFURaTzTq4EFouj8P,check,19
27911.012,1AnmmidWcWF9UFAbKc1tY5xWKBVErYFURaTzTq4EFouj8P,check,19
27971.014,1AnmmidWcWF9UFAbKc1tY5xWKBVErYFURaTzTq4EFouj8P,check,18
28031.012,1AnmmidWcWF9UFAbKc1tY5xWKBVErYFURaTzTq4EFouj8P,check,18
28091.014,1AnmmidWcWF9UFAbKc1tY5xWKBVErYFURaTzTq4EFouj8P,check,18
28151.018,1AnmmidWcWF9UFAbKc1tY5xWKBVErYFURaTzTq4EFouj8P,check,19
28211.016,1AnmmidWcWF9UFAbKc1tY5xWKBVErYFURaTzTq4EFouj8P,check,19
28271.014,1AnmmidWcWF9UFAbKc1tY5xWKBVErYFURaTzTq4EFouj8P,check,18
28331.014,1AnmmidWcWF9UFAbKc1tY5xWKBVErYFURaTzTq4EFouj8P,check,17
28391.012,1AnmmidWcWF9UFAbKc1tY5xWKBVErYFURaTzTq4EFouj8P,check,18
28451.016,1AnmmidWcWF9UFAbKc1tY5xWKBVErYFURaTzTq4EFouj8P,check,19
28511.014,1AnmmidWcWF9UFAbKc1tY5xWKBVErYFURaTzTq4EFouj8P,check,19
28571.014,1AnmmidWcWF9UFAbKc1tY5xWKBVErYFURaTzTq4EFouj8P,check,19
28631.014,1AnmmidWcWF9UFAbKc1tY5xWKBVErYFURaTzTq4EFouj8P,check,19
28691.016,1AnmmidWcWF9UFAbKc1tY5xWKBVErYFURaTzTq4EFouj8P,check,18
28751.014,1AnmmidWcWF9UFAbKc1tY5xWKBVErYFURaTzTq4EFouj8P,check,18
28811.016,1AnmmidWcWF9UFAbKc1tY5xWKBVErYFURaTzTq4EFouj8P,check,19
28871.016,1AnmmidWcWF9UFAbKc1tY5xWKBVErYFURaTzTq4EFouj8P,check,16
28931.016,1AnmmidWcWF9UFAbKc1tY5xWKBVErYFURaTzTq4EFouj8P,check,12
28991.018,1AnmmidWcWF9UFAbKc1tY5xWKBVErYFURaTzTq4EFouj8P,check,14
29051.014,1AnmmidWcWF9UFAbKc1tY5xWKBVErYFURaTzTq4EFouj8P,check,13
29111.018,1AnmmidWcWF9UFAbKc1tY5xWKBVErYFURaTzTq4EFouj8P,check,16
29171.014,1AnmmidWcWF9UFAbKc1tY5xWKBVErYFURaTzTq4EFouj8P,check,19
29231.012,1AnmmidWcWF9UFAbKc1tY5xWKBVErYFURaTzTq4EFouj8P,check,16
29291.012,1AnmmidWcWF9UFAbKc1tY5xWKBVErYFURaTzTq4EFouj8P,check,18
29351.014,1AnmmidWcWF9UFAbKc1tY5xWKBVErYFURaTzTq4EFouj8P,check,19
29411.014,1AnmmidWcWF9UFAbKc1tY5xWKBVErYFURaTzTq4EFouj8P,check,18
29471.016,1AnmmidWcWF9UFAbKc1tY5xWKBVErYFURaTzTq4EFouj8P,check,19
29531.018,1AnmmidWcWF9UFAbKc1tY5xWKBVErYFURaTzTq4EFouj8P,check,18
29591.018,1AnmmidWcWF9UFAbKc1tY5xWKBVErYFURaTzTq4EFouj8P,check,18
29651.014,1AnmmidWcWF9UFAbKc1tY5xWKBVErYFURaTzTq4EFouj8P,check,18
29711.014,1AnmmidWcWF9UFAbKc1tY5xWKBVErYFURaTzTq4EFouj8P,check,19
29771.016,1AnmmidWcWF9UFAbKc1tY5xWKBVErYFURaTzTq4EFouj8P,check,17
29831.016,1AnmmidWcWF9UFAbKc1tY5xWKBVErYFURaTzTq4EFouj8P,check,17
29891.018,1AnmmidWcWF9UFAbKc1tY5xWKBVErYFURaTzTq4EFouj8P,check,16
29951.016,1AnmmidWcWF9UFAbKc1tY5xWKBVErYFURaTzTq4EFouj8P,check,19
30011.012,1AnmmidWcWF9UFAbKc1tY5xWKBVErYFURaTzTq4EFouj8P,check,19
30071.014,1AnmmidWcWF9UFAbKc1tY5xWKBVErYFURaTzTq4EFouj8P,check,19
30131.012,1AnmmidWcWF9UFAbKc1tY5xWKBVErYFURaTzTq4EFouj8P,check,19
30191.012,1AnmmidWcWF9UFAbKc1tY5xWKBVErYFURaTzTq4EFouj8P,check,18
30251.014,1AnmmidWcWF9UFAbKc1tY5xWKBVErYFURaTzTq4EFouj8P,check,18
30311.014,1AnmmidWcWF9UFAbKc1tY5xWKBVErYFURaTzTq4EFouj8P,check,19
30371.016,1AnmmidWcWF9UFAbKc1tY5xWKBVErYFURaTzTq4EFouj8P,check,19
30431.014,1AnmmidWcWF9UFAbKc1tY5xWKBVErYFURaTzTq4EFouj8P,check,19
30491.014,1AnmmidWcWF9UFAbKc1tY5xWKBVErYFURaTzTq4EFouj8P,check,17
30551.014,1AnmmidWcWF9UFAbKc1tY5xWKBVErYFURaTzTq4EFouj8P,check,19
30611.014,1AnmmidWcWF9UFAbKc1tY5xWKBVErYFURaTzTq4EFouj8P,check,18
30671.014,1AnmmidWcWF9UFAbKc1tY5xWKBVErYFURaTzTq4EFouj8P,check,19
30731.012,1AnmmidWcWF9UFAbKc1tY5xWKBVErYFURaTzTq4EFouj8P,check,18
30791.014,1AnmmidWcWF9UFAbKc1tY5xWKBVErYFURaTzTq4EFouj8P,check,18
30851.014,1AnmmidWcWF9UFAbKc1tY5xWKBVErYFURaTzTq4EFouj8P,check,19
30911.012,1AnmmidWcWF9UFAbKc1tY5xWKBVErYFURaTzTq4EFouj8P,check,19
30971.014,1AnmmidWcWF9UFAbKc1tY5xWKBVErYFURaTzTq4EFouj8P,check,19
31031.01,1AnmmidWcWF9UFAbKc1tY5xWKBVErYFURaTzTq4EFouj8P,check,19
31091.012,1AnmmidWcWF9UFAbKc1tY5xWKBVErYFURaTzTq4EFouj8P,check,19
31151.016,1AnmmidWcWF9UFAbKc1tY5xWKBVErYFURaTzTq4EFouj8P,check,19
31211.014,1AnmmidWcWF9UFAbKc1tY5xWKBVErYFURaTzTq4EFouj8P,check,18
31271.014,1AnmmidWcWF9UFAbKc1tY5xWKBVErYFURaTzTq4EFouj8P,check,19
31331.012,1AnmmidWcWF9UFAbKc1tY5xWKBVErYFURaTzTq4EFouj8P,check,18
31391.014,1AnmmidWcWF9UFAbKc1tY5xWKBVErYFURaTzTq4EFouj8P,check,18
31451.018,1AnmmidWcWF9UFAbKc1tY5xWKBVErYFURaTzTq4EFouj8P,check,19
31511.014,1AnmmidWcWF9UFAbKc1tY5xWKBVErYFURaTzTq4EFouj8P,check,19
31571.012,1AnmmidWcWF9UFAbKc1tY5xWKBVErYFURaTzTq4EFouj8P,check,19
31631.016,1AnmmidWcWF9UFAbKc1tY5xWKBVErYFURaTzTq4EFouj8P,check,19
31691.014,1AnmmidWcWF9UFAbKc1tY5xWKBVErYFURaTzTq4EFouj8P,check,18
31751.01,1AnmmidWcWF9UFAbKc1tY5xWKBVErYFURaTzTq4EFouj8P,check,18
31811.012,1AnmmidWcWF9UFAbKc1tY5xWKBVErYFURaTzTq4EFouj8P,check,19
31871.014,1AnmmidWcWF9UFAbKc1tY5xWKBVErYFURaTzTq4EFouj8P,check,19
31931.014,1AnmmidWcWF9UFAbKc1tY5xWKBVErYFURaTzTq4EFouj8P,check,19
31991.014,1AnmmidWcWF9UFAbKc1tY5xWKBVErYFURaTzTq4EFouj8P,check,18
32051.014,1AnmmidWcWF9UFAbKc1tY5xWKBVErYFURaTzTq4EFouj8P,check,19
32111.014,1AnmmidWcWF9UFAbKc1tY5xWKBVErYFURaTzTq4EFouj8P,check,19
32171.01,1AnmmidWcWF9UFAbKc1tY5xWKBVErYFURaTzTq4EFouj8P,check,19
32231.018,1AnmmidWcWF9UFAbKc1tY5xWKBVErYFURaTzTq4EFouj8P,check,19
32291.014,1AnmmidWcWF9UFAbKc1tY5xWKBVErYFURaTzTq4EFouj8P,check,18
32351.012,1AnmmidWcWF9UFAbKc1tY5xWKBVErYFURaTzTq4EFouj8P,check,19
32411.016,1AnmmidWcWF9UFAbKc1tY5xWKBVErYFURaTzTq4EFouj8P,check,19
32471.016,1AnmmidWcWF9UFAbKc1tY5xWKBVErYFURaTzTq4EFouj8P,check,19
32531.014,1AnmmidWcWF9UFAbKc1tY5xWKBVErYFURaTzTq4EFouj8P,check,19
32591.014,1AnmmidWcWF9UFAbKc1tY5xWKBVErYFURaTzTq4EFouj8P,check,18
32651.012,1AnmmidWcWF9UFAbKc1tY5xWKBVErYFURaTzTq4EFouj8P,check,17
32711.014,1AnmmidWcWF9UFAbKc1tY5xWKBVErYFURaTzTq4EFouj8P,check,19
32771.01,1AnmmidWcWF9UFAbKc1tY5xWKBVErYFURaTzTq4EFouj8P,check,18
32831.016,1AnmmidWcWF9UFAbKc1tY5xWKBVErYFURaTzTq4EFouj8P,check,18
32891.01,1AnmmidWcWF9UFAbKc1tY5xWKBVErYFURaTzTq4EFouj8P,check,19
32951.01,1AnmmidWcWF9UFAbKc1tY5xWKBVErYFURaTzTq4EFouj8P,check,19
33011.01,1AnmmidWcWF9UFAbKc1tY5xWKBVErYFURaTzTq4EFouj8P,check,18
33071.016,1AnmmidWcWF9UFAbKc1tY5xWKBVErYFURaTzTq4EFouj8P,check,19
33131.01,1AnmmidWcWF9UFAbKc1tY5xWKBVErYFURaTzTq4EFouj8P,check,19
33191.01,1AnmmidWcWF9UFAbKc1tY5xWKBVErYFURaTzTq4EFouj8P,check,18
33251.01,1AnmmidWcWF9UFAbKc1tY5xWKBVErYFURaTzTq4EFouj8P,check,19
33311.016,1AnmmidWcWF9UFAbKc1tY5xWKBVErYFURaTzTq4EFouj8P,check,19
33371.01,1AnmmidWcWF9UFAbKc1tY5xWKBVErYFURaTzTq4EFouj8P,check,19
33431.01,1AnmmidWcWF9UFAbKc1tY5xWKBVErYFURaTzTq4EFouj8P,check,19
33491.016,1AnmmidWcWF9UFAbKc1tY5xWKBVErYFURaTzTq4EFouj8P,check,17
33551.01,1AnmmidWcWF9UFAbKc1tY5xWKBVErYFURaTzTq4EFouj8P,check,18
33611.01,1AnmmidWcWF9UFAbKc1tY5xWKBVErYFURaTzTq4EFouj8P,check,19
33671.016,1AnmmidWcWF9UFAbKc1tY5xWKBVErYFURaTzTq4EFouj8P,check,19
33731.01,1AnmmidWcWF9UFAbKc1tY5xWKBVErYFURaTzTq4EFouj8P,check,19
33791.01,1AnmmidWcWF9UFAbKc1tY5xWKBVErYFURaTzTq4EFouj8P,check,18
33851.01,1AnmmidWcWF9UFAbKc1tY5xWKBVErYFURaTzTq4EFouj8P,check,19
33911.01,1AnmmidWcWF9UFAbKc1tY5xWKBVErYFURaTzTq4EFouj8P,check,18
33971.016,1AnmmidWcWF9UFAbKc1tY5xWKBVErYFURaTzTq4EFouj8P,check,19
34031.01,1AnmmidWcWF9UFAbKc1tY5xWKBVErYFURaTzTq4EFouj8P,check,18
34091.01,1AnmmidWcWF9UFAbKc1tY5xWKBVErYFURaTzTq4EFouj8P,check,16
34151.01,1AnmmidWcWF9UFAbKc1tY5xWKBVErYFURaTzTq4EFouj8P,check,19
34211.01,1AnmmidWcWF9UFAbKc1tY5xWKBVErYFURaTzTq4EFouj8P,check,19
34271.01,1AnmmidWcWF9UFAbKc1tY5xWKBVErYFURaTzTq4EFouj8P,check,19
34331.01,1AnmmidWcWF9UFAbKc1tY5xWKBVErYFURaTzTq4EFouj8P,check,19
34391.01,1AnmmidWcWF9UFAbKc1tY5xWKBVErYFURaTzTq4EFouj8P,check,18
34451.008,1AnmmidWcWF9UFAbKc1tY5xWKBVErYFURaTzTq4EFouj8P,check,17
34511.008,1AnmmidWcWF9UFAbKc1tY5xWKBVErYFURaTzTq4EFouj8P,check,18
34571.008,1AnmmidWcWF9UFAbKc1tY5xWKBVErYFURaTzTq4EFouj8P,check,19
34631.004,1AnmmidWcWF9UFAbKc1tY5xWKBVErYFURaTzTq4EFouj8P,check,19
34691.01,1AnmmidWcWF9UFAbKc1tY5xWKBVErYFURaTzTq4EFouj8P,check,18
34751.01,1AnmmidWcWF9UFAbKc1tY5xWKBVErYFURaTzTq4EFouj8P,check,18
34811.016,1AnmmidWcWF9UFAbKc1tY5xWKBVErYFURaTzTq4EFouj8P,check,19
34871.01,1AnmmidWcWF9UFAbKc1tY5xWKBVErYFURaTzTq4EFouj8P,check,19
34931.01,1AnmmidWcWF9UFAbKc1tY5xWKBVErYFURaTzTq4EFouj8P,check,18
34991.01,1AnmmidWcWF9UFAbKc1tY5xWKBVErYFURaTzTq4EFouj8P,check,18
35051.01,1AnmmidWcWF9UFAbKc1tY5xWKBVErYFURaTzTq4EFouj8P,check,18
35111.01,1AnmmidWcWF9UFAbKc1tY5xWKBVErYFURaTzTq4EFouj8P,check,19
35171.01,1AnmmidWcWF9UFAbKc1tY5xWKBVErYFURaTzTq4EFouj8P,check,19
35231.016,1AnmmidWcWF9UFAbKc1tY5xWKBVErYFURaTzTq4EFouj8P,check,18
35291.01,1AnmmidWcWF9UFAbKc1tY5xWKBVErYFURaTzTq4EFouj8P,check,18
35351.01,1AnmmidWcWF9UFAbKc1tY5xWKBVErYFURaTzTq4EFouj8P,check,19
35411.01,1AnmmidWcWF9UFAbKc1tY5xWKBVErYFURaTzTq4EFouj8P,check,19
35471.01,1AnmmidWcWF9UFAbKc1tY5xWKBVErYFURaTzTq4EFouj8P,check,19
35531.016,1AnmmidWcWF9UFAbKc1tY5xWKBVErYFURaTzTq4EFouj8P,check,18
35591.016,1AnmmidWcWF9UFAbKc1tY5xWKBVErYFURaTzTq4EFouj8P,check,19
35651.016,1AnmmidWcWF9UFAbKc1tY5xWKBVErYFURaTzTq4EFouj8P,check,19
35711.016,1AnmmidWcWF9UFAbKc1tY5xWKBVErYFURaTzTq4EFouj8P,check,19
35771.01,1AnmmidWcWF9UFAbKc1tY5xWKBVErYFURaTzTq4EFouj8P,check,19
35831.016,1AnmmidWcWF9UFAbKc1tY5xWKBVErYFURaTzTq4EFouj8P,check,17
35891.016,1AnmmidWcWF9UFAbKc1tY5xWKBVErYFURaTzTq4EFouj8P,check,18
35951.016,1AnmmidWcWF9UFAbKc1tY5xWKBVErYFURaTzTq4EFouj8P,check,18
36011.016,1AnmmidWcWF9UFAbKc1tY5xWKBVErYFURaTzTq4EFouj8P,check,19
36071.01,1AnmmidWcWF9UFAbKc1tY5xWKBVErYFURaTzTq4EFouj8P,check,19
36131.016,1AnmmidWcWF9UFAbKc1tY5xWKBVErYFURaTzTq4EFouj8P,check,18
36191.01,1AnmmidWcWF9UFAbKc1tY5xWKBVErYFURaTzTq4EFouj8P,check,18
36251.016,1AnmmidWcWF9UFAbKc1tY5xWKBVErYFURaTzTq4EFouj8P,check,19
36311.016,1AnmmidWcWF9UFAbKc1tY5xWKBVErYFURaTzTq4EFouj8P,check,19
36371.01,1AnmmidWcWF9UFAbKc1tY5xWKBVErYFURaTzTq4EFouj8P,check,19
36431.01,1AnmmidWcWF9UFAbKc1tY5xWKBVErYFURaTzTq4EFouj8P,check,19
36491.01,1AnmmidWcWF9UFAbKc1tY5xWKBVErYFURaTzTq4EFouj8P,check,18
36551.01,1AnmmidWcWF9UFAbKc1tY5xWKBVErYFURaTzTq4EFouj8P,check,19
36611.01,1AnmmidWcWF9UFAbKc1tY5xWKBVErYFURaTzTq4EFouj8P,check,19
36671.016,1AnmmidWcWF9UFAbKc1tY5xWKBVErYFURaTzTq4EFouj8P,check,19
36731.01,1AnmmidWcWF9UFAbKc1tY5xWKBVErYFURaTzTq4EFouj8P,check,18
36791.01,1AnmmidWcWF9UFAbKc1tY5xWKBVErYFURaTzTq4EFouj8P,check,18
36851.01,1AnmmidWcWF9UFAbKc1tY5xWKBVErYFURaTzTq4EFouj8P,check,19
36911.01,1AnmmidWcWF9UFAbKc1tY5xWKBVErYFURaTzTq4EFouj8P,check,18
36971.01,1AnmmidWcWF9UFAbKc1tY5xWKBVErYFURaTzTq4EFouj8P,check,19
37031.016,1AnmmidWcWF9UFAbKc1tY5xWKBVErYFURaTzTq4EFouj8P,check,19
37091.01,1AnmmidWcWF9UFAbKc1tY5xWKBVErYFURaTzTq4EFouj8P,check,18
37151.016,1AnmmidWcWF9UFAbKc1tY5xWKBVErYFURaTzTq4EFouj8P,check,19
37211.01,1AnmmidWcWF9UFAbKc1tY5xWKBVErYFURaTzTq4EFouj8P,check,19
37271.01,1AnmmidWcWF9UFAbKc1tY5xWKBVErYFURaTzTq4EFouj8P,check,17
37331.016,1AnmmidWcWF9UFAbKc1tY5xWKBVErYFURaTzTq4EFouj8P,check,19
37391.01,1AnmmidWcWF9UFAbKc1tY5xWKBVErYFURaTzTq4EFouj8P,check,19
37451.016,1AnmmidWcWF9UFAbKc1tY5xWKBVErYFURaTzTq4EFouj8P,check,17
37511.016,1AnmmidWcWF9UFAbKc1tY5xWKBVErYFURaTzTq4EFouj8P,check,18
37571.01,1AnmmidWcWF9UFAbKc1tY5xWKBVErYFURaTzTq4EFouj8P,check,19
37631.01,1AnmmidWcWF9UFAbKc1tY5xWKBVErYFURaTzTq4EFouj8P,check,17
37691.01,1AnmmidWcWF9UFAbKc1tY5xWKBVErYFURaTzTq4EFouj8P,check,19
37751.01,1AnmmidWcWF9UFAbKc1tY5xWKBVErYFURaTzTq4EFouj8P,check,19
37811.016,1AnmmidWcWF9UFAbKc1tY5xWKBVErYFURaTzTq4EFouj8P,check,19
37871.016,1AnmmidWcWF9UFAbKc1tY5xWKBVErYFURaTzTq4EFouj8P,check,17
37931.01,1AnmmidWcWF9UFAbKc1tY5xWKBVErYFURaTzTq4EFouj8P,check,18
37991.016,1AnmmidWcWF9UFAbKc1tY5xWKBVErYFURaTzTq4EFouj8P,check,19
38051.01,1AnmmidWcWF9UFAbKc1tY5xWKBVErYFURaTzTq4EFouj8P,check,19
38111.016,1AnmmidWcWF9UFAbKc1tY5xWKBVErYFURaTzTq4EFouj8P,check,19
38171.01,1AnmmidWcWF9UFAbKc1tY5xWKBVErYFURaTzTq4EFouj8P,check,19
38231.016,1AnmmidWcWF9UFAbKc1tY5xWKBVErYFURaTzTq4EFouj8P,check,18
38291.01,1AnmmidWcWF9UFAbKc1tY5xWKBVErYFURaTzTq4EFouj8P,check,18
38351.01,1AnmmidWcWF9UFAbKc1tY5xWKBVErYFURaTzTq4EFouj8P,check,19
38411.01,1AnmmidWcWF9UFAbKc1tY5xWKBVErYFURaTzTq4EFouj8P,check,19
38471.01,1AnmmidWcWF9UFAbKc1tY5xWKBVErYFURaTzTq4EFouj8P,check,19
38531.016,1AnmmidWcWF9UFAbKc1tY5xWKBVErYFURaTzTq4EFouj8P,check,18
38591.01,1AnmmidWcWF9UFAbKc1tY5xWKBVErYFURaTzTq4EFouj8P,check,18
38651.016,1AnmmidWcWF9UFAbKc1tY5xWKBVErYFURaTzTq4EFouj8P,check,18
38711.01,1AnmmidWcWF9UFAbKc1tY5xWKBVErYFURaTzTq4EFouj8P,check,19
38771.008,1AnmmidWcWF9UFAbKc1tY5xWKBVErYFURaTzTq4EFouj8P,check,18
38831.016,1AnmmidWcWF9UFAbKc1tY5xWKBVErYFURaTzTq4EFouj8P,check,19
38891.016,1AnmmidWcWF9UFAbKc1tY5xWKBVErYFURaTzTq4EFouj8P,check,18
38951.01,1AnmmidWcWF9UFAbKc1tY5xWKBVErYFURaTzTq4EFouj8P,check,18
39011.016,1AnmmidWcWF9UFAbKc1tY5xWKBVErYFURaTzTq4EFouj8P,check,18
39071.016,1AnmmidWcWF9UFAbKc1tY5xWKBVErYFURaTzTq4EFouj8P,check,19
39131.016,1AnmmidWcWF9UFAbKc1tY5xWKBVErYFURaTzTq4EFouj8P,check,19
39191.01,1AnmmidWcWF9UFAbKc1tY5xWKBVErYFURaTzTq4EFouj8P,check,17
39251.01,1AnmmidWcWF9UFAbKc1tY5xWKBVErYFURaTzTq4EFouj8P,check,19
39311.01,1AnmmidWcWF9UFAbKc1tY5xWKBVErYFURaTzTq4EFouj8P,check,19
39371.01,1AnmmidWcWF9UFAbKc1tY5xWKBVErYFURaTzTq4EFouj8P,check,19
39431.01,1AnmmidWcWF9UFAbKc1tY5xWKBVErYFURaTzTq4EFouj8P,check,18
39491.01,1AnmmidWcWF9UFAbKc1tY5xWKBVErYFURaTzTq4EFouj8P,check,18
39551.01,1AnmmidWcWF9UFAbKc1tY5xWKBVErYFURaTzTq4EFouj8P,check,19
39611.01,1AnmmidWcWF9UFAbKc1tY5xWKBVErYFURaTzTq4EFouj8P,check,19
39671.01,1AnmmidWcWF9UFAbKc1tY5xWKBVErYFURaTzTq4EFouj8P,check,19
39731.016,1AnmmidWcWF9UFAbKc1tY5xWKBVErYFURaTzTq4EFouj8P,check,19
39791.01,1AnmmidWcWF9UFAbKc1tY5xWKBVErYFURaTzTq4EFouj8P,check,18
39851.01,1AnmmidWcWF9UFAbKc1tY5xWKBVErYFURaTzTq4EFouj8P,check,19
39911.016,1AnmmidWcWF9UFAbKc1tY5xWKBVErYFURaTzTq4EFouj8P,check,19
39971.01,1AnmmidWcWF9UFAbKc1tY5xWKBVErYFURaTzTq4EFouj8P,check,18
40031.01,1AnmmidWcWF9UFAbKc1tY5xWKBVErYFURaTzTq4EFouj8P,check,19
40091.01,1AnmmidWcWF9UFAbKc1tY5xWKBVErYFURaTzTq4EFouj8P,check,18
40151.01,1AnmmidWcWF9UFAbKc1tY5xWKBVErYFURaTzTq4EFouj8P,check,19
40211.01,1AnmmidWcWF9UFAbKc1tY5xWKBVErYFURaTzTq4EFouj8P,check,19
40271.016,1AnmmidWcWF9UFAbKc1tY5xWKBVErYFURaTzTq4EFouj8P,check,19
40331.01,1AnmmidWcWF9UFAbKc1tY5xWKBVErYFURaTzTq4EFouj8P,check,18
40391.016,1AnmmidWcWF9UFAbKc1tY5xWKBVErYFURaTzTq4EFouj8P,check,19
40451.01,1AnmmidWcWF9UFAbKc1tY5xWKBVErYFURaTzTq4EFouj8P,check,19
40511.01,1AnmmidWcWF9UFAbKc1tY5xWKBVErYFURaTzTq4EFouj8P,check,19
40571.01,1AnmmidWcWF9UFAbKc1tY5xWKBVErYFURaTzTq4EFouj8P,check,19
40631.016,1AnmmidWcWF9UFAbKc1tY5xWKBVErYFURaTzTq4EFouj8P,check,18
40691.016,1AnmmidWcWF9UFAbKc1tY5xWKBVErYFURaTzTq4EFouj8P,check,18
40751.016,1AnmmidWcWF9UFAbKc1tY5xWKBVErYFURaTzTq4EFouj8P,check,19
40811.01,1AnmmidWcWF9UFAbKc1tY5xWKBVErYFURaTzTq4EFouj8P,check,19
40871.016,1AnmmidWcWF9UFAbKc1tY5xWKBVErYFURaTzTq4EFouj8P,check,19
40931.01,1AnmmidWcWF9UFAbKc1tY5xWKBVErYFURaTzTq4EFouj8P,check,19
40991.01,1AnmmidWcWF9UFAbKc1tY5xWKBVErYFURaTzTq4EFouj8P,check,19
41051.016,1AnmmidWcWF9UFAbKc1tY5xWKBVErYFURaTzTq4EFouj8P,check,19
41111.016,1AnmmidWcWF9UFAbKc1tY5xWKBVErYFURaTzTq4EFouj8P,check,19
41171.01,1AnmmidWcWF9UFAbKc1tY5xWKBVErYFURaTzTq4EFouj8P,check,19
41231.016,1AnmmidWcWF9UFAbKc1tY5xWKBVErYFURaTzTq4EFouj8P,check,18
41291.01,1AnmmidWcWF9UFAbKc1tY5xWKBVErYFURaTzTq4EFouj8P,check,17
41351.01,1AnmmidWcWF9UFAbKc1tY5xWKBVErYFURaTzTq4EFouj8P,check,19
41411.016,1AnmmidWcWF9UFAbKc1tY5xWKBVErYFURaTzTq4EFouj8P,check,17
41471.01,1AnmmidWcWF9UFAbKc1tY5xWKBVErYFURaTzTq4EFouj8P,check,19
41531.01,1AnmmidWcWF9UFAbKc1tY5xWKBVErYFURaTzTq4EFouj8P,check,19
41591.01,1AnmmidWcWF9UFAbKc1tY5xWKBVErYFURaTzTq4EFouj8P,check,19
41651.016,1AnmmidWcWF9UFAbKc1tY5xWKBVErYFURaTzTq4EFouj8P,check,19
41711.02,1AnmmidWcWF9UFAbKc1tY5xWKBVErYFURaTzTq4EFouj8P,check,19
41771.01,1AnmmidWcWF9UFAbKc1tY5xWKBVErYFURaTzTq4EFouj8P,check,19
41831.016,1AnmmidWcWF9UFAbKc1tY5xWKBVErYFURaTzTq4EFouj8P,check,18
41891.016,1AnmmidWcWF9UFAbKc1tY5xWKBVErYFURaTzTq4EFouj8P,check,18
41951.016,1AnmmidWcWF9UFAbKc1tY5xWKBVErYFURaTzTq4EFouj8P,check,19
42011.01,1AnmmidWcWF9UFAbKc1tY5xWKBVErYFURaTzTq4EFouj8P,check,19
42071.016,1AnmmidWcWF9UFAbKc1tY5xWKBVErYFURaTzTq4EFouj8P,check,19
42131.01,1AnmmidWcWF9UFAbKc1tY5xWKBVErYFURaTzTq4EFouj8P,check,19
42191.01,1AnmmidWcWF9UFAbKc1tY5xWKBVErYFURaTzTq4EFouj8P,check,18
42251.016,1AnmmidWcWF9UFAbKc1tY5xWKBVErYFURaTzTq4EFouj8P,check,18
42311.016,1AnmmidWcWF9UFAbKc1tY5xWKBVErYFURaTzTq4EFouj8P,check,18
42371.016,1AnmmidWcWF9UFAbKc1tY5xWKBVErYFURaTzTq4EFouj8P,check,18
42431.016,1AnmmidWcWF9UFAbKc1tY5xWKBVErYFURaTzTq4EFouj8P,check,18
42491.02,1AnmmidWcWF9UFAbKc1tY5xWKBVErYFURaTzTq4EFouj8P,check,17
42551.016,1AnmmidWcWF9UFAbKc1tY5xWKBVErYFURaTzTq4EFouj8P,check,18
42611.02,1AnmmidWcWF9UFAbKc1tY5xWKBVErYFURaTzTq4EFouj8P,check,18
42671.02,1AnmmidWcWF9UFAbKc1tY5xWKBVErYFURaTzTq4EFouj8P,check,18
42731.016,1AnmmidWcWF9UFAbKc1tY5xWKBVErYFURaTzTq4EFouj8P,check,18
42791.01,1AnmmidWcWF9UFAbKc1tY5xWKBVErYFURaTzTq4EFouj8P,check,17
42851.016,1AnmmidWcWF9UFAbKc1tY5xWKBVErYFURaTzTq4EFouj8P,check,17
42911.02,1AnmmidWcWF9UFAbKc1tY5xWKBVErYFURaTzTq4EFouj8P,check,18
42971.016,1AnmmidWcWF9UFAbKc1tY5xWKBVErYFURaTzTq4EFouj8P,check,18
43031.01,1AnmmidWcWF9UFAbKc1tY5xWKBVErYFURaTzTq4EFouj8P,check,18
43091.008,1AnmmidWcWF9UFAbKc1tY5xWKBVErYFURaTzTq4EFouj8P,check,18
43151.008,1AnmmidWcWF9UFAbKc1tY5xWKBVErYFURaTzTq4EFouj8P,check,18
43211.008,1AnmmidWcWF9UFAbKc1tY5xWKBVErYFURaTzTq4EFouj8P,check,18
43271.02,1AnmmidWcWF9UFAbKc1tY5xWKBVErYFURaTzTq4EFouj8P,check,18
43331.016,1AnmmidWcWF9UFAbKc1tY5xWKBVErYFURaTzTq4EFouj8P,check,18
43391.016,1AnmmidWcWF9UFAbKc1tY5xWKBVErYFURaTzTq4EFouj8P,check,18
43451.016,1AnmmidWcWF9UFAbKc1tY5xWKBVErYFURaTzTq4EFouj8P,check,18
43511.016,1AnmmidWcWF9UFAbKc1tY5xWKBVErYFURaTzTq4EFouj8P,check,17
43571.016,1AnmmidWcWF9UFAbKc1tY5xWKBVErYFURaTzTq4EFouj8P,check,18
43631.016,1AnmmidWcWF9UFAbKc1tY5xWKBVErYFURaTzTq4EFouj8P,check,17
43691.016,1AnmmidWcWF9UFAbKc1tY5xWKBVErYFURaTzTq4EFouj8P,check,17
43751.016,1AnmmidWcWF9UFAbKc1tY5xWKBVErYFURaTzTq4EFouj8P,check,18
43811.016,1AnmmidWcWF9UFAbKc1tY5xWKBVErYFURaTzTq4EFouj8P,check,17
43871.02,1AnmmidWcWF9UFAbKc1tY5xWKBVErYFURaTzTq4EFouj8P,check,17
43931.02,1AnmmidWcWF9UFAbKc1tY5xWKBVErYFURaTzTq4EFouj8P,check,18
43991.016,1AnmmidWcWF9UFAbKc1tY5xWKBVErYFURaTzTq4EFouj8P,check,17
44051.016,1AnmmidWcWF9UFAbKc1tY5xWKBVErYFURaTzTq4EFouj8P,check,18
44111.016,1AnmmidWcWF9UFAbKc1tY5xWKBVErYFURaTzTq4EFouj8P,check,18
44171.016,1AnmmidWcWF9UFAbKc1tY5xWKBVErYFURaTzTq4EFouj8P,check,18
44231.016,1AnmmidWcWF9UFAbKc1tY5xWKBVErYFURaTzTq4EFouj8P,check,18
44291.02,1AnmmidWcWF9UFAbKc1tY5xWKBVErYFURaTzTq4EFouj8P,check,17
44351.016,1AnmmidWcWF9UFAbKc1tY5xWKBVErYFURaTzTq4EFouj8P,check,18
44411.016,1AnmmidWcWF9UFAbKc1tY5xWKBVErYFURaTzTq4EFouj8P,check,18
44471.02,1AnmmidWcWF9UFAbKc1tY5xWKBVErYFURaTzTq4EFouj8P,check,18
44531.02,1AnmmidWcWF9UFAbKc1tY5xWKBVErYFURaTzTq4EFouj8P,check,18
44591.016,1AnmmidWcWF9UFAbKc1tY5xWKBVErYFURaTzTq4EFouj8P,check,17
44651.02,1AnmmidWcWF9UFAbKc1tY5xWKBVErYFURaTzTq4EFouj8P,check,17
44711.016,1AnmmidWcWF9UFAbKc1tY5xWKBVErYFURaTzTq4EFouj8P,check,18
44771.016,1AnmmidWcWF9UFAbKc1tY5xWKBVErYFURaTzTq4EFouj8P,check,18
44831.016,1AnmmidWcWF9UFAbKc1tY5xWKBVErYFURaTzTq4EFouj8P,check,18
44891.016,1AnmmidWcWF9UFAbKc1tY5xWKBVErYFURaTzTq4EFouj8P,check,18
44951.02,1AnmmidWcWF9UFAbKc1tY5xWKBVErYFURaTzTq4EFouj8P,check,18
45011.016,1AnmmidWcWF9UFAbKc1tY5xWKBVErYFURaTzTq4EFouj8P,check,18
45071.016,1AnmmidWcWF9UFAbKc1tY5xWKBVErYFURaTzTq4EFouj8P,check,18
45131.016,1AnmmidWcWF9UFAbKc1tY5xWKBVErYFURaTzTq4EFouj8P,check,17
45191.02,1AnmmidWcWF9UFAbKc1tY5xWKBVErYFURaTzTq4EFouj8P,check,18
45251.016,1AnmmidWcWF9UFAbKc1tY5xWKBVErYFURaTzTq4EFouj8P,check,18
45311.016,1AnmmidWcWF9UFAbKc1tY5xWKBVErYFURaTzTq4EFouj8P,check,18
45371.016,1AnmmidWcWF9UFAbKc1tY5xWKBVErYFURaTzTq4EFouj8P,check,17
45431.016,1AnmmidWcWF9UFAbKc1tY5xWKBVErYFURaTzTq4EFouj8P,check,17
45491.016,1AnmmidWcWF9UFAbKc1tY5xWKBVErYFURaTzTq4EFouj8P,check,17
45551.02,1AnmmidWcWF9UFAbKc1tY5xWKBVErYFURaTzTq4EFouj8P,check,18
45611.02,1AnmmidWcWF9UFAbKc1tY5xWKBVErYFURaTzTq4EFouj8P,check,18
45671.02,1AnmmidWcWF9UFAbKc1tY5xWKBVErYFURaTzTq4EFouj8P,check,18
45731.02,1AnmmidWcWF9UFAbKc1tY5xWKBVErYFURaTzTq4EFouj8P,check,18
45791.016,1AnmmidWcWF9UFAbKc1tY5xWKBVErYFURaTzTq4EFouj8P,check,17
45851.016,1AnmmidWcWF9UFAbKc1tY5xWKBVErYFURaTzTq4EFouj8P,check,17
45911.016,1AnmmidWcWF9UFAbKc1tY5xWKBVErYFURaTzTq4EFouj8P,check,17
45971.016,1AnmmidWcWF9UFAbKc1tY5xWKBVErYFURaTzTq4EFouj8P,check,18
46031.02,1AnmmidWcWF9UFAbKc1tY5xWKBVErYFURaTzTq4EFouj8P,check,18
46091.02,1AnmmidWcWF9UFAbKc1tY5xWKBVErYFURaTzTq4EFouj8P,check,18
46151.02,1AnmmidWcWF9UFAbKc1tY5xWKBVErYFURaTzTq4EFouj8P,check,18
46211.02,1AnmmidWcWF9UFAbKc1tY5xWKBVErYFURaTzTq4EFouj8P,check,18
46271.02,1AnmmidWcWF9UFAbKc1tY5xWKBVErYFURaTzTq4EFouj8P,check,18
46331.02,1AnmmidWcWF9UFAbKc1tY5xWKBVErYFURaTzTq4EFouj8P,check,18
46391.016,1AnmmidWcWF9UFAbKc1tY5xWKBVErYFURaTzTq4EFouj8P,check,17
46451.016,1AnmmidWcWF9UFAbKc1tY5xWKBVErYFURaTzTq4EFouj8P,check,18
46511.016,1AnmmidWcWF9UFAbKc1tY5xWKBVErYFURaTzTq4EFouj8P,check,18
46571.016,1AnmmidWcWF9UFAbKc1tY5xWKBVErYFURaTzTq4EFouj8P,check,18
46631.016,1AnmmidWcWF9UFAbKc1tY5xWKBVErYFURaTzTq4EFouj8P,check,18
46691.016,1AnmmidWcWF9UFAbKc1tY5xWKBVErYFURaTzTq4EFouj8P,check,17
46751.016,1AnmmidWcWF9UFAbKc1tY5xWKBVErYFURaTzTq4EFouj8P,check,18
46811.016,1AnmmidWcWF9UFAbKc1tY5xWKBVErYFURaTzTq4EFouj8P,check,18
46871.016,1AnmmidWcWF9UFAbKc1tY5xWKBVErYFURaTzTq4EFouj8P,check,18
46931.016,1AnmmidWcWF9UFAbKc1tY5xWKBVErYFURaTzTq4EFouj8P,check,18
46991.016,1AnmmidWcWF9UFAbKc1tY5xWKBVErYFURaTzTq4EFouj8P,check,17
47051.016,1AnmmidWcWF9UFAbKc1tY5xWKBVErYFURaTzTq4EFouj8P,check,17
47111.016,1AnmmidWcWF9UFAbKc1tY5xWKBVErYFURaTzTq4EFouj8P,check,18
47171.02,1AnmmidWcWF9UFAbKc1tY5xWKBVErYFURaTzTq4EFouj8P,check,18
47231.02,1AnmmidWcWF9UFAbKc1tY5xWKBVErYFURaTzTq4EFouj8P,check,17
47291.016,1AnmmidWcWF9UFAbKc1tY5xWKBVErYFURaTzTq4EFouj8P,check,18
47351.016,1AnmmidWcWF9UFAbKc1tY5xWKBVErYFURaTzTq4EFouj8P,check,18
47411.02,1AnmmidWcWF9UFAbKc1tY5xWKBVErYFURaTzTq4EFouj8P,check,16
47471.016,1AnmmidWcWF9UFAbKc1tY5xWKBVErYFURaTzTq4EFouj8P,check,18
47531.02,1AnmmidWcWF9UFAbKc1tY5xWKBVErYFURaTzTq4EFouj8P,check,18
47591.016,1AnmmidWcWF9UFAbKc1tY5xWKBVErYFURaTzTq4EFouj8P,check,17
47651.02,1AnmmidWcWF9UFAbKc1tY5xWKBVErYFURaTzTq4EFouj8P,check,16
47711.016,1AnmmidWcWF9UFAbKc1tY5xWKBVErYFURaTzTq4EFouj8P,check,16
47771.016,1AnmmidWcWF9UFAbKc1tY5xWKBVErYFURaTzTq4EFouj8P,check,18
47831.016,1AnmmidWcWF9UFAbKc1tY5xWKBVErYFURaTzTq4EFouj8P,check,17
47891.02,1AnmmidWcWF9UFAbKc1tY5xWKBVErYFURaTzTq4EFouj8P,check,18
47951.016,1AnmmidWcWF9UFAbKc1tY5xWKBVErYFURaTzTq4EFouj8P,check,18
48011.016,1AnmmidWcWF9UFAbKc1tY5xWKBVErYFURaTzTq4EFouj8P,check,18
48071.016,1AnmmidWcWF9UFAbKc1tY5xWKBVErYFURaTzTq4EFouj8P,check,18
48131.016,1AnmmidWcWF9UFAbKc1tY5xWKBVErYFURaTzTq4EFouj8P,check,18
48191.016,1AnmmidWcWF9UFAbKc1tY5xWKBVErYFURaTzTq4EFouj8P,check,18
48251.016,1AnmmidWcWF9UFAbKc1tY5xWKBVErYFURaTzTq4EFouj8P,check,18
48311.016,1AnmmidWcWF9UFAbKc1tY5xWKBVErYFURaTzTq4EFouj8P,check,18
48371.02,1AnmmidWcWF9UFAbKc1tY5xWKBVErYFURaTzTq4EFouj8P,check,18
48431.016,1AnmmidWcWF9UFAbKc1tY5xWKBVErYFURaTzTq4EFouj8P,check,18
48491.016,1AnmmidWcWF9UFAbKc1tY5xWKBVErYFURaTzTq4EFouj8P,check,17
48551.02,1AnmmidWcWF9UFAbKc1tY5xWKBVErYFURaTzTq4EFouj8P,check,17
48611.016,1AnmmidWcWF9UFAbKc1tY5xWKBVErYFURaTzTq4EFouj8P,check,18
48671.02,1AnmmidWcWF9UFAbKc1tY5xWKBVErYFURaTzTq4EFouj8P,check,18
48731.016,1AnmmidWcWF9UFAbKc1tY5xWKBVErYFURaTzTq4EFouj8P,check,18
48791.016,1AnmmidWcWF9UFAbKc1tY5xWKBVErYFURaTzTq4EFouj8P,check,17
48851.016,1AnmmidWcWF9UFAbKc1tY5xWKBVErYFURaTzTq4EFouj8P,check,18
48911.016,1AnmmidWcWF9UFAbKc1tY5xWKBVErYFURaTzTq4EFouj8P,check,18
48971.02,1AnmmidWcWF9UFAbKc1tY5xWKBVErYFURaTzTq4EFouj8P,check,17
49031.02,1AnmmidWcWF9UFAbKc1tY5xWKBVErYFURaTzTq4EFouj8P,check,18
49091.016,1AnmmidWcWF9UFAbKc1tY5xWKBVErYFURaTzTq4EFouj8P,check,17
49151.02,1AnmmidWcWF9UFAbKc1tY5xWKBVErYFURaTzTq4EFouj8P,check,18
49211.016,1AnmmidWcWF9UFAbKc1tY5xWKBVErYFURaTzTq4EFouj8P,check,18
49271.016,1AnmmidWcWF9UFAbKc1tY5xWKBVErYFURaTzTq4EFouj8P,check,18
49331.016,1AnmmidWcWF9UFAbKc1tY5xWKBVErYFURaTzTq4EFouj8P,check,18
49391.02,1AnmmidWcWF9UFAbKc1tY5xWKBVErYFURaTzTq4EFouj8P,check,17
49451.016,1AnmmidWcWF9UFAbKc1tY5xWKBVErYFURaTzTq4EFouj8P,check,17
49511.02,1AnmmidWcWF9UFAbKc1tY5xWKBVErYFURaTzTq4EFouj8P,check,17
49571.016,1AnmmidWcWF9UFAbKc1tY5xWKBVErYFURaTzTq4EFouj8P,check,16
49631.02,1AnmmidWcWF9UFAbKc1tY5xWKBVErYFURaTzTq4EFouj8P,check,17
49691.016,1AnmmidWcWF9UFAbKc1tY5xWKBVErYFURaTzTq4EFouj8P,check,17
49751.016,1AnmmidWcWF9UFAbKc1tY5xWKBVErYFURaTzTq4EFouj8P,check,18
49811.016,1AnmmidWcWF9UFAbKc1tY5xWKBVErYFURaTzTq4EFouj8P,check,18
49871.016,1AnmmidWcWF9UFAbKc1tY5xWKBVErYFURaTzTq4EFouj8P,check,18
49931.02,1AnmmidWcWF9UFAbKc1tY5xWKBVErYFURaTzTq4EFouj8P,check,18
49991.02,1AnmmidWcWF9UFAbKc1tY5xWKBVErYFURaTzTq4EFouj8P,check,17
50051.016,1AnmmidWcWF9UFAbKc1tY5xWKBVErYFURaTzTq4EFouj8P,check,18
50111.016,1AnmmidWcWF9UFAbKc1tY5xWKBVErYFURaTzTq4EFouj8P,check,18
50171.016,1AnmmidWcWF9UFAbKc1tY5xWKBVErYFURaTzTq4EFouj8P,check,18
50231.02,1AnmmidWcWF9UFAbKc1tY5xWKBVErYFURaTzTq4EFouj8P,check,18
50291.02,1AnmmidWcWF9UFAbKc1tY5xWKBVErYFURaTzTq4EFouj8P,check,17
50351.02,1AnmmidWcWF9UFAbKc1tY5xWKBVErYFURaTzTq4EFouj8P,check,18
50411.016,1AnmmidWcWF9UFAbKc1tY5xWKBVErYFURaTzTq4EFouj8P,check,18
50471.02,1AnmmidWcWF9UFAbKc1tY5xWKBVErYFURaTzTq4EFouj8P,check,18
50531.016,1AnmmidWcWF9UFAbKc1tY5xWKBVErYFURaTzTq4EFouj8P,check,18
50591.016,1AnmmidWcWF9UFAbKc1tY5xWKBVErYFURaTzTq4EFouj8P,check,17
50651.02,1AnmmidWcWF9UFAbKc1tY5xWKBVErYFURaTzTq4EFouj8P,check,18
50711.02,1AnmmidWcWF9UFAbKc1tY5xWKBVErYFURaTzTq4EFouj8P,check,18
50771.016,1AnmmidWcWF9UFAbKc1tY5xWKBVErYFURaTzTq4EFouj8P,check,18
50831.016,1AnmmidWcWF9UFAbKc1tY5xWKBVErYFURaTzTq4EFouj8P,check,18
50891.016,1AnmmidWcWF9UFAbKc1tY5xWKBVErYFURaTzTq4EFouj8P,check,16
50951.02,1AnmmidWcWF9UFAbKc1tY5xWKBVErYFURaTzTq4EFouj8P,check,18
51011.016,1AnmmidWcWF9UFAbKc1tY5xWKBVErYFURaTzTq4EFouj8P,check,18
51071.016,1AnmmidWcWF9UFAbKc1tY5xWKBVErYFURaTzTq4EFouj8P,check,18
51131.016,1AnmmidWcWF9UFAbKc1tY5xWKBVErYFURaTzTq4EFouj8P,check,18
51191.01,1AnmmidWcWF9UFAbKc1tY5xWKBVErYFURaTzTq4EFouj8P,check,18
51251.016,1AnmmidWcWF9UFAbKc1tY5xWKBVErYFURaTzTq4EFouj8P,check,18
51311.02,1AnmmidWcWF9UFAbKc1tY5xWKBVErYFURaTzTq4EFouj8P,check,18
51371.016,1AnmmidWcWF9UFAbKc1tY5xWKBVErYFURaTzTq4EFouj8P,check,18
51431.02,1AnmmidWcWF9UFAbKc1tY5xWKBVErYFURaTzTq4EFouj8P,check,18
51491.02,1AnmmidWcWF9UFAbKc1tY5xWKBVErYFURaTzTq4EFouj8P,check,18
51551.01,1AnmmidWcWF9UFAbKc1tY5xWKBVErYFURaTzTq4EFouj8P,check,18
51611.016,1AnmmidWcWF9UFAbKc1tY5xWKBVErYFURaTzTq4EFouj8P,check,18
51671.01,1AnmmidWcWF9UFAbKc1tY5xWKBVErYFURaTzTq4EFouj8P,check,17
51731.008,1AnmmidWcWF9UFAbKc1tY5xWKBVErYFURaTzTq4EFouj8P,check,18
51791.008,1AnmmidWcWF9UFAbKc1tY5xWKBVErYFURaTzTq4EFouj8P,check,18
51851.004,1AnmmidWcWF9UFAbKc1tY5xWKBVErYFURaTzTq4EFouj8P,check,18
51911.01,1AnmmidWcWF9UFAbKc1tY5xWKBVErYFURaTzTq4EFouj8P,check,18
51971.016,1AnmmidWcWF9UFAbKc1tY5xWKBVErYFURaTzTq4EFouj8P,check,17
52031.02,1AnmmidWcWF9UFAbKc1tY5xWKBVErYFURaTzTq4EFouj8P,check,17
52091.016,1AnmmidWcWF9UFAbKc1tY5xWKBVErYFURaTzTq4EFouj8P,check,17
52151.016,1AnmmidWcWF9UFAbKc1tY5xWKBVErYFURaTzTq4EFouj8P,check,18
52211.016,1AnmmidWcWF9UFAbKc1tY5xWKBVErYFURaTzTq4EFouj8P,check,17
52271.016,1AnmmidWcWF9UFAbKc1tY5xWKBVErYFURaTzTq4EFouj8P,check,18
52331.016,1AnmmidWcWF9UFAbKc1tY5xWKBVErYFURaTzTq4EFouj8P,check,18
52391.02,1AnmmidWcWF9UFAbKc1tY5xWKBVErYFURaTzTq4EFouj8P,check,17
52451.016,1AnmmidWcWF9UFAbKc1tY5xWKBVErYFURaTzTq4EFouj8P,check,17
52511.016,1AnmmidWcWF9UFAbKc1tY5xWKBVErYFURaTzTq4EFouj8P,check,17
52571.016,1AnmmidWcWF9UFAbKc1tY5xWKBVErYFURaTzTq4EFouj8P,check,17
52631.016,1AnmmidWcWF9UFAbKc1tY5xWKBVErYFURaTzTq4EFouj8P,check,17
52691.016,1AnmmidWcWF9UFAbKc1tY5xWKBVErYFURaTzTq4EFouj8P,check,17
52751.02,1AnmmidWcWF9UFAbKc1tY5xWKBVErYFURaTzTq4EFouj8P,check,18
52811.016,1AnmmidWcWF9UFAbKc1tY5xWKBVErYFURaTzTq4EFouj8P,check,18
52871.02,1AnmmidWcWF9UFAbKc1tY5xWKBVErYFURaTzTq4EFouj8P,check,18
52931.016,1AnmmidWcWF9UFAbKc1tY5xWKBVErYFURaTzTq4EFouj8P,check,18
52991.016,1AnmmidWcWF9UFAbKc1tY5xWKBVErYFURaTzTq4EFouj8P,check,17
53051.016,1AnmmidWcWF9UFAbKc1tY5xWKBVErYFURaTzTq4EFouj8P,check,17
53111.016,1AnmmidWcWF9UFAbKc1tY5xWKBVErYFURaTzTq4EFouj8P,check,17
53171.016,1AnmmidWcWF9UFAbKc1tY5xWKBVErYFURaTzTq4EFouj8P,check,18
53231.016,1AnmmidWcWF9UFAbKc1tY5xWKBVErYFURaTzTq4EFouj8P,check,18
53291.016,1AnmmidWcWF9UFAbKc1tY5xWKBVErYFURaTzTq4EFouj8P,check,18
53351.02,1AnmmidWcWF9UFAbKc1tY5xWKBVErYFURaTzTq4EFouj8P,check,18
53411.016,1AnmmidWcWF9UFAbKc1tY5xWKBVErYFURaTzTq4EFouj8P,check,18
53471.016,1AnmmidWcWF9UFAbKc1tY5xWKBVErYFURaTzTq4EFouj8P,check,18
53531.016,1AnmmidWcWF9UFAbKc1tY5xWKBVErYFURaTzTq4EFouj8P,check,18
53591.016,1AnmmidWcWF9UFAbKc1tY5xWKBVErYFURaTzTq4EFouj8P,check,18
53651.016,1AnmmidWcWF9UFAbKc1tY5xWKBVErYFURaTzTq4EFouj8P,check,18
53711.02,1AnmmidWcWF9UFAbKc1tY5xWKBVErYFURaTzTq4EFouj8P,check,18
53771.016,1AnmmidWcWF9UFAbKc1tY5xWKBVErYFURaTzTq4EFouj8P,check,18
53831.016,1AnmmidWcWF9UFAbKc1tY5xWKBVErYFURaTzTq4EFouj8P,check,18
53891.016,1AnmmidWcWF9UFAbKc1tY5xWKBVErYFURaTzTq4EFouj8P,check,17
53951.016,1AnmmidWcWF9UFAbKc1tY5xWKBVErYFURaTzTq4EFouj8P,check,18
54011.016,1AnmmidWcWF9UFAbKc1tY5xWKBVErYFURaTzTq4EFouj8P,check,18
54071.02,1AnmmidWcWF9UFAbKc1tY5xWKBVErYFURaTzTq4EFouj8P,check,18
54131.016,1AnmmidWcWF9UFAbKc1tY5xWKBVErYFURaTzTq4EFouj8P,check,18
54191.016,1AnmmidWcWF9UFAbKc1tY5xWKBVErYFURaTzTq4EFouj8P,check,17
54251.02,1AnmmidWcWF9UFAbKc1tY5xWKBVErYFURaTzTq4EFouj8P,check,18
54311.016,1AnmmidWcWF9UFAbKc1tY5xWKBVErYFURaTzTq4EFouj8P,check,18
54371.02,1AnmmidWcWF9UFAbKc1tY5xWKBVErYFURaTzTq4EFouj8P,check,18
54431.02,1AnmmidWcWF9UFAbKc1tY5xWKBVErYFURaTzTq4EFouj8P,check,18
54491.016,1AnmmidWcWF9UFAbKc1tY5xWKBVErYFURaTzTq4EFouj8P,check,18
54551.016,1AnmmidWcWF9UFAbKc1tY5xWKBVErYFURaTzTq4EFouj8P,check,18
54611.016,1AnmmidWcWF9UFAbKc1tY5xWKBVErYFURaTzTq4EFouj8P,check,18
54671.02,1AnmmidWcWF9UFAbKc1tY5xWKBVErYFURaTzTq4EFouj8P,check,18
54731.016,1AnmmidWcWF9UFAbKc1tY5xWKBVErYFURaTzTq4EFouj8P,check,18
54791.02,1AnmmidWcWF9UFAbKc1tY5xWKBVErYFURaTzTq4EFouj8P,check,18
54851.016,1AnmmidWcWF9UFAbKc1tY5xWKBVErYFURaTzTq4EFouj8P,check,18
54911.016,1AnmmidWcWF9UFAbKc1tY5xWKBVErYFURaTzTq4EFouj8P,check,18
54971.016,1AnmmidWcWF9UFAbKc1tY5xWKBVErYFURaTzTq4EFouj8P,check,17
55031.016,1AnmmidWcWF9UFAbKc1tY5xWKBVErYFURaTzTq4EFouj8P,check,17
55091.02,1AnmmidWcWF9UFAbKc1tY5xWKBVErYFURaTzTq4EFouj8P,check,17
55151.016,1AnmmidWcWF9UFAbKc1tY5xWKBVErYFURaTzTq4EFouj8P,check,18
55211.016,1AnmmidWcWF9UFAbKc1tY5xWKBVErYFURaTzTq4EFouj8P,check,17
55271.02,1AnmmidWcWF9UFAbKc1tY5xWKBVErYFURaTzTq4EFouj8P,check,18
55331.02,1AnmmidWcWF9UFAbKc1tY5xWKBVErYFURaTzTq4EFouj8P,check,18
55391.016,1AnmmidWcWF9UFAbKc1tY5xWKBVErYFURaTzTq4EFouj8P,check,17
55451.02,1AnmmidWcWF9UFAbKc1tY5xWKBVErYFURaTzTq4EFouj8P,check,18
55511.016,1AnmmidWcWF9UFAbKc1tY5xWKBVErYFURaTzTq4EFouj8P,check,17
55571.02,1AnmmidWcWF9UFAbKc1tY5xWKBVErYFURaTzTq4EFouj8P,check,18
55631.016,1AnmmidWcWF9UFAbKc1tY5xWKBVErYFURaTzTq4EFouj8P,check,18
55691.016,1AnmmidWcWF9UFAbKc1tY5xWKBVErYFURaTzTq4EFouj8P,check,17
55751.016,1AnmmidWcWF9UFAbKc1tY5xWKBVErYFURaTzTq4EFouj8P,check,18
55811.016,1AnmmidWcWF9UFAbKc1tY5xWKBVErYFURaTzTq4EFouj8P,check,18
55871.02,1AnmmidWcWF9UFAbKc1tY5xWKBVErYFURaTzTq4EFouj8P,check,18
55931.016,1AnmmidWcWF9UFAbKc1tY5xWKBVErYFURaTzTq4EFouj8P,check,18
55991.016,1AnmmidWcWF9UFAbKc1tY5xWKBVErYFURaTzTq4EFouj8P,check,17
56051.016,1AnmmidWcWF9UFAbKc1tY5xWKBVErYFURaTzTq4EFouj8P,check,18
56111.016,1AnmmidWcWF9UFAbKc1tY5xWKBVErYFURaTzTq4EFouj8P,check,18
56171.016,1AnmmidWcWF9UFAbKc1tY5xWKBVErYFURaTzTq4EFouj8P,check,18
56231.02,1AnmmidWcWF9UFAbKc1tY5xWKBVErYFURaTzTq4EFouj8P,check,18
56291.01,1AnmmidWcWF9UFAbKc1tY5xWKBVErYFURaTzTq4EFouj8P,check,17
56351.016,1AnmmidWcWF9UFAbKc1tY5xWKBVErYFURaTzTq4EFouj8P,check,18
56411.016,1AnmmidWcWF9UFAbKc1tY5xWKBVErYFURaTzTq4EFouj8P,check,18
56471.02,1AnmmidWcWF9UFAbKc1tY5xWKBVErYFURaTzTq4EFouj8P,check,18
56531.016,1AnmmidWcWF9UFAbKc1tY5xWKBVErYFURaTzTq4EFouj8P,check,18
56591.016,1AnmmidWcWF9UFAbKc1tY5xWKBVErYFURaTzTq4EFouj8P,check,18
56651.01,1AnmmidWcWF9UFAbKc1tY5xWKBVErYFURaTzTq4EFouj8P,check,18
56711.016,1AnmmidWcWF9UFAbKc1tY5xWKBVErYFURaTzTq4EFouj8P,check,18
56771.016,1AnmmidWcWF9UFAbKc1tY5xWKBVErYFURaTzTq4EFouj8P,check,18
56831.016,1AnmmidWcWF9UFAbKc1tY5xWKBVErYFURaTzTq4EFouj8P,check,17
56891.016,1AnmmidWcWF9UFAbKc1tY5xWKBVErYFURaTzTq4EFouj8P,check,17
56951.016,1AnmmidWcWF9UFAbKc1tY5xWKBVErYFURaTzTq4EFouj8P,check,18
57011.01,1AnmmidWcWF9UFAbKc1tY5xWKBVErYFURaTzTq4EFouj8P,check,18
57071.02,1AnmmidWcWF9UFAbKc1tY5xWKBVErYFURaTzTq4EFouj8P,check,17
57131.016,1AnmmidWcWF9UFAbKc1tY5xWKBVErYFURaTzTq4EFouj8P,check,18
57191.016,1AnmmidWcWF9UFAbKc1tY5xWKBVErYFURaTzTq4EFouj8P,check,17
57251.02,1AnmmidWcWF9UFAbKc1tY5xWKBVErYFURaTzTq4EFouj8P,check,18
57311.016,1AnmmidWcWF9UFAbKc1tY5xWKBVErYFURaTzTq4EFouj8P,check,18
57371.02,1AnmmidWcWF9UFAbKc1tY5xWKBVErYFURaTzTq4EFouj8P,check,18
57431.02,1AnmmidWcWF9UFAbKc1tY5xWKBVErYFURaTzTq4EFouj8P,check,18
57491.02,1AnmmidWcWF9UFAbKc1tY5xWKBVErYFURaTzTq4EFouj8P,check,17
57551.016,1AnmmidWcWF9UFAbKc1tY5xWKBVErYFURaTzTq4EFouj8P,check,18
57611.016,1AnmmidWcWF9UFAbKc1tY5xWKBVErYFURaTzTq4EFouj8P,check,18
57671.016,1AnmmidWcWF9UFAbKc1tY5xWKBVErYFURaTzTq4EFouj8P,check,18
57731.016,1AnmmidWcWF9UFAbKc1tY5xWKBVErYFURaTzTq4EFouj8P,check,18
57791.02,1AnmmidWcWF9UFAbKc1tY5xWKBVErYFURaTzTq4EFouj8P,check,17
57851.016,1AnmmidWcWF9UFAbKc1tY5xWKBVErYFURaTzTq4EFouj8P,check,18
57911.016,1AnmmidWcWF9UFAbKc1tY5xWKBVErYFURaTzTq4EFouj8P,check,18
57971.016,1AnmmidWcWF9UFAbKc1tY5xWKBVErYFURaTzTq4EFouj8P,check,18
58031.02,1AnmmidWcWF9UFAbKc1tY5xWKBVErYFURaTzTq4EFouj8P,check,18
58091.02,1AnmmidWcWF9UFAbKc1tY5xWKBVErYFURaTzTq4EFouj8P,check,17
58151.016,1AnmmidWcWF9UFAbKc1tY5xWKBVErYFURaTzTq4EFouj8P,check,18
58211.016,1AnmmidWcWF9UFAbKc1tY5xWKBVErYFURaTzTq4EFouj8P,check,18
58271.02,1AnmmidWcWF9UFAbKc1tY5xWKBVErYFURaTzTq4EFouj8P,check,18
58331.016,1AnmmidWcWF9UFAbKc1tY5xWKBVErYFURaTzTq4EFouj8P,check,18
58391.016,1AnmmidWcWF9UFAbKc1tY5xWKBVErYFURaTzTq4EFouj8P,check,18
58451.016,1AnmmidWcWF9UFAbKc1tY5xWKBVErYFURaTzTq4EFouj8P,check,18
58511.016,1AnmmidWcWF9UFAbKc1tY5xWKBVErYFURaTzTq4EFouj8P,check,18
58571.016,1AnmmidWcWF9UFAbKc1tY5xWKBVErYFURaTzTq4EFouj8P,check,18
58631.016,1AnmmidWcWF9UFAbKc1tY5xWKBVErYFURaTzTq4EFouj8P,check,17
58691.016,1AnmmidWcWF9UFAbKc1tY5xWKBVErYFURaTzTq4EFouj8P,check,17
58751.016,1AnmmidWcWF9UFAbKc1tY5xWKBVErYFURaTzTq4EFouj8P,check,18
58811.016,1AnmmidWcWF9UFAbKc1tY5xWKBVErYFURaTzTq4EFouj8P,check,18
58871.02,1AnmmidWcWF9UFAbKc1tY5xWKBVErYFURaTzTq4EFouj8P,check,18
58931.016,1AnmmidWcWF9UFAbKc1tY5xWKBVErYFURaTzTq4EFouj8P,check,18
58991.016,1AnmmidWcWF9UFAbKc1tY5xWKBVErYFURaTzTq4EFouj8P,check,18
59051.02,1AnmmidWcWF9UFAbKc1tY5xWKBVErYFURaTzTq4EFouj8P,check,18
59111.02,1AnmmidWcWF9UFAbKc1tY5xWKBVErYFURaTzTq4EFouj8P,check,18
59171.016,1AnmmidWcWF9UFAbKc1tY5xWKBVErYFURaTzTq4EFouj8P,check,18
59231.016,1AnmmidWcWF9UFAbKc1tY5xWKBVErYFURaTzTq4EFouj8P,check,17
59291.016,1AnmmidWcWF9UFAbKc1tY5xWKBVErYFURaTzTq4EFouj8P,check,17
59351.02,1AnmmidWcWF9UFAbKc1tY5xWKBVErYFURaTzTq4EFouj8P,check,18
59411.016,1AnmmidWcWF9UFAbKc1tY5xWKBVErYFURaTzTq4EFouj8P,check,18
59471.016,1AnmmidWcWF9UFAbKc1tY5xWKBVErYFURaTzTq4EFouj8P,check,18
59531.016,1AnmmidWcWF9UFAbKc1tY5xWKBVErYFURaTzTq4EFouj8P,check,18
59591.016,1AnmmidWcWF9UFAbKc1tY5xWKBVErYFURaTzTq4EFouj8P,check,17
59651.016,1AnmmidWcWF9UFAbKc1tY5xWKBVErYFURaTzTq4EFouj8P,check,18
59711.016,1AnmmidWcWF9UFAbKc1tY5xWKBVErYFURaTzTq4EFouj8P,check,18
59771.023,1AnmmidWcWF9UFAbKc1tY5xWKBVErYFURaTzTq4EFouj8P,check,18
59831.016,1AnmmidWcWF9UFAbKc1tY5xWKBVErYFURaTzTq4EFouj8P,check,18
59891.016,1AnmmidWcWF9UFAbKc1tY5xWKBVErYFURaTzTq4EFouj8P,check,17
59951.02,1AnmmidWcWF9UFAbKc1tY5xWKBVErYFURaTzTq4EFouj8P,check,18
60011.02,1AnmmidWcWF9UFAbKc1tY5xWKBVErYFURaTzTq4EFouj8P,check,17
60071.02,1AnmmidWcWF9UFAbKc1tY5xWKBVErYFURaTzTq4EFouj8P,check,18
60131.02,1AnmmidWcWF9UFAbKc1tY5xWKBVErYFURaTzTq4EFouj8P,check,18
60191.016,1AnmmidWcWF9UFAbKc1tY5xWKBVErYFURaTzTq4EFouj8P,check,18
60251.016,1AnmmidWcWF9UFAbKc1tY5xWKBVErYFURaTzTq4EFouj8P,check,18
60311.01,1AnmmidWcWF9UFAbKc1tY5xWKBVErYFURaTzTq4EFouj8P,check,18
60371.016,1AnmmidWcWF9UFAbKc1tY5xWKBVErYFURaTzTq4EFouj8P,check,18
60431.016,1AnmmidWcWF9UFAbKc1tY5xWKBVErYFURaTzTq4EFouj8P,check,16
60491.01,1AnmmidWcWF9UFAbKc1tY5xWKBVErYFURaTzTq4EFouj8P,check,17
60551.008,1AnmmidWcWF9UFAbKc1tY5xWKBVErYFURaTzTq4EFouj8P,check,18
60611.01,1AnmmidWcWF9UFAbKc1tY5xWKBVErYFURaTzTq4EFouj8P,check,18
60671.008,1AnmmidWcWF9UFAbKc1tY5xWKBVErYFURaTzTq4EFouj8P,check,18
60731.008,1AnmmidWcWF9UFAbKc1tY5xWKBVErYFURaTzTq4EFouj8P,check,18
60791.01,1AnmmidWcWF9UFAbKc1tY5xWKBVErYFURaTzTq4EFouj8P,check,17
60851.016,1AnmmidWcWF9UFAbKc1tY5xWKBVErYFURaTzTq4EFouj8P,check,17
60911.016,1AnmmidWcWF9UFAbKc1tY5xWKBVErYFURaTzTq4EFouj8P,check,17
60971.016,1AnmmidWcWF9UFAbKc1tY5xWKBVErYFURaTzTq4EFouj8P,check,17
61031.01,1AnmmidWcWF9UFAbKc1tY5xWKBVErYFURaTzTq4EFouj8P,check,17
61091.016,1AnmmidWcWF9UFAbKc1tY5xWKBVErYFURaTzTq4EFouj8P,check,17
61151.016,1AnmmidWcWF9UFAbKc1tY5xWKBVErYFURaTzTq4EFouj8P,check,18
61211.016,1AnmmidWcWF9UFAbKc1tY5xWKBVErYFURaTzTq4EFouj8P,check,18
61271.016,1AnmmidWcWF9UFAbKc1tY5xWKBVErYFURaTzTq4EFouj8P,check,18
61331.016,1AnmmidWcWF9UFAbKc1tY5xWKBVErYFURaTzTq4EFouj8P,check,18
61391.01,1AnmmidWcWF9UFAbKc1tY5xWKBVErYFURaTzTq4EFouj8P,check,18
61451.016,1AnmmidWcWF9UFAbKc1tY5xWKBVErYFURaTzTq4EFouj8P,check,18
61511.016,1AnmmidWcWF9UFAbKc1tY5xWKBVErYFURaTzTq4EFouj8P,check,18
61571.016,1AnmmidWcWF9UFAbKc1tY5xWKBVErYFURaTzTq4EFouj8P,check,18
61631.016,1AnmmidWcWF9UFAbKc1tY5xWKBVErYFURaTzTq4EFouj8P,check,17
61691.016,1AnmmidWcWF9UFAbKc1tY5xWKBVErYFURaTzTq4EFouj8P,check,17
61751.01,1AnmmidWcWF9UFAbKc1tY5xWKBVErYFURaTzTq4EFouj8P,check,18
61811.02,1AnmmidWcWF9UFAbKc1tY5xWKBVErYFURaTzTq4EFouj8P,check,18
61871.02,1AnmmidWcWF9UFAbKc1tY5xWKBVErYFURaTzTq4EFouj8P,check,18
61931.016,1AnmmidWcWF9UFAbKc1tY5xWKBVErYFURaTzTq4EFouj8P,check,18
61991.016,1AnmmidWcWF9UFAbKc1tY5xWKBVErYFURaTzTq4EFouj8P,check,18
62051.016,1AnmmidWcWF9UFAbKc1tY5xWKBVErYFURaTzTq4EFouj8P,check,18
62111.02,1AnmmidWcWF9UFAbKc1tY5xWKBVErYFURaTzTq4EFouj8P,check,18
62171.016,1AnmmidWcWF9UFAbKc1tY5xWKBVErYFURaTzTq4EFouj8P,check,18
62231.016,1AnmmidWcWF9UFAbKc1tY5xWKBVErYFURaTzTq4EFouj8P,check,17
62291.02,1AnmmidWcWF9UFAbKc1tY5xWKBVErYFURaTzTq4EFouj8P,check,17
62351.016,1AnmmidWcWF9UFAbKc1tY5xWKBVErYFURaTzTq4EFouj8P,check,18
62411.016,1AnmmidWcWF9UFAbKc1tY5xWKBVErYFURaTzTq4EFouj8P,check,17
62471.016,1AnmmidWcWF9UFAbKc1tY5xWKBVErYFURaTzTq4EFouj8P,check,18
62531.016,1AnmmidWcWF9UFAbKc1tY5xWKBVErYFURaTzTq4EFouj8P,check,18
62591.016,1AnmmidWcWF9UFAbKc1tY5xWKBVErYFURaTzTq4EFouj8P,check,18
62651.02,1AnmmidWcWF9UFAbKc1tY5xWKBVErYFURaTzTq4EFouj8P,check,18
62711.016,1AnmmidWcWF9UFAbKc1tY5xWKBVErYFURaTzTq4EFouj8P,check,18
62771.016,1AnmmidWcWF9UFAbKc1tY5xWKBVErYFURaTzTq4EFouj8P,check,18
62831.02,1AnmmidWcWF9UFAbKc1tY5xWKBVErYFURaTzTq4EFouj8P,check,17
62891.016,1AnmmidWcWF9UFAbKc1tY5xWKBVErYFURaTzTq4EFouj8P,check,17
62951.02,1AnmmidWcWF9UFAbKc1tY5xWKBVErYFURaTzTq4EFouj8P,check,18
63011.016,1AnmmidWcWF9UFAbKc1tY5xWKBVErYFURaTzTq4EFouj8P,check,18
63071.02,1AnmmidWcWF9UFAbKc1tY5xWKBVErYFURaTzTq4EFouj8P,check,18
63131.016,1AnmmidWcWF9UFAbKc1tY5xWKBVErYFURaTzTq4EFouj8P,check,18
63191.016,1AnmmidWcWF9UFAbKc1tY5xWKBVErYFURaTzTq4EFouj8P,check,17
63251.016,1AnmmidWcWF9UFAbKc1tY5xWKBVErYFURaTzTq4EFouj8P,check,17
63311.016,1AnmmidWcWF9UFAbKc1tY5xWKBVErYFURaTzTq4EFouj8P,check,17
63371.016,1AnmmidWcWF9UFAbKc1tY5xWKBVErYFURaTzTq4EFouj8P,check,17
63431.016,1AnmmidWcWF9UFAbKc1tY5xWKBVErYFURaTzTq4EFouj8P,check,16
63491.02,1AnmmidWcWF9UFAbKc1tY5xWKBVErYFURaTzTq4EFouj8P,check,17
63551.016,1AnmmidWcWF9UFAbKc1tY5xWKBVErYFURaTzTq4EFouj8P,check,18
63611.016,1AnmmidWcWF9UFAbKc1tY5xWKBVErYFURaTzTq4EFouj8P,check,18
63671.02,1AnmmidWcWF9UFAbKc1tY5xWKBVErYFURaTzTq4EFouj8P,check,18
63731.016,1AnmmidWcWF9UFAbKc1tY5xWKBVErYFURaTzTq4EFouj8P,check,18
63791.016,1AnmmidWcWF9UFAbKc1tY5xWKBVErYFURaTzTq4EFouj8P,check,17
63851.02,1AnmmidWcWF9UFAbKc1tY5xWKBVErYFURaTzTq4EFouj8P,check,18
63911.016,1AnmmidWcWF9UFAbKc1tY5xWKBVErYFURaTzTq4EFouj8P,check,18
63971.016,1AnmmidWcWF9UFAbKc1tY5xWKBVErYFURaTzTq4EFouj8P,check,17
64031.016,1AnmmidWcWF9UFAbKc1tY5xWKBVErYFURaTzTq4EFouj8P,check,17
64091.02,1AnmmidWcWF9UFAbKc1tY5xWKBVErYFURaTzTq4EFouj8P,check,17
64151.016,1AnmmidWcWF9UFAbKc1tY5xWKBVErYFURaTzTq4EFouj8P,check,18
64211.016,1AnmmidWcWF9UFAbKc1tY5xWKBVErYFURaTzTq4EFouj8P,check,18
64271.02,1AnmmidWcWF9UFAbKc1tY5xWKBVErYFURaTzTq4EFouj8P,check,18
64331.016,1AnmmidWcWF9UFAbKc1tY5xWKBVErYFURaTzTq4EFouj8P,check,18
64391.016,1AnmmidWcWF9UFAbKc1tY5xWKBVErYFURaTzTq4EFouj8P,check,17
64451.016,1AnmmidWcWF9UFAbKc1tY5xWKBVErYFURaTzTq4EFouj8P,check,18
64511.016,1AnmmidWcWF9UFAbKc1tY5xWKBVErYFURaTzTq4EFouj8P,check,18
64571.016,1AnmmidWcWF9UFAbKc1tY5xWKBVErYFURaTzTq4EFouj8P,check,18
64631.016,1AnmmidWcWF9UFAbKc1tY5xWKBVErYFURaTzTq4EFouj8P,check,18
64691.016,1AnmmidWcWF9UFAbKc1tY5xWKBVErYFURaTzTq4EFouj8P,check,17
64751.016,1AnmmidWcWF9UFAbKc1tY5xWKBVErYFURaTzTq4EFouj8P,check,18
64811.016,1AnmmidWcWF9UFAbKc1tY5xWKBVErYFURaTzTq4EFouj8P,check,17
64871.016,1AnmmidWcWF9UFAbKc1tY5xWKBVErYFURaTzTq4EFouj8P,check,18
64931.016,1AnmmidWcWF9UFAbKc1tY5xWKBVErYFURaTzTq4EFouj8P,check,17
64991.016,1AnmmidWcWF9UFAbKc1tY5xWKBVErYFURaTzTq4EFouj8P,check,17
65051.008,1AnmmidWcWF9UFAbKc1tY5xWKBVErYFURaTzTq4EFouj8P,check,18
65111.02,1AnmmidWcWF9UFAbKc1tY5xWKBVErYFURaTzTq4EFouj8P,check,18
65171.016,1AnmmidWcWF9UFAbKc1tY5xWKBVErYFURaTzTq4EFouj8P,check,17
65231.016,1AnmmidWcWF9UFAbKc1tY5xWKBVErYFURaTzTq4EFouj8P,check,18
65291.02,1AnmmidWcWF9UFAbKc1tY5xWKBVErYFURaTzTq4EFouj8P,check,16
65351.016,1AnmmidWcWF9UFAbKc1tY5xWKBVErYFURaTzTq4EFouj8P,check,18
65411.016,1AnmmidWcWF9UFAbKc1tY5xWKBVErYFURaTzTq4EFouj8P,check,18
65471.02,1AnmmidWcWF9UFAbKc1tY5xWKBVErYFURaTzTq4EFouj8P,check,18
65531.016,1AnmmidWcWF9UFAbKc1tY5xWKBVErYFURaTzTq4EFouj8P,check,18
65591.016,1AnmmidWcWF9UFAbKc1tY5xWKBVErYFURaTzTq4EFouj8P,check,17
65651.016,1AnmmidWcWF9UFAbKc1tY5xWKBVErYFURaTzTq4EFouj8P,check,18
65711.016,1AnmmidWcWF9UFAbKc1tY5xWKBVErYFURaTzTq4EFouj8P,check,18
65771.016,1AnmmidWcWF9UFAbKc1tY5xWKBVErYFURaTzTq4EFouj8P,check,18
65831.016,1AnmmidWcWF9UFAbKc1tY5xWKBVErYFURaTzTq4EFouj8P,check,18
65891.016,1AnmmidWcWF9UFAbKc1tY5xWKBVErYFURaTzTq4EFouj8P,check,17
65951.016,1AnmmidWcWF9UFAbKc1tY5xWKBVErYFURaTzTq4EFouj8P,check,18
66011.016,1AnmmidWcWF9UFAbKc1tY5xWKBVErYFURaTzTq4EFouj8P,check,17
66071.016,1AnmmidWcWF9UFAbKc1tY5xWKBVErYFURaTzTq4EFouj8P,check,16
66131.016,1AnmmidWcWF9UFAbKc1tY5xWKBVErYFURaTzTq4EFouj8P,check,18
66191.016,1AnmmidWcWF9UFAbKc1tY5xWKBVErYFURaTzTq4EFouj8P,check,16
66251.016,1AnmmidWcWF9UFAbKc1tY5xWKBVErYFURaTzTq4EFouj8P,check,18
66311.016,1AnmmidWcWF9UFAbKc1tY5xWKBVErYFURaTzTq4EFouj8P,check,16
66371.016,1AnmmidWcWF9UFAbKc1tY5xWKBVErYFURaTzTq4EFouj8P,check,17
66431.016,1AnmmidWcWF9UFAbKc1tY5xWKBVErYFURaTzTq4EFouj8P,check,18
66491.016,1AnmmidWcWF9UFAbKc1tY5xWKBVErYFURaTzTq4EFouj8P,check,17
66551.016,1AnmmidWcWF9UFAbKc1tY5xWKBVErYFURaTzTq4EFouj8P,check,18
66611.016,1AnmmidWcWF9UFAbKc1tY5xWKBVErYFURaTzTq4EFouj8P,check,18
66671.016,1AnmmidWcWF9UFAbKc1tY5xWKBVErYFURaTzTq4EFouj8P,check,18
66731.016,1AnmmidWcWF9UFAbKc1tY5xWKBVErYFURaTzTq4EFouj8P,check,18
66791.016,1AnmmidWcWF9UFAbKc1tY5xWKBVErYFURaTzTq4EFouj8P,check,17
66851.016,1AnmmidWcWF9UFAbKc1tY5xWKBVErYFURaTzTq4EFouj8P,check,17
66911.01,1AnmmidWcWF9UFAbKc1tY5xWKBVErYFURaTzTq4EFouj8P,check,16
66971.016,1AnmmidWcWF9UFAbKc1tY5xWKBVErYFURaTzTq4EFouj8P,check,18
67031.016,1AnmmidWcWF9UFAbKc1tY5xWKBVErYFURaTzTq4EFouj8P,check,17
67091.016,1AnmmidWcWF9UFAbKc1tY5xWKBVErYFURaTzTq4EFouj8P,check,18
67151.016,1AnmmidWcWF9UFAbKc1tY5xWKBVErYFURaTzTq4EFouj8P,check,18
67211.016,1AnmmidWcWF9UFAbKc1tY5xWKBVErYFURaTzTq4EFouj8P,check,14
67271.016,1AnmmidWcWF9UFAbKc1tY5xWKBVErYFURaTzTq4EFouj8P,check,13
67331.02,1AnmmidWcWF9UFAbKc1tY5xWKBVErYFURaTzTq4EFouj8P,check,18
67391.016,1AnmmidWcWF9UFAbKc1tY5xWKBVErYFURaTzTq4EFouj8P,check,18
67451.016,1AnmmidWcWF9UFAbKc1tY5xWKBVErYFURaTzTq4EFouj8P,check,18
67511.016,1AnmmidWcWF9UFAbKc1tY5xWKBVErYFURaTzTq4EFouj8P,check,17
67571.016,1AnmmidWcWF9UFAbKc1tY5xWKBVErYFURaTzTq4EFouj8P,check,10
67631.016,1AnmmidWcWF9UFAbKc1tY5xWKBVErYFURaTzTq4EFouj8P,check,10
67691.016,1AnmmidWcWF9UFAbKc1tY5xWKBVErYFURaTzTq4EFouj8P,check,10
67751.016,1AnmmidWcWF9UFAbKc1tY5xWKBVErYFURaTzTq4EFouj8P,check,11
67811.016,1AnmmidWcWF9UFAbKc1tY5xWKBVErYFURaTzTq4EFouj8P,check,11
67871.016,1AnmmidWcWF9UFAbKc1tY5xWKBVErYFURaTzTq4EFouj8P,check,11
67931.016,1AnmmidWcWF9UFAbKc1tY5xWKBVErYFURaTzTq4EFouj8P,check,11
67991.016,1AnmmidWcWF9UFAbKc1tY5xWKBVErYFURaTzTq4EFouj8P,check,15
68051.02,1AnmmidWcWF9UFAbKc1tY5xWKBVErYFURaTzTq4EFouj8P,check,15
68111.016,1AnmmidWcWF9UFAbKc1tY5xWKBVErYFURaTzTq4EFouj8P,check,11
68171.016,1AnmmidWcWF9UFAbKc1tY5xWKBVErYFURaTzTq4EFouj8P,check,17
68231.016,1AnmmidWcWF9UFAbKc1tY5xWKBVErYFURaTzTq4EFouj8P,check,13
68291.016,1AnmmidWcWF9UFAbKc1tY5xWKBVErYFURaTzTq4EFouj8P,check,15
68351.016,1AnmmidWcWF9UFAbKc1tY5xWKBVErYFURaTzTq4EFouj8P,check,18
68411.016,1AnmmidWcWF9UFAbKc1tY5xWKBVErYFURaTzTq4EFouj8P,check,17
68471.016,1AnmmidWcWF9UFAbKc1tY5xWKBVErYFURaTzTq4EFouj8P,check,15
68531.016,1AnmmidWcWF9UFAbKc1tY5xWKBVErYFURaTzTq4EFouj8P,check,16
68591.016,1AnmmidWcWF9UFAbKc1tY5xWKBVErYFURaTzTq4EFouj8P,check,13
68651.016,1AnmmidWcWF9UFAbKc1tY5xWKBVErYFURaTzTq4EFouj8P,check,14
68711.016,1AnmmidWcWF9UFAbKc1tY5xWKBVErYFURaTzTq4EFouj8P,check,16
68771.01,1AnmmidWcWF9UFAbKc1tY5xWKBVErYFURaTzTq4EFouj8P,check,17
68831.016,1AnmmidWcWF9UFAbKc1tY5xWKBVErYFURaTzTq4EFouj8P,check,17
68891.016,1AnmmidWcWF9UFAbKc1tY5xWKBVErYFURaTzTq4EFouj8P,check,17
68951.016,1AnmmidWcWF9UFAbKc1tY5xWKBVErYFURaTzTq4EFouj8P,check,18
69011.016,1AnmmidWcWF9UFAbKc1tY5xWKBVErYFURaTzTq4EFouj8P,check,18
69071.016,1AnmmidWcWF9UFAbKc1tY5xWKBVErYFURaTzTq4EFouj8P,check,18
69131.01,1AnmmidWcWF9UFAbKc1tY5xWKBVErYFURaTzTq4EFouj8P,check,17
69191.01,1AnmmidWcWF9UFAbKc1tY5xWKBVErYFURaTzTq4EFouj8P,check,18
69251.01,1AnmmidWcWF9UFAbKc1tY5xWKBVErYFURaTzTq4EFouj8P,check,15
69311.01,1AnmmidWcWF9UFAbKc1tY5xWKBVErYFURaTzTq4EFouj8P,check,15
69371.01,1AnmmidWcWF9UFAbKc1tY5xWKBVErYFURaTzTq4EFouj8P,check,15
69431.016,1AnmmidWcWF9UFAbKc1tY5xWKBVErYFURaTzTq4EFouj8P,check,15
69491.016,1AnmmidWcWF9UFAbKc1tY5xWKBVErYFURaTzTq4EFouj8P,check,15
69551.016,1AnmmidWcWF9UFAbKc1tY5xWKBVErYFURaTzTq4EFouj8P,check,16
69611.016,1AnmmidWcWF9UFAbKc1tY5xWKBVErYFURaTzTq4EFouj8P,check,18
69671.016,1AnmmidWcWF9UFAbKc1tY5xWKBVErYFURaTzTq4EFouj8P,check,15
69731.016,1AnmmidWcWF9UFAbKc1tY5xWKBVErYFURaTzTq4EFouj8P,check,16
69791.016,1AnmmidWcWF9UFAbKc1tY5xWKBVErYFURaTzTq4EFouj8P,check,13
69851.016,1AnmmidWcWF9UFAbKc1tY5xWKBVErYFURaTzTq4EFouj8P,check,15
69911.016,1AnmmidWcWF9UFAbKc1tY5xWKBVErYFURaTzTq4EFouj8P,check,13
69971.016,1AnmmidWcWF9UFAbKc1tY5xWKBVErYFURaTzTq4EFouj8P,check,13
70031.016,1AnmmidWcWF9UFAbKc1tY5xWKBVErYFURaTzTq4EFouj8P,check,10
70091.016,1AnmmidWcWF9UFAbKc1tY5xWKBVErYFURaTzTq4EFouj8P,check,10
70151.016,1AnmmidWcWF9UFAbKc1tY5xWKBVErYFURaTzTq4EFouj8P,check,11
70211.016,1AnmmidWcWF9UFAbKc1tY5xWKBVErYFURaTzTq4EFouj8P,check,11
70271.016,1AnmmidWcWF9UFAbKc1tY5xWKBVErYFURaTzTq4EFouj8P,check,11
70331.016,1AnmmidWcWF9UFAbKc1tY5xWKBVErYFURaTzTq4EFouj8P,check,16
70391.016,1AnmmidWcWF9UFAbKc1tY5xWKBVErYFURaTzTq4EFouj8P,check,17
70451.016,1AnmmidWcWF9UFAbKc1tY5xWKBVErYFURaTzTq4EFouj8P,check,16
70511.016,1AnmmidWcWF9UFAbKc1tY5xWKBVErYFURaTzTq4EFouj8P,check,18
70571.016,1AnmmidWcWF9UFAbKc1tY5xWKBVErYFURaTzTq4EFouj8P,check,17
70631.01,1AnmmidWcWF9UFAbKc1tY5xWKBVErYFURaTzTq4EFouj8P,check,18
70691.016,1AnmmidWcWF9UFAbKc1tY5xWKBVErYFURaTzTq4EFouj8P,check,15
70751.016,1AnmmidWcWF9UFAbKc1tY5xWKBVErYFURaTzTq4EFouj8P,check,15
70811.016,1AnmmidWcWF9UFAbKc1tY5xWKBVErYFURaTzTq4EFouj8P,check,15
70871.016,1AnmmidWcWF9UFAbKc1tY5xWKBVErYFURaTzTq4EFouj8P,check,15
70931.016,1AnmmidWcWF9UFAbKc1tY5xWKBVErYFURaTzTq4EFouj8P,check,14
70991.01,1AnmmidWcWF9UFAbKc1tY5xWKBVErYFURaTzTq4EFouj8P,check,11
71051.016,1AnmmidWcWF9UFAbKc1tY5xWKBVErYFURaTzTq4EFouj8P,check,13
71111.016,1AnmmidWcWF9UFAbKc1tY5xWKBVErYFURaTzTq4EFouj8P,check,18
71171.016,1AnmmidWcWF9UFAbKc1tY5xWKBVErYFURaTzTq4EFouj8P,check,18
71231.016,1AnmmidWcWF9UFAbKc1tY5xWKBVErYFURaTzTq4EFouj8P,check,18
71291.016,1AnmmidWcWF9UFAbKc1tY5xWKBVErYFURaTzTq4EFouj8P,check,17
71351.016,1AnmmidWcWF9UFAbKc1tY5xWKBVErYFURaTzTq4EFouj8P,check,18
71411.016,1AnmmidWcWF9UFAbKc1tY5xWKBVErYFURaTzTq4EFouj8P,check,18
71471.016,1AnmmidWcWF9UFAbKc1tY5xWKBVErYFURaTzTq4EFouj8P,check,18
71531.016,1AnmmidWcWF9UFAbKc1tY5xWKBVErYFURaTzTq4EFouj8P,check,18
71591.016,1AnmmidWcWF9UFAbKc1tY5xWKBVErYFURaTzTq4EFouj8P,check,17
71651.016,1AnmmidWcWF9UFAbKc1tY5xWKBVErYFURaTzTq4EFouj8P,check,17
71711.016,1AnmmidWcWF9UFAbKc1tY5xWKBVErYFURaTzTq4EFouj8P,check,18
71771.016,1AnmmidWcWF9UFAbKc1tY5xWKBVErYFURaTzTq4EFouj8P,check,18
71831.016,1AnmmidWcWF9UFAbKc1tY5xWKBVErYFURaTzTq4EFouj8P,check,17
71891.016,1AnmmidWcWF9UFAbKc1tY5xWKBVErYFURaTzTq4EFouj8P,check,17
71951.016,1AnmmidWcWF9UFAbKc1tY5xWKBVErYFURaTzTq4EFouj8P,check,18
