71.01001,1AXFbhdeyr12uPybnY47DjcYLm8SG3EetecMhY3WKYXcDp,check,18
126.25826,1AXFbhdeyr12uPybnY47DjcYLm8SG3EetecMhY3WKYXcDp,check,19
191.0039,1AXFbhdeyr12uPybnY47DjcYLm8SG3EetecMhY3WKYXcDp,check,18
251.00708,1AXFbhdeyr12uPybnY47DjcYLm8SG3EetecMhY3WKYXcDp,check,14
311.00967,1AXFbhdeyr12uPybnY47DjcYLm8SG3EetecMhY3WKYXcDp,check,16
371.01193,1AXFbhdeyr12uPybnY47DjcYLm8SG3EetecMhY3WKYXcDp,check,15
431.0126,1AXFbhdeyr12uPybnY47DjcYLm8SG3EetecMhY3WKYXcDp,check,15
491.00797,1AXFbhdeyr12uPybnY47DjcYLm8SG3EetecMhY3WKYXcDp,check,18
551.0047,1AXFbhdeyr12uPybnY47DjcYLm8SG3EetecMhY3WKYXcDp,check,19
611.011,1AXFbhdeyr12uPybnY47DjcYLm8SG3EetecMhY3WKYXcDp,check,19
663.2773,1AXFbhdeyr12uPybnY47DjcYLm8SG3EetecMhY3WKYXcDp,check,19
730.1107,1AXFbhdeyr12uPybnY47DjcYLm8SG3EetecMhY3WKYXcDp,check,20
784.01013,1AXFbhdeyr12uPybnY47DjcYLm8SG3EetecMhY3WKYXcDp,check,20
851.0054,1AXFbhdeyr12uPybnY47DjcYLm8SG3EetecMhY3WKYXcDp,check,19
911.00867,1AXFbhdeyr12uPybnY47DjcYLm8SG3EetecMhY3WKYXcDp,check,18
967.25995,1AXFbhdeyr12uPybnY47DjcYLm8SG3EetecMhY3WKYXcDp,check,20
1031.0057,1AXFbhdeyr12uPybnY47DjcYLm8SG3EetecMhY3WKYXcDp,check,19
1091.0122,1AXFbhdeyr12uPybnY47DjcYLm8SG3EetecMhY3WKYXcDp,check,15
1151.0094,1AXFbhdeyr12uPybnY47DjcYLm8SG3EetecMhY3WKYXcDp,check,17
1211.0078,1AXFbhdeyr12uPybnY47DjcYLm8SG3EetecMhY3WKYXcDp,check,16
1267.032,1AXFbhdeyr12uPybnY47DjcYLm8SG3EetecMhY3WKYXcDp,check,20
1324.8215,1AXFbhdeyr12uPybnY47DjcYLm8SG3EetecMhY3WKYXcDp,check,20
1382.7267,1AXFbhdeyr12uPybnY47DjcYLm8SG3EetecMhY3WKYXcDp,check,20
1451.0034,1AXFbhdeyr12uPybnY47DjcYLm8SG3EetecMhY3WKYXcDp,check,18
1511.0098,1AXFbhdeyr12uPybnY47DjcYLm8SG3EetecMhY3WKYXcDp,check,17
1562.4348,1AXFbhdeyr12uPybnY47DjcYLm8SG3EetecMhY3WKYXcDp,check,20
1625.0457,1AXFbhdeyr12uPybnY47DjcYLm8SG3EetecMhY3WKYXcDp,check,20
1681.9373,1AXFbhdeyr12uPybnY47DjcYLm8SG3EetecMhY3WKYXcDp,check,20
1751.0028,1AXFbhdeyr12uPybnY47DjcYLm8SG3EetecMhY3WKYXcDp,check,19
1811.0128,1AXFbhdeyr12uPybnY47DjcYLm8SG3EetecMhY3WKYXcDp,check,17
1871.0098,1AXFbhdeyr12uPybnY47DjcYLm8SG3EetecMhY3WKYXcDp,check,18
1931.0092,1AXFbhdeyr12uPybnY47DjcYLm8SG3EetecMhY3WKYXcDp,check,17
1991.0106,1AXFbhdeyr12uPybnY47DjcYLm8SG3EetecMhY3WKYXcDp,check,17
2051.0098,1AXFbhdeyr12uPybnY47DjcYLm8SG3EetecMhY3WKYXcDp,check,19
2102.4265,1AXFbhdeyr12uPybnY47DjcYLm8SG3EetecMhY3WKYXcDp,check,20
2171.005,1AXFbhdeyr12uPybnY47DjcYLm8SG3EetecMhY3WKYXcDp,check,19
2222.7842,1AXFbhdeyr12uPybnY47DjcYLm8SG3EetecMhY3WKYXcDp,check,20
2286.5962,1AXFbhdeyr12uPybnY47DjcYLm8SG3EetecMhY3WKYXcDp,check,20
2342.7002,1AXFbhdeyr12uPybnY47DjcYLm8SG3EetecMhY3WKYXcDp,check,20
2411.0042,1AXFbhdeyr12uPybnY47DjcYLm8SG3EetecMhY3WKYXcDp,check,19
2471.0198,1AXFbhdeyr12uPybnY47DjcYLm8SG3EetecMhY3WKYXcDp,check,19
2531.005,1AXFbhdeyr12uPybnY47DjcYLm8SG3EetecMhY3WKYXcDp,check,18
2591.0105,1AXFbhdeyr12uPybnY47DjcYLm8SG3EetecMhY3WKYXcDp,check,18
2651.008,1AXFbhdeyr12uPybnY47DjcYLm8SG3EetecMhY3WKYXcDp,check,18
2711.0093,1AXFbhdeyr12uPybnY47DjcYLm8SG3EetecMhY3WKYXcDp,check,18
2771.0098,1AXFbhdeyr12uPybnY47DjcYLm8SG3EetecMhY3WKYXcDp,check,18
2826.7922,1AXFbhdeyr12uPybnY47DjcYLm8SG3EetecMhY3WKYXcDp,check,20
2891.0034,1AXFbhdeyr12uPybnY47DjcYLm8SG3EetecMhY3WKYXcDp,check,18
2946.0024,1AXFbhdeyr12uPybnY47DjcYLm8SG3EetecMhY3WKYXcDp,check,18
3011.0017,1AXFbhdeyr12uPybnY47DjcYLm8SG3EetecMhY3WKYXcDp,check,18
3071.007,1AXFbhdeyr12uPybnY47DjcYLm8SG3EetecMhY3WKYXcDp,check,19
3127.953,1AXFbhdeyr12uPybnY47DjcYLm8SG3EetecMhY3WKYXcDp,check,20
3185.2046,1AXFbhdeyr12uPybnY47DjcYLm8SG3EetecMhY3WKYXcDp,check,20
3251.0037,1AXFbhdeyr12uPybnY47DjcYLm8SG3EetecMhY3WKYXcDp,check,18
3311.0088,1AXFbhdeyr12uPybnY47DjcYLm8SG3EetecMhY3WKYXcDp,check,17
3371.0134,1AXFbhdeyr12uPybnY47DjcYLm8SG3EetecMhY3WKYXcDp,check,18
3431.0042,1AXFbhdeyr12uPybnY47DjcYLm8SG3EetecMhY3WKYXcDp,check,16
3491.009,1AXFbhdeyr12uPybnY47DjcYLm8SG3EetecMhY3WKYXcDp,check,18
3551.013,1AXFbhdeyr12uPybnY47DjcYLm8SG3EetecMhY3WKYXcDp,check,18
3610.216,1AXFbhdeyr12uPybnY47DjcYLm8SG3EetecMhY3WKYXcDp,check,19
3671.0117,1AXFbhdeyr12uPybnY47DjcYLm8SG3EetecMhY3WKYXcDp,check,18
3723.2422,1AXFbhdeyr12uPybnY47DjcYLm8SG3EetecMhY3WKYXcDp,check,19
3782.3745,1AXFbhdeyr12uPybnY47DjcYLm8SG3EetecMhY3WKYXcDp,check,19
3841.562,1AXFbhdeyr12uPybnY47DjcYLm8SG3EetecMhY3WKYXcDp,check,19
3903.0896,1AXFbhdeyr12uPybnY47DjcYLm8SG3EetecMhY3WKYXcDp,check,19
3971.0122,1AXFbhdeyr12uPybnY47DjcYLm8SG3EetecMhY3WKYXcDp,check,16
4031.0027,1AXFbhdeyr12uPybnY47DjcYLm8SG3EetecMhY3WKYXcDp,check,17
4091.0046,1AXFbhdeyr12uPybnY47DjcYLm8SG3EetecMhY3WKYXcDp,check,18
4151.01,1AXFbhdeyr12uPybnY47DjcYLm8SG3EetecMhY3WKYXcDp,check,18
4211.0107,1AXFbhdeyr12uPybnY47DjcYLm8SG3EetecMhY3WKYXcDp,check,18
4271.0137,1AXFbhdeyr12uPybnY47DjcYLm8SG3EetecMhY3WKYXcDp,check,16
4331.0063,1AXFbhdeyr12uPybnY47DjcYLm8SG3EetecMhY3WKYXcDp,check,18
4391.0063,1AXFbhdeyr12uPybnY47DjcYLm8SG3EetecMhY3WKYXcDp,check,18
4442.2793,1AXFbhdeyr12uPybnY47DjcYLm8SG3EetecMhY3WKYXcDp,check,19
4502.3315,1AXFbhdeyr12uPybnY47DjcYLm8SG3EetecMhY3WKYXcDp,check,19
4571.0107,1AXFbhdeyr12uPybnY47DjcYLm8SG3EetecMhY3WKYXcDp,check,17
4622.4937,1AXFbhdeyr12uPybnY47DjcYLm8SG3EetecMhY3WKYXcDp,check,19
4683.924,1AXFbhdeyr12uPybnY47DjcYLm8SG3EetecMhY3WKYXcDp,check,18
4744.606,1AXFbhdeyr12uPybnY47DjcYLm8SG3EetecMhY3WKYXcDp,check,19
4804.005,1AXFbhdeyr12uPybnY47DjcYLm8SG3EetecMhY3WKYXcDp,check,19
4871.011,1AXFbhdeyr12uPybnY47DjcYLm8SG3EetecMhY3WKYXcDp,check,18
4927.0376,1AXFbhdeyr12uPybnY47DjcYLm8SG3EetecMhY3WKYXcDp,check,19
4991.0083,1AXFbhdeyr12uPybnY47DjcYLm8SG3EetecMhY3WKYXcDp,check,16
5051.0024,1AXFbhdeyr12uPybnY47DjcYLm8SG3EetecMhY3WKYXcDp,check,18
5103.5264,1AXFbhdeyr12uPybnY47DjcYLm8SG3EetecMhY3WKYXcDp,check,19
5171.0127,1AXFbhdeyr12uPybnY47DjcYLm8SG3EetecMhY3WKYXcDp,check,17
5231.0063,1AXFbhdeyr12uPybnY47DjcYLm8SG3EetecMhY3WKYXcDp,check,16
5291.0107,1AXFbhdeyr12uPybnY47DjcYLm8SG3EetecMhY3WKYXcDp,check,16
5351.0107,1AXFbhdeyr12uPybnY47DjcYLm8SG3EetecMhY3WKYXcDp,check,18
5402.613,1AXFbhdeyr12uPybnY47DjcYLm8SG3EetecMhY3WKYXcDp,check,18
5471.0127,1AXFbhdeyr12uPybnY47DjcYLm8SG3EetecMhY3WKYXcDp,check,17
5524.0327,1AXFbhdeyr12uPybnY47DjcYLm8SG3EetecMhY3WKYXcDp,check,18
5582.73,1AXFbhdeyr12uPybnY47DjcYLm8SG3EetecMhY3WKYXcDp,check,18
5643.061,1AXFbhdeyr12uPybnY47DjcYLm8SG3EetecMhY3WKYXcDp,check,18
5711.0044,1AXFbhdeyr12uPybnY47DjcYLm8SG3EetecMhY3WKYXcDp,check,17
5771.0137,1AXFbhdeyr12uPybnY47DjcYLm8SG3EetecMhY3WKYXcDp,check,17
5831.006,1AXFbhdeyr12uPybnY47DjcYLm8SG3EetecMhY3WKYXcDp,check,17
5882.3564,1AXFbhdeyr12uPybnY47DjcYLm8SG3EetecMhY3WKYXcDp,check,18
5951.009,1AXFbhdeyr12uPybnY47DjcYLm8SG3EetecMhY3WKYXcDp,check,16
6011.01,1AXFbhdeyr12uPybnY47DjcYLm8SG3EetecMhY3WKYXcDp,check,17
6071.01,1AXFbhdeyr12uPybnY47DjcYLm8SG3EetecMhY3WKYXcDp,check,16
6123.9443,1AXFbhdeyr12uPybnY47DjcYLm8SG3EetecMhY3WKYXcDp,check,18
6181.6924,1AXFbhdeyr12uPybnY47DjcYLm8SG3EetecMhY3WKYXcDp,check,18
6251.012,1AXFbhdeyr12uPybnY47DjcYLm8SG3EetecMhY3WKYXcDp,check,17
6311.012,1AXFbhdeyr12uPybnY47DjcYLm8SG3EetecMhY3WKYXcDp,check,15
6371.016,1AXFbhdeyr12uPybnY47DjcYLm8SG3EetecMhY3WKYXcDp,check,17
6431.0127,1AXFbhdeyr12uPybnY47DjcYLm8SG3EetecMhY3WKYXcDp,check,16
6491.012,1AXFbhdeyr12uPybnY47DjcYLm8SG3EetecMhY3WKYXcDp,check,17
6551.0127,1AXFbhdeyr12uPybnY47DjcYLm8SG3EetecMhY3WKYXcDp,check,14
6611.0107,1AXFbhdeyr12uPybnY47DjcYLm8SG3EetecMhY3WKYXcDp,check,16
6671.013,1AXFbhdeyr12uPybnY47DjcYLm8SG3EetecMhY3WKYXcDp,check,17
6731.011,1AXFbhdeyr12uPybnY47DjcYLm8SG3EetecMhY3WKYXcDp,check,15
6791.0137,1AXFbhdeyr12uPybnY47DjcYLm8SG3EetecMhY3WKYXcDp,check,17
6851.013,1AXFbhdeyr12uPybnY47DjcYLm8SG3EetecMhY3WKYXcDp,check,17
6911.0156,1AXFbhdeyr12uPybnY47DjcYLm8SG3EetecMhY3WKYXcDp,check,17
6971.013,1AXFbhdeyr12uPybnY47DjcYLm8SG3EetecMhY3WKYXcDp,check,17
7031.0127,1AXFbhdeyr12uPybnY47DjcYLm8SG3EetecMhY3WKYXcDp,check,16
7091.0137,1AXFbhdeyr12uPybnY47DjcYLm8SG3EetecMhY3WKYXcDp,check,17
7151.0127,1AXFbhdeyr12uPybnY47DjcYLm8SG3EetecMhY3WKYXcDp,check,16
7211.0137,1AXFbhdeyr12uPybnY47DjcYLm8SG3EetecMhY3WKYXcDp,check,16
7271.013,1AXFbhdeyr12uPybnY47DjcYLm8SG3EetecMhY3WKYXcDp,check,16
7331.0117,1AXFbhdeyr12uPybnY47DjcYLm8SG3EetecMhY3WKYXcDp,check,16
7391.014,1AXFbhdeyr12uPybnY47DjcYLm8SG3EetecMhY3WKYXcDp,check,15
7451.012,1AXFbhdeyr12uPybnY47DjcYLm8SG3EetecMhY3WKYXcDp,check,17
7511.0127,1AXFbhdeyr12uPybnY47DjcYLm8SG3EetecMhY3WKYXcDp,check,16
7571.0137,1AXFbhdeyr12uPybnY47DjcYLm8SG3EetecMhY3WKYXcDp,check,17
7631.013,1AXFbhdeyr12uPybnY47DjcYLm8SG3EetecMhY3WKYXcDp,check,17
7691.0117,1AXFbhdeyr12uPybnY47DjcYLm8SG3EetecMhY3WKYXcDp,check,16
7751.013,1AXFbhdeyr12uPybnY47DjcYLm8SG3EetecMhY3WKYXcDp,check,17
7811.0127,1AXFbhdeyr12uPybnY47DjcYLm8SG3EetecMhY3WKYXcDp,check,17
7871.0137,1AXFbhdeyr12uPybnY47DjcYLm8SG3EetecMhY3WKYXcDp,check,17
7931.012,1AXFbhdeyr12uPybnY47DjcYLm8SG3EetecMhY3WKYXcDp,check,17
7991.013,1AXFbhdeyr12uPybnY47DjcYLm8SG3EetecMhY3WKYXcDp,check,16
8051.0137,1AXFbhdeyr12uPybnY47DjcYLm8SG3EetecMhY3WKYXcDp,check,15
8111.012,1AXFbhdeyr12uPybnY47DjcYLm8SG3EetecMhY3WKYXcDp,check,15
8171.012,1AXFbhdeyr12uPybnY47DjcYLm8SG3EetecMhY3WKYXcDp,check,13
8231.014,1AXFbhdeyr12uPybnY47DjcYLm8SG3EetecMhY3WKYXcDp,check,16
8291.012,1AXFbhdeyr12uPybnY47DjcYLm8SG3EetecMhY3WKYXcDp,check,16
8351.013,1AXFbhdeyr12uPybnY47DjcYLm8SG3EetecMhY3WKYXcDp,check,16
8411.012,1AXFbhdeyr12uPybnY47DjcYLm8SG3EetecMhY3WKYXcDp,check,16
8471.013,1AXFbhdeyr12uPybnY47DjcYLm8SG3EetecMhY3WKYXcDp,check,15
8531.013,1AXFbhdeyr12uPybnY47DjcYLm8SG3EetecMhY3WKYXcDp,check,16
8591.013,1AXFbhdeyr12uPybnY47DjcYLm8SG3EetecMhY3WKYXcDp,check,16
8651.013,1AXFbhdeyr12uPybnY47DjcYLm8SG3EetecMhY3WKYXcDp,check,15
8711.025,1AXFbhdeyr12uPybnY47DjcYLm8SG3EetecMhY3WKYXcDp,check,15
8771.012,1AXFbhdeyr12uPybnY47DjcYLm8SG3EetecMhY3WKYXcDp,check,16
8831.013,1AXFbhdeyr12uPybnY47DjcYLm8SG3EetecMhY3WKYXcDp,check,15
8891.013,1AXFbhdeyr12uPybnY47DjcYLm8SG3EetecMhY3WKYXcDp,check,15
8951.014,1AXFbhdeyr12uPybnY47DjcYLm8SG3EetecMhY3WKYXcDp,check,12
9011.012,1AXFbhdeyr12uPybnY47DjcYLm8SG3EetecMhY3WKYXcDp,check,16
9071.013,1AXFbhdeyr12uPybnY47DjcYLm8SG3EetecMhY3WKYXcDp,check,15
9131.012,1AXFbhdeyr12uPybnY47DjcYLm8SG3EetecMhY3WKYXcDp,check,16
9191.013,1AXFbhdeyr12uPybnY47DjcYLm8SG3EetecMhY3WKYXcDp,check,16
9251.013,1AXFbhdeyr12uPybnY47DjcYLm8SG3EetecMhY3WKYXcDp,check,16
9311.014,1AXFbhdeyr12uPybnY47DjcYLm8SG3EetecMhY3WKYXcDp,check,15
9371.012,1AXFbhdeyr12uPybnY47DjcYLm8SG3EetecMhY3WKYXcDp,check,16
9431.013,1AXFbhdeyr12uPybnY47DjcYLm8SG3EetecMhY3WKYXcDp,check,13
9491.011,1AXFbhdeyr12uPybnY47DjcYLm8SG3EetecMhY3WKYXcDp,check,12
9551.012,1AXFbhdeyr12uPybnY47DjcYLm8SG3EetecMhY3WKYXcDp,check,11
9611.013,1AXFbhdeyr12uPybnY47DjcYLm8SG3EetecMhY3WKYXcDp,check,13
9671.013,1AXFbhdeyr12uPybnY47DjcYLm8SG3EetecMhY3WKYXcDp,check,11
9731.013,1AXFbhdeyr12uPybnY47DjcYLm8SG3EetecMhY3WKYXcDp,check,11
9791.013,1AXFbhdeyr12uPybnY47DjcYLm8SG3EetecMhY3WKYXcDp,check,16
9851.013,1AXFbhdeyr12uPybnY47DjcYLm8SG3EetecMhY3WKYXcDp,check,16
9911.013,1AXFbhdeyr12uPybnY47DjcYLm8SG3EetecMhY3WKYXcDp,check,15
9971.014,1AXFbhdeyr12uPybnY47DjcYLm8SG3EetecMhY3WKYXcDp,check,16
10031.013,1AXFbhdeyr12uPybnY47DjcYLm8SG3EetecMhY3WKYXcDp,check,16
10091.014,1AXFbhdeyr12uPybnY47DjcYLm8SG3EetecMhY3WKYXcDp,check,16
10151.013,1AXFbhdeyr12uPybnY47DjcYLm8SG3EetecMhY3WKYXcDp,check,16
10211.013,1AXFbhdeyr12uPybnY47DjcYLm8SG3EetecMhY3WKYXcDp,check,14
10271.013,1AXFbhdeyr12uPybnY47DjcYLm8SG3EetecMhY3WKYXcDp,check,15
10331.012,1AXFbhdeyr12uPybnY47DjcYLm8SG3EetecMhY3WKYXcDp,check,14
10391.013,1AXFbhdeyr12uPybnY47DjcYLm8SG3EetecMhY3WKYXcDp,check,15
10451.014,1AXFbhdeyr12uPybnY47DjcYLm8SG3EetecMhY3WKYXcDp,check,12
10511.013,1AXFbhdeyr12uPybnY47DjcYLm8SG3EetecMhY3WKYXcDp,check,14
10571.014,1AXFbhdeyr12uPybnY47DjcYLm8SG3EetecMhY3WKYXcDp,check,16
10631.014,1AXFbhdeyr12uPybnY47DjcYLm8SG3EetecMhY3WKYXcDp,check,16
10691.012,1AXFbhdeyr12uPybnY47DjcYLm8SG3EetecMhY3WKYXcDp,check,16
10751.013,1AXFbhdeyr12uPybnY47DjcYLm8SG3EetecMhY3WKYXcDp,check,16
10811.013,1AXFbhdeyr12uPybnY47DjcYLm8SG3EetecMhY3WKYXcDp,check,16
10871.012,1AXFbhdeyr12uPybnY47DjcYLm8SG3EetecMhY3WKYXcDp,check,16
10931.013,1AXFbhdeyr12uPybnY47DjcYLm8SG3EetecMhY3WKYXcDp,check,16
10991.014,1AXFbhdeyr12uPybnY47DjcYLm8SG3EetecMhY3WKYXcDp,check,16
11051.013,1AXFbhdeyr12uPybnY47DjcYLm8SG3EetecMhY3WKYXcDp,check,14
11111.012,1AXFbhdeyr12uPybnY47DjcYLm8SG3EetecMhY3WKYXcDp,check,13
11171.013,1AXFbhdeyr12uPybnY47DjcYLm8SG3EetecMhY3WKYXcDp,check,15
11231.014,1AXFbhdeyr12uPybnY47DjcYLm8SG3EetecMhY3WKYXcDp,check,15
11291.012,1AXFbhdeyr12uPybnY47DjcYLm8SG3EetecMhY3WKYXcDp,check,16
11351.01,1AXFbhdeyr12uPybnY47DjcYLm8SG3EetecMhY3WKYXcDp,check,16
11411.011,1AXFbhdeyr12uPybnY47DjcYLm8SG3EetecMhY3WKYXcDp,check,16
11471.01,1AXFbhdeyr12uPybnY47DjcYLm8SG3EetecMhY3WKYXcDp,check,16
11531.009,1AXFbhdeyr12uPybnY47DjcYLm8SG3EetecMhY3WKYXcDp,check,16
11591.008,1AXFbhdeyr12uPybnY47DjcYLm8SG3EetecMhY3WKYXcDp,check,16
11651.007,1AXFbhdeyr12uPybnY47DjcYLm8SG3EetecMhY3WKYXcDp,check,16
11711.009,1AXFbhdeyr12uPybnY47DjcYLm8SG3EetecMhY3WKYXcDp,check,16
11771.012,1AXFbhdeyr12uPybnY47DjcYLm8SG3EetecMhY3WKYXcDp,check,15
11831.015,1AXFbhdeyr12uPybnY47DjcYLm8SG3EetecMhY3WKYXcDp,check,15
11891.014,1AXFbhdeyr12uPybnY47DjcYLm8SG3EetecMhY3WKYXcDp,check,16
11951.012,1AXFbhdeyr12uPybnY47DjcYLm8SG3EetecMhY3WKYXcDp,check,15
12011.012,1AXFbhdeyr12uPybnY47DjcYLm8SG3EetecMhY3WKYXcDp,check,15
12071.013,1AXFbhdeyr12uPybnY47DjcYLm8SG3EetecMhY3WKYXcDp,check,13
12131.013,1AXFbhdeyr12uPybnY47DjcYLm8SG3EetecMhY3WKYXcDp,check,16
12191.014,1AXFbhdeyr12uPybnY47DjcYLm8SG3EetecMhY3WKYXcDp,check,16
12251.012,1AXFbhdeyr12uPybnY47DjcYLm8SG3EetecMhY3WKYXcDp,check,16
12311.014,1AXFbhdeyr12uPybnY47DjcYLm8SG3EetecMhY3WKYXcDp,check,16
12371.013,1AXFbhdeyr12uPybnY47DjcYLm8SG3EetecMhY3WKYXcDp,check,15
12431.014,1AXFbhdeyr12uPybnY47DjcYLm8SG3EetecMhY3WKYXcDp,check,16
12491.013,1AXFbhdeyr12uPybnY47DjcYLm8SG3EetecMhY3WKYXcDp,check,16
12551.012,1AXFbhdeyr12uPybnY47DjcYLm8SG3EetecMhY3WKYXcDp,check,14
12611.012,1AXFbhdeyr12uPybnY47DjcYLm8SG3EetecMhY3WKYXcDp,check,13
12671.013,1AXFbhdeyr12uPybnY47DjcYLm8SG3EetecMhY3WKYXcDp,check,16
12731.013,1AXFbhdeyr12uPybnY47DjcYLm8SG3EetecMhY3WKYXcDp,check,14
12791.014,1AXFbhdeyr12uPybnY47DjcYLm8SG3EetecMhY3WKYXcDp,check,14
12851.01,1AXFbhdeyr12uPybnY47DjcYLm8SG3EetecMhY3WKYXcDp,check,12
12911.015,1AXFbhdeyr12uPybnY47DjcYLm8SG3EetecMhY3WKYXcDp,check,16
12971.013,1AXFbhdeyr12uPybnY47DjcYLm8SG3EetecMhY3WKYXcDp,check,16
13031.01,1AXFbhdeyr12uPybnY47DjcYLm8SG3EetecMhY3WKYXcDp,check,16
13091.013,1AXFbhdeyr12uPybnY47DjcYLm8SG3EetecMhY3WKYXcDp,check,16
13151.014,1AXFbhdeyr12uPybnY47DjcYLm8SG3EetecMhY3WKYXcDp,check,15
13211.013,1AXFbhdeyr12uPybnY47DjcYLm8SG3EetecMhY3WKYXcDp,check,16
13271.011,1AXFbhdeyr12uPybnY47DjcYLm8SG3EetecMhY3WKYXcDp,check,13
13331.013,1AXFbhdeyr12uPybnY47DjcYLm8SG3EetecMhY3WKYXcDp,check,12
13391.013,1AXFbhdeyr12uPybnY47DjcYLm8SG3EetecMhY3WKYXcDp,check,15
13451.013,1AXFbhdeyr12uPybnY47DjcYLm8SG3EetecMhY3WKYXcDp,check,16
13511.013,1AXFbhdeyr12uPybnY47DjcYLm8SG3EetecMhY3WKYXcDp,check,12
13571.01,1AXFbhdeyr12uPybnY47DjcYLm8SG3EetecMhY3WKYXcDp,check,13
13631.013,1AXFbhdeyr12uPybnY47DjcYLm8SG3EetecMhY3WKYXcDp,check,11
13691.012,1AXFbhdeyr12uPybnY47DjcYLm8SG3EetecMhY3WKYXcDp,check,15
13751.013,1AXFbhdeyr12uPybnY47DjcYLm8SG3EetecMhY3WKYXcDp,check,16
13811.013,1AXFbhdeyr12uPybnY47DjcYLm8SG3EetecMhY3WKYXcDp,check,15
13871.015,1AXFbhdeyr12uPybnY47DjcYLm8SG3EetecMhY3WKYXcDp,check,16
13931.011,1AXFbhdeyr12uPybnY47DjcYLm8SG3EetecMhY3WKYXcDp,check,14
13991.013,1AXFbhdeyr12uPybnY47DjcYLm8SG3EetecMhY3WKYXcDp,check,13
14051.012,1AXFbhdeyr12uPybnY47DjcYLm8SG3EetecMhY3WKYXcDp,check,14
14111.012,1AXFbhdeyr12uPybnY47DjcYLm8SG3EetecMhY3WKYXcDp,check,15
14171.014,1AXFbhdeyr12uPybnY47DjcYLm8SG3EetecMhY3WKYXcDp,check,15
14231.013,1AXFbhdeyr12uPybnY47DjcYLm8SG3EetecMhY3WKYXcDp,check,16
14291.009,1AXFbhdeyr12uPybnY47DjcYLm8SG3EetecMhY3WKYXcDp,check,13
14351.014,1AXFbhdeyr12uPybnY47DjcYLm8SG3EetecMhY3WKYXcDp,check,13
14411.011,1AXFbhdeyr12uPybnY47DjcYLm8SG3EetecMhY3WKYXcDp,check,13
14471.013,1AXFbhdeyr12uPybnY47DjcYLm8SG3EetecMhY3WKYXcDp,check,16
14531.013,1AXFbhdeyr12uPybnY47DjcYLm8SG3EetecMhY3WKYXcDp,check,16
14591.012,1AXFbhdeyr12uPybnY47DjcYLm8SG3EetecMhY3WKYXcDp,check,14
14651.01,1AXFbhdeyr12uPybnY47DjcYLm8SG3EetecMhY3WKYXcDp,check,16
14711.015,1AXFbhdeyr12uPybnY47DjcYLm8SG3EetecMhY3WKYXcDp,check,15
14771.012,1AXFbhdeyr12uPybnY47DjcYLm8SG3EetecMhY3WKYXcDp,check,14
14831.011,1AXFbhdeyr12uPybnY47DjcYLm8SG3EetecMhY3WKYXcDp,check,15
14891.012,1AXFbhdeyr12uPybnY47DjcYLm8SG3EetecMhY3WKYXcDp,check,15
14951.011,1AXFbhdeyr12uPybnY47DjcYLm8SG3EetecMhY3WKYXcDp,check,15
15011.011,1AXFbhdeyr12uPybnY47DjcYLm8SG3EetecMhY3WKYXcDp,check,15
15071.012,1AXFbhdeyr12uPybnY47DjcYLm8SG3EetecMhY3WKYXcDp,check,14
15131.012,1AXFbhdeyr12uPybnY47DjcYLm8SG3EetecMhY3WKYXcDp,check,13
15191.011,1AXFbhdeyr12uPybnY47DjcYLm8SG3EetecMhY3WKYXcDp,check,16
15251.013,1AXFbhdeyr12uPybnY47DjcYLm8SG3EetecMhY3WKYXcDp,check,14
15311.013,1AXFbhdeyr12uPybnY47DjcYLm8SG3EetecMhY3WKYXcDp,check,14
15371.01,1AXFbhdeyr12uPybnY47DjcYLm8SG3EetecMhY3WKYXcDp,check,14
15431.014,1AXFbhdeyr12uPybnY47DjcYLm8SG3EetecMhY3WKYXcDp,check,15
15491.013,1AXFbhdeyr12uPybnY47DjcYLm8SG3EetecMhY3WKYXcDp,check,16
15551.012,1AXFbhdeyr12uPybnY47DjcYLm8SG3EetecMhY3WKYXcDp,check,15
15611.013,1AXFbhdeyr12uPybnY47DjcYLm8SG3EetecMhY3WKYXcDp,check,13
15671.013,1AXFbhdeyr12uPybnY47DjcYLm8SG3EetecMhY3WKYXcDp,check,15
15731.013,1AXFbhdeyr12uPybnY47DjcYLm8SG3EetecMhY3WKYXcDp,check,10
15791.012,1AXFbhdeyr12uPybnY47DjcYLm8SG3EetecMhY3WKYXcDp,check,13
15851.014,1AXFbhdeyr12uPybnY47DjcYLm8SG3EetecMhY3WKYXcDp,check,11
15911.014,1AXFbhdeyr12uPybnY47DjcYLm8SG3EetecMhY3WKYXcDp,check,13
15971.012,1AXFbhdeyr12uPybnY47DjcYLm8SG3EetecMhY3WKYXcDp,check,14
16031.013,1AXFbhdeyr12uPybnY47DjcYLm8SG3EetecMhY3WKYXcDp,check,15
16091.01,1AXFbhdeyr12uPybnY47DjcYLm8SG3EetecMhY3WKYXcDp,check,16
16151.012,1AXFbhdeyr12uPybnY47DjcYLm8SG3EetecMhY3WKYXcDp,check,16
16211.011,1AXFbhdeyr12uPybnY47DjcYLm8SG3EetecMhY3WKYXcDp,check,16
16271.013,1AXFbhdeyr12uPybnY47DjcYLm8SG3EetecMhY3WKYXcDp,check,16
16331.014,1AXFbhdeyr12uPybnY47DjcYLm8SG3EetecMhY3WKYXcDp,check,15
16391.014,1AXFbhdeyr12uPybnY47DjcYLm8SG3EetecMhY3WKYXcDp,check,15
16451.014,1AXFbhdeyr12uPybnY47DjcYLm8SG3EetecMhY3WKYXcDp,check,15
16511.01,1AXFbhdeyr12uPybnY47DjcYLm8SG3EetecMhY3WKYXcDp,check,15
16571.012,1AXFbhdeyr12uPybnY47DjcYLm8SG3EetecMhY3WKYXcDp,check,11
16631.012,1AXFbhdeyr12uPybnY47DjcYLm8SG3EetecMhY3WKYXcDp,check,13
16691.014,1AXFbhdeyr12uPybnY47DjcYLm8SG3EetecMhY3WKYXcDp,check,12
16751.012,1AXFbhdeyr12uPybnY47DjcYLm8SG3EetecMhY3WKYXcDp,check,16
16811.012,1AXFbhdeyr12uPybnY47DjcYLm8SG3EetecMhY3WKYXcDp,check,14
16871.012,1AXFbhdeyr12uPybnY47DjcYLm8SG3EetecMhY3WKYXcDp,check,14
16931.012,1AXFbhdeyr12uPybnY47DjcYLm8SG3EetecMhY3WKYXcDp,check,15
16991.012,1AXFbhdeyr12uPybnY47DjcYLm8SG3EetecMhY3WKYXcDp,check,16
17051.014,1AXFbhdeyr12uPybnY47DjcYLm8SG3EetecMhY3WKYXcDp,check,16
17111.014,1AXFbhdeyr12uPybnY47DjcYLm8SG3EetecMhY3WKYXcDp,check,14
17171.012,1AXFbhdeyr12uPybnY47DjcYLm8SG3EetecMhY3WKYXcDp,check,15
17231.014,1AXFbhdeyr12uPybnY47DjcYLm8SG3EetecMhY3WKYXcDp,check,14
17291.014,1AXFbhdeyr12uPybnY47DjcYLm8SG3EetecMhY3WKYXcDp,check,13
17351.012,1AXFbhdeyr12uPybnY47DjcYLm8SG3EetecMhY3WKYXcDp,check,12
17411.012,1AXFbhdeyr12uPybnY47DjcYLm8SG3EetecMhY3WKYXcDp,check,13
17471.014,1AXFbhdeyr12uPybnY47DjcYLm8SG3EetecMhY3WKYXcDp,check,13
17531.012,1AXFbhdeyr12uPybnY47DjcYLm8SG3EetecMhY3WKYXcDp,check,15
17591.012,1AXFbhdeyr12uPybnY47DjcYLm8SG3EetecMhY3WKYXcDp,check,14
17651.012,1AXFbhdeyr12uPybnY47DjcYLm8SG3EetecMhY3WKYXcDp,check,15
17711.014,1AXFbhdeyr12uPybnY47DjcYLm8SG3EetecMhY3WKYXcDp,check,14
17771.014,1AXFbhdeyr12uPybnY47DjcYLm8SG3EetecMhY3WKYXcDp,check,14
17831.014,1AXFbhdeyr12uPybnY47DjcYLm8SG3EetecMhY3WKYXcDp,check,15
17891.014,1AXFbhdeyr12uPybnY47DjcYLm8SG3EetecMhY3WKYXcDp,check,15
17951.012,1AXFbhdeyr12uPybnY47DjcYLm8SG3EetecMhY3WKYXcDp,check,15
18011.014,1AXFbhdeyr12uPybnY47DjcYLm8SG3EetecMhY3WKYXcDp,check,14
18071.012,1AXFbhdeyr12uPybnY47DjcYLm8SG3EetecMhY3WKYXcDp,check,13
18131.012,1AXFbhdeyr12uPybnY47DjcYLm8SG3EetecMhY3WKYXcDp,check,14
18191.014,1AXFbhdeyr12uPybnY47DjcYLm8SG3EetecMhY3WKYXcDp,check,14
18251.012,1AXFbhdeyr12uPybnY47DjcYLm8SG3EetecMhY3WKYXcDp,check,13
18311.01,1AXFbhdeyr12uPybnY47DjcYLm8SG3EetecMhY3WKYXcDp,check,15
18371.014,1AXFbhdeyr12uPybnY47DjcYLm8SG3EetecMhY3WKYXcDp,check,15
18431.012,1AXFbhdeyr12uPybnY47DjcYLm8SG3EetecMhY3WKYXcDp,check,15
18491.014,1AXFbhdeyr12uPybnY47DjcYLm8SG3EetecMhY3WKYXcDp,check,15
18551.014,1AXFbhdeyr12uPybnY47DjcYLm8SG3EetecMhY3WKYXcDp,check,15
18611.012,1AXFbhdeyr12uPybnY47DjcYLm8SG3EetecMhY3WKYXcDp,check,15
18671.014,1AXFbhdeyr12uPybnY47DjcYLm8SG3EetecMhY3WKYXcDp,check,15
18731.012,1AXFbhdeyr12uPybnY47DjcYLm8SG3EetecMhY3WKYXcDp,check,15
18791.016,1AXFbhdeyr12uPybnY47DjcYLm8SG3EetecMhY3WKYXcDp,check,11
18851.012,1AXFbhdeyr12uPybnY47DjcYLm8SG3EetecMhY3WKYXcDp,check,13
18911.014,1AXFbhdeyr12uPybnY47DjcYLm8SG3EetecMhY3WKYXcDp,check,13
18971.012,1AXFbhdeyr12uPybnY47DjcYLm8SG3EetecMhY3WKYXcDp,check,14
19031.012,1AXFbhdeyr12uPybnY47DjcYLm8SG3EetecMhY3WKYXcDp,check,13
19091.012,1AXFbhdeyr12uPybnY47DjcYLm8SG3EetecMhY3WKYXcDp,check,15
19151.014,1AXFbhdeyr12uPybnY47DjcYLm8SG3EetecMhY3WKYXcDp,check,14
19211.016,1AXFbhdeyr12uPybnY47DjcYLm8SG3EetecMhY3WKYXcDp,check,14
19271.014,1AXFbhdeyr12uPybnY47DjcYLm8SG3EetecMhY3WKYXcDp,check,15
19331.012,1AXFbhdeyr12uPybnY47DjcYLm8SG3EetecMhY3WKYXcDp,check,14
19391.014,1AXFbhdeyr12uPybnY47DjcYLm8SG3EetecMhY3WKYXcDp,check,15
19451.014,1AXFbhdeyr12uPybnY47DjcYLm8SG3EetecMhY3WKYXcDp,check,15
19511.016,1AXFbhdeyr12uPybnY47DjcYLm8SG3EetecMhY3WKYXcDp,check,15
19571.012,1AXFbhdeyr12uPybnY47DjcYLm8SG3EetecMhY3WKYXcDp,check,15
19631.01,1AXFbhdeyr12uPybnY47DjcYLm8SG3EetecMhY3WKYXcDp,check,14
19691.008,1AXFbhdeyr12uPybnY47DjcYLm8SG3EetecMhY3WKYXcDp,check,12
19751.006,1AXFbhdeyr12uPybnY47DjcYLm8SG3EetecMhY3WKYXcDp,check,13
19811.006,1AXFbhdeyr12uPybnY47DjcYLm8SG3EetecMhY3WKYXcDp,check,12
19871.008,1AXFbhdeyr12uPybnY47DjcYLm8SG3EetecMhY3WKYXcDp,check,15
19931.01,1AXFbhdeyr12uPybnY47DjcYLm8SG3EetecMhY3WKYXcDp,check,14
19991.014,1AXFbhdeyr12uPybnY47DjcYLm8SG3EetecMhY3WKYXcDp,check,15
20051.014,1AXFbhdeyr12uPybnY47DjcYLm8SG3EetecMhY3WKYXcDp,check,14
20111.016,1AXFbhdeyr12uPybnY47DjcYLm8SG3EetecMhY3WKYXcDp,check,15
20171.012,1AXFbhdeyr12uPybnY47DjcYLm8SG3EetecMhY3WKYXcDp,check,15
20231.012,1AXFbhdeyr12uPybnY47DjcYLm8SG3EetecMhY3WKYXcDp,check,15
20291.012,1AXFbhdeyr12uPybnY47DjcYLm8SG3EetecMhY3WKYXcDp,check,14
20351.014,1AXFbhdeyr12uPybnY47DjcYLm8SG3EetecMhY3WKYXcDp,check,12
20411.014,1AXFbhdeyr12uPybnY47DjcYLm8SG3EetecMhY3WKYXcDp,check,15
20471.012,1AXFbhdeyr12uPybnY47DjcYLm8SG3EetecMhY3WKYXcDp,check,14
20531.014,1AXFbhdeyr12uPybnY47DjcYLm8SG3EetecMhY3WKYXcDp,check,13
20591.014,1AXFbhdeyr12uPybnY47DjcYLm8SG3EetecMhY3WKYXcDp,check,13
20651.01,1AXFbhdeyr12uPybnY47DjcYLm8SG3EetecMhY3WKYXcDp,check,15
20711.014,1AXFbhdeyr12uPybnY47DjcYLm8SG3EetecMhY3WKYXcDp,check,15
20771.012,1AXFbhdeyr12uPybnY47DjcYLm8SG3EetecMhY3WKYXcDp,check,15
20831.012,1AXFbhdeyr12uPybnY47DjcYLm8SG3EetecMhY3WKYXcDp,check,15
20891.014,1AXFbhdeyr12uPybnY47DjcYLm8SG3EetecMhY3WKYXcDp,check,15
20951.014,1AXFbhdeyr12uPybnY47DjcYLm8SG3EetecMhY3WKYXcDp,check,15
21011.012,1AXFbhdeyr12uPybnY47DjcYLm8SG3EetecMhY3WKYXcDp,check,14
21071.014,1AXFbhdeyr12uPybnY47DjcYLm8SG3EetecMhY3WKYXcDp,check,14
21131.012,1AXFbhdeyr12uPybnY47DjcYLm8SG3EetecMhY3WKYXcDp,check,14
21191.014,1AXFbhdeyr12uPybnY47DjcYLm8SG3EetecMhY3WKYXcDp,check,12
21251.014,1AXFbhdeyr12uPybnY47DjcYLm8SG3EetecMhY3WKYXcDp,check,14
21311.014,1AXFbhdeyr12uPybnY47DjcYLm8SG3EetecMhY3WKYXcDp,check,14
21371.014,1AXFbhdeyr12uPybnY47DjcYLm8SG3EetecMhY3WKYXcDp,check,13
21431.012,1AXFbhdeyr12uPybnY47DjcYLm8SG3EetecMhY3WKYXcDp,check,15
21491.014,1AXFbhdeyr12uPybnY47DjcYLm8SG3EetecMhY3WKYXcDp,check,14
21551.014,1AXFbhdeyr12uPybnY47DjcYLm8SG3EetecMhY3WKYXcDp,check,15
21611.012,1AXFbhdeyr12uPybnY47DjcYLm8SG3EetecMhY3WKYXcDp,check,14
21671.014,1AXFbhdeyr12uPybnY47DjcYLm8SG3EetecMhY3WKYXcDp,check,15
21731.012,1AXFbhdeyr12uPybnY47DjcYLm8SG3EetecMhY3WKYXcDp,check,15
21791.012,1AXFbhdeyr12uPybnY47DjcYLm8SG3EetecMhY3WKYXcDp,check,15
21851.014,1AXFbhdeyr12uPybnY47DjcYLm8SG3EetecMhY3WKYXcDp,check,15
21911.014,1AXFbhdeyr12uPybnY47DjcYLm8SG3EetecMhY3WKYXcDp,check,14
21971.012,1AXFbhdeyr12uPybnY47DjcYLm8SG3EetecMhY3WKYXcDp,check,14
22031.012,1AXFbhdeyr12uPybnY47DjcYLm8SG3EetecMhY3WKYXcDp,check,12
22091.012,1AXFbhdeyr12uPybnY47DjcYLm8SG3EetecMhY3WKYXcDp,check,13
22151.012,1AXFbhdeyr12uPybnY47DjcYLm8SG3EetecMhY3WKYXcDp,check,12
22211.014,1AXFbhdeyr12uPybnY47DjcYLm8SG3EetecMhY3WKYXcDp,check,15
22271.012,1AXFbhdeyr12uPybnY47DjcYLm8SG3EetecMhY3WKYXcDp,check,11
22331.014,1AXFbhdeyr12uPybnY47DjcYLm8SG3EetecMhY3WKYXcDp,check,12
22391.012,1AXFbhdeyr12uPybnY47DjcYLm8SG3EetecMhY3WKYXcDp,check,14
22451.014,1AXFbhdeyr12uPybnY47DjcYLm8SG3EetecMhY3WKYXcDp,check,14
22511.012,1AXFbhdeyr12uPybnY47DjcYLm8SG3EetecMhY3WKYXcDp,check,15
22571.014,1AXFbhdeyr12uPybnY47DjcYLm8SG3EetecMhY3WKYXcDp,check,13
22631.01,1AXFbhdeyr12uPybnY47DjcYLm8SG3EetecMhY3WKYXcDp,check,12
22691.012,1AXFbhdeyr12uPybnY47DjcYLm8SG3EetecMhY3WKYXcDp,check,12
22751.014,1AXFbhdeyr12uPybnY47DjcYLm8SG3EetecMhY3WKYXcDp,check,11
22811.012,1AXFbhdeyr12uPybnY47DjcYLm8SG3EetecMhY3WKYXcDp,check,11
22871.012,1AXFbhdeyr12uPybnY47DjcYLm8SG3EetecMhY3WKYXcDp,check,12
22931.014,1AXFbhdeyr12uPybnY47DjcYLm8SG3EetecMhY3WKYXcDp,check,13
22991.012,1AXFbhdeyr12uPybnY47DjcYLm8SG3EetecMhY3WKYXcDp,check,15
23051.012,1AXFbhdeyr12uPybnY47DjcYLm8SG3EetecMhY3WKYXcDp,check,15
23111.014,1AXFbhdeyr12uPybnY47DjcYLm8SG3EetecMhY3WKYXcDp,check,14
23171.014,1AXFbhdeyr12uPybnY47DjcYLm8SG3EetecMhY3WKYXcDp,check,15
23231.016,1AXFbhdeyr12uPybnY47DjcYLm8SG3EetecMhY3WKYXcDp,check,15
23291.012,1AXFbhdeyr12uPybnY47DjcYLm8SG3EetecMhY3WKYXcDp,check,15
23351.012,1AXFbhdeyr12uPybnY47DjcYLm8SG3EetecMhY3WKYXcDp,check,13
23411.012,1AXFbhdeyr12uPybnY47DjcYLm8SG3EetecMhY3WKYXcDp,check,15
23471.012,1AXFbhdeyr12uPybnY47DjcYLm8SG3EetecMhY3WKYXcDp,check,15
23531.012,1AXFbhdeyr12uPybnY47DjcYLm8SG3EetecMhY3WKYXcDp,check,15
23591.012,1AXFbhdeyr12uPybnY47DjcYLm8SG3EetecMhY3WKYXcDp,check,14
23651.012,1AXFbhdeyr12uPybnY47DjcYLm8SG3EetecMhY3WKYXcDp,check,14
23711.014,1AXFbhdeyr12uPybnY47DjcYLm8SG3EetecMhY3WKYXcDp,check,12
23771.014,1AXFbhdeyr12uPybnY47DjcYLm8SG3EetecMhY3WKYXcDp,check,15
23831.012,1AXFbhdeyr12uPybnY47DjcYLm8SG3EetecMhY3WKYXcDp,check,15
23891.012,1AXFbhdeyr12uPybnY47DjcYLm8SG3EetecMhY3WKYXcDp,check,15
23951.012,1AXFbhdeyr12uPybnY47DjcYLm8SG3EetecMhY3WKYXcDp,check,15
24011.014,1AXFbhdeyr12uPybnY47DjcYLm8SG3EetecMhY3WKYXcDp,check,15
24071.012,1AXFbhdeyr12uPybnY47DjcYLm8SG3EetecMhY3WKYXcDp,check,14
24131.012,1AXFbhdeyr12uPybnY47DjcYLm8SG3EetecMhY3WKYXcDp,check,15
24191.014,1AXFbhdeyr12uPybnY47DjcYLm8SG3EetecMhY3WKYXcDp,check,15
24251.012,1AXFbhdeyr12uPybnY47DjcYLm8SG3EetecMhY3WKYXcDp,check,15
24311.012,1AXFbhdeyr12uPybnY47DjcYLm8SG3EetecMhY3WKYXcDp,check,13
24371.014,1AXFbhdeyr12uPybnY47DjcYLm8SG3EetecMhY3WKYXcDp,check,15
24431.014,1AXFbhdeyr12uPybnY47DjcYLm8SG3EetecMhY3WKYXcDp,check,15
24491.012,1AXFbhdeyr12uPybnY47DjcYLm8SG3EetecMhY3WKYXcDp,check,15
24551.014,1AXFbhdeyr12uPybnY47DjcYLm8SG3EetecMhY3WKYXcDp,check,14
24611.012,1AXFbhdeyr12uPybnY47DjcYLm8SG3EetecMhY3WKYXcDp,check,15
24671.012,1AXFbhdeyr12uPybnY47DjcYLm8SG3EetecMhY3WKYXcDp,check,12
24731.012,1AXFbhdeyr12uPybnY47DjcYLm8SG3EetecMhY3WKYXcDp,check,13
24791.014,1AXFbhdeyr12uPybnY47DjcYLm8SG3EetecMhY3WKYXcDp,check,12
24851.01,1AXFbhdeyr12uPybnY47DjcYLm8SG3EetecMhY3WKYXcDp,check,13
24911.012,1AXFbhdeyr12uPybnY47DjcYLm8SG3EetecMhY3WKYXcDp,check,14
24971.014,1AXFbhdeyr12uPybnY47DjcYLm8SG3EetecMhY3WKYXcDp,check,13
25031.012,1AXFbhdeyr12uPybnY47DjcYLm8SG3EetecMhY3WKYXcDp,check,11
25091.014,1AXFbhdeyr12uPybnY47DjcYLm8SG3EetecMhY3WKYXcDp,check,12
25151.012,1AXFbhdeyr12uPybnY47DjcYLm8SG3EetecMhY3WKYXcDp,check,11
25211.014,1AXFbhdeyr12uPybnY47DjcYLm8SG3EetecMhY3WKYXcDp,check,11
25271.014,1AXFbhdeyr12uPybnY47DjcYLm8SG3EetecMhY3WKYXcDp,check,11
25331.012,1AXFbhdeyr12uPybnY47DjcYLm8SG3EetecMhY3WKYXcDp,check,14
25391.012,1AXFbhdeyr12uPybnY47DjcYLm8SG3EetecMhY3WKYXcDp,check,15
25451.014,1AXFbhdeyr12uPybnY47DjcYLm8SG3EetecMhY3WKYXcDp,check,13
25511.014,1AXFbhdeyr12uPybnY47DjcYLm8SG3EetecMhY3WKYXcDp,check,15
25571.014,1AXFbhdeyr12uPybnY47DjcYLm8SG3EetecMhY3WKYXcDp,check,15
25631.012,1AXFbhdeyr12uPybnY47DjcYLm8SG3EetecMhY3WKYXcDp,check,14
25691.014,1AXFbhdeyr12uPybnY47DjcYLm8SG3EetecMhY3WKYXcDp,check,15
25751.012,1AXFbhdeyr12uPybnY47DjcYLm8SG3EetecMhY3WKYXcDp,check,13
25811.014,1AXFbhdeyr12uPybnY47DjcYLm8SG3EetecMhY3WKYXcDp,check,11
25871.014,1AXFbhdeyr12uPybnY47DjcYLm8SG3EetecMhY3WKYXcDp,check,11
25931.012,1AXFbhdeyr12uPybnY47DjcYLm8SG3EetecMhY3WKYXcDp,check,11
25991.012,1AXFbhdeyr12uPybnY47DjcYLm8SG3EetecMhY3WKYXcDp,check,11
26051.014,1AXFbhdeyr12uPybnY47DjcYLm8SG3EetecMhY3WKYXcDp,check,11
26111.012,1AXFbhdeyr12uPybnY47DjcYLm8SG3EetecMhY3WKYXcDp,check,15
26171.014,1AXFbhdeyr12uPybnY47DjcYLm8SG3EetecMhY3WKYXcDp,check,15
26231.014,1AXFbhdeyr12uPybnY47DjcYLm8SG3EetecMhY3WKYXcDp,check,15
26291.014,1AXFbhdeyr12uPybnY47DjcYLm8SG3EetecMhY3WKYXcDp,check,15
26351.014,1AXFbhdeyr12uPybnY47DjcYLm8SG3EetecMhY3WKYXcDp,check,14
26411.014,1AXFbhdeyr12uPybnY47DjcYLm8SG3EetecMhY3WKYXcDp,check,14
26471.012,1AXFbhdeyr12uPybnY47DjcYLm8SG3EetecMhY3WKYXcDp,check,13
26531.014,1AXFbhdeyr12uPybnY47DjcYLm8SG3EetecMhY3WKYXcDp,check,15
26591.014,1AXFbhdeyr12uPybnY47DjcYLm8SG3EetecMhY3WKYXcDp,check,15
26651.012,1AXFbhdeyr12uPybnY47DjcYLm8SG3EetecMhY3WKYXcDp,check,13
26711.012,1AXFbhdeyr12uPybnY47DjcYLm8SG3EetecMhY3WKYXcDp,check,13
26771.012,1AXFbhdeyr12uPybnY47DjcYLm8SG3EetecMhY3WKYXcDp,check,12
26831.014,1AXFbhdeyr12uPybnY47DjcYLm8SG3EetecMhY3WKYXcDp,check,14
26891.014,1AXFbhdeyr12uPybnY47DjcYLm8SG3EetecMhY3WKYXcDp,check,15
26951.014,1AXFbhdeyr12uPybnY47DjcYLm8SG3EetecMhY3WKYXcDp,check,15
27011.014,1AXFbhdeyr12uPybnY47DjcYLm8SG3EetecMhY3WKYXcDp,check,14
27071.01,1AXFbhdeyr12uPybnY47DjcYLm8SG3EetecMhY3WKYXcDp,check,15
27131.012,1AXFbhdeyr12uPybnY47DjcYLm8SG3EetecMhY3WKYXcDp,check,15
27191.014,1AXFbhdeyr12uPybnY47DjcYLm8SG3EetecMhY3WKYXcDp,check,15
27251.012,1AXFbhdeyr12uPybnY47DjcYLm8SG3EetecMhY3WKYXcDp,check,15
27311.012,1AXFbhdeyr12uPybnY47DjcYLm8SG3EetecMhY3WKYXcDp,check,14
27371.012,1AXFbhdeyr12uPybnY47DjcYLm8SG3EetecMhY3WKYXcDp,check,13
27431.012,1AXFbhdeyr12uPybnY47DjcYLm8SG3EetecMhY3WKYXcDp,check,13
27491.012,1AXFbhdeyr12uPybnY47DjcYLm8SG3EetecMhY3WKYXcDp,check,13
27551.012,1AXFbhdeyr12uPybnY47DjcYLm8SG3EetecMhY3WKYXcDp,check,12
27611.012,1AXFbhdeyr12uPybnY47DjcYLm8SG3EetecMhY3WKYXcDp,check,14
27671.012,1AXFbhdeyr12uPybnY47DjcYLm8SG3EetecMhY3WKYXcDp,check,15
27731.014,1AXFbhdeyr12uPybnY47DjcYLm8SG3EetecMhY3WKYXcDp,check,15
27791.01,1AXFbhdeyr12uPybnY47DjcYLm8SG3EetecMhY3WKYXcDp,check,15
27851.014,1AXFbhdeyr12uPybnY47DjcYLm8SG3EetecMhY3WKYXcDp,check,14
27911.012,1AXFbhdeyr12uPybnY47DjcYLm8SG3EetecMhY3WKYXcDp,check,15
27971.014,1AXFbhdeyr12uPybnY47DjcYLm8SG3EetecMhY3WKYXcDp,check,14
28031.014,1AXFbhdeyr12uPybnY47DjcYLm8SG3EetecMhY3WKYXcDp,check,12
28091.012,1AXFbhdeyr12uPybnY47DjcYLm8SG3EetecMhY3WKYXcDp,check,13
28151.01,1AXFbhdeyr12uPybnY47DjcYLm8SG3EetecMhY3WKYXcDp,check,15
28211.01,1AXFbhdeyr12uPybnY47DjcYLm8SG3EetecMhY3WKYXcDp,check,14
28271.008,1AXFbhdeyr12uPybnY47DjcYLm8SG3EetecMhY3WKYXcDp,check,13
28331.008,1AXFbhdeyr12uPybnY47DjcYLm8SG3EetecMhY3WKYXcDp,check,12
28391.006,1AXFbhdeyr12uPybnY47DjcYLm8SG3EetecMhY3WKYXcDp,check,15
28451.008,1AXFbhdeyr12uPybnY47DjcYLm8SG3EetecMhY3WKYXcDp,check,15
28511.014,1AXFbhdeyr12uPybnY47DjcYLm8SG3EetecMhY3WKYXcDp,check,15
28571.014,1AXFbhdeyr12uPybnY47DjcYLm8SG3EetecMhY3WKYXcDp,check,14
28631.012,1AXFbhdeyr12uPybnY47DjcYLm8SG3EetecMhY3WKYXcDp,check,15
28691.014,1AXFbhdeyr12uPybnY47DjcYLm8SG3EetecMhY3WKYXcDp,check,15
28751.012,1AXFbhdeyr12uPybnY47DjcYLm8SG3EetecMhY3WKYXcDp,check,15
28811.012,1AXFbhdeyr12uPybnY47DjcYLm8SG3EetecMhY3WKYXcDp,check,13
28871.014,1AXFbhdeyr12uPybnY47DjcYLm8SG3EetecMhY3WKYXcDp,check,13
28931.012,1AXFbhdeyr12uPybnY47DjcYLm8SG3EetecMhY3WKYXcDp,check,12
28991.012,1AXFbhdeyr12uPybnY47DjcYLm8SG3EetecMhY3WKYXcDp,check,11
29051.012,1AXFbhdeyr12uPybnY47DjcYLm8SG3EetecMhY3WKYXcDp,check,13
29111.012,1AXFbhdeyr12uPybnY47DjcYLm8SG3EetecMhY3WKYXcDp,check,11
29171.014,1AXFbhdeyr12uPybnY47DjcYLm8SG3EetecMhY3WKYXcDp,check,15
29231.014,1AXFbhdeyr12uPybnY47DjcYLm8SG3EetecMhY3WKYXcDp,check,15
29291.014,1AXFbhdeyr12uPybnY47DjcYLm8SG3EetecMhY3WKYXcDp,check,15
29351.012,1AXFbhdeyr12uPybnY47DjcYLm8SG3EetecMhY3WKYXcDp,check,15
29411.014,1AXFbhdeyr12uPybnY47DjcYLm8SG3EetecMhY3WKYXcDp,check,15
29471.01,1AXFbhdeyr12uPybnY47DjcYLm8SG3EetecMhY3WKYXcDp,check,15
29531.012,1AXFbhdeyr12uPybnY47DjcYLm8SG3EetecMhY3WKYXcDp,check,14
29591.012,1AXFbhdeyr12uPybnY47DjcYLm8SG3EetecMhY3WKYXcDp,check,14
29651.01,1AXFbhdeyr12uPybnY47DjcYLm8SG3EetecMhY3WKYXcDp,check,12
29711.012,1AXFbhdeyr12uPybnY47DjcYLm8SG3EetecMhY3WKYXcDp,check,14
29771.012,1AXFbhdeyr12uPybnY47DjcYLm8SG3EetecMhY3WKYXcDp,check,14
29831.014,1AXFbhdeyr12uPybnY47DjcYLm8SG3EetecMhY3WKYXcDp,check,14
29891.012,1AXFbhdeyr12uPybnY47DjcYLm8SG3EetecMhY3WKYXcDp,check,15
29951.014,1AXFbhdeyr12uPybnY47DjcYLm8SG3EetecMhY3WKYXcDp,check,14
30011.01,1AXFbhdeyr12uPybnY47DjcYLm8SG3EetecMhY3WKYXcDp,check,15
30071.012,1AXFbhdeyr12uPybnY47DjcYLm8SG3EetecMhY3WKYXcDp,check,15
30131.014,1AXFbhdeyr12uPybnY47DjcYLm8SG3EetecMhY3WKYXcDp,check,15
30191.014,1AXFbhdeyr12uPybnY47DjcYLm8SG3EetecMhY3WKYXcDp,check,15
30251.014,1AXFbhdeyr12uPybnY47DjcYLm8SG3EetecMhY3WKYXcDp,check,15
30311.012,1AXFbhdeyr12uPybnY47DjcYLm8SG3EetecMhY3WKYXcDp,check,14
30371.012,1AXFbhdeyr12uPybnY47DjcYLm8SG3EetecMhY3WKYXcDp,check,15
30431.012,1AXFbhdeyr12uPybnY47DjcYLm8SG3EetecMhY3WKYXcDp,check,15
30491.012,1AXFbhdeyr12uPybnY47DjcYLm8SG3EetecMhY3WKYXcDp,check,15
30551.012,1AXFbhdeyr12uPybnY47DjcYLm8SG3EetecMhY3WKYXcDp,check,15
30611.012,1AXFbhdeyr12uPybnY47DjcYLm8SG3EetecMhY3WKYXcDp,check,14
30671.014,1AXFbhdeyr12uPybnY47DjcYLm8SG3EetecMhY3WKYXcDp,check,14
30731.012,1AXFbhdeyr12uPybnY47DjcYLm8SG3EetecMhY3WKYXcDp,check,15
30791.012,1AXFbhdeyr12uPybnY47DjcYLm8SG3EetecMhY3WKYXcDp,check,15
30851.014,1AXFbhdeyr12uPybnY47DjcYLm8SG3EetecMhY3WKYXcDp,check,15
30911.014,1AXFbhdeyr12uPybnY47DjcYLm8SG3EetecMhY3WKYXcDp,check,15
30971.012,1AXFbhdeyr12uPybnY47DjcYLm8SG3EetecMhY3WKYXcDp,check,15
31031.014,1AXFbhdeyr12uPybnY47DjcYLm8SG3EetecMhY3WKYXcDp,check,15
31091.01,1AXFbhdeyr12uPybnY47DjcYLm8SG3EetecMhY3WKYXcDp,check,15
31151.016,1AXFbhdeyr12uPybnY47DjcYLm8SG3EetecMhY3WKYXcDp,check,14
31211.012,1AXFbhdeyr12uPybnY47DjcYLm8SG3EetecMhY3WKYXcDp,check,14
31271.014,1AXFbhdeyr12uPybnY47DjcYLm8SG3EetecMhY3WKYXcDp,check,15
31331.014,1AXFbhdeyr12uPybnY47DjcYLm8SG3EetecMhY3WKYXcDp,check,14
31391.014,1AXFbhdeyr12uPybnY47DjcYLm8SG3EetecMhY3WKYXcDp,check,15
31451.014,1AXFbhdeyr12uPybnY47DjcYLm8SG3EetecMhY3WKYXcDp,check,14
31511.014,1AXFbhdeyr12uPybnY47DjcYLm8SG3EetecMhY3WKYXcDp,check,15
31571.014,1AXFbhdeyr12uPybnY47DjcYLm8SG3EetecMhY3WKYXcDp,check,15
31631.012,1AXFbhdeyr12uPybnY47DjcYLm8SG3EetecMhY3WKYXcDp,check,15
31691.012,1AXFbhdeyr12uPybnY47DjcYLm8SG3EetecMhY3WKYXcDp,check,15
31751.014,1AXFbhdeyr12uPybnY47DjcYLm8SG3EetecMhY3WKYXcDp,check,15
31811.014,1AXFbhdeyr12uPybnY47DjcYLm8SG3EetecMhY3WKYXcDp,check,14
31871.012,1AXFbhdeyr12uPybnY47DjcYLm8SG3EetecMhY3WKYXcDp,check,15
31931.014,1AXFbhdeyr12uPybnY47DjcYLm8SG3EetecMhY3WKYXcDp,check,15
31991.014,1AXFbhdeyr12uPybnY47DjcYLm8SG3EetecMhY3WKYXcDp,check,15
32051.012,1AXFbhdeyr12uPybnY47DjcYLm8SG3EetecMhY3WKYXcDp,check,13
32111.012,1AXFbhdeyr12uPybnY47DjcYLm8SG3EetecMhY3WKYXcDp,check,14
32171.012,1AXFbhdeyr12uPybnY47DjcYLm8SG3EetecMhY3WKYXcDp,check,15
32231.014,1AXFbhdeyr12uPybnY47DjcYLm8SG3EetecMhY3WKYXcDp,check,15
32291.012,1AXFbhdeyr12uPybnY47DjcYLm8SG3EetecMhY3WKYXcDp,check,15
32351.014,1AXFbhdeyr12uPybnY47DjcYLm8SG3EetecMhY3WKYXcDp,check,15
32411.012,1AXFbhdeyr12uPybnY47DjcYLm8SG3EetecMhY3WKYXcDp,check,14
32471.012,1AXFbhdeyr12uPybnY47DjcYLm8SG3EetecMhY3WKYXcDp,check,15
32531.016,1AXFbhdeyr12uPybnY47DjcYLm8SG3EetecMhY3WKYXcDp,check,15
32591.016,1AXFbhdeyr12uPybnY47DjcYLm8SG3EetecMhY3WKYXcDp,check,15
32651.012,1AXFbhdeyr12uPybnY47DjcYLm8SG3EetecMhY3WKYXcDp,check,15
32711.016,1AXFbhdeyr12uPybnY47DjcYLm8SG3EetecMhY3WKYXcDp,check,15
32771.016,1AXFbhdeyr12uPybnY47DjcYLm8SG3EetecMhY3WKYXcDp,check,15
32831.01,1AXFbhdeyr12uPybnY47DjcYLm8SG3EetecMhY3WKYXcDp,check,13
32891.01,1AXFbhdeyr12uPybnY47DjcYLm8SG3EetecMhY3WKYXcDp,check,15
32951.01,1AXFbhdeyr12uPybnY47DjcYLm8SG3EetecMhY3WKYXcDp,check,14
33011.01,1AXFbhdeyr12uPybnY47DjcYLm8SG3EetecMhY3WKYXcDp,check,13
33071.01,1AXFbhdeyr12uPybnY47DjcYLm8SG3EetecMhY3WKYXcDp,check,15
33131.016,1AXFbhdeyr12uPybnY47DjcYLm8SG3EetecMhY3WKYXcDp,check,15
33191.01,1AXFbhdeyr12uPybnY47DjcYLm8SG3EetecMhY3WKYXcDp,check,15
33251.01,1AXFbhdeyr12uPybnY47DjcYLm8SG3EetecMhY3WKYXcDp,check,15
33311.016,1AXFbhdeyr12uPybnY47DjcYLm8SG3EetecMhY3WKYXcDp,check,15
33371.01,1AXFbhdeyr12uPybnY47DjcYLm8SG3EetecMhY3WKYXcDp,check,15
33431.01,1AXFbhdeyr12uPybnY47DjcYLm8SG3EetecMhY3WKYXcDp,check,15
33491.016,1AXFbhdeyr12uPybnY47DjcYLm8SG3EetecMhY3WKYXcDp,check,12
33551.01,1AXFbhdeyr12uPybnY47DjcYLm8SG3EetecMhY3WKYXcDp,check,15
33611.01,1AXFbhdeyr12uPybnY47DjcYLm8SG3EetecMhY3WKYXcDp,check,15
33671.01,1AXFbhdeyr12uPybnY47DjcYLm8SG3EetecMhY3WKYXcDp,check,15
33731.01,1AXFbhdeyr12uPybnY47DjcYLm8SG3EetecMhY3WKYXcDp,check,15
33791.01,1AXFbhdeyr12uPybnY47DjcYLm8SG3EetecMhY3WKYXcDp,check,15
33851.01,1AXFbhdeyr12uPybnY47DjcYLm8SG3EetecMhY3WKYXcDp,check,15
33911.01,1AXFbhdeyr12uPybnY47DjcYLm8SG3EetecMhY3WKYXcDp,check,15
33971.01,1AXFbhdeyr12uPybnY47DjcYLm8SG3EetecMhY3WKYXcDp,check,15
34031.016,1AXFbhdeyr12uPybnY47DjcYLm8SG3EetecMhY3WKYXcDp,check,15
34091.01,1AXFbhdeyr12uPybnY47DjcYLm8SG3EetecMhY3WKYXcDp,check,15
34151.01,1AXFbhdeyr12uPybnY47DjcYLm8SG3EetecMhY3WKYXcDp,check,15
34211.01,1AXFbhdeyr12uPybnY47DjcYLm8SG3EetecMhY3WKYXcDp,check,15
34271.01,1AXFbhdeyr12uPybnY47DjcYLm8SG3EetecMhY3WKYXcDp,check,15
34331.01,1AXFbhdeyr12uPybnY47DjcYLm8SG3EetecMhY3WKYXcDp,check,13
34391.01,1AXFbhdeyr12uPybnY47DjcYLm8SG3EetecMhY3WKYXcDp,check,15
34451.016,1AXFbhdeyr12uPybnY47DjcYLm8SG3EetecMhY3WKYXcDp,check,14
34511.01,1AXFbhdeyr12uPybnY47DjcYLm8SG3EetecMhY3WKYXcDp,check,15
34571.016,1AXFbhdeyr12uPybnY47DjcYLm8SG3EetecMhY3WKYXcDp,check,14
34631.01,1AXFbhdeyr12uPybnY47DjcYLm8SG3EetecMhY3WKYXcDp,check,15
34691.01,1AXFbhdeyr12uPybnY47DjcYLm8SG3EetecMhY3WKYXcDp,check,15
34751.01,1AXFbhdeyr12uPybnY47DjcYLm8SG3EetecMhY3WKYXcDp,check,15
34811.01,1AXFbhdeyr12uPybnY47DjcYLm8SG3EetecMhY3WKYXcDp,check,14
34871.01,1AXFbhdeyr12uPybnY47DjcYLm8SG3EetecMhY3WKYXcDp,check,14
34931.01,1AXFbhdeyr12uPybnY47DjcYLm8SG3EetecMhY3WKYXcDp,check,15
34991.01,1AXFbhdeyr12uPybnY47DjcYLm8SG3EetecMhY3WKYXcDp,check,15
35051.01,1AXFbhdeyr12uPybnY47DjcYLm8SG3EetecMhY3WKYXcDp,check,15
35111.01,1AXFbhdeyr12uPybnY47DjcYLm8SG3EetecMhY3WKYXcDp,check,14
35171.01,1AXFbhdeyr12uPybnY47DjcYLm8SG3EetecMhY3WKYXcDp,check,14
35231.01,1AXFbhdeyr12uPybnY47DjcYLm8SG3EetecMhY3WKYXcDp,check,15
35291.01,1AXFbhdeyr12uPybnY47DjcYLm8SG3EetecMhY3WKYXcDp,check,15
35351.01,1AXFbhdeyr12uPybnY47DjcYLm8SG3EetecMhY3WKYXcDp,check,14
35411.01,1AXFbhdeyr12uPybnY47DjcYLm8SG3EetecMhY3WKYXcDp,check,15
35471.01,1AXFbhdeyr12uPybnY47DjcYLm8SG3EetecMhY3WKYXcDp,check,15
35531.01,1AXFbhdeyr12uPybnY47DjcYLm8SG3EetecMhY3WKYXcDp,check,15
35591.01,1AXFbhdeyr12uPybnY47DjcYLm8SG3EetecMhY3WKYXcDp,check,15
35651.01,1AXFbhdeyr12uPybnY47DjcYLm8SG3EetecMhY3WKYXcDp,check,15
35711.016,1AXFbhdeyr12uPybnY47DjcYLm8SG3EetecMhY3WKYXcDp,check,15
35771.01,1AXFbhdeyr12uPybnY47DjcYLm8SG3EetecMhY3WKYXcDp,check,15
35831.01,1AXFbhdeyr12uPybnY47DjcYLm8SG3EetecMhY3WKYXcDp,check,15
35891.01,1AXFbhdeyr12uPybnY47DjcYLm8SG3EetecMhY3WKYXcDp,check,15
35951.01,1AXFbhdeyr12uPybnY47DjcYLm8SG3EetecMhY3WKYXcDp,check,15
36011.01,1AXFbhdeyr12uPybnY47DjcYLm8SG3EetecMhY3WKYXcDp,check,15
36071.016,1AXFbhdeyr12uPybnY47DjcYLm8SG3EetecMhY3WKYXcDp,check,15
36131.01,1AXFbhdeyr12uPybnY47DjcYLm8SG3EetecMhY3WKYXcDp,check,13
36191.01,1AXFbhdeyr12uPybnY47DjcYLm8SG3EetecMhY3WKYXcDp,check,15
36251.01,1AXFbhdeyr12uPybnY47DjcYLm8SG3EetecMhY3WKYXcDp,check,15
36311.01,1AXFbhdeyr12uPybnY47DjcYLm8SG3EetecMhY3WKYXcDp,check,15
36371.01,1AXFbhdeyr12uPybnY47DjcYLm8SG3EetecMhY3WKYXcDp,check,15
36431.01,1AXFbhdeyr12uPybnY47DjcYLm8SG3EetecMhY3WKYXcDp,check,15
36491.008,1AXFbhdeyr12uPybnY47DjcYLm8SG3EetecMhY3WKYXcDp,check,15
36551.008,1AXFbhdeyr12uPybnY47DjcYLm8SG3EetecMhY3WKYXcDp,check,15
36611.008,1AXFbhdeyr12uPybnY47DjcYLm8SG3EetecMhY3WKYXcDp,check,15
36671.008,1AXFbhdeyr12uPybnY47DjcYLm8SG3EetecMhY3WKYXcDp,check,14
36731.004,1AXFbhdeyr12uPybnY47DjcYLm8SG3EetecMhY3WKYXcDp,check,15
36791.008,1AXFbhdeyr12uPybnY47DjcYLm8SG3EetecMhY3WKYXcDp,check,15
36851.01,1AXFbhdeyr12uPybnY47DjcYLm8SG3EetecMhY3WKYXcDp,check,15
36911.01,1AXFbhdeyr12uPybnY47DjcYLm8SG3EetecMhY3WKYXcDp,check,15
36971.01,1AXFbhdeyr12uPybnY47DjcYLm8SG3EetecMhY3WKYXcDp,check,15
37031.01,1AXFbhdeyr12uPybnY47DjcYLm8SG3EetecMhY3WKYXcDp,check,15
37091.01,1AXFbhdeyr12uPybnY47DjcYLm8SG3EetecMhY3WKYXcDp,check,15
37151.01,1AXFbhdeyr12uPybnY47DjcYLm8SG3EetecMhY3WKYXcDp,check,15
37211.01,1AXFbhdeyr12uPybnY47DjcYLm8SG3EetecMhY3WKYXcDp,check,14
37271.01,1AXFbhdeyr12uPybnY47DjcYLm8SG3EetecMhY3WKYXcDp,check,15
37331.01,1AXFbhdeyr12uPybnY47DjcYLm8SG3EetecMhY3WKYXcDp,check,13
37391.01,1AXFbhdeyr12uPybnY47DjcYLm8SG3EetecMhY3WKYXcDp,check,15
37451.01,1AXFbhdeyr12uPybnY47DjcYLm8SG3EetecMhY3WKYXcDp,check,13
37511.016,1AXFbhdeyr12uPybnY47DjcYLm8SG3EetecMhY3WKYXcDp,check,14
37571.016,1AXFbhdeyr12uPybnY47DjcYLm8SG3EetecMhY3WKYXcDp,check,15
37631.01,1AXFbhdeyr12uPybnY47DjcYLm8SG3EetecMhY3WKYXcDp,check,15
37691.01,1AXFbhdeyr12uPybnY47DjcYLm8SG3EetecMhY3WKYXcDp,check,15
37751.01,1AXFbhdeyr12uPybnY47DjcYLm8SG3EetecMhY3WKYXcDp,check,15
37811.01,1AXFbhdeyr12uPybnY47DjcYLm8SG3EetecMhY3WKYXcDp,check,15
37871.01,1AXFbhdeyr12uPybnY47DjcYLm8SG3EetecMhY3WKYXcDp,check,11
37931.01,1AXFbhdeyr12uPybnY47DjcYLm8SG3EetecMhY3WKYXcDp,check,15
37991.01,1AXFbhdeyr12uPybnY47DjcYLm8SG3EetecMhY3WKYXcDp,check,15
38051.01,1AXFbhdeyr12uPybnY47DjcYLm8SG3EetecMhY3WKYXcDp,check,15
38111.01,1AXFbhdeyr12uPybnY47DjcYLm8SG3EetecMhY3WKYXcDp,check,15
38171.01,1AXFbhdeyr12uPybnY47DjcYLm8SG3EetecMhY3WKYXcDp,check,15
38231.01,1AXFbhdeyr12uPybnY47DjcYLm8SG3EetecMhY3WKYXcDp,check,15
38291.01,1AXFbhdeyr12uPybnY47DjcYLm8SG3EetecMhY3WKYXcDp,check,14
38351.01,1AXFbhdeyr12uPybnY47DjcYLm8SG3EetecMhY3WKYXcDp,check,15
38411.01,1AXFbhdeyr12uPybnY47DjcYLm8SG3EetecMhY3WKYXcDp,check,15
38471.01,1AXFbhdeyr12uPybnY47DjcYLm8SG3EetecMhY3WKYXcDp,check,15
38531.01,1AXFbhdeyr12uPybnY47DjcYLm8SG3EetecMhY3WKYXcDp,check,14
38591.01,1AXFbhdeyr12uPybnY47DjcYLm8SG3EetecMhY3WKYXcDp,check,14
38651.01,1AXFbhdeyr12uPybnY47DjcYLm8SG3EetecMhY3WKYXcDp,check,15
38711.016,1AXFbhdeyr12uPybnY47DjcYLm8SG3EetecMhY3WKYXcDp,check,15
38771.01,1AXFbhdeyr12uPybnY47DjcYLm8SG3EetecMhY3WKYXcDp,check,14
38831.016,1AXFbhdeyr12uPybnY47DjcYLm8SG3EetecMhY3WKYXcDp,check,14
38891.01,1AXFbhdeyr12uPybnY47DjcYLm8SG3EetecMhY3WKYXcDp,check,14
38951.01,1AXFbhdeyr12uPybnY47DjcYLm8SG3EetecMhY3WKYXcDp,check,14
39011.01,1AXFbhdeyr12uPybnY47DjcYLm8SG3EetecMhY3WKYXcDp,check,15
39071.01,1AXFbhdeyr12uPybnY47DjcYLm8SG3EetecMhY3WKYXcDp,check,14
39131.01,1AXFbhdeyr12uPybnY47DjcYLm8SG3EetecMhY3WKYXcDp,check,14
39191.02,1AXFbhdeyr12uPybnY47DjcYLm8SG3EetecMhY3WKYXcDp,check,15
39251.01,1AXFbhdeyr12uPybnY47DjcYLm8SG3EetecMhY3WKYXcDp,check,15
39311.01,1AXFbhdeyr12uPybnY47DjcYLm8SG3EetecMhY3WKYXcDp,check,15
39371.01,1AXFbhdeyr12uPybnY47DjcYLm8SG3EetecMhY3WKYXcDp,check,15
39431.01,1AXFbhdeyr12uPybnY47DjcYLm8SG3EetecMhY3WKYXcDp,check,15
39491.01,1AXFbhdeyr12uPybnY47DjcYLm8SG3EetecMhY3WKYXcDp,check,15
39551.01,1AXFbhdeyr12uPybnY47DjcYLm8SG3EetecMhY3WKYXcDp,check,15
39611.01,1AXFbhdeyr12uPybnY47DjcYLm8SG3EetecMhY3WKYXcDp,check,15
39671.01,1AXFbhdeyr12uPybnY47DjcYLm8SG3EetecMhY3WKYXcDp,check,15
39731.01,1AXFbhdeyr12uPybnY47DjcYLm8SG3EetecMhY3WKYXcDp,check,15
39791.01,1AXFbhdeyr12uPybnY47DjcYLm8SG3EetecMhY3WKYXcDp,check,15
39851.01,1AXFbhdeyr12uPybnY47DjcYLm8SG3EetecMhY3WKYXcDp,check,15
39911.01,1AXFbhdeyr12uPybnY47DjcYLm8SG3EetecMhY3WKYXcDp,check,14
39971.01,1AXFbhdeyr12uPybnY47DjcYLm8SG3EetecMhY3WKYXcDp,check,15
40031.016,1AXFbhdeyr12uPybnY47DjcYLm8SG3EetecMhY3WKYXcDp,check,15
40091.01,1AXFbhdeyr12uPybnY47DjcYLm8SG3EetecMhY3WKYXcDp,check,15
40151.01,1AXFbhdeyr12uPybnY47DjcYLm8SG3EetecMhY3WKYXcDp,check,15
40211.016,1AXFbhdeyr12uPybnY47DjcYLm8SG3EetecMhY3WKYXcDp,check,15
40271.01,1AXFbhdeyr12uPybnY47DjcYLm8SG3EetecMhY3WKYXcDp,check,15
40331.01,1AXFbhdeyr12uPybnY47DjcYLm8SG3EetecMhY3WKYXcDp,check,15
40391.01,1AXFbhdeyr12uPybnY47DjcYLm8SG3EetecMhY3WKYXcDp,check,15
40451.01,1AXFbhdeyr12uPybnY47DjcYLm8SG3EetecMhY3WKYXcDp,check,15
40511.01,1AXFbhdeyr12uPybnY47DjcYLm8SG3EetecMhY3WKYXcDp,check,15
40571.016,1AXFbhdeyr12uPybnY47DjcYLm8SG3EetecMhY3WKYXcDp,check,15
40631.008,1AXFbhdeyr12uPybnY47DjcYLm8SG3EetecMhY3WKYXcDp,check,15
40691.01,1AXFbhdeyr12uPybnY47DjcYLm8SG3EetecMhY3WKYXcDp,check,15
40751.01,1AXFbhdeyr12uPybnY47DjcYLm8SG3EetecMhY3WKYXcDp,check,14
40811.01,1AXFbhdeyr12uPybnY47DjcYLm8SG3EetecMhY3WKYXcDp,check,15
40871.01,1AXFbhdeyr12uPybnY47DjcYLm8SG3EetecMhY3WKYXcDp,check,14
40931.01,1AXFbhdeyr12uPybnY47DjcYLm8SG3EetecMhY3WKYXcDp,check,15
40991.01,1AXFbhdeyr12uPybnY47DjcYLm8SG3EetecMhY3WKYXcDp,check,15
41051.01,1AXFbhdeyr12uPybnY47DjcYLm8SG3EetecMhY3WKYXcDp,check,15
41111.01,1AXFbhdeyr12uPybnY47DjcYLm8SG3EetecMhY3WKYXcDp,check,15
41171.01,1AXFbhdeyr12uPybnY47DjcYLm8SG3EetecMhY3WKYXcDp,check,15
41231.01,1AXFbhdeyr12uPybnY47DjcYLm8SG3EetecMhY3WKYXcDp,check,15
41291.01,1AXFbhdeyr12uPybnY47DjcYLm8SG3EetecMhY3WKYXcDp,check,14
41351.01,1AXFbhdeyr12uPybnY47DjcYLm8SG3EetecMhY3WKYXcDp,check,14
41411.01,1AXFbhdeyr12uPybnY47DjcYLm8SG3EetecMhY3WKYXcDp,check,14
41471.01,1AXFbhdeyr12uPybnY47DjcYLm8SG3EetecMhY3WKYXcDp,check,14
41531.01,1AXFbhdeyr12uPybnY47DjcYLm8SG3EetecMhY3WKYXcDp,check,13
41591.01,1AXFbhdeyr12uPybnY47DjcYLm8SG3EetecMhY3WKYXcDp,check,14
41651.01,1AXFbhdeyr12uPybnY47DjcYLm8SG3EetecMhY3WKYXcDp,check,14
41711.01,1AXFbhdeyr12uPybnY47DjcYLm8SG3EetecMhY3WKYXcDp,check,14
41771.01,1AXFbhdeyr12uPybnY47DjcYLm8SG3EetecMhY3WKYXcDp,check,14
41831.01,1AXFbhdeyr12uPybnY47DjcYLm8SG3EetecMhY3WKYXcDp,check,14
41891.01,1AXFbhdeyr12uPybnY47DjcYLm8SG3EetecMhY3WKYXcDp,check,14
41951.01,1AXFbhdeyr12uPybnY47DjcYLm8SG3EetecMhY3WKYXcDp,check,14
42011.01,1AXFbhdeyr12uPybnY47DjcYLm8SG3EetecMhY3WKYXcDp,check,14
42071.01,1AXFbhdeyr12uPybnY47DjcYLm8SG3EetecMhY3WKYXcDp,check,14
42131.01,1AXFbhdeyr12uPybnY47DjcYLm8SG3EetecMhY3WKYXcDp,check,14
42191.016,1AXFbhdeyr12uPybnY47DjcYLm8SG3EetecMhY3WKYXcDp,check,14
42251.01,1AXFbhdeyr12uPybnY47DjcYLm8SG3EetecMhY3WKYXcDp,check,14
42311.01,1AXFbhdeyr12uPybnY47DjcYLm8SG3EetecMhY3WKYXcDp,check,14
42371.01,1AXFbhdeyr12uPybnY47DjcYLm8SG3EetecMhY3WKYXcDp,check,14
42431.01,1AXFbhdeyr12uPybnY47DjcYLm8SG3EetecMhY3WKYXcDp,check,14
42491.01,1AXFbhdeyr12uPybnY47DjcYLm8SG3EetecMhY3WKYXcDp,check,14
42551.016,1AXFbhdeyr12uPybnY47DjcYLm8SG3EetecMhY3WKYXcDp,check,14
42611.01,1AXFbhdeyr12uPybnY47DjcYLm8SG3EetecMhY3WKYXcDp,check,14
42671.01,1AXFbhdeyr12uPybnY47DjcYLm8SG3EetecMhY3WKYXcDp,check,14
42731.01,1AXFbhdeyr12uPybnY47DjcYLm8SG3EetecMhY3WKYXcDp,check,14
42791.01,1AXFbhdeyr12uPybnY47DjcYLm8SG3EetecMhY3WKYXcDp,check,14
42851.01,1AXFbhdeyr12uPybnY47DjcYLm8SG3EetecMhY3WKYXcDp,check,14
42911.01,1AXFbhdeyr12uPybnY47DjcYLm8SG3EetecMhY3WKYXcDp,check,13
42971.01,1AXFbhdeyr12uPybnY47DjcYLm8SG3EetecMhY3WKYXcDp,check,14
43031.016,1AXFbhdeyr12uPybnY47DjcYLm8SG3EetecMhY3WKYXcDp,check,14
43091.01,1AXFbhdeyr12uPybnY47DjcYLm8SG3EetecMhY3WKYXcDp,check,14
43151.01,1AXFbhdeyr12uPybnY47DjcYLm8SG3EetecMhY3WKYXcDp,check,14
43211.01,1AXFbhdeyr12uPybnY47DjcYLm8SG3EetecMhY3WKYXcDp,check,14
43271.01,1AXFbhdeyr12uPybnY47DjcYLm8SG3EetecMhY3WKYXcDp,check,14
43331.01,1AXFbhdeyr12uPybnY47DjcYLm8SG3EetecMhY3WKYXcDp,check,14
43391.01,1AXFbhdeyr12uPybnY47DjcYLm8SG3EetecMhY3WKYXcDp,check,13
43451.01,1AXFbhdeyr12uPybnY47DjcYLm8SG3EetecMhY3WKYXcDp,check,14
43511.01,1AXFbhdeyr12uPybnY47DjcYLm8SG3EetecMhY3WKYXcDp,check,14
43571.01,1AXFbhdeyr12uPybnY47DjcYLm8SG3EetecMhY3WKYXcDp,check,14
43631.01,1AXFbhdeyr12uPybnY47DjcYLm8SG3EetecMhY3WKYXcDp,check,14
43691.01,1AXFbhdeyr12uPybnY47DjcYLm8SG3EetecMhY3WKYXcDp,check,14
43751.01,1AXFbhdeyr12uPybnY47DjcYLm8SG3EetecMhY3WKYXcDp,check,14
43811.01,1AXFbhdeyr12uPybnY47DjcYLm8SG3EetecMhY3WKYXcDp,check,14
43871.01,1AXFbhdeyr12uPybnY47DjcYLm8SG3EetecMhY3WKYXcDp,check,14
43931.01,1AXFbhdeyr12uPybnY47DjcYLm8SG3EetecMhY3WKYXcDp,check,14
43991.016,1AXFbhdeyr12uPybnY47DjcYLm8SG3EetecMhY3WKYXcDp,check,14
44051.01,1AXFbhdeyr12uPybnY47DjcYLm8SG3EetecMhY3WKYXcDp,check,14
44111.01,1AXFbhdeyr12uPybnY47DjcYLm8SG3EetecMhY3WKYXcDp,check,14
44171.01,1AXFbhdeyr12uPybnY47DjcYLm8SG3EetecMhY3WKYXcDp,check,14
44231.01,1AXFbhdeyr12uPybnY47DjcYLm8SG3EetecMhY3WKYXcDp,check,14
44291.01,1AXFbhdeyr12uPybnY47DjcYLm8SG3EetecMhY3WKYXcDp,check,14
44351.01,1AXFbhdeyr12uPybnY47DjcYLm8SG3EetecMhY3WKYXcDp,check,14
44411.01,1AXFbhdeyr12uPybnY47DjcYLm8SG3EetecMhY3WKYXcDp,check,14
44471.01,1AXFbhdeyr12uPybnY47DjcYLm8SG3EetecMhY3WKYXcDp,check,14
44531.01,1AXFbhdeyr12uPybnY47DjcYLm8SG3EetecMhY3WKYXcDp,check,14
44591.01,1AXFbhdeyr12uPybnY47DjcYLm8SG3EetecMhY3WKYXcDp,check,14
44651.01,1AXFbhdeyr12uPybnY47DjcYLm8SG3EetecMhY3WKYXcDp,check,14
44711.01,1AXFbhdeyr12uPybnY47DjcYLm8SG3EetecMhY3WKYXcDp,check,14
44771.01,1AXFbhdeyr12uPybnY47DjcYLm8SG3EetecMhY3WKYXcDp,check,14
44831.016,1AXFbhdeyr12uPybnY47DjcYLm8SG3EetecMhY3WKYXcDp,check,14
44891.01,1AXFbhdeyr12uPybnY47DjcYLm8SG3EetecMhY3WKYXcDp,check,14
44951.01,1AXFbhdeyr12uPybnY47DjcYLm8SG3EetecMhY3WKYXcDp,check,14
45011.01,1AXFbhdeyr12uPybnY47DjcYLm8SG3EetecMhY3WKYXcDp,check,14
45071.01,1AXFbhdeyr12uPybnY47DjcYLm8SG3EetecMhY3WKYXcDp,check,14
45131.01,1AXFbhdeyr12uPybnY47DjcYLm8SG3EetecMhY3WKYXcDp,check,14
45191.01,1AXFbhdeyr12uPybnY47DjcYLm8SG3EetecMhY3WKYXcDp,check,14
45251.01,1AXFbhdeyr12uPybnY47DjcYLm8SG3EetecMhY3WKYXcDp,check,12
45311.008,1AXFbhdeyr12uPybnY47DjcYLm8SG3EetecMhY3WKYXcDp,check,14
45371.008,1AXFbhdeyr12uPybnY47DjcYLm8SG3EetecMhY3WKYXcDp,check,14
45431.008,1AXFbhdeyr12uPybnY47DjcYLm8SG3EetecMhY3WKYXcDp,check,14
45491.008,1AXFbhdeyr12uPybnY47DjcYLm8SG3EetecMhY3WKYXcDp,check,13
45551.016,1AXFbhdeyr12uPybnY47DjcYLm8SG3EetecMhY3WKYXcDp,check,14
45611.016,1AXFbhdeyr12uPybnY47DjcYLm8SG3EetecMhY3WKYXcDp,check,14
45671.01,1AXFbhdeyr12uPybnY47DjcYLm8SG3EetecMhY3WKYXcDp,check,14
45731.01,1AXFbhdeyr12uPybnY47DjcYLm8SG3EetecMhY3WKYXcDp,check,14
45791.01,1AXFbhdeyr12uPybnY47DjcYLm8SG3EetecMhY3WKYXcDp,check,14
45851.01,1AXFbhdeyr12uPybnY47DjcYLm8SG3EetecMhY3WKYXcDp,check,14
45911.01,1AXFbhdeyr12uPybnY47DjcYLm8SG3EetecMhY3WKYXcDp,check,14
45971.01,1AXFbhdeyr12uPybnY47DjcYLm8SG3EetecMhY3WKYXcDp,check,14
46031.016,1AXFbhdeyr12uPybnY47DjcYLm8SG3EetecMhY3WKYXcDp,check,14
46091.01,1AXFbhdeyr12uPybnY47DjcYLm8SG3EetecMhY3WKYXcDp,check,14
46151.01,1AXFbhdeyr12uPybnY47DjcYLm8SG3EetecMhY3WKYXcDp,check,14
46211.01,1AXFbhdeyr12uPybnY47DjcYLm8SG3EetecMhY3WKYXcDp,check,14
46271.01,1AXFbhdeyr12uPybnY47DjcYLm8SG3EetecMhY3WKYXcDp,check,14
46331.016,1AXFbhdeyr12uPybnY47DjcYLm8SG3EetecMhY3WKYXcDp,check,14
46391.016,1AXFbhdeyr12uPybnY47DjcYLm8SG3EetecMhY3WKYXcDp,check,14
46451.01,1AXFbhdeyr12uPybnY47DjcYLm8SG3EetecMhY3WKYXcDp,check,14
46511.01,1AXFbhdeyr12uPybnY47DjcYLm8SG3EetecMhY3WKYXcDp,check,14
46571.01,1AXFbhdeyr12uPybnY47DjcYLm8SG3EetecMhY3WKYXcDp,check,14
46631.01,1AXFbhdeyr12uPybnY47DjcYLm8SG3EetecMhY3WKYXcDp,check,14
46691.016,1AXFbhdeyr12uPybnY47DjcYLm8SG3EetecMhY3WKYXcDp,check,14
46751.01,1AXFbhdeyr12uPybnY47DjcYLm8SG3EetecMhY3WKYXcDp,check,14
46811.01,1AXFbhdeyr12uPybnY47DjcYLm8SG3EetecMhY3WKYXcDp,check,14
46871.01,1AXFbhdeyr12uPybnY47DjcYLm8SG3EetecMhY3WKYXcDp,check,14
46931.01,1AXFbhdeyr12uPybnY47DjcYLm8SG3EetecMhY3WKYXcDp,check,14
46991.01,1AXFbhdeyr12uPybnY47DjcYLm8SG3EetecMhY3WKYXcDp,check,14
47051.01,1AXFbhdeyr12uPybnY47DjcYLm8SG3EetecMhY3WKYXcDp,check,14
47111.01,1AXFbhdeyr12uPybnY47DjcYLm8SG3EetecMhY3WKYXcDp,check,14
47171.01,1AXFbhdeyr12uPybnY47DjcYLm8SG3EetecMhY3WKYXcDp,check,14
47231.01,1AXFbhdeyr12uPybnY47DjcYLm8SG3EetecMhY3WKYXcDp,check,14
47291.016,1AXFbhdeyr12uPybnY47DjcYLm8SG3EetecMhY3WKYXcDp,check,14
47351.01,1AXFbhdeyr12uPybnY47DjcYLm8SG3EetecMhY3WKYXcDp,check,14
47411.01,1AXFbhdeyr12uPybnY47DjcYLm8SG3EetecMhY3WKYXcDp,check,14
47471.016,1AXFbhdeyr12uPybnY47DjcYLm8SG3EetecMhY3WKYXcDp,check,14
47531.01,1AXFbhdeyr12uPybnY47DjcYLm8SG3EetecMhY3WKYXcDp,check,14
47591.01,1AXFbhdeyr12uPybnY47DjcYLm8SG3EetecMhY3WKYXcDp,check,14
47651.01,1AXFbhdeyr12uPybnY47DjcYLm8SG3EetecMhY3WKYXcDp,check,14
47711.01,1AXFbhdeyr12uPybnY47DjcYLm8SG3EetecMhY3WKYXcDp,check,14
47771.016,1AXFbhdeyr12uPybnY47DjcYLm8SG3EetecMhY3WKYXcDp,check,14
47831.01,1AXFbhdeyr12uPybnY47DjcYLm8SG3EetecMhY3WKYXcDp,check,14
47891.01,1AXFbhdeyr12uPybnY47DjcYLm8SG3EetecMhY3WKYXcDp,check,14
47951.01,1AXFbhdeyr12uPybnY47DjcYLm8SG3EetecMhY3WKYXcDp,check,14
48011.01,1AXFbhdeyr12uPybnY47DjcYLm8SG3EetecMhY3WKYXcDp,check,14
48071.01,1AXFbhdeyr12uPybnY47DjcYLm8SG3EetecMhY3WKYXcDp,check,14
48131.01,1AXFbhdeyr12uPybnY47DjcYLm8SG3EetecMhY3WKYXcDp,check,14
48191.01,1AXFbhdeyr12uPybnY47DjcYLm8SG3EetecMhY3WKYXcDp,check,14
48251.01,1AXFbhdeyr12uPybnY47DjcYLm8SG3EetecMhY3WKYXcDp,check,14
48311.01,1AXFbhdeyr12uPybnY47DjcYLm8SG3EetecMhY3WKYXcDp,check,14
48371.01,1AXFbhdeyr12uPybnY47DjcYLm8SG3EetecMhY3WKYXcDp,check,14
48431.01,1AXFbhdeyr12uPybnY47DjcYLm8SG3EetecMhY3WKYXcDp,check,14
48491.01,1AXFbhdeyr12uPybnY47DjcYLm8SG3EetecMhY3WKYXcDp,check,14
48551.01,1AXFbhdeyr12uPybnY47DjcYLm8SG3EetecMhY3WKYXcDp,check,14
48611.01,1AXFbhdeyr12uPybnY47DjcYLm8SG3EetecMhY3WKYXcDp,check,14
48671.01,1AXFbhdeyr12uPybnY47DjcYLm8SG3EetecMhY3WKYXcDp,check,14
48731.01,1AXFbhdeyr12uPybnY47DjcYLm8SG3EetecMhY3WKYXcDp,check,14
48791.016,1AXFbhdeyr12uPybnY47DjcYLm8SG3EetecMhY3WKYXcDp,check,14
48851.016,1AXFbhdeyr12uPybnY47DjcYLm8SG3EetecMhY3WKYXcDp,check,14
48911.01,1AXFbhdeyr12uPybnY47DjcYLm8SG3EetecMhY3WKYXcDp,check,14
48971.01,1AXFbhdeyr12uPybnY47DjcYLm8SG3EetecMhY3WKYXcDp,check,14
49031.008,1AXFbhdeyr12uPybnY47DjcYLm8SG3EetecMhY3WKYXcDp,check,14
49091.01,1AXFbhdeyr12uPybnY47DjcYLm8SG3EetecMhY3WKYXcDp,check,14
49151.01,1AXFbhdeyr12uPybnY47DjcYLm8SG3EetecMhY3WKYXcDp,check,14
49211.01,1AXFbhdeyr12uPybnY47DjcYLm8SG3EetecMhY3WKYXcDp,check,14
49271.01,1AXFbhdeyr12uPybnY47DjcYLm8SG3EetecMhY3WKYXcDp,check,14
49331.01,1AXFbhdeyr12uPybnY47DjcYLm8SG3EetecMhY3WKYXcDp,check,14
49391.008,1AXFbhdeyr12uPybnY47DjcYLm8SG3EetecMhY3WKYXcDp,check,14
49451.01,1AXFbhdeyr12uPybnY47DjcYLm8SG3EetecMhY3WKYXcDp,check,13
49511.01,1AXFbhdeyr12uPybnY47DjcYLm8SG3EetecMhY3WKYXcDp,check,14
49571.01,1AXFbhdeyr12uPybnY47DjcYLm8SG3EetecMhY3WKYXcDp,check,14
49631.01,1AXFbhdeyr12uPybnY47DjcYLm8SG3EetecMhY3WKYXcDp,check,14
49691.01,1AXFbhdeyr12uPybnY47DjcYLm8SG3EetecMhY3WKYXcDp,check,14
49751.01,1AXFbhdeyr12uPybnY47DjcYLm8SG3EetecMhY3WKYXcDp,check,14
49811.01,1AXFbhdeyr12uPybnY47DjcYLm8SG3EetecMhY3WKYXcDp,check,14
49871.01,1AXFbhdeyr12uPybnY47DjcYLm8SG3EetecMhY3WKYXcDp,check,14
49931.01,1AXFbhdeyr12uPybnY47DjcYLm8SG3EetecMhY3WKYXcDp,check,14
49991.01,1AXFbhdeyr12uPybnY47DjcYLm8SG3EetecMhY3WKYXcDp,check,14
50051.016,1AXFbhdeyr12uPybnY47DjcYLm8SG3EetecMhY3WKYXcDp,check,14
50111.01,1AXFbhdeyr12uPybnY47DjcYLm8SG3EetecMhY3WKYXcDp,check,14
50171.01,1AXFbhdeyr12uPybnY47DjcYLm8SG3EetecMhY3WKYXcDp,check,14
50231.01,1AXFbhdeyr12uPybnY47DjcYLm8SG3EetecMhY3WKYXcDp,check,14
50291.01,1AXFbhdeyr12uPybnY47DjcYLm8SG3EetecMhY3WKYXcDp,check,14
50351.01,1AXFbhdeyr12uPybnY47DjcYLm8SG3EetecMhY3WKYXcDp,check,14
50411.01,1AXFbhdeyr12uPybnY47DjcYLm8SG3EetecMhY3WKYXcDp,check,14
50471.01,1AXFbhdeyr12uPybnY47DjcYLm8SG3EetecMhY3WKYXcDp,check,14
50531.01,1AXFbhdeyr12uPybnY47DjcYLm8SG3EetecMhY3WKYXcDp,check,14
50591.01,1AXFbhdeyr12uPybnY47DjcYLm8SG3EetecMhY3WKYXcDp,check,14
50651.01,1AXFbhdeyr12uPybnY47DjcYLm8SG3EetecMhY3WKYXcDp,check,14
50711.016,1AXFbhdeyr12uPybnY47DjcYLm8SG3EetecMhY3WKYXcDp,check,14
50771.01,1AXFbhdeyr12uPybnY47DjcYLm8SG3EetecMhY3WKYXcDp,check,14
50831.01,1AXFbhdeyr12uPybnY47DjcYLm8SG3EetecMhY3WKYXcDp,check,14
50891.01,1AXFbhdeyr12uPybnY47DjcYLm8SG3EetecMhY3WKYXcDp,check,14
50951.01,1AXFbhdeyr12uPybnY47DjcYLm8SG3EetecMhY3WKYXcDp,check,14
51011.01,1AXFbhdeyr12uPybnY47DjcYLm8SG3EetecMhY3WKYXcDp,check,14
51071.01,1AXFbhdeyr12uPybnY47DjcYLm8SG3EetecMhY3WKYXcDp,check,14
51131.01,1AXFbhdeyr12uPybnY47DjcYLm8SG3EetecMhY3WKYXcDp,check,14
51191.01,1AXFbhdeyr12uPybnY47DjcYLm8SG3EetecMhY3WKYXcDp,check,14
51251.01,1AXFbhdeyr12uPybnY47DjcYLm8SG3EetecMhY3WKYXcDp,check,14
51311.01,1AXFbhdeyr12uPybnY47DjcYLm8SG3EetecMhY3WKYXcDp,check,14
51371.01,1AXFbhdeyr12uPybnY47DjcYLm8SG3EetecMhY3WKYXcDp,check,14
51431.01,1AXFbhdeyr12uPybnY47DjcYLm8SG3EetecMhY3WKYXcDp,check,14
51491.01,1AXFbhdeyr12uPybnY47DjcYLm8SG3EetecMhY3WKYXcDp,check,14
51551.01,1AXFbhdeyr12uPybnY47DjcYLm8SG3EetecMhY3WKYXcDp,check,14
51611.01,1AXFbhdeyr12uPybnY47DjcYLm8SG3EetecMhY3WKYXcDp,check,14
51671.01,1AXFbhdeyr12uPybnY47DjcYLm8SG3EetecMhY3WKYXcDp,check,14
51731.01,1AXFbhdeyr12uPybnY47DjcYLm8SG3EetecMhY3WKYXcDp,check,14
51791.016,1AXFbhdeyr12uPybnY47DjcYLm8SG3EetecMhY3WKYXcDp,check,14
51851.016,1AXFbhdeyr12uPybnY47DjcYLm8SG3EetecMhY3WKYXcDp,check,14
51911.016,1AXFbhdeyr12uPybnY47DjcYLm8SG3EetecMhY3WKYXcDp,check,14
51971.008,1AXFbhdeyr12uPybnY47DjcYLm8SG3EetecMhY3WKYXcDp,check,14
52031.01,1AXFbhdeyr12uPybnY47DjcYLm8SG3EetecMhY3WKYXcDp,check,14
52091.01,1AXFbhdeyr12uPybnY47DjcYLm8SG3EetecMhY3WKYXcDp,check,14
52151.01,1AXFbhdeyr12uPybnY47DjcYLm8SG3EetecMhY3WKYXcDp,check,14
52211.01,1AXFbhdeyr12uPybnY47DjcYLm8SG3EetecMhY3WKYXcDp,check,14
52271.01,1AXFbhdeyr12uPybnY47DjcYLm8SG3EetecMhY3WKYXcDp,check,14
52331.01,1AXFbhdeyr12uPybnY47DjcYLm8SG3EetecMhY3WKYXcDp,check,14
52391.01,1AXFbhdeyr12uPybnY47DjcYLm8SG3EetecMhY3WKYXcDp,check,14
52451.01,1AXFbhdeyr12uPybnY47DjcYLm8SG3EetecMhY3WKYXcDp,check,14
52511.01,1AXFbhdeyr12uPybnY47DjcYLm8SG3EetecMhY3WKYXcDp,check,14
52571.01,1AXFbhdeyr12uPybnY47DjcYLm8SG3EetecMhY3WKYXcDp,check,14
52631.01,1AXFbhdeyr12uPybnY47DjcYLm8SG3EetecMhY3WKYXcDp,check,14
52691.008,1AXFbhdeyr12uPybnY47DjcYLm8SG3EetecMhY3WKYXcDp,check,14
52751.01,1AXFbhdeyr12uPybnY47DjcYLm8SG3EetecMhY3WKYXcDp,check,14
52811.01,1AXFbhdeyr12uPybnY47DjcYLm8SG3EetecMhY3WKYXcDp,check,14
52871.01,1AXFbhdeyr12uPybnY47DjcYLm8SG3EetecMhY3WKYXcDp,check,14
52931.01,1AXFbhdeyr12uPybnY47DjcYLm8SG3EetecMhY3WKYXcDp,check,14
52991.01,1AXFbhdeyr12uPybnY47DjcYLm8SG3EetecMhY3WKYXcDp,check,14
53051.008,1AXFbhdeyr12uPybnY47DjcYLm8SG3EetecMhY3WKYXcDp,check,14
53111.01,1AXFbhdeyr12uPybnY47DjcYLm8SG3EetecMhY3WKYXcDp,check,14
53171.01,1AXFbhdeyr12uPybnY47DjcYLm8SG3EetecMhY3WKYXcDp,check,13
53231.01,1AXFbhdeyr12uPybnY47DjcYLm8SG3EetecMhY3WKYXcDp,check,14
53291.01,1AXFbhdeyr12uPybnY47DjcYLm8SG3EetecMhY3WKYXcDp,check,14
53351.01,1AXFbhdeyr12uPybnY47DjcYLm8SG3EetecMhY3WKYXcDp,check,14
53411.008,1AXFbhdeyr12uPybnY47DjcYLm8SG3EetecMhY3WKYXcDp,check,14
53471.01,1AXFbhdeyr12uPybnY47DjcYLm8SG3EetecMhY3WKYXcDp,check,14
53531.01,1AXFbhdeyr12uPybnY47DjcYLm8SG3EetecMhY3WKYXcDp,check,14
53591.016,1AXFbhdeyr12uPybnY47DjcYLm8SG3EetecMhY3WKYXcDp,check,14
53651.01,1AXFbhdeyr12uPybnY47DjcYLm8SG3EetecMhY3WKYXcDp,check,14
53711.01,1AXFbhdeyr12uPybnY47DjcYLm8SG3EetecMhY3WKYXcDp,check,14
53771.008,1AXFbhdeyr12uPybnY47DjcYLm8SG3EetecMhY3WKYXcDp,check,14
53831.01,1AXFbhdeyr12uPybnY47DjcYLm8SG3EetecMhY3WKYXcDp,check,14
53891.01,1AXFbhdeyr12uPybnY47DjcYLm8SG3EetecMhY3WKYXcDp,check,14
53951.008,1AXFbhdeyr12uPybnY47DjcYLm8SG3EetecMhY3WKYXcDp,check,14
54011.008,1AXFbhdeyr12uPybnY47DjcYLm8SG3EetecMhY3WKYXcDp,check,14
54071.008,1AXFbhdeyr12uPybnY47DjcYLm8SG3EetecMhY3WKYXcDp,check,14
54131.008,1AXFbhdeyr12uPybnY47DjcYLm8SG3EetecMhY3WKYXcDp,check,14
54191.008,1AXFbhdeyr12uPybnY47DjcYLm8SG3EetecMhY3WKYXcDp,check,14
54251.008,1AXFbhdeyr12uPybnY47DjcYLm8SG3EetecMhY3WKYXcDp,check,14
54311.016,1AXFbhdeyr12uPybnY47DjcYLm8SG3EetecMhY3WKYXcDp,check,14
54371.01,1AXFbhdeyr12uPybnY47DjcYLm8SG3EetecMhY3WKYXcDp,check,14
54431.01,1AXFbhdeyr12uPybnY47DjcYLm8SG3EetecMhY3WKYXcDp,check,14
54491.01,1AXFbhdeyr12uPybnY47DjcYLm8SG3EetecMhY3WKYXcDp,check,14
54551.01,1AXFbhdeyr12uPybnY47DjcYLm8SG3EetecMhY3WKYXcDp,check,14
54611.01,1AXFbhdeyr12uPybnY47DjcYLm8SG3EetecMhY3WKYXcDp,check,14
54671.01,1AXFbhdeyr12uPybnY47DjcYLm8SG3EetecMhY3WKYXcDp,check,14
54731.01,1AXFbhdeyr12uPybnY47DjcYLm8SG3EetecMhY3WKYXcDp,check,14
54791.01,1AXFbhdeyr12uPybnY47DjcYLm8SG3EetecMhY3WKYXcDp,check,14
54851.01,1AXFbhdeyr12uPybnY47DjcYLm8SG3EetecMhY3WKYXcDp,check,14
54911.01,1AXFbhdeyr12uPybnY47DjcYLm8SG3EetecMhY3WKYXcDp,check,14
54971.01,1AXFbhdeyr12uPybnY47DjcYLm8SG3EetecMhY3WKYXcDp,check,14
55031.01,1AXFbhdeyr12uPybnY47DjcYLm8SG3EetecMhY3WKYXcDp,check,14
55091.01,1AXFbhdeyr12uPybnY47DjcYLm8SG3EetecMhY3WKYXcDp,check,14
55151.01,1AXFbhdeyr12uPybnY47DjcYLm8SG3EetecMhY3WKYXcDp,check,14
55211.008,1AXFbhdeyr12uPybnY47DjcYLm8SG3EetecMhY3WKYXcDp,check,13
55271.01,1AXFbhdeyr12uPybnY47DjcYLm8SG3EetecMhY3WKYXcDp,check,14
55331.01,1AXFbhdeyr12uPybnY47DjcYLm8SG3EetecMhY3WKYXcDp,check,14
55391.016,1AXFbhdeyr12uPybnY47DjcYLm8SG3EetecMhY3WKYXcDp,check,14
55451.01,1AXFbhdeyr12uPybnY47DjcYLm8SG3EetecMhY3WKYXcDp,check,14
55511.01,1AXFbhdeyr12uPybnY47DjcYLm8SG3EetecMhY3WKYXcDp,check,14
55571.01,1AXFbhdeyr12uPybnY47DjcYLm8SG3EetecMhY3WKYXcDp,check,14
55631.016,1AXFbhdeyr12uPybnY47DjcYLm8SG3EetecMhY3WKYXcDp,check,14
55691.01,1AXFbhdeyr12uPybnY47DjcYLm8SG3EetecMhY3WKYXcDp,check,14
55751.01,1AXFbhdeyr12uPybnY47DjcYLm8SG3EetecMhY3WKYXcDp,check,14
55811.01,1AXFbhdeyr12uPybnY47DjcYLm8SG3EetecMhY3WKYXcDp,check,14
55871.01,1AXFbhdeyr12uPybnY47DjcYLm8SG3EetecMhY3WKYXcDp,check,14
55931.01,1AXFbhdeyr12uPybnY47DjcYLm8SG3EetecMhY3WKYXcDp,check,14
55991.01,1AXFbhdeyr12uPybnY47DjcYLm8SG3EetecMhY3WKYXcDp,check,14
56051.01,1AXFbhdeyr12uPybnY47DjcYLm8SG3EetecMhY3WKYXcDp,check,14
56111.01,1AXFbhdeyr12uPybnY47DjcYLm8SG3EetecMhY3WKYXcDp,check,14
56171.01,1AXFbhdeyr12uPybnY47DjcYLm8SG3EetecMhY3WKYXcDp,check,14
56231.01,1AXFbhdeyr12uPybnY47DjcYLm8SG3EetecMhY3WKYXcDp,check,14
56291.01,1AXFbhdeyr12uPybnY47DjcYLm8SG3EetecMhY3WKYXcDp,check,14
56351.01,1AXFbhdeyr12uPybnY47DjcYLm8SG3EetecMhY3WKYXcDp,check,14
56411.01,1AXFbhdeyr12uPybnY47DjcYLm8SG3EetecMhY3WKYXcDp,check,14
56471.01,1AXFbhdeyr12uPybnY47DjcYLm8SG3EetecMhY3WKYXcDp,check,14
56531.01,1AXFbhdeyr12uPybnY47DjcYLm8SG3EetecMhY3WKYXcDp,check,14
56591.01,1AXFbhdeyr12uPybnY47DjcYLm8SG3EetecMhY3WKYXcDp,check,14
56651.01,1AXFbhdeyr12uPybnY47DjcYLm8SG3EetecMhY3WKYXcDp,check,14
56711.016,1AXFbhdeyr12uPybnY47DjcYLm8SG3EetecMhY3WKYXcDp,check,14
56771.01,1AXFbhdeyr12uPybnY47DjcYLm8SG3EetecMhY3WKYXcDp,check,14
56831.01,1AXFbhdeyr12uPybnY47DjcYLm8SG3EetecMhY3WKYXcDp,check,14
56891.01,1AXFbhdeyr12uPybnY47DjcYLm8SG3EetecMhY3WKYXcDp,check,13
56951.01,1AXFbhdeyr12uPybnY47DjcYLm8SG3EetecMhY3WKYXcDp,check,14
57011.01,1AXFbhdeyr12uPybnY47DjcYLm8SG3EetecMhY3WKYXcDp,check,14
57071.01,1AXFbhdeyr12uPybnY47DjcYLm8SG3EetecMhY3WKYXcDp,check,14
57131.01,1AXFbhdeyr12uPybnY47DjcYLm8SG3EetecMhY3WKYXcDp,check,14
57191.01,1AXFbhdeyr12uPybnY47DjcYLm8SG3EetecMhY3WKYXcDp,check,14
57251.01,1AXFbhdeyr12uPybnY47DjcYLm8SG3EetecMhY3WKYXcDp,check,14
57311.01,1AXFbhdeyr12uPybnY47DjcYLm8SG3EetecMhY3WKYXcDp,check,14
57371.01,1AXFbhdeyr12uPybnY47DjcYLm8SG3EetecMhY3WKYXcDp,check,14
57431.008,1AXFbhdeyr12uPybnY47DjcYLm8SG3EetecMhY3WKYXcDp,check,14
57491.01,1AXFbhdeyr12uPybnY47DjcYLm8SG3EetecMhY3WKYXcDp,check,14
57551.01,1AXFbhdeyr12uPybnY47DjcYLm8SG3EetecMhY3WKYXcDp,check,14
57611.01,1AXFbhdeyr12uPybnY47DjcYLm8SG3EetecMhY3WKYXcDp,check,14
57671.01,1AXFbhdeyr12uPybnY47DjcYLm8SG3EetecMhY3WKYXcDp,check,14
57731.01,1AXFbhdeyr12uPybnY47DjcYLm8SG3EetecMhY3WKYXcDp,check,14
57791.01,1AXFbhdeyr12uPybnY47DjcYLm8SG3EetecMhY3WKYXcDp,check,14
57851.01,1AXFbhdeyr12uPybnY47DjcYLm8SG3EetecMhY3WKYXcDp,check,14
57911.016,1AXFbhdeyr12uPybnY47DjcYLm8SG3EetecMhY3WKYXcDp,check,14
57971.01,1AXFbhdeyr12uPybnY47DjcYLm8SG3EetecMhY3WKYXcDp,check,14
58031.01,1AXFbhdeyr12uPybnY47DjcYLm8SG3EetecMhY3WKYXcDp,check,14
58091.01,1AXFbhdeyr12uPybnY47DjcYLm8SG3EetecMhY3WKYXcDp,check,14
58151.008,1AXFbhdeyr12uPybnY47DjcYLm8SG3EetecMhY3WKYXcDp,check,14
58211.01,1AXFbhdeyr12uPybnY47DjcYLm8SG3EetecMhY3WKYXcDp,check,14
58271.01,1AXFbhdeyr12uPybnY47DjcYLm8SG3EetecMhY3WKYXcDp,check,14
58331.01,1AXFbhdeyr12uPybnY47DjcYLm8SG3EetecMhY3WKYXcDp,check,14
58391.01,1AXFbhdeyr12uPybnY47DjcYLm8SG3EetecMhY3WKYXcDp,check,14
58451.01,1AXFbhdeyr12uPybnY47DjcYLm8SG3EetecMhY3WKYXcDp,check,13
58511.01,1AXFbhdeyr12uPybnY47DjcYLm8SG3EetecMhY3WKYXcDp,check,14
58571.01,1AXFbhdeyr12uPybnY47DjcYLm8SG3EetecMhY3WKYXcDp,check,14
58631.01,1AXFbhdeyr12uPybnY47DjcYLm8SG3EetecMhY3WKYXcDp,check,14
58691.01,1AXFbhdeyr12uPybnY47DjcYLm8SG3EetecMhY3WKYXcDp,check,14
58751.01,1AXFbhdeyr12uPybnY47DjcYLm8SG3EetecMhY3WKYXcDp,check,14
58811.01,1AXFbhdeyr12uPybnY47DjcYLm8SG3EetecMhY3WKYXcDp,check,14
58871.01,1AXFbhdeyr12uPybnY47DjcYLm8SG3EetecMhY3WKYXcDp,check,14
58931.01,1AXFbhdeyr12uPybnY47DjcYLm8SG3EetecMhY3WKYXcDp,check,13
58991.01,1AXFbhdeyr12uPybnY47DjcYLm8SG3EetecMhY3WKYXcDp,check,14
59051.01,1AXFbhdeyr12uPybnY47DjcYLm8SG3EetecMhY3WKYXcDp,check,14
59111.01,1AXFbhdeyr12uPybnY47DjcYLm8SG3EetecMhY3WKYXcDp,check,14
59171.01,1AXFbhdeyr12uPybnY47DjcYLm8SG3EetecMhY3WKYXcDp,check,14
59231.01,1AXFbhdeyr12uPybnY47DjcYLm8SG3EetecMhY3WKYXcDp,check,14
59291.01,1AXFbhdeyr12uPybnY47DjcYLm8SG3EetecMhY3WKYXcDp,check,14
59351.01,1AXFbhdeyr12uPybnY47DjcYLm8SG3EetecMhY3WKYXcDp,check,14
59411.01,1AXFbhdeyr12uPybnY47DjcYLm8SG3EetecMhY3WKYXcDp,check,14
59471.01,1AXFbhdeyr12uPybnY47DjcYLm8SG3EetecMhY3WKYXcDp,check,14
59531.01,1AXFbhdeyr12uPybnY47DjcYLm8SG3EetecMhY3WKYXcDp,check,14
59591.01,1AXFbhdeyr12uPybnY47DjcYLm8SG3EetecMhY3WKYXcDp,check,14
59651.01,1AXFbhdeyr12uPybnY47DjcYLm8SG3EetecMhY3WKYXcDp,check,14
59711.01,1AXFbhdeyr12uPybnY47DjcYLm8SG3EetecMhY3WKYXcDp,check,14
59771.01,1AXFbhdeyr12uPybnY47DjcYLm8SG3EetecMhY3WKYXcDp,check,14
59831.01,1AXFbhdeyr12uPybnY47DjcYLm8SG3EetecMhY3WKYXcDp,check,13
59891.01,1AXFbhdeyr12uPybnY47DjcYLm8SG3EetecMhY3WKYXcDp,check,14
59951.01,1AXFbhdeyr12uPybnY47DjcYLm8SG3EetecMhY3WKYXcDp,check,14
60011.016,1AXFbhdeyr12uPybnY47DjcYLm8SG3EetecMhY3WKYXcDp,check,14
60071.01,1AXFbhdeyr12uPybnY47DjcYLm8SG3EetecMhY3WKYXcDp,check,13
60131.01,1AXFbhdeyr12uPybnY47DjcYLm8SG3EetecMhY3WKYXcDp,check,13
60191.016,1AXFbhdeyr12uPybnY47DjcYLm8SG3EetecMhY3WKYXcDp,check,14
60251.01,1AXFbhdeyr12uPybnY47DjcYLm8SG3EetecMhY3WKYXcDp,check,14
60311.01,1AXFbhdeyr12uPybnY47DjcYLm8SG3EetecMhY3WKYXcDp,check,14
60371.01,1AXFbhdeyr12uPybnY47DjcYLm8SG3EetecMhY3WKYXcDp,check,14
60431.01,1AXFbhdeyr12uPybnY47DjcYLm8SG3EetecMhY3WKYXcDp,check,14
60491.01,1AXFbhdeyr12uPybnY47DjcYLm8SG3EetecMhY3WKYXcDp,check,14
60551.01,1AXFbhdeyr12uPybnY47DjcYLm8SG3EetecMhY3WKYXcDp,check,14
60611.01,1AXFbhdeyr12uPybnY47DjcYLm8SG3EetecMhY3WKYXcDp,check,14
60671.01,1AXFbhdeyr12uPybnY47DjcYLm8SG3EetecMhY3WKYXcDp,check,14
60731.016,1AXFbhdeyr12uPybnY47DjcYLm8SG3EetecMhY3WKYXcDp,check,14
60791.01,1AXFbhdeyr12uPybnY47DjcYLm8SG3EetecMhY3WKYXcDp,check,14
60851.01,1AXFbhdeyr12uPybnY47DjcYLm8SG3EetecMhY3WKYXcDp,check,14
60911.016,1AXFbhdeyr12uPybnY47DjcYLm8SG3EetecMhY3WKYXcDp,check,14
60971.01,1AXFbhdeyr12uPybnY47DjcYLm8SG3EetecMhY3WKYXcDp,check,14
61031.01,1AXFbhdeyr12uPybnY47DjcYLm8SG3EetecMhY3WKYXcDp,check,14
61091.01,1AXFbhdeyr12uPybnY47DjcYLm8SG3EetecMhY3WKYXcDp,check,14
61151.01,1AXFbhdeyr12uPybnY47DjcYLm8SG3EetecMhY3WKYXcDp,check,14
61211.01,1AXFbhdeyr12uPybnY47DjcYLm8SG3EetecMhY3WKYXcDp,check,14
61271.01,1AXFbhdeyr12uPybnY47DjcYLm8SG3EetecMhY3WKYXcDp,check,14
61331.01,1AXFbhdeyr12uPybnY47DjcYLm8SG3EetecMhY3WKYXcDp,check,14
61391.01,1AXFbhdeyr12uPybnY47DjcYLm8SG3EetecMhY3WKYXcDp,check,14
61451.01,1AXFbhdeyr12uPybnY47DjcYLm8SG3EetecMhY3WKYXcDp,check,13
61511.01,1AXFbhdeyr12uPybnY47DjcYLm8SG3EetecMhY3WKYXcDp,check,14
61571.01,1AXFbhdeyr12uPybnY47DjcYLm8SG3EetecMhY3WKYXcDp,check,14
61631.01,1AXFbhdeyr12uPybnY47DjcYLm8SG3EetecMhY3WKYXcDp,check,14
61691.01,1AXFbhdeyr12uPybnY47DjcYLm8SG3EetecMhY3WKYXcDp,check,13
61751.01,1AXFbhdeyr12uPybnY47DjcYLm8SG3EetecMhY3WKYXcDp,check,14
61811.01,1AXFbhdeyr12uPybnY47DjcYLm8SG3EetecMhY3WKYXcDp,check,14
61871.01,1AXFbhdeyr12uPybnY47DjcYLm8SG3EetecMhY3WKYXcDp,check,14
61931.01,1AXFbhdeyr12uPybnY47DjcYLm8SG3EetecMhY3WKYXcDp,check,14
61991.01,1AXFbhdeyr12uPybnY47DjcYLm8SG3EetecMhY3WKYXcDp,check,14
62051.016,1AXFbhdeyr12uPybnY47DjcYLm8SG3EetecMhY3WKYXcDp,check,14
62111.01,1AXFbhdeyr12uPybnY47DjcYLm8SG3EetecMhY3WKYXcDp,check,14
62171.01,1AXFbhdeyr12uPybnY47DjcYLm8SG3EetecMhY3WKYXcDp,check,14
62231.01,1AXFbhdeyr12uPybnY47DjcYLm8SG3EetecMhY3WKYXcDp,check,14
62291.01,1AXFbhdeyr12uPybnY47DjcYLm8SG3EetecMhY3WKYXcDp,check,14
62351.01,1AXFbhdeyr12uPybnY47DjcYLm8SG3EetecMhY3WKYXcDp,check,14
62411.01,1AXFbhdeyr12uPybnY47DjcYLm8SG3EetecMhY3WKYXcDp,check,14
62471.01,1AXFbhdeyr12uPybnY47DjcYLm8SG3EetecMhY3WKYXcDp,check,14
62531.01,1AXFbhdeyr12uPybnY47DjcYLm8SG3EetecMhY3WKYXcDp,check,13
62591.01,1AXFbhdeyr12uPybnY47DjcYLm8SG3EetecMhY3WKYXcDp,check,14
62651.01,1AXFbhdeyr12uPybnY47DjcYLm8SG3EetecMhY3WKYXcDp,check,14
62711.01,1AXFbhdeyr12uPybnY47DjcYLm8SG3EetecMhY3WKYXcDp,check,14
62771.008,1AXFbhdeyr12uPybnY47DjcYLm8SG3EetecMhY3WKYXcDp,check,14
62831.008,1AXFbhdeyr12uPybnY47DjcYLm8SG3EetecMhY3WKYXcDp,check,14
62891.008,1AXFbhdeyr12uPybnY47DjcYLm8SG3EetecMhY3WKYXcDp,check,14
62951.008,1AXFbhdeyr12uPybnY47DjcYLm8SG3EetecMhY3WKYXcDp,check,14
63011.008,1AXFbhdeyr12uPybnY47DjcYLm8SG3EetecMhY3WKYXcDp,check,14
63071.01,1AXFbhdeyr12uPybnY47DjcYLm8SG3EetecMhY3WKYXcDp,check,14
63131.01,1AXFbhdeyr12uPybnY47DjcYLm8SG3EetecMhY3WKYXcDp,check,14
63191.01,1AXFbhdeyr12uPybnY47DjcYLm8SG3EetecMhY3WKYXcDp,check,14
63251.01,1AXFbhdeyr12uPybnY47DjcYLm8SG3EetecMhY3WKYXcDp,check,14
63311.01,1AXFbhdeyr12uPybnY47DjcYLm8SG3EetecMhY3WKYXcDp,check,14
63371.01,1AXFbhdeyr12uPybnY47DjcYLm8SG3EetecMhY3WKYXcDp,check,14
63431.01,1AXFbhdeyr12uPybnY47DjcYLm8SG3EetecMhY3WKYXcDp,check,14
63491.01,1AXFbhdeyr12uPybnY47DjcYLm8SG3EetecMhY3WKYXcDp,check,14
63551.01,1AXFbhdeyr12uPybnY47DjcYLm8SG3EetecMhY3WKYXcDp,check,14
63611.008,1AXFbhdeyr12uPybnY47DjcYLm8SG3EetecMhY3WKYXcDp,check,14
63671.01,1AXFbhdeyr12uPybnY47DjcYLm8SG3EetecMhY3WKYXcDp,check,14
63731.01,1AXFbhdeyr12uPybnY47DjcYLm8SG3EetecMhY3WKYXcDp,check,14
63791.01,1AXFbhdeyr12uPybnY47DjcYLm8SG3EetecMhY3WKYXcDp,check,14
63851.01,1AXFbhdeyr12uPybnY47DjcYLm8SG3EetecMhY3WKYXcDp,check,13
63911.01,1AXFbhdeyr12uPybnY47DjcYLm8SG3EetecMhY3WKYXcDp,check,13
63971.01,1AXFbhdeyr12uPybnY47DjcYLm8SG3EetecMhY3WKYXcDp,check,14
64031.01,1AXFbhdeyr12uPybnY47DjcYLm8SG3EetecMhY3WKYXcDp,check,14
64091.01,1AXFbhdeyr12uPybnY47DjcYLm8SG3EetecMhY3WKYXcDp,check,14
64151.01,1AXFbhdeyr12uPybnY47DjcYLm8SG3EetecMhY3WKYXcDp,check,14
64211.01,1AXFbhdeyr12uPybnY47DjcYLm8SG3EetecMhY3WKYXcDp,check,14
64271.01,1AXFbhdeyr12uPybnY47DjcYLm8SG3EetecMhY3WKYXcDp,check,14
64331.01,1AXFbhdeyr12uPybnY47DjcYLm8SG3EetecMhY3WKYXcDp,check,14
64391.01,1AXFbhdeyr12uPybnY47DjcYLm8SG3EetecMhY3WKYXcDp,check,14
64451.01,1AXFbhdeyr12uPybnY47DjcYLm8SG3EetecMhY3WKYXcDp,check,14
64511.01,1AXFbhdeyr12uPybnY47DjcYLm8SG3EetecMhY3WKYXcDp,check,14
64571.01,1AXFbhdeyr12uPybnY47DjcYLm8SG3EetecMhY3WKYXcDp,check,14
64631.01,1AXFbhdeyr12uPybnY47DjcYLm8SG3EetecMhY3WKYXcDp,check,14
64691.01,1AXFbhdeyr12uPybnY47DjcYLm8SG3EetecMhY3WKYXcDp,check,14
64751.01,1AXFbhdeyr12uPybnY47DjcYLm8SG3EetecMhY3WKYXcDp,check,14
64811.01,1AXFbhdeyr12uPybnY47DjcYLm8SG3EetecMhY3WKYXcDp,check,14
64871.01,1AXFbhdeyr12uPybnY47DjcYLm8SG3EetecMhY3WKYXcDp,check,14
64931.01,1AXFbhdeyr12uPybnY47DjcYLm8SG3EetecMhY3WKYXcDp,check,14
64991.01,1AXFbhdeyr12uPybnY47DjcYLm8SG3EetecMhY3WKYXcDp,check,14
65051.01,1AXFbhdeyr12uPybnY47DjcYLm8SG3EetecMhY3WKYXcDp,check,14
65111.01,1AXFbhdeyr12uPybnY47DjcYLm8SG3EetecMhY3WKYXcDp,check,14
65171.01,1AXFbhdeyr12uPybnY47DjcYLm8SG3EetecMhY3WKYXcDp,check,14
65231.01,1AXFbhdeyr12uPybnY47DjcYLm8SG3EetecMhY3WKYXcDp,check,14
65291.01,1AXFbhdeyr12uPybnY47DjcYLm8SG3EetecMhY3WKYXcDp,check,14
65351.01,1AXFbhdeyr12uPybnY47DjcYLm8SG3EetecMhY3WKYXcDp,check,14
65411.01,1AXFbhdeyr12uPybnY47DjcYLm8SG3EetecMhY3WKYXcDp,check,14
65471.01,1AXFbhdeyr12uPybnY47DjcYLm8SG3EetecMhY3WKYXcDp,check,14
65531.01,1AXFbhdeyr12uPybnY47DjcYLm8SG3EetecMhY3WKYXcDp,check,14
65591.016,1AXFbhdeyr12uPybnY47DjcYLm8SG3EetecMhY3WKYXcDp,check,14
65651.016,1AXFbhdeyr12uPybnY47DjcYLm8SG3EetecMhY3WKYXcDp,check,14
65711.016,1AXFbhdeyr12uPybnY47DjcYLm8SG3EetecMhY3WKYXcDp,check,14
65771.016,1AXFbhdeyr12uPybnY47DjcYLm8SG3EetecMhY3WKYXcDp,check,14
65831.01,1AXFbhdeyr12uPybnY47DjcYLm8SG3EetecMhY3WKYXcDp,check,14
65891.016,1AXFbhdeyr12uPybnY47DjcYLm8SG3EetecMhY3WKYXcDp,check,14
65951.016,1AXFbhdeyr12uPybnY47DjcYLm8SG3EetecMhY3WKYXcDp,check,14
66011.016,1AXFbhdeyr12uPybnY47DjcYLm8SG3EetecMhY3WKYXcDp,check,14
66071.016,1AXFbhdeyr12uPybnY47DjcYLm8SG3EetecMhY3WKYXcDp,check,14
66131.01,1AXFbhdeyr12uPybnY47DjcYLm8SG3EetecMhY3WKYXcDp,check,14
66191.016,1AXFbhdeyr12uPybnY47DjcYLm8SG3EetecMhY3WKYXcDp,check,14
66251.01,1AXFbhdeyr12uPybnY47DjcYLm8SG3EetecMhY3WKYXcDp,check,12
66311.016,1AXFbhdeyr12uPybnY47DjcYLm8SG3EetecMhY3WKYXcDp,check,13
66371.016,1AXFbhdeyr12uPybnY47DjcYLm8SG3EetecMhY3WKYXcDp,check,14
66431.016,1AXFbhdeyr12uPybnY47DjcYLm8SG3EetecMhY3WKYXcDp,check,14
66491.016,1AXFbhdeyr12uPybnY47DjcYLm8SG3EetecMhY3WKYXcDp,check,14
66551.016,1AXFbhdeyr12uPybnY47DjcYLm8SG3EetecMhY3WKYXcDp,check,14
66611.016,1AXFbhdeyr12uPybnY47DjcYLm8SG3EetecMhY3WKYXcDp,check,14
66671.016,1AXFbhdeyr12uPybnY47DjcYLm8SG3EetecMhY3WKYXcDp,check,14
66731.016,1AXFbhdeyr12uPybnY47DjcYLm8SG3EetecMhY3WKYXcDp,check,14
66791.016,1AXFbhdeyr12uPybnY47DjcYLm8SG3EetecMhY3WKYXcDp,check,14
66851.016,1AXFbhdeyr12uPybnY47DjcYLm8SG3EetecMhY3WKYXcDp,check,14
66911.01,1AXFbhdeyr12uPybnY47DjcYLm8SG3EetecMhY3WKYXcDp,check,14
66971.016,1AXFbhdeyr12uPybnY47DjcYLm8SG3EetecMhY3WKYXcDp,check,13
67031.016,1AXFbhdeyr12uPybnY47DjcYLm8SG3EetecMhY3WKYXcDp,check,13
67091.016,1AXFbhdeyr12uPybnY47DjcYLm8SG3EetecMhY3WKYXcDp,check,14
67151.016,1AXFbhdeyr12uPybnY47DjcYLm8SG3EetecMhY3WKYXcDp,check,14
67211.016,1AXFbhdeyr12uPybnY47DjcYLm8SG3EetecMhY3WKYXcDp,check,14
67271.016,1AXFbhdeyr12uPybnY47DjcYLm8SG3EetecMhY3WKYXcDp,check,12
67331.01,1AXFbhdeyr12uPybnY47DjcYLm8SG3EetecMhY3WKYXcDp,check,14
67391.016,1AXFbhdeyr12uPybnY47DjcYLm8SG3EetecMhY3WKYXcDp,check,14
67451.016,1AXFbhdeyr12uPybnY47DjcYLm8SG3EetecMhY3WKYXcDp,check,14
67511.016,1AXFbhdeyr12uPybnY47DjcYLm8SG3EetecMhY3WKYXcDp,check,14
67571.016,1AXFbhdeyr12uPybnY47DjcYLm8SG3EetecMhY3WKYXcDp,check,10
67631.016,1AXFbhdeyr12uPybnY47DjcYLm8SG3EetecMhY3WKYXcDp,check,10
67691.01,1AXFbhdeyr12uPybnY47DjcYLm8SG3EetecMhY3WKYXcDp,check,10
67751.016,1AXFbhdeyr12uPybnY47DjcYLm8SG3EetecMhY3WKYXcDp,check,10
67811.016,1AXFbhdeyr12uPybnY47DjcYLm8SG3EetecMhY3WKYXcDp,check,10
67871.01,1AXFbhdeyr12uPybnY47DjcYLm8SG3EetecMhY3WKYXcDp,check,10
67931.01,1AXFbhdeyr12uPybnY47DjcYLm8SG3EetecMhY3WKYXcDp,check,10
67991.01,1AXFbhdeyr12uPybnY47DjcYLm8SG3EetecMhY3WKYXcDp,check,14
68051.016,1AXFbhdeyr12uPybnY47DjcYLm8SG3EetecMhY3WKYXcDp,check,10
68111.016,1AXFbhdeyr12uPybnY47DjcYLm8SG3EetecMhY3WKYXcDp,check,10
68171.016,1AXFbhdeyr12uPybnY47DjcYLm8SG3EetecMhY3WKYXcDp,check,14
68231.016,1AXFbhdeyr12uPybnY47DjcYLm8SG3EetecMhY3WKYXcDp,check,12
68291.016,1AXFbhdeyr12uPybnY47DjcYLm8SG3EetecMhY3WKYXcDp,check,13
68351.016,1AXFbhdeyr12uPybnY47DjcYLm8SG3EetecMhY3WKYXcDp,check,11
68411.016,1AXFbhdeyr12uPybnY47DjcYLm8SG3EetecMhY3WKYXcDp,check,13
68471.01,1AXFbhdeyr12uPybnY47DjcYLm8SG3EetecMhY3WKYXcDp,check,13
68531.016,1AXFbhdeyr12uPybnY47DjcYLm8SG3EetecMhY3WKYXcDp,check,13
68591.016,1AXFbhdeyr12uPybnY47DjcYLm8SG3EetecMhY3WKYXcDp,check,13
68651.016,1AXFbhdeyr12uPybnY47DjcYLm8SG3EetecMhY3WKYXcDp,check,14
68711.016,1AXFbhdeyr12uPybnY47DjcYLm8SG3EetecMhY3WKYXcDp,check,12
68771.016,1AXFbhdeyr12uPybnY47DjcYLm8SG3EetecMhY3WKYXcDp,check,14
68831.016,1AXFbhdeyr12uPybnY47DjcYLm8SG3EetecMhY3WKYXcDp,check,14
68891.016,1AXFbhdeyr12uPybnY47DjcYLm8SG3EetecMhY3WKYXcDp,check,14
68951.016,1AXFbhdeyr12uPybnY47DjcYLm8SG3EetecMhY3WKYXcDp,check,14
69011.01,1AXFbhdeyr12uPybnY47DjcYLm8SG3EetecMhY3WKYXcDp,check,13
69071.016,1AXFbhdeyr12uPybnY47DjcYLm8SG3EetecMhY3WKYXcDp,check,14
69131.016,1AXFbhdeyr12uPybnY47DjcYLm8SG3EetecMhY3WKYXcDp,check,14
69191.01,1AXFbhdeyr12uPybnY47DjcYLm8SG3EetecMhY3WKYXcDp,check,13
69251.016,1AXFbhdeyr12uPybnY47DjcYLm8SG3EetecMhY3WKYXcDp,check,13
69311.01,1AXFbhdeyr12uPybnY47DjcYLm8SG3EetecMhY3WKYXcDp,check,12
69371.016,1AXFbhdeyr12uPybnY47DjcYLm8SG3EetecMhY3WKYXcDp,check,13
69431.016,1AXFbhdeyr12uPybnY47DjcYLm8SG3EetecMhY3WKYXcDp,check,13
69491.016,1AXFbhdeyr12uPybnY47DjcYLm8SG3EetecMhY3WKYXcDp,check,12
69551.01,1AXFbhdeyr12uPybnY47DjcYLm8SG3EetecMhY3WKYXcDp,check,11
69611.016,1AXFbhdeyr12uPybnY47DjcYLm8SG3EetecMhY3WKYXcDp,check,13
69671.016,1AXFbhdeyr12uPybnY47DjcYLm8SG3EetecMhY3WKYXcDp,check,11
69731.016,1AXFbhdeyr12uPybnY47DjcYLm8SG3EetecMhY3WKYXcDp,check,13
69791.016,1AXFbhdeyr12uPybnY47DjcYLm8SG3EetecMhY3WKYXcDp,check,12
69851.01,1AXFbhdeyr12uPybnY47DjcYLm8SG3EetecMhY3WKYXcDp,check,13
69911.016,1AXFbhdeyr12uPybnY47DjcYLm8SG3EetecMhY3WKYXcDp,check,11
69971.016,1AXFbhdeyr12uPybnY47DjcYLm8SG3EetecMhY3WKYXcDp,check,11
70031.016,1AXFbhdeyr12uPybnY47DjcYLm8SG3EetecMhY3WKYXcDp,check,10
70091.01,1AXFbhdeyr12uPybnY47DjcYLm8SG3EetecMhY3WKYXcDp,check,10
70151.016,1AXFbhdeyr12uPybnY47DjcYLm8SG3EetecMhY3WKYXcDp,check,10
70211.016,1AXFbhdeyr12uPybnY47DjcYLm8SG3EetecMhY3WKYXcDp,check,10
70271.01,1AXFbhdeyr12uPybnY47DjcYLm8SG3EetecMhY3WKYXcDp,check,10
70331.016,1AXFbhdeyr12uPybnY47DjcYLm8SG3EetecMhY3WKYXcDp,check,14
70391.01,1AXFbhdeyr12uPybnY47DjcYLm8SG3EetecMhY3WKYXcDp,check,12
70451.016,1AXFbhdeyr12uPybnY47DjcYLm8SG3EetecMhY3WKYXcDp,check,13
70511.016,1AXFbhdeyr12uPybnY47DjcYLm8SG3EetecMhY3WKYXcDp,check,13
70571.016,1AXFbhdeyr12uPybnY47DjcYLm8SG3EetecMhY3WKYXcDp,check,14
70631.016,1AXFbhdeyr12uPybnY47DjcYLm8SG3EetecMhY3WKYXcDp,check,14
70691.016,1AXFbhdeyr12uPybnY47DjcYLm8SG3EetecMhY3WKYXcDp,check,13
70751.016,1AXFbhdeyr12uPybnY47DjcYLm8SG3EetecMhY3WKYXcDp,check,12
70811.016,1AXFbhdeyr12uPybnY47DjcYLm8SG3EetecMhY3WKYXcDp,check,11
70871.01,1AXFbhdeyr12uPybnY47DjcYLm8SG3EetecMhY3WKYXcDp,check,11
70931.016,1AXFbhdeyr12uPybnY47DjcYLm8SG3EetecMhY3WKYXcDp,check,12
70991.016,1AXFbhdeyr12uPybnY47DjcYLm8SG3EetecMhY3WKYXcDp,check,11
71051.01,1AXFbhdeyr12uPybnY47DjcYLm8SG3EetecMhY3WKYXcDp,check,10
71111.016,1AXFbhdeyr12uPybnY47DjcYLm8SG3EetecMhY3WKYXcDp,check,14
71171.016,1AXFbhdeyr12uPybnY47DjcYLm8SG3EetecMhY3WKYXcDp,check,14
71231.016,1AXFbhdeyr12uPybnY47DjcYLm8SG3EetecMhY3WKYXcDp,check,14
71291.01,1AXFbhdeyr12uPybnY47DjcYLm8SG3EetecMhY3WKYXcDp,check,14
71351.01,1AXFbhdeyr12uPybnY47DjcYLm8SG3EetecMhY3WKYXcDp,check,14
71411.01,1AXFbhdeyr12uPybnY47DjcYLm8SG3EetecMhY3WKYXcDp,check,14
71471.01,1AXFbhdeyr12uPybnY47DjcYLm8SG3EetecMhY3WKYXcDp,check,14
71531.01,1AXFbhdeyr12uPybnY47DjcYLm8SG3EetecMhY3WKYXcDp,check,14
71591.01,1AXFbhdeyr12uPybnY47DjcYLm8SG3EetecMhY3WKYXcDp,check,14
71651.01,1AXFbhdeyr12uPybnY47DjcYLm8SG3EetecMhY3WKYXcDp,check,14
71711.016,1AXFbhdeyr12uPybnY47DjcYLm8SG3EetecMhY3WKYXcDp,check,13
71771.016,1AXFbhdeyr12uPybnY47DjcYLm8SG3EetecMhY3WKYXcDp,check,14
71831.016,1AXFbhdeyr12uPybnY47DjcYLm8SG3EetecMhY3WKYXcDp,check,14
71891.016,1AXFbhdeyr12uPybnY47DjcYLm8SG3EetecMhY3WKYXcDp,check,14
71951.016,1AXFbhdeyr12uPybnY47DjcYLm8SG3EetecMhY3WKYXcDp,check,14
