65.21742,1AXQ5iSdrbeUYFhpQ8xNE4ThZMS2hom5Rgh6xUygjhj9U8,check,20
131.01201,1AXQ5iSdrbeUYFhpQ8xNE4ThZMS2hom5Rgh6xUygjhj9U8,check,18
189.99875,1AXQ5iSdrbeUYFhpQ8xNE4ThZMS2hom5Rgh6xUygjhj9U8,check,20
251.01498,1AXQ5iSdrbeUYFhpQ8xNE4ThZMS2hom5Rgh6xUygjhj9U8,check,19
311.00925,1AXQ5iSdrbeUYFhpQ8xNE4ThZMS2hom5Rgh6xUygjhj9U8,check,18
371.0116,1AXQ5iSdrbeUYFhpQ8xNE4ThZMS2hom5Rgh6xUygjhj9U8,check,15
431.01062,1AXQ5iSdrbeUYFhpQ8xNE4ThZMS2hom5Rgh6xUygjhj9U8,check,17
491.00873,1AXQ5iSdrbeUYFhpQ8xNE4ThZMS2hom5Rgh6xUygjhj9U8,check,19
551.0117,1AXQ5iSdrbeUYFhpQ8xNE4ThZMS2hom5Rgh6xUygjhj9U8,check,19
611.017,1AXQ5iSdrbeUYFhpQ8xNE4ThZMS2hom5Rgh6xUygjhj9U8,check,17
671.00653,1AXQ5iSdrbeUYFhpQ8xNE4ThZMS2hom5Rgh6xUygjhj9U8,check,19
731.0092,1AXQ5iSdrbeUYFhpQ8xNE4ThZMS2hom5Rgh6xUygjhj9U8,check,18
791.0041,1AXQ5iSdrbeUYFhpQ8xNE4ThZMS2hom5Rgh6xUygjhj9U8,check,19
851.0048,1AXQ5iSdrbeUYFhpQ8xNE4ThZMS2hom5Rgh6xUygjhj9U8,check,19
911.0059,1AXQ5iSdrbeUYFhpQ8xNE4ThZMS2hom5Rgh6xUygjhj9U8,check,19
971.0169,1AXQ5iSdrbeUYFhpQ8xNE4ThZMS2hom5Rgh6xUygjhj9U8,check,15
1031.0168,1AXQ5iSdrbeUYFhpQ8xNE4ThZMS2hom5Rgh6xUygjhj9U8,check,16
1091.0106,1AXQ5iSdrbeUYFhpQ8xNE4ThZMS2hom5Rgh6xUygjhj9U8,check,15
1151.0156,1AXQ5iSdrbeUYFhpQ8xNE4ThZMS2hom5Rgh6xUygjhj9U8,check,11
1211.0087,1AXQ5iSdrbeUYFhpQ8xNE4ThZMS2hom5Rgh6xUygjhj9U8,check,15
1271.0089,1AXQ5iSdrbeUYFhpQ8xNE4ThZMS2hom5Rgh6xUygjhj9U8,check,19
1331.0133,1AXQ5iSdrbeUYFhpQ8xNE4ThZMS2hom5Rgh6xUygjhj9U8,check,17
1391.0096,1AXQ5iSdrbeUYFhpQ8xNE4ThZMS2hom5Rgh6xUygjhj9U8,check,19
1451.0079,1AXQ5iSdrbeUYFhpQ8xNE4ThZMS2hom5Rgh6xUygjhj9U8,check,19
1511.0145,1AXQ5iSdrbeUYFhpQ8xNE4ThZMS2hom5Rgh6xUygjhj9U8,check,19
1571.0061,1AXQ5iSdrbeUYFhpQ8xNE4ThZMS2hom5Rgh6xUygjhj9U8,check,18
1631.01,1AXQ5iSdrbeUYFhpQ8xNE4ThZMS2hom5Rgh6xUygjhj9U8,check,19
1691.0098,1AXQ5iSdrbeUYFhpQ8xNE4ThZMS2hom5Rgh6xUygjhj9U8,check,18
1751.0112,1AXQ5iSdrbeUYFhpQ8xNE4ThZMS2hom5Rgh6xUygjhj9U8,check,19
1811.0088,1AXQ5iSdrbeUYFhpQ8xNE4ThZMS2hom5Rgh6xUygjhj9U8,check,16
1871.0151,1AXQ5iSdrbeUYFhpQ8xNE4ThZMS2hom5Rgh6xUygjhj9U8,check,19
1931.0092,1AXQ5iSdrbeUYFhpQ8xNE4ThZMS2hom5Rgh6xUygjhj9U8,check,18
1991.0082,1AXQ5iSdrbeUYFhpQ8xNE4ThZMS2hom5Rgh6xUygjhj9U8,check,17
2051.0105,1AXQ5iSdrbeUYFhpQ8xNE4ThZMS2hom5Rgh6xUygjhj9U8,check,18
2111.015,1AXQ5iSdrbeUYFhpQ8xNE4ThZMS2hom5Rgh6xUygjhj9U8,check,18
2171.0107,1AXQ5iSdrbeUYFhpQ8xNE4ThZMS2hom5Rgh6xUygjhj9U8,check,19
2231.0134,1AXQ5iSdrbeUYFhpQ8xNE4ThZMS2hom5Rgh6xUygjhj9U8,check,19
2291.0142,1AXQ5iSdrbeUYFhpQ8xNE4ThZMS2hom5Rgh6xUygjhj9U8,check,19
2351.0095,1AXQ5iSdrbeUYFhpQ8xNE4ThZMS2hom5Rgh6xUygjhj9U8,check,18
2411.0093,1AXQ5iSdrbeUYFhpQ8xNE4ThZMS2hom5Rgh6xUygjhj9U8,check,19
2471.012,1AXQ5iSdrbeUYFhpQ8xNE4ThZMS2hom5Rgh6xUygjhj9U8,check,19
2531.012,1AXQ5iSdrbeUYFhpQ8xNE4ThZMS2hom5Rgh6xUygjhj9U8,check,17
2591.015,1AXQ5iSdrbeUYFhpQ8xNE4ThZMS2hom5Rgh6xUygjhj9U8,check,16
2651.0146,1AXQ5iSdrbeUYFhpQ8xNE4ThZMS2hom5Rgh6xUygjhj9U8,check,13
2711.009,1AXQ5iSdrbeUYFhpQ8xNE4ThZMS2hom5Rgh6xUygjhj9U8,check,17
2771.017,1AXQ5iSdrbeUYFhpQ8xNE4ThZMS2hom5Rgh6xUygjhj9U8,check,17
2831.0125,1AXQ5iSdrbeUYFhpQ8xNE4ThZMS2hom5Rgh6xUygjhj9U8,check,19
2891.0125,1AXQ5iSdrbeUYFhpQ8xNE4ThZMS2hom5Rgh6xUygjhj9U8,check,19
2951.0103,1AXQ5iSdrbeUYFhpQ8xNE4ThZMS2hom5Rgh6xUygjhj9U8,check,19
3011.0112,1AXQ5iSdrbeUYFhpQ8xNE4ThZMS2hom5Rgh6xUygjhj9U8,check,18
3071.011,1AXQ5iSdrbeUYFhpQ8xNE4ThZMS2hom5Rgh6xUygjhj9U8,check,19
3131.008,1AXQ5iSdrbeUYFhpQ8xNE4ThZMS2hom5Rgh6xUygjhj9U8,check,19
3191.0125,1AXQ5iSdrbeUYFhpQ8xNE4ThZMS2hom5Rgh6xUygjhj9U8,check,19
3251.0093,1AXQ5iSdrbeUYFhpQ8xNE4ThZMS2hom5Rgh6xUygjhj9U8,check,19
3311.0132,1AXQ5iSdrbeUYFhpQ8xNE4ThZMS2hom5Rgh6xUygjhj9U8,check,19
3371.0127,1AXQ5iSdrbeUYFhpQ8xNE4ThZMS2hom5Rgh6xUygjhj9U8,check,17
3431.009,1AXQ5iSdrbeUYFhpQ8xNE4ThZMS2hom5Rgh6xUygjhj9U8,check,17
3491.0103,1AXQ5iSdrbeUYFhpQ8xNE4ThZMS2hom5Rgh6xUygjhj9U8,check,15
3551.017,1AXQ5iSdrbeUYFhpQ8xNE4ThZMS2hom5Rgh6xUygjhj9U8,check,17
3611.014,1AXQ5iSdrbeUYFhpQ8xNE4ThZMS2hom5Rgh6xUygjhj9U8,check,18
3671.0125,1AXQ5iSdrbeUYFhpQ8xNE4ThZMS2hom5Rgh6xUygjhj9U8,check,18
3731.0127,1AXQ5iSdrbeUYFhpQ8xNE4ThZMS2hom5Rgh6xUygjhj9U8,check,18
3791.0125,1AXQ5iSdrbeUYFhpQ8xNE4ThZMS2hom5Rgh6xUygjhj9U8,check,18
3851.01,1AXQ5iSdrbeUYFhpQ8xNE4ThZMS2hom5Rgh6xUygjhj9U8,check,18
3911.0132,1AXQ5iSdrbeUYFhpQ8xNE4ThZMS2hom5Rgh6xUygjhj9U8,check,18
3971.013,1AXQ5iSdrbeUYFhpQ8xNE4ThZMS2hom5Rgh6xUygjhj9U8,check,17
4031.013,1AXQ5iSdrbeUYFhpQ8xNE4ThZMS2hom5Rgh6xUygjhj9U8,check,16
4091.0134,1AXQ5iSdrbeUYFhpQ8xNE4ThZMS2hom5Rgh6xUygjhj9U8,check,17
4151.012,1AXQ5iSdrbeUYFhpQ8xNE4ThZMS2hom5Rgh6xUygjhj9U8,check,18
4211.01,1AXQ5iSdrbeUYFhpQ8xNE4ThZMS2hom5Rgh6xUygjhj9U8,check,14
4271.0156,1AXQ5iSdrbeUYFhpQ8xNE4ThZMS2hom5Rgh6xUygjhj9U8,check,17
4331.0117,1AXQ5iSdrbeUYFhpQ8xNE4ThZMS2hom5Rgh6xUygjhj9U8,check,17
4391.011,1AXQ5iSdrbeUYFhpQ8xNE4ThZMS2hom5Rgh6xUygjhj9U8,check,17
4451.012,1AXQ5iSdrbeUYFhpQ8xNE4ThZMS2hom5Rgh6xUygjhj9U8,check,18
4511.0156,1AXQ5iSdrbeUYFhpQ8xNE4ThZMS2hom5Rgh6xUygjhj9U8,check,17
4571.006,1AXQ5iSdrbeUYFhpQ8xNE4ThZMS2hom5Rgh6xUygjhj9U8,check,17
4631.011,1AXQ5iSdrbeUYFhpQ8xNE4ThZMS2hom5Rgh6xUygjhj9U8,check,18
4691.0107,1AXQ5iSdrbeUYFhpQ8xNE4ThZMS2hom5Rgh6xUygjhj9U8,check,18
4751.0137,1AXQ5iSdrbeUYFhpQ8xNE4ThZMS2hom5Rgh6xUygjhj9U8,check,18
4811.0176,1AXQ5iSdrbeUYFhpQ8xNE4ThZMS2hom5Rgh6xUygjhj9U8,check,16
4871.013,1AXQ5iSdrbeUYFhpQ8xNE4ThZMS2hom5Rgh6xUygjhj9U8,check,16
4931.0063,1AXQ5iSdrbeUYFhpQ8xNE4ThZMS2hom5Rgh6xUygjhj9U8,check,16
4991.0127,1AXQ5iSdrbeUYFhpQ8xNE4ThZMS2hom5Rgh6xUygjhj9U8,check,16
5051.0117,1AXQ5iSdrbeUYFhpQ8xNE4ThZMS2hom5Rgh6xUygjhj9U8,check,15
5111.015,1AXQ5iSdrbeUYFhpQ8xNE4ThZMS2hom5Rgh6xUygjhj9U8,check,14
5171.0073,1AXQ5iSdrbeUYFhpQ8xNE4ThZMS2hom5Rgh6xUygjhj9U8,check,18
5231.007,1AXQ5iSdrbeUYFhpQ8xNE4ThZMS2hom5Rgh6xUygjhj9U8,check,18
5291.0107,1AXQ5iSdrbeUYFhpQ8xNE4ThZMS2hom5Rgh6xUygjhj9U8,check,18
5351.011,1AXQ5iSdrbeUYFhpQ8xNE4ThZMS2hom5Rgh6xUygjhj9U8,check,18
5411.008,1AXQ5iSdrbeUYFhpQ8xNE4ThZMS2hom5Rgh6xUygjhj9U8,check,17
5471.0146,1AXQ5iSdrbeUYFhpQ8xNE4ThZMS2hom5Rgh6xUygjhj9U8,check,18
5531.013,1AXQ5iSdrbeUYFhpQ8xNE4ThZMS2hom5Rgh6xUygjhj9U8,check,18
5591.0127,1AXQ5iSdrbeUYFhpQ8xNE4ThZMS2hom5Rgh6xUygjhj9U8,check,17
5651.0117,1AXQ5iSdrbeUYFhpQ8xNE4ThZMS2hom5Rgh6xUygjhj9U8,check,16
5711.0146,1AXQ5iSdrbeUYFhpQ8xNE4ThZMS2hom5Rgh6xUygjhj9U8,check,17
5771.0117,1AXQ5iSdrbeUYFhpQ8xNE4ThZMS2hom5Rgh6xUygjhj9U8,check,17
5831.013,1AXQ5iSdrbeUYFhpQ8xNE4ThZMS2hom5Rgh6xUygjhj9U8,check,14
5891.014,1AXQ5iSdrbeUYFhpQ8xNE4ThZMS2hom5Rgh6xUygjhj9U8,check,12
5951.0073,1AXQ5iSdrbeUYFhpQ8xNE4ThZMS2hom5Rgh6xUygjhj9U8,check,18
6011.013,1AXQ5iSdrbeUYFhpQ8xNE4ThZMS2hom5Rgh6xUygjhj9U8,check,18
6071.013,1AXQ5iSdrbeUYFhpQ8xNE4ThZMS2hom5Rgh6xUygjhj9U8,check,17
6131.012,1AXQ5iSdrbeUYFhpQ8xNE4ThZMS2hom5Rgh6xUygjhj9U8,check,18
6191.011,1AXQ5iSdrbeUYFhpQ8xNE4ThZMS2hom5Rgh6xUygjhj9U8,check,18
6251.012,1AXQ5iSdrbeUYFhpQ8xNE4ThZMS2hom5Rgh6xUygjhj9U8,check,18
6308.322,1AXQ5iSdrbeUYFhpQ8xNE4ThZMS2hom5Rgh6xUygjhj9U8,check,19
6368.3223,1AXQ5iSdrbeUYFhpQ8xNE4ThZMS2hom5Rgh6xUygjhj9U8,check,19
6428.323,1AXQ5iSdrbeUYFhpQ8xNE4ThZMS2hom5Rgh6xUygjhj9U8,check,19
6488.32,1AXQ5iSdrbeUYFhpQ8xNE4ThZMS2hom5Rgh6xUygjhj9U8,check,19
6551.0107,1AXQ5iSdrbeUYFhpQ8xNE4ThZMS2hom5Rgh6xUygjhj9U8,check,17
6610.1577,1AXQ5iSdrbeUYFhpQ8xNE4ThZMS2hom5Rgh6xUygjhj9U8,check,18
6671.011,1AXQ5iSdrbeUYFhpQ8xNE4ThZMS2hom5Rgh6xUygjhj9U8,check,16
6728.3203,1AXQ5iSdrbeUYFhpQ8xNE4ThZMS2hom5Rgh6xUygjhj9U8,check,19
6791.015,1AXQ5iSdrbeUYFhpQ8xNE4ThZMS2hom5Rgh6xUygjhj9U8,check,18
6851.0034,1AXQ5iSdrbeUYFhpQ8xNE4ThZMS2hom5Rgh6xUygjhj9U8,check,18
6908.3203,1AXQ5iSdrbeUYFhpQ8xNE4ThZMS2hom5Rgh6xUygjhj9U8,check,18
6968.3203,1AXQ5iSdrbeUYFhpQ8xNE4ThZMS2hom5Rgh6xUygjhj9U8,check,19
7031.0127,1AXQ5iSdrbeUYFhpQ8xNE4ThZMS2hom5Rgh6xUygjhj9U8,check,18
7088.319,1AXQ5iSdrbeUYFhpQ8xNE4ThZMS2hom5Rgh6xUygjhj9U8,check,19
7151.0176,1AXQ5iSdrbeUYFhpQ8xNE4ThZMS2hom5Rgh6xUygjhj9U8,check,17
7208.32,1AXQ5iSdrbeUYFhpQ8xNE4ThZMS2hom5Rgh6xUygjhj9U8,check,19
7268.324,1AXQ5iSdrbeUYFhpQ8xNE4ThZMS2hom5Rgh6xUygjhj9U8,check,19
7331.009,1AXQ5iSdrbeUYFhpQ8xNE4ThZMS2hom5Rgh6xUygjhj9U8,check,17
7391.0073,1AXQ5iSdrbeUYFhpQ8xNE4ThZMS2hom5Rgh6xUygjhj9U8,check,17
7451.008,1AXQ5iSdrbeUYFhpQ8xNE4ThZMS2hom5Rgh6xUygjhj9U8,check,16
7511.0103,1AXQ5iSdrbeUYFhpQ8xNE4ThZMS2hom5Rgh6xUygjhj9U8,check,17
7568.3193,1AXQ5iSdrbeUYFhpQ8xNE4ThZMS2hom5Rgh6xUygjhj9U8,check,19
7628.322,1AXQ5iSdrbeUYFhpQ8xNE4ThZMS2hom5Rgh6xUygjhj9U8,check,19
7688.319,1AXQ5iSdrbeUYFhpQ8xNE4ThZMS2hom5Rgh6xUygjhj9U8,check,18
7748.3164,1AXQ5iSdrbeUYFhpQ8xNE4ThZMS2hom5Rgh6xUygjhj9U8,check,19
7806.319,1AXQ5iSdrbeUYFhpQ8xNE4ThZMS2hom5Rgh6xUygjhj9U8,check,19
7871.012,1AXQ5iSdrbeUYFhpQ8xNE4ThZMS2hom5Rgh6xUygjhj9U8,check,17
7927.363,1AXQ5iSdrbeUYFhpQ8xNE4ThZMS2hom5Rgh6xUygjhj9U8,check,19
7991.011,1AXQ5iSdrbeUYFhpQ8xNE4ThZMS2hom5Rgh6xUygjhj9U8,check,14
8051.0137,1AXQ5iSdrbeUYFhpQ8xNE4ThZMS2hom5Rgh6xUygjhj9U8,check,18
8111.0205,1AXQ5iSdrbeUYFhpQ8xNE4ThZMS2hom5Rgh6xUygjhj9U8,check,17
8171.016,1AXQ5iSdrbeUYFhpQ8xNE4ThZMS2hom5Rgh6xUygjhj9U8,check,16
8231.015,1AXQ5iSdrbeUYFhpQ8xNE4ThZMS2hom5Rgh6xUygjhj9U8,check,16
8291.019,1AXQ5iSdrbeUYFhpQ8xNE4ThZMS2hom5Rgh6xUygjhj9U8,check,18
8348.319,1AXQ5iSdrbeUYFhpQ8xNE4ThZMS2hom5Rgh6xUygjhj9U8,check,19
8407.356,1AXQ5iSdrbeUYFhpQ8xNE4ThZMS2hom5Rgh6xUygjhj9U8,check,19
8471.012,1AXQ5iSdrbeUYFhpQ8xNE4ThZMS2hom5Rgh6xUygjhj9U8,check,17
8528.32,1AXQ5iSdrbeUYFhpQ8xNE4ThZMS2hom5Rgh6xUygjhj9U8,check,19
8588.316,1AXQ5iSdrbeUYFhpQ8xNE4ThZMS2hom5Rgh6xUygjhj9U8,check,19
8651.008,1AXQ5iSdrbeUYFhpQ8xNE4ThZMS2hom5Rgh6xUygjhj9U8,check,18
8708.315,1AXQ5iSdrbeUYFhpQ8xNE4ThZMS2hom5Rgh6xUygjhj9U8,check,18
8768.454,1AXQ5iSdrbeUYFhpQ8xNE4ThZMS2hom5Rgh6xUygjhj9U8,check,19
8831.016,1AXQ5iSdrbeUYFhpQ8xNE4ThZMS2hom5Rgh6xUygjhj9U8,check,18
8891.007,1AXQ5iSdrbeUYFhpQ8xNE4ThZMS2hom5Rgh6xUygjhj9U8,check,18
8951.012,1AXQ5iSdrbeUYFhpQ8xNE4ThZMS2hom5Rgh6xUygjhj9U8,check,14
9008.314,1AXQ5iSdrbeUYFhpQ8xNE4ThZMS2hom5Rgh6xUygjhj9U8,check,18
9069.488,1AXQ5iSdrbeUYFhpQ8xNE4ThZMS2hom5Rgh6xUygjhj9U8,check,19
9128.313,1AXQ5iSdrbeUYFhpQ8xNE4ThZMS2hom5Rgh6xUygjhj9U8,check,19
9191.017,1AXQ5iSdrbeUYFhpQ8xNE4ThZMS2hom5Rgh6xUygjhj9U8,check,13
9248.316,1AXQ5iSdrbeUYFhpQ8xNE4ThZMS2hom5Rgh6xUygjhj9U8,check,19
9310.175,1AXQ5iSdrbeUYFhpQ8xNE4ThZMS2hom5Rgh6xUygjhj9U8,check,19
9368.314,1AXQ5iSdrbeUYFhpQ8xNE4ThZMS2hom5Rgh6xUygjhj9U8,check,19
9431.006,1AXQ5iSdrbeUYFhpQ8xNE4ThZMS2hom5Rgh6xUygjhj9U8,check,17
9491.008,1AXQ5iSdrbeUYFhpQ8xNE4ThZMS2hom5Rgh6xUygjhj9U8,check,17
9551.005,1AXQ5iSdrbeUYFhpQ8xNE4ThZMS2hom5Rgh6xUygjhj9U8,check,17
9611.008,1AXQ5iSdrbeUYFhpQ8xNE4ThZMS2hom5Rgh6xUygjhj9U8,check,15
9671.019,1AXQ5iSdrbeUYFhpQ8xNE4ThZMS2hom5Rgh6xUygjhj9U8,check,17
9731.016,1AXQ5iSdrbeUYFhpQ8xNE4ThZMS2hom5Rgh6xUygjhj9U8,check,12
9788.314,1AXQ5iSdrbeUYFhpQ8xNE4ThZMS2hom5Rgh6xUygjhj9U8,check,19
9851.007,1AXQ5iSdrbeUYFhpQ8xNE4ThZMS2hom5Rgh6xUygjhj9U8,check,16
9911.013,1AXQ5iSdrbeUYFhpQ8xNE4ThZMS2hom5Rgh6xUygjhj9U8,check,16
9970.686,1AXQ5iSdrbeUYFhpQ8xNE4ThZMS2hom5Rgh6xUygjhj9U8,check,19
10031.009,1AXQ5iSdrbeUYFhpQ8xNE4ThZMS2hom5Rgh6xUygjhj9U8,check,18
10091.015,1AXQ5iSdrbeUYFhpQ8xNE4ThZMS2hom5Rgh6xUygjhj9U8,check,18
10151.019,1AXQ5iSdrbeUYFhpQ8xNE4ThZMS2hom5Rgh6xUygjhj9U8,check,15
10211.016,1AXQ5iSdrbeUYFhpQ8xNE4ThZMS2hom5Rgh6xUygjhj9U8,check,13
10271.019,1AXQ5iSdrbeUYFhpQ8xNE4ThZMS2hom5Rgh6xUygjhj9U8,check,13
10331.017,1AXQ5iSdrbeUYFhpQ8xNE4ThZMS2hom5Rgh6xUygjhj9U8,check,13
10391.015,1AXQ5iSdrbeUYFhpQ8xNE4ThZMS2hom5Rgh6xUygjhj9U8,check,12
10451.016,1AXQ5iSdrbeUYFhpQ8xNE4ThZMS2hom5Rgh6xUygjhj9U8,check,12
10511.016,1AXQ5iSdrbeUYFhpQ8xNE4ThZMS2hom5Rgh6xUygjhj9U8,check,10
10568.312,1AXQ5iSdrbeUYFhpQ8xNE4ThZMS2hom5Rgh6xUygjhj9U8,check,17
10628.314,1AXQ5iSdrbeUYFhpQ8xNE4ThZMS2hom5Rgh6xUygjhj9U8,check,19
10691.01,1AXQ5iSdrbeUYFhpQ8xNE4ThZMS2hom5Rgh6xUygjhj9U8,check,17
10751.017,1AXQ5iSdrbeUYFhpQ8xNE4ThZMS2hom5Rgh6xUygjhj9U8,check,18
10808.31,1AXQ5iSdrbeUYFhpQ8xNE4ThZMS2hom5Rgh6xUygjhj9U8,check,19
10871.012,1AXQ5iSdrbeUYFhpQ8xNE4ThZMS2hom5Rgh6xUygjhj9U8,check,17
10931.017,1AXQ5iSdrbeUYFhpQ8xNE4ThZMS2hom5Rgh6xUygjhj9U8,check,17
10990.295,1AXQ5iSdrbeUYFhpQ8xNE4ThZMS2hom5Rgh6xUygjhj9U8,check,19
11051.006,1AXQ5iSdrbeUYFhpQ8xNE4ThZMS2hom5Rgh6xUygjhj9U8,check,18
11111.01,1AXQ5iSdrbeUYFhpQ8xNE4ThZMS2hom5Rgh6xUygjhj9U8,check,17
11171.016,1AXQ5iSdrbeUYFhpQ8xNE4ThZMS2hom5Rgh6xUygjhj9U8,check,16
11231.01,1AXQ5iSdrbeUYFhpQ8xNE4ThZMS2hom5Rgh6xUygjhj9U8,check,15
11291.007,1AXQ5iSdrbeUYFhpQ8xNE4ThZMS2hom5Rgh6xUygjhj9U8,check,16
11346.314,1AXQ5iSdrbeUYFhpQ8xNE4ThZMS2hom5Rgh6xUygjhj9U8,check,19
11408.307,1AXQ5iSdrbeUYFhpQ8xNE4ThZMS2hom5Rgh6xUygjhj9U8,check,18
11468.309,1AXQ5iSdrbeUYFhpQ8xNE4ThZMS2hom5Rgh6xUygjhj9U8,check,19
11527.847,1AXQ5iSdrbeUYFhpQ8xNE4ThZMS2hom5Rgh6xUygjhj9U8,check,19
11588.309,1AXQ5iSdrbeUYFhpQ8xNE4ThZMS2hom5Rgh6xUygjhj9U8,check,19
11648.308,1AXQ5iSdrbeUYFhpQ8xNE4ThZMS2hom5Rgh6xUygjhj9U8,check,19
11708.308,1AXQ5iSdrbeUYFhpQ8xNE4ThZMS2hom5Rgh6xUygjhj9U8,check,19
11771.009,1AXQ5iSdrbeUYFhpQ8xNE4ThZMS2hom5Rgh6xUygjhj9U8,check,17
11831.008,1AXQ5iSdrbeUYFhpQ8xNE4ThZMS2hom5Rgh6xUygjhj9U8,check,17
11891.016,1AXQ5iSdrbeUYFhpQ8xNE4ThZMS2hom5Rgh6xUygjhj9U8,check,15
11951.015,1AXQ5iSdrbeUYFhpQ8xNE4ThZMS2hom5Rgh6xUygjhj9U8,check,15
12011.01,1AXQ5iSdrbeUYFhpQ8xNE4ThZMS2hom5Rgh6xUygjhj9U8,check,15
12071.019,1AXQ5iSdrbeUYFhpQ8xNE4ThZMS2hom5Rgh6xUygjhj9U8,check,16
12131.014,1AXQ5iSdrbeUYFhpQ8xNE4ThZMS2hom5Rgh6xUygjhj9U8,check,18
12191.007,1AXQ5iSdrbeUYFhpQ8xNE4ThZMS2hom5Rgh6xUygjhj9U8,check,18
12251.013,1AXQ5iSdrbeUYFhpQ8xNE4ThZMS2hom5Rgh6xUygjhj9U8,check,17
12308.308,1AXQ5iSdrbeUYFhpQ8xNE4ThZMS2hom5Rgh6xUygjhj9U8,check,19
12367.348,1AXQ5iSdrbeUYFhpQ8xNE4ThZMS2hom5Rgh6xUygjhj9U8,check,19
12428.306,1AXQ5iSdrbeUYFhpQ8xNE4ThZMS2hom5Rgh6xUygjhj9U8,check,19
12488.307,1AXQ5iSdrbeUYFhpQ8xNE4ThZMS2hom5Rgh6xUygjhj9U8,check,19
12551.018,1AXQ5iSdrbeUYFhpQ8xNE4ThZMS2hom5Rgh6xUygjhj9U8,check,16
12611.017,1AXQ5iSdrbeUYFhpQ8xNE4ThZMS2hom5Rgh6xUygjhj9U8,check,15
12671.017,1AXQ5iSdrbeUYFhpQ8xNE4ThZMS2hom5Rgh6xUygjhj9U8,check,18
12731.016,1AXQ5iSdrbeUYFhpQ8xNE4ThZMS2hom5Rgh6xUygjhj9U8,check,18
12791.005,1AXQ5iSdrbeUYFhpQ8xNE4ThZMS2hom5Rgh6xUygjhj9U8,check,17
12851.016,1AXQ5iSdrbeUYFhpQ8xNE4ThZMS2hom5Rgh6xUygjhj9U8,check,16
12911.006,1AXQ5iSdrbeUYFhpQ8xNE4ThZMS2hom5Rgh6xUygjhj9U8,check,18
12971.014,1AXQ5iSdrbeUYFhpQ8xNE4ThZMS2hom5Rgh6xUygjhj9U8,check,14
13031.014,1AXQ5iSdrbeUYFhpQ8xNE4ThZMS2hom5Rgh6xUygjhj9U8,check,18
13091.015,1AXQ5iSdrbeUYFhpQ8xNE4ThZMS2hom5Rgh6xUygjhj9U8,check,18
13151.014,1AXQ5iSdrbeUYFhpQ8xNE4ThZMS2hom5Rgh6xUygjhj9U8,check,18
13211.011,1AXQ5iSdrbeUYFhpQ8xNE4ThZMS2hom5Rgh6xUygjhj9U8,check,18
13271.013,1AXQ5iSdrbeUYFhpQ8xNE4ThZMS2hom5Rgh6xUygjhj9U8,check,18
13331.016,1AXQ5iSdrbeUYFhpQ8xNE4ThZMS2hom5Rgh6xUygjhj9U8,check,16
13391.014,1AXQ5iSdrbeUYFhpQ8xNE4ThZMS2hom5Rgh6xUygjhj9U8,check,16
13451.014,1AXQ5iSdrbeUYFhpQ8xNE4ThZMS2hom5Rgh6xUygjhj9U8,check,15
13511.014,1AXQ5iSdrbeUYFhpQ8xNE4ThZMS2hom5Rgh6xUygjhj9U8,check,15
13571.011,1AXQ5iSdrbeUYFhpQ8xNE4ThZMS2hom5Rgh6xUygjhj9U8,check,16
13631.016,1AXQ5iSdrbeUYFhpQ8xNE4ThZMS2hom5Rgh6xUygjhj9U8,check,15
13691.013,1AXQ5iSdrbeUYFhpQ8xNE4ThZMS2hom5Rgh6xUygjhj9U8,check,18
13751.013,1AXQ5iSdrbeUYFhpQ8xNE4ThZMS2hom5Rgh6xUygjhj9U8,check,18
13811.014,1AXQ5iSdrbeUYFhpQ8xNE4ThZMS2hom5Rgh6xUygjhj9U8,check,17
13871.014,1AXQ5iSdrbeUYFhpQ8xNE4ThZMS2hom5Rgh6xUygjhj9U8,check,18
13931.011,1AXQ5iSdrbeUYFhpQ8xNE4ThZMS2hom5Rgh6xUygjhj9U8,check,15
13991.009,1AXQ5iSdrbeUYFhpQ8xNE4ThZMS2hom5Rgh6xUygjhj9U8,check,18
14051.017,1AXQ5iSdrbeUYFhpQ8xNE4ThZMS2hom5Rgh6xUygjhj9U8,check,15
14111.016,1AXQ5iSdrbeUYFhpQ8xNE4ThZMS2hom5Rgh6xUygjhj9U8,check,17
14171.016,1AXQ5iSdrbeUYFhpQ8xNE4ThZMS2hom5Rgh6xUygjhj9U8,check,13
14231.016,1AXQ5iSdrbeUYFhpQ8xNE4ThZMS2hom5Rgh6xUygjhj9U8,check,12
14291.018,1AXQ5iSdrbeUYFhpQ8xNE4ThZMS2hom5Rgh6xUygjhj9U8,check,10
14351.016,1AXQ5iSdrbeUYFhpQ8xNE4ThZMS2hom5Rgh6xUygjhj9U8,check,11
14411.016,1AXQ5iSdrbeUYFhpQ8xNE4ThZMS2hom5Rgh6xUygjhj9U8,check,9
14471.01,1AXQ5iSdrbeUYFhpQ8xNE4ThZMS2hom5Rgh6xUygjhj9U8,check,18
14531.015,1AXQ5iSdrbeUYFhpQ8xNE4ThZMS2hom5Rgh6xUygjhj9U8,check,17
14591.015,1AXQ5iSdrbeUYFhpQ8xNE4ThZMS2hom5Rgh6xUygjhj9U8,check,17
14651.015,1AXQ5iSdrbeUYFhpQ8xNE4ThZMS2hom5Rgh6xUygjhj9U8,check,18
14711.004,1AXQ5iSdrbeUYFhpQ8xNE4ThZMS2hom5Rgh6xUygjhj9U8,check,17
14771.015,1AXQ5iSdrbeUYFhpQ8xNE4ThZMS2hom5Rgh6xUygjhj9U8,check,14
14831.017,1AXQ5iSdrbeUYFhpQ8xNE4ThZMS2hom5Rgh6xUygjhj9U8,check,16
14891.018,1AXQ5iSdrbeUYFhpQ8xNE4ThZMS2hom5Rgh6xUygjhj9U8,check,14
14951.015,1AXQ5iSdrbeUYFhpQ8xNE4ThZMS2hom5Rgh6xUygjhj9U8,check,15
15011.01,1AXQ5iSdrbeUYFhpQ8xNE4ThZMS2hom5Rgh6xUygjhj9U8,check,14
15071.016,1AXQ5iSdrbeUYFhpQ8xNE4ThZMS2hom5Rgh6xUygjhj9U8,check,13
15131.018,1AXQ5iSdrbeUYFhpQ8xNE4ThZMS2hom5Rgh6xUygjhj9U8,check,15
15191.016,1AXQ5iSdrbeUYFhpQ8xNE4ThZMS2hom5Rgh6xUygjhj9U8,check,14
15251.005,1AXQ5iSdrbeUYFhpQ8xNE4ThZMS2hom5Rgh6xUygjhj9U8,check,18
15311.004,1AXQ5iSdrbeUYFhpQ8xNE4ThZMS2hom5Rgh6xUygjhj9U8,check,17
15371.008,1AXQ5iSdrbeUYFhpQ8xNE4ThZMS2hom5Rgh6xUygjhj9U8,check,18
15431.015,1AXQ5iSdrbeUYFhpQ8xNE4ThZMS2hom5Rgh6xUygjhj9U8,check,18
15491.016,1AXQ5iSdrbeUYFhpQ8xNE4ThZMS2hom5Rgh6xUygjhj9U8,check,17
15551.006,1AXQ5iSdrbeUYFhpQ8xNE4ThZMS2hom5Rgh6xUygjhj9U8,check,18
15611.015,1AXQ5iSdrbeUYFhpQ8xNE4ThZMS2hom5Rgh6xUygjhj9U8,check,17
15671.018,1AXQ5iSdrbeUYFhpQ8xNE4ThZMS2hom5Rgh6xUygjhj9U8,check,17
15731.009,1AXQ5iSdrbeUYFhpQ8xNE4ThZMS2hom5Rgh6xUygjhj9U8,check,16
15791.009,1AXQ5iSdrbeUYFhpQ8xNE4ThZMS2hom5Rgh6xUygjhj9U8,check,18
15851.016,1AXQ5iSdrbeUYFhpQ8xNE4ThZMS2hom5Rgh6xUygjhj9U8,check,14
15911.009,1AXQ5iSdrbeUYFhpQ8xNE4ThZMS2hom5Rgh6xUygjhj9U8,check,16
15971.017,1AXQ5iSdrbeUYFhpQ8xNE4ThZMS2hom5Rgh6xUygjhj9U8,check,12
16031.016,1AXQ5iSdrbeUYFhpQ8xNE4ThZMS2hom5Rgh6xUygjhj9U8,check,17
16091.01,1AXQ5iSdrbeUYFhpQ8xNE4ThZMS2hom5Rgh6xUygjhj9U8,check,18
16151.013,1AXQ5iSdrbeUYFhpQ8xNE4ThZMS2hom5Rgh6xUygjhj9U8,check,17
16211.016,1AXQ5iSdrbeUYFhpQ8xNE4ThZMS2hom5Rgh6xUygjhj9U8,check,14
16271.017,1AXQ5iSdrbeUYFhpQ8xNE4ThZMS2hom5Rgh6xUygjhj9U8,check,13
16331.012,1AXQ5iSdrbeUYFhpQ8xNE4ThZMS2hom5Rgh6xUygjhj9U8,check,14
16391.018,1AXQ5iSdrbeUYFhpQ8xNE4ThZMS2hom5Rgh6xUygjhj9U8,check,15
16451.016,1AXQ5iSdrbeUYFhpQ8xNE4ThZMS2hom5Rgh6xUygjhj9U8,check,14
16511.016,1AXQ5iSdrbeUYFhpQ8xNE4ThZMS2hom5Rgh6xUygjhj9U8,check,14
16571.018,1AXQ5iSdrbeUYFhpQ8xNE4ThZMS2hom5Rgh6xUygjhj9U8,check,11
16631.018,1AXQ5iSdrbeUYFhpQ8xNE4ThZMS2hom5Rgh6xUygjhj9U8,check,11
16691.016,1AXQ5iSdrbeUYFhpQ8xNE4ThZMS2hom5Rgh6xUygjhj9U8,check,13
16751.016,1AXQ5iSdrbeUYFhpQ8xNE4ThZMS2hom5Rgh6xUygjhj9U8,check,10
16811.01,1AXQ5iSdrbeUYFhpQ8xNE4ThZMS2hom5Rgh6xUygjhj9U8,check,17
16867.816,1AXQ5iSdrbeUYFhpQ8xNE4ThZMS2hom5Rgh6xUygjhj9U8,check,19
16931.014,1AXQ5iSdrbeUYFhpQ8xNE4ThZMS2hom5Rgh6xUygjhj9U8,check,18
16991.016,1AXQ5iSdrbeUYFhpQ8xNE4ThZMS2hom5Rgh6xUygjhj9U8,check,16
17051.016,1AXQ5iSdrbeUYFhpQ8xNE4ThZMS2hom5Rgh6xUygjhj9U8,check,13
17111.02,1AXQ5iSdrbeUYFhpQ8xNE4ThZMS2hom5Rgh6xUygjhj9U8,check,14
17171.012,1AXQ5iSdrbeUYFhpQ8xNE4ThZMS2hom5Rgh6xUygjhj9U8,check,15
17231.016,1AXQ5iSdrbeUYFhpQ8xNE4ThZMS2hom5Rgh6xUygjhj9U8,check,11
17291.018,1AXQ5iSdrbeUYFhpQ8xNE4ThZMS2hom5Rgh6xUygjhj9U8,check,10
17351.016,1AXQ5iSdrbeUYFhpQ8xNE4ThZMS2hom5Rgh6xUygjhj9U8,check,15
17411.018,1AXQ5iSdrbeUYFhpQ8xNE4ThZMS2hom5Rgh6xUygjhj9U8,check,12
17471.018,1AXQ5iSdrbeUYFhpQ8xNE4ThZMS2hom5Rgh6xUygjhj9U8,check,12
17531.016,1AXQ5iSdrbeUYFhpQ8xNE4ThZMS2hom5Rgh6xUygjhj9U8,check,12
17591.012,1AXQ5iSdrbeUYFhpQ8xNE4ThZMS2hom5Rgh6xUygjhj9U8,check,16
17651.006,1AXQ5iSdrbeUYFhpQ8xNE4ThZMS2hom5Rgh6xUygjhj9U8,check,18
17711.006,1AXQ5iSdrbeUYFhpQ8xNE4ThZMS2hom5Rgh6xUygjhj9U8,check,16
17771.01,1AXQ5iSdrbeUYFhpQ8xNE4ThZMS2hom5Rgh6xUygjhj9U8,check,17
17831.004,1AXQ5iSdrbeUYFhpQ8xNE4ThZMS2hom5Rgh6xUygjhj9U8,check,16
17891.006,1AXQ5iSdrbeUYFhpQ8xNE4ThZMS2hom5Rgh6xUygjhj9U8,check,16
17951.014,1AXQ5iSdrbeUYFhpQ8xNE4ThZMS2hom5Rgh6xUygjhj9U8,check,14
18011.018,1AXQ5iSdrbeUYFhpQ8xNE4ThZMS2hom5Rgh6xUygjhj9U8,check,15
18071.016,1AXQ5iSdrbeUYFhpQ8xNE4ThZMS2hom5Rgh6xUygjhj9U8,check,11
18131.016,1AXQ5iSdrbeUYFhpQ8xNE4ThZMS2hom5Rgh6xUygjhj9U8,check,15
18191.014,1AXQ5iSdrbeUYFhpQ8xNE4ThZMS2hom5Rgh6xUygjhj9U8,check,12
18251.016,1AXQ5iSdrbeUYFhpQ8xNE4ThZMS2hom5Rgh6xUygjhj9U8,check,7
18311.018,1AXQ5iSdrbeUYFhpQ8xNE4ThZMS2hom5Rgh6xUygjhj9U8,check,9
18371.014,1AXQ5iSdrbeUYFhpQ8xNE4ThZMS2hom5Rgh6xUygjhj9U8,check,16
18431.014,1AXQ5iSdrbeUYFhpQ8xNE4ThZMS2hom5Rgh6xUygjhj9U8,check,17
18491.012,1AXQ5iSdrbeUYFhpQ8xNE4ThZMS2hom5Rgh6xUygjhj9U8,check,17
18551.014,1AXQ5iSdrbeUYFhpQ8xNE4ThZMS2hom5Rgh6xUygjhj9U8,check,18
18611.012,1AXQ5iSdrbeUYFhpQ8xNE4ThZMS2hom5Rgh6xUygjhj9U8,check,18
18671.01,1AXQ5iSdrbeUYFhpQ8xNE4ThZMS2hom5Rgh6xUygjhj9U8,check,17
18731.016,1AXQ5iSdrbeUYFhpQ8xNE4ThZMS2hom5Rgh6xUygjhj9U8,check,15
18791.014,1AXQ5iSdrbeUYFhpQ8xNE4ThZMS2hom5Rgh6xUygjhj9U8,check,18
18851.012,1AXQ5iSdrbeUYFhpQ8xNE4ThZMS2hom5Rgh6xUygjhj9U8,check,18
18911.012,1AXQ5iSdrbeUYFhpQ8xNE4ThZMS2hom5Rgh6xUygjhj9U8,check,17
18971.012,1AXQ5iSdrbeUYFhpQ8xNE4ThZMS2hom5Rgh6xUygjhj9U8,check,17
19031.016,1AXQ5iSdrbeUYFhpQ8xNE4ThZMS2hom5Rgh6xUygjhj9U8,check,17
19091.014,1AXQ5iSdrbeUYFhpQ8xNE4ThZMS2hom5Rgh6xUygjhj9U8,check,15
19151.014,1AXQ5iSdrbeUYFhpQ8xNE4ThZMS2hom5Rgh6xUygjhj9U8,check,18
19211.012,1AXQ5iSdrbeUYFhpQ8xNE4ThZMS2hom5Rgh6xUygjhj9U8,check,18
19271.012,1AXQ5iSdrbeUYFhpQ8xNE4ThZMS2hom5Rgh6xUygjhj9U8,check,18
19331.012,1AXQ5iSdrbeUYFhpQ8xNE4ThZMS2hom5Rgh6xUygjhj9U8,check,18
19391.01,1AXQ5iSdrbeUYFhpQ8xNE4ThZMS2hom5Rgh6xUygjhj9U8,check,18
19451.012,1AXQ5iSdrbeUYFhpQ8xNE4ThZMS2hom5Rgh6xUygjhj9U8,check,16
19511.012,1AXQ5iSdrbeUYFhpQ8xNE4ThZMS2hom5Rgh6xUygjhj9U8,check,17
19571.012,1AXQ5iSdrbeUYFhpQ8xNE4ThZMS2hom5Rgh6xUygjhj9U8,check,17
19631.016,1AXQ5iSdrbeUYFhpQ8xNE4ThZMS2hom5Rgh6xUygjhj9U8,check,14
19691.016,1AXQ5iSdrbeUYFhpQ8xNE4ThZMS2hom5Rgh6xUygjhj9U8,check,15
19751.018,1AXQ5iSdrbeUYFhpQ8xNE4ThZMS2hom5Rgh6xUygjhj9U8,check,13
19811.016,1AXQ5iSdrbeUYFhpQ8xNE4ThZMS2hom5Rgh6xUygjhj9U8,check,13
19871.014,1AXQ5iSdrbeUYFhpQ8xNE4ThZMS2hom5Rgh6xUygjhj9U8,check,17
19931.014,1AXQ5iSdrbeUYFhpQ8xNE4ThZMS2hom5Rgh6xUygjhj9U8,check,18
19988.367,1AXQ5iSdrbeUYFhpQ8xNE4ThZMS2hom5Rgh6xUygjhj9U8,check,19
20048.367,1AXQ5iSdrbeUYFhpQ8xNE4ThZMS2hom5Rgh6xUygjhj9U8,check,19
20111.016,1AXQ5iSdrbeUYFhpQ8xNE4ThZMS2hom5Rgh6xUygjhj9U8,check,18
20168.367,1AXQ5iSdrbeUYFhpQ8xNE4ThZMS2hom5Rgh6xUygjhj9U8,check,19
20231.014,1AXQ5iSdrbeUYFhpQ8xNE4ThZMS2hom5Rgh6xUygjhj9U8,check,18
20288.367,1AXQ5iSdrbeUYFhpQ8xNE4ThZMS2hom5Rgh6xUygjhj9U8,check,19
20350.588,1AXQ5iSdrbeUYFhpQ8xNE4ThZMS2hom5Rgh6xUygjhj9U8,check,19
20411.016,1AXQ5iSdrbeUYFhpQ8xNE4ThZMS2hom5Rgh6xUygjhj9U8,check,15
20471.016,1AXQ5iSdrbeUYFhpQ8xNE4ThZMS2hom5Rgh6xUygjhj9U8,check,18
20531.014,1AXQ5iSdrbeUYFhpQ8xNE4ThZMS2hom5Rgh6xUygjhj9U8,check,17
20591.014,1AXQ5iSdrbeUYFhpQ8xNE4ThZMS2hom5Rgh6xUygjhj9U8,check,17
20651.008,1AXQ5iSdrbeUYFhpQ8xNE4ThZMS2hom5Rgh6xUygjhj9U8,check,18
20708.367,1AXQ5iSdrbeUYFhpQ8xNE4ThZMS2hom5Rgh6xUygjhj9U8,check,19
20771.014,1AXQ5iSdrbeUYFhpQ8xNE4ThZMS2hom5Rgh6xUygjhj9U8,check,18
20831.01,1AXQ5iSdrbeUYFhpQ8xNE4ThZMS2hom5Rgh6xUygjhj9U8,check,17
20891.014,1AXQ5iSdrbeUYFhpQ8xNE4ThZMS2hom5Rgh6xUygjhj9U8,check,18
20951.012,1AXQ5iSdrbeUYFhpQ8xNE4ThZMS2hom5Rgh6xUygjhj9U8,check,18
21011.014,1AXQ5iSdrbeUYFhpQ8xNE4ThZMS2hom5Rgh6xUygjhj9U8,check,18
21071.016,1AXQ5iSdrbeUYFhpQ8xNE4ThZMS2hom5Rgh6xUygjhj9U8,check,15
21131.014,1AXQ5iSdrbeUYFhpQ8xNE4ThZMS2hom5Rgh6xUygjhj9U8,check,14
21191.012,1AXQ5iSdrbeUYFhpQ8xNE4ThZMS2hom5Rgh6xUygjhj9U8,check,17
21251.012,1AXQ5iSdrbeUYFhpQ8xNE4ThZMS2hom5Rgh6xUygjhj9U8,check,16
21311.016,1AXQ5iSdrbeUYFhpQ8xNE4ThZMS2hom5Rgh6xUygjhj9U8,check,14
21371.014,1AXQ5iSdrbeUYFhpQ8xNE4ThZMS2hom5Rgh6xUygjhj9U8,check,14
21431.01,1AXQ5iSdrbeUYFhpQ8xNE4ThZMS2hom5Rgh6xUygjhj9U8,check,18
21491.016,1AXQ5iSdrbeUYFhpQ8xNE4ThZMS2hom5Rgh6xUygjhj9U8,check,17
21551.012,1AXQ5iSdrbeUYFhpQ8xNE4ThZMS2hom5Rgh6xUygjhj9U8,check,18
21611.014,1AXQ5iSdrbeUYFhpQ8xNE4ThZMS2hom5Rgh6xUygjhj9U8,check,18
21671.008,1AXQ5iSdrbeUYFhpQ8xNE4ThZMS2hom5Rgh6xUygjhj9U8,check,18
21731.012,1AXQ5iSdrbeUYFhpQ8xNE4ThZMS2hom5Rgh6xUygjhj9U8,check,18
21791.016,1AXQ5iSdrbeUYFhpQ8xNE4ThZMS2hom5Rgh6xUygjhj9U8,check,15
21851.016,1AXQ5iSdrbeUYFhpQ8xNE4ThZMS2hom5Rgh6xUygjhj9U8,check,12
21911.016,1AXQ5iSdrbeUYFhpQ8xNE4ThZMS2hom5Rgh6xUygjhj9U8,check,14
21971.01,1AXQ5iSdrbeUYFhpQ8xNE4ThZMS2hom5Rgh6xUygjhj9U8,check,17
22031.018,1AXQ5iSdrbeUYFhpQ8xNE4ThZMS2hom5Rgh6xUygjhj9U8,check,15
22091.016,1AXQ5iSdrbeUYFhpQ8xNE4ThZMS2hom5Rgh6xUygjhj9U8,check,14
22151.014,1AXQ5iSdrbeUYFhpQ8xNE4ThZMS2hom5Rgh6xUygjhj9U8,check,14
22211.012,1AXQ5iSdrbeUYFhpQ8xNE4ThZMS2hom5Rgh6xUygjhj9U8,check,17
22271.016,1AXQ5iSdrbeUYFhpQ8xNE4ThZMS2hom5Rgh6xUygjhj9U8,check,15
22331.012,1AXQ5iSdrbeUYFhpQ8xNE4ThZMS2hom5Rgh6xUygjhj9U8,check,18
22391.012,1AXQ5iSdrbeUYFhpQ8xNE4ThZMS2hom5Rgh6xUygjhj9U8,check,17
22451.01,1AXQ5iSdrbeUYFhpQ8xNE4ThZMS2hom5Rgh6xUygjhj9U8,check,15
22511.012,1AXQ5iSdrbeUYFhpQ8xNE4ThZMS2hom5Rgh6xUygjhj9U8,check,18
22571.012,1AXQ5iSdrbeUYFhpQ8xNE4ThZMS2hom5Rgh6xUygjhj9U8,check,18
22631.01,1AXQ5iSdrbeUYFhpQ8xNE4ThZMS2hom5Rgh6xUygjhj9U8,check,17
22691.012,1AXQ5iSdrbeUYFhpQ8xNE4ThZMS2hom5Rgh6xUygjhj9U8,check,17
22751.012,1AXQ5iSdrbeUYFhpQ8xNE4ThZMS2hom5Rgh6xUygjhj9U8,check,17
22811.018,1AXQ5iSdrbeUYFhpQ8xNE4ThZMS2hom5Rgh6xUygjhj9U8,check,15
22871.018,1AXQ5iSdrbeUYFhpQ8xNE4ThZMS2hom5Rgh6xUygjhj9U8,check,15
22931.018,1AXQ5iSdrbeUYFhpQ8xNE4ThZMS2hom5Rgh6xUygjhj9U8,check,15
22991.014,1AXQ5iSdrbeUYFhpQ8xNE4ThZMS2hom5Rgh6xUygjhj9U8,check,17
23051.014,1AXQ5iSdrbeUYFhpQ8xNE4ThZMS2hom5Rgh6xUygjhj9U8,check,16
23111.016,1AXQ5iSdrbeUYFhpQ8xNE4ThZMS2hom5Rgh6xUygjhj9U8,check,14
23171.012,1AXQ5iSdrbeUYFhpQ8xNE4ThZMS2hom5Rgh6xUygjhj9U8,check,18
23231.012,1AXQ5iSdrbeUYFhpQ8xNE4ThZMS2hom5Rgh6xUygjhj9U8,check,17
23291.014,1AXQ5iSdrbeUYFhpQ8xNE4ThZMS2hom5Rgh6xUygjhj9U8,check,17
23351.014,1AXQ5iSdrbeUYFhpQ8xNE4ThZMS2hom5Rgh6xUygjhj9U8,check,13
23411.016,1AXQ5iSdrbeUYFhpQ8xNE4ThZMS2hom5Rgh6xUygjhj9U8,check,13
23471.018,1AXQ5iSdrbeUYFhpQ8xNE4ThZMS2hom5Rgh6xUygjhj9U8,check,12
23531.016,1AXQ5iSdrbeUYFhpQ8xNE4ThZMS2hom5Rgh6xUygjhj9U8,check,13
23591.018,1AXQ5iSdrbeUYFhpQ8xNE4ThZMS2hom5Rgh6xUygjhj9U8,check,10
23651.016,1AXQ5iSdrbeUYFhpQ8xNE4ThZMS2hom5Rgh6xUygjhj9U8,check,10
23711.016,1AXQ5iSdrbeUYFhpQ8xNE4ThZMS2hom5Rgh6xUygjhj9U8,check,9
23771.014,1AXQ5iSdrbeUYFhpQ8xNE4ThZMS2hom5Rgh6xUygjhj9U8,check,18
23831.016,1AXQ5iSdrbeUYFhpQ8xNE4ThZMS2hom5Rgh6xUygjhj9U8,check,17
23891.012,1AXQ5iSdrbeUYFhpQ8xNE4ThZMS2hom5Rgh6xUygjhj9U8,check,18
23951.012,1AXQ5iSdrbeUYFhpQ8xNE4ThZMS2hom5Rgh6xUygjhj9U8,check,18
24011.012,1AXQ5iSdrbeUYFhpQ8xNE4ThZMS2hom5Rgh6xUygjhj9U8,check,18
24071.014,1AXQ5iSdrbeUYFhpQ8xNE4ThZMS2hom5Rgh6xUygjhj9U8,check,18
24131.012,1AXQ5iSdrbeUYFhpQ8xNE4ThZMS2hom5Rgh6xUygjhj9U8,check,18
24191.012,1AXQ5iSdrbeUYFhpQ8xNE4ThZMS2hom5Rgh6xUygjhj9U8,check,17
24251.012,1AXQ5iSdrbeUYFhpQ8xNE4ThZMS2hom5Rgh6xUygjhj9U8,check,18
24311.012,1AXQ5iSdrbeUYFhpQ8xNE4ThZMS2hom5Rgh6xUygjhj9U8,check,18
24371.012,1AXQ5iSdrbeUYFhpQ8xNE4ThZMS2hom5Rgh6xUygjhj9U8,check,16
24431.014,1AXQ5iSdrbeUYFhpQ8xNE4ThZMS2hom5Rgh6xUygjhj9U8,check,16
24491.016,1AXQ5iSdrbeUYFhpQ8xNE4ThZMS2hom5Rgh6xUygjhj9U8,check,14
24551.012,1AXQ5iSdrbeUYFhpQ8xNE4ThZMS2hom5Rgh6xUygjhj9U8,check,18
24611.016,1AXQ5iSdrbeUYFhpQ8xNE4ThZMS2hom5Rgh6xUygjhj9U8,check,17
24671.014,1AXQ5iSdrbeUYFhpQ8xNE4ThZMS2hom5Rgh6xUygjhj9U8,check,17
24731.012,1AXQ5iSdrbeUYFhpQ8xNE4ThZMS2hom5Rgh6xUygjhj9U8,check,18
24791.012,1AXQ5iSdrbeUYFhpQ8xNE4ThZMS2hom5Rgh6xUygjhj9U8,check,18
24851.012,1AXQ5iSdrbeUYFhpQ8xNE4ThZMS2hom5Rgh6xUygjhj9U8,check,18
24911.016,1AXQ5iSdrbeUYFhpQ8xNE4ThZMS2hom5Rgh6xUygjhj9U8,check,18
24971.012,1AXQ5iSdrbeUYFhpQ8xNE4ThZMS2hom5Rgh6xUygjhj9U8,check,17
25031.014,1AXQ5iSdrbeUYFhpQ8xNE4ThZMS2hom5Rgh6xUygjhj9U8,check,17
25091.012,1AXQ5iSdrbeUYFhpQ8xNE4ThZMS2hom5Rgh6xUygjhj9U8,check,16
25151.014,1AXQ5iSdrbeUYFhpQ8xNE4ThZMS2hom5Rgh6xUygjhj9U8,check,16
25211.016,1AXQ5iSdrbeUYFhpQ8xNE4ThZMS2hom5Rgh6xUygjhj9U8,check,13
25271.016,1AXQ5iSdrbeUYFhpQ8xNE4ThZMS2hom5Rgh6xUygjhj9U8,check,16
25331.014,1AXQ5iSdrbeUYFhpQ8xNE4ThZMS2hom5Rgh6xUygjhj9U8,check,17
25391.016,1AXQ5iSdrbeUYFhpQ8xNE4ThZMS2hom5Rgh6xUygjhj9U8,check,15
25451.014,1AXQ5iSdrbeUYFhpQ8xNE4ThZMS2hom5Rgh6xUygjhj9U8,check,17
25511.012,1AXQ5iSdrbeUYFhpQ8xNE4ThZMS2hom5Rgh6xUygjhj9U8,check,15
25571.016,1AXQ5iSdrbeUYFhpQ8xNE4ThZMS2hom5Rgh6xUygjhj9U8,check,10
25631.012,1AXQ5iSdrbeUYFhpQ8xNE4ThZMS2hom5Rgh6xUygjhj9U8,check,17
25691.014,1AXQ5iSdrbeUYFhpQ8xNE4ThZMS2hom5Rgh6xUygjhj9U8,check,15
25751.018,1AXQ5iSdrbeUYFhpQ8xNE4ThZMS2hom5Rgh6xUygjhj9U8,check,13
25811.018,1AXQ5iSdrbeUYFhpQ8xNE4ThZMS2hom5Rgh6xUygjhj9U8,check,11
25871.014,1AXQ5iSdrbeUYFhpQ8xNE4ThZMS2hom5Rgh6xUygjhj9U8,check,15
25931.016,1AXQ5iSdrbeUYFhpQ8xNE4ThZMS2hom5Rgh6xUygjhj9U8,check,10
25991.016,1AXQ5iSdrbeUYFhpQ8xNE4ThZMS2hom5Rgh6xUygjhj9U8,check,11
26051.014,1AXQ5iSdrbeUYFhpQ8xNE4ThZMS2hom5Rgh6xUygjhj9U8,check,9
26111.01,1AXQ5iSdrbeUYFhpQ8xNE4ThZMS2hom5Rgh6xUygjhj9U8,check,13
26171.008,1AXQ5iSdrbeUYFhpQ8xNE4ThZMS2hom5Rgh6xUygjhj9U8,check,11
26231.006,1AXQ5iSdrbeUYFhpQ8xNE4ThZMS2hom5Rgh6xUygjhj9U8,check,17
26291.006,1AXQ5iSdrbeUYFhpQ8xNE4ThZMS2hom5Rgh6xUygjhj9U8,check,17
26351.008,1AXQ5iSdrbeUYFhpQ8xNE4ThZMS2hom5Rgh6xUygjhj9U8,check,14
26411.016,1AXQ5iSdrbeUYFhpQ8xNE4ThZMS2hom5Rgh6xUygjhj9U8,check,14
26471.016,1AXQ5iSdrbeUYFhpQ8xNE4ThZMS2hom5Rgh6xUygjhj9U8,check,15
26531.016,1AXQ5iSdrbeUYFhpQ8xNE4ThZMS2hom5Rgh6xUygjhj9U8,check,12
26591.016,1AXQ5iSdrbeUYFhpQ8xNE4ThZMS2hom5Rgh6xUygjhj9U8,check,8
26651.016,1AXQ5iSdrbeUYFhpQ8xNE4ThZMS2hom5Rgh6xUygjhj9U8,check,8
26711.014,1AXQ5iSdrbeUYFhpQ8xNE4ThZMS2hom5Rgh6xUygjhj9U8,check,8
26771.018,1AXQ5iSdrbeUYFhpQ8xNE4ThZMS2hom5Rgh6xUygjhj9U8,check,8
26831.016,1AXQ5iSdrbeUYFhpQ8xNE4ThZMS2hom5Rgh6xUygjhj9U8,check,8
26891.016,1AXQ5iSdrbeUYFhpQ8xNE4ThZMS2hom5Rgh6xUygjhj9U8,check,13
26951.012,1AXQ5iSdrbeUYFhpQ8xNE4ThZMS2hom5Rgh6xUygjhj9U8,check,17
27011.012,1AXQ5iSdrbeUYFhpQ8xNE4ThZMS2hom5Rgh6xUygjhj9U8,check,18
27071.014,1AXQ5iSdrbeUYFhpQ8xNE4ThZMS2hom5Rgh6xUygjhj9U8,check,18
27131.012,1AXQ5iSdrbeUYFhpQ8xNE4ThZMS2hom5Rgh6xUygjhj9U8,check,16
27191.012,1AXQ5iSdrbeUYFhpQ8xNE4ThZMS2hom5Rgh6xUygjhj9U8,check,15
27251.012,1AXQ5iSdrbeUYFhpQ8xNE4ThZMS2hom5Rgh6xUygjhj9U8,check,17
27311.016,1AXQ5iSdrbeUYFhpQ8xNE4ThZMS2hom5Rgh6xUygjhj9U8,check,15
27371.016,1AXQ5iSdrbeUYFhpQ8xNE4ThZMS2hom5Rgh6xUygjhj9U8,check,13
27431.012,1AXQ5iSdrbeUYFhpQ8xNE4ThZMS2hom5Rgh6xUygjhj9U8,check,17
27491.012,1AXQ5iSdrbeUYFhpQ8xNE4ThZMS2hom5Rgh6xUygjhj9U8,check,15
27551.016,1AXQ5iSdrbeUYFhpQ8xNE4ThZMS2hom5Rgh6xUygjhj9U8,check,15
27611.012,1AXQ5iSdrbeUYFhpQ8xNE4ThZMS2hom5Rgh6xUygjhj9U8,check,15
27671.012,1AXQ5iSdrbeUYFhpQ8xNE4ThZMS2hom5Rgh6xUygjhj9U8,check,18
27731.01,1AXQ5iSdrbeUYFhpQ8xNE4ThZMS2hom5Rgh6xUygjhj9U8,check,17
27791.014,1AXQ5iSdrbeUYFhpQ8xNE4ThZMS2hom5Rgh6xUygjhj9U8,check,17
27851.016,1AXQ5iSdrbeUYFhpQ8xNE4ThZMS2hom5Rgh6xUygjhj9U8,check,18
27911.01,1AXQ5iSdrbeUYFhpQ8xNE4ThZMS2hom5Rgh6xUygjhj9U8,check,17
27971.012,1AXQ5iSdrbeUYFhpQ8xNE4ThZMS2hom5Rgh6xUygjhj9U8,check,17
28031.012,1AXQ5iSdrbeUYFhpQ8xNE4ThZMS2hom5Rgh6xUygjhj9U8,check,18
28091.012,1AXQ5iSdrbeUYFhpQ8xNE4ThZMS2hom5Rgh6xUygjhj9U8,check,16
28151.012,1AXQ5iSdrbeUYFhpQ8xNE4ThZMS2hom5Rgh6xUygjhj9U8,check,16
28211.012,1AXQ5iSdrbeUYFhpQ8xNE4ThZMS2hom5Rgh6xUygjhj9U8,check,17
28271.016,1AXQ5iSdrbeUYFhpQ8xNE4ThZMS2hom5Rgh6xUygjhj9U8,check,16
28331.016,1AXQ5iSdrbeUYFhpQ8xNE4ThZMS2hom5Rgh6xUygjhj9U8,check,14
28391.012,1AXQ5iSdrbeUYFhpQ8xNE4ThZMS2hom5Rgh6xUygjhj9U8,check,14
28451.014,1AXQ5iSdrbeUYFhpQ8xNE4ThZMS2hom5Rgh6xUygjhj9U8,check,17
28511.008,1AXQ5iSdrbeUYFhpQ8xNE4ThZMS2hom5Rgh6xUygjhj9U8,check,18
28571.012,1AXQ5iSdrbeUYFhpQ8xNE4ThZMS2hom5Rgh6xUygjhj9U8,check,18
28631.014,1AXQ5iSdrbeUYFhpQ8xNE4ThZMS2hom5Rgh6xUygjhj9U8,check,17
28691.012,1AXQ5iSdrbeUYFhpQ8xNE4ThZMS2hom5Rgh6xUygjhj9U8,check,16
28751.012,1AXQ5iSdrbeUYFhpQ8xNE4ThZMS2hom5Rgh6xUygjhj9U8,check,18
28811.012,1AXQ5iSdrbeUYFhpQ8xNE4ThZMS2hom5Rgh6xUygjhj9U8,check,18
28871.008,1AXQ5iSdrbeUYFhpQ8xNE4ThZMS2hom5Rgh6xUygjhj9U8,check,17
28931.018,1AXQ5iSdrbeUYFhpQ8xNE4ThZMS2hom5Rgh6xUygjhj9U8,check,13
28991.014,1AXQ5iSdrbeUYFhpQ8xNE4ThZMS2hom5Rgh6xUygjhj9U8,check,16
29051.018,1AXQ5iSdrbeUYFhpQ8xNE4ThZMS2hom5Rgh6xUygjhj9U8,check,14
29111.014,1AXQ5iSdrbeUYFhpQ8xNE4ThZMS2hom5Rgh6xUygjhj9U8,check,14
29171.016,1AXQ5iSdrbeUYFhpQ8xNE4ThZMS2hom5Rgh6xUygjhj9U8,check,13
29231.012,1AXQ5iSdrbeUYFhpQ8xNE4ThZMS2hom5Rgh6xUygjhj9U8,check,18
29291.014,1AXQ5iSdrbeUYFhpQ8xNE4ThZMS2hom5Rgh6xUygjhj9U8,check,18
29351.012,1AXQ5iSdrbeUYFhpQ8xNE4ThZMS2hom5Rgh6xUygjhj9U8,check,18
29411.012,1AXQ5iSdrbeUYFhpQ8xNE4ThZMS2hom5Rgh6xUygjhj9U8,check,18
29471.014,1AXQ5iSdrbeUYFhpQ8xNE4ThZMS2hom5Rgh6xUygjhj9U8,check,17
29531.014,1AXQ5iSdrbeUYFhpQ8xNE4ThZMS2hom5Rgh6xUygjhj9U8,check,18
29591.012,1AXQ5iSdrbeUYFhpQ8xNE4ThZMS2hom5Rgh6xUygjhj9U8,check,18
29651.016,1AXQ5iSdrbeUYFhpQ8xNE4ThZMS2hom5Rgh6xUygjhj9U8,check,12
29711.016,1AXQ5iSdrbeUYFhpQ8xNE4ThZMS2hom5Rgh6xUygjhj9U8,check,11
29771.018,1AXQ5iSdrbeUYFhpQ8xNE4ThZMS2hom5Rgh6xUygjhj9U8,check,10
29831.016,1AXQ5iSdrbeUYFhpQ8xNE4ThZMS2hom5Rgh6xUygjhj9U8,check,9
29891.016,1AXQ5iSdrbeUYFhpQ8xNE4ThZMS2hom5Rgh6xUygjhj9U8,check,12
29951.016,1AXQ5iSdrbeUYFhpQ8xNE4ThZMS2hom5Rgh6xUygjhj9U8,check,14
30011.012,1AXQ5iSdrbeUYFhpQ8xNE4ThZMS2hom5Rgh6xUygjhj9U8,check,18
30071.016,1AXQ5iSdrbeUYFhpQ8xNE4ThZMS2hom5Rgh6xUygjhj9U8,check,18
30131.012,1AXQ5iSdrbeUYFhpQ8xNE4ThZMS2hom5Rgh6xUygjhj9U8,check,17
30191.012,1AXQ5iSdrbeUYFhpQ8xNE4ThZMS2hom5Rgh6xUygjhj9U8,check,17
30251.014,1AXQ5iSdrbeUYFhpQ8xNE4ThZMS2hom5Rgh6xUygjhj9U8,check,17
30311.014,1AXQ5iSdrbeUYFhpQ8xNE4ThZMS2hom5Rgh6xUygjhj9U8,check,17
30371.012,1AXQ5iSdrbeUYFhpQ8xNE4ThZMS2hom5Rgh6xUygjhj9U8,check,18
30431.014,1AXQ5iSdrbeUYFhpQ8xNE4ThZMS2hom5Rgh6xUygjhj9U8,check,17
30491.012,1AXQ5iSdrbeUYFhpQ8xNE4ThZMS2hom5Rgh6xUygjhj9U8,check,16
30551.014,1AXQ5iSdrbeUYFhpQ8xNE4ThZMS2hom5Rgh6xUygjhj9U8,check,15
30611.014,1AXQ5iSdrbeUYFhpQ8xNE4ThZMS2hom5Rgh6xUygjhj9U8,check,16
30671.014,1AXQ5iSdrbeUYFhpQ8xNE4ThZMS2hom5Rgh6xUygjhj9U8,check,18
30731.012,1AXQ5iSdrbeUYFhpQ8xNE4ThZMS2hom5Rgh6xUygjhj9U8,check,17
30791.014,1AXQ5iSdrbeUYFhpQ8xNE4ThZMS2hom5Rgh6xUygjhj9U8,check,18
30851.012,1AXQ5iSdrbeUYFhpQ8xNE4ThZMS2hom5Rgh6xUygjhj9U8,check,18
30911.016,1AXQ5iSdrbeUYFhpQ8xNE4ThZMS2hom5Rgh6xUygjhj9U8,check,16
30971.012,1AXQ5iSdrbeUYFhpQ8xNE4ThZMS2hom5Rgh6xUygjhj9U8,check,18
31031.012,1AXQ5iSdrbeUYFhpQ8xNE4ThZMS2hom5Rgh6xUygjhj9U8,check,18
31091.012,1AXQ5iSdrbeUYFhpQ8xNE4ThZMS2hom5Rgh6xUygjhj9U8,check,18
31151.014,1AXQ5iSdrbeUYFhpQ8xNE4ThZMS2hom5Rgh6xUygjhj9U8,check,18
31211.014,1AXQ5iSdrbeUYFhpQ8xNE4ThZMS2hom5Rgh6xUygjhj9U8,check,18
31271.016,1AXQ5iSdrbeUYFhpQ8xNE4ThZMS2hom5Rgh6xUygjhj9U8,check,17
31331.012,1AXQ5iSdrbeUYFhpQ8xNE4ThZMS2hom5Rgh6xUygjhj9U8,check,17
31391.012,1AXQ5iSdrbeUYFhpQ8xNE4ThZMS2hom5Rgh6xUygjhj9U8,check,16
31451.01,1AXQ5iSdrbeUYFhpQ8xNE4ThZMS2hom5Rgh6xUygjhj9U8,check,18
31511.012,1AXQ5iSdrbeUYFhpQ8xNE4ThZMS2hom5Rgh6xUygjhj9U8,check,17
31571.014,1AXQ5iSdrbeUYFhpQ8xNE4ThZMS2hom5Rgh6xUygjhj9U8,check,18
31631.012,1AXQ5iSdrbeUYFhpQ8xNE4ThZMS2hom5Rgh6xUygjhj9U8,check,18
31691.012,1AXQ5iSdrbeUYFhpQ8xNE4ThZMS2hom5Rgh6xUygjhj9U8,check,18
31751.012,1AXQ5iSdrbeUYFhpQ8xNE4ThZMS2hom5Rgh6xUygjhj9U8,check,18
31811.008,1AXQ5iSdrbeUYFhpQ8xNE4ThZMS2hom5Rgh6xUygjhj9U8,check,18
31871.014,1AXQ5iSdrbeUYFhpQ8xNE4ThZMS2hom5Rgh6xUygjhj9U8,check,17
31931.012,1AXQ5iSdrbeUYFhpQ8xNE4ThZMS2hom5Rgh6xUygjhj9U8,check,17
31991.012,1AXQ5iSdrbeUYFhpQ8xNE4ThZMS2hom5Rgh6xUygjhj9U8,check,18
32051.014,1AXQ5iSdrbeUYFhpQ8xNE4ThZMS2hom5Rgh6xUygjhj9U8,check,17
32111.018,1AXQ5iSdrbeUYFhpQ8xNE4ThZMS2hom5Rgh6xUygjhj9U8,check,17
32171.012,1AXQ5iSdrbeUYFhpQ8xNE4ThZMS2hom5Rgh6xUygjhj9U8,check,18
32231.012,1AXQ5iSdrbeUYFhpQ8xNE4ThZMS2hom5Rgh6xUygjhj9U8,check,18
32291.012,1AXQ5iSdrbeUYFhpQ8xNE4ThZMS2hom5Rgh6xUygjhj9U8,check,18
32351.012,1AXQ5iSdrbeUYFhpQ8xNE4ThZMS2hom5Rgh6xUygjhj9U8,check,17
32411.01,1AXQ5iSdrbeUYFhpQ8xNE4ThZMS2hom5Rgh6xUygjhj9U8,check,18
32471.014,1AXQ5iSdrbeUYFhpQ8xNE4ThZMS2hom5Rgh6xUygjhj9U8,check,17
32531.012,1AXQ5iSdrbeUYFhpQ8xNE4ThZMS2hom5Rgh6xUygjhj9U8,check,16
32591.012,1AXQ5iSdrbeUYFhpQ8xNE4ThZMS2hom5Rgh6xUygjhj9U8,check,18
32651.012,1AXQ5iSdrbeUYFhpQ8xNE4ThZMS2hom5Rgh6xUygjhj9U8,check,18
32711.01,1AXQ5iSdrbeUYFhpQ8xNE4ThZMS2hom5Rgh6xUygjhj9U8,check,18
32771.01,1AXQ5iSdrbeUYFhpQ8xNE4ThZMS2hom5Rgh6xUygjhj9U8,check,18
32831.01,1AXQ5iSdrbeUYFhpQ8xNE4ThZMS2hom5Rgh6xUygjhj9U8,check,16
32891.01,1AXQ5iSdrbeUYFhpQ8xNE4ThZMS2hom5Rgh6xUygjhj9U8,check,18
32951.016,1AXQ5iSdrbeUYFhpQ8xNE4ThZMS2hom5Rgh6xUygjhj9U8,check,18
33011.016,1AXQ5iSdrbeUYFhpQ8xNE4ThZMS2hom5Rgh6xUygjhj9U8,check,17
33071.01,1AXQ5iSdrbeUYFhpQ8xNE4ThZMS2hom5Rgh6xUygjhj9U8,check,18
33131.01,1AXQ5iSdrbeUYFhpQ8xNE4ThZMS2hom5Rgh6xUygjhj9U8,check,18
33191.01,1AXQ5iSdrbeUYFhpQ8xNE4ThZMS2hom5Rgh6xUygjhj9U8,check,18
33251.01,1AXQ5iSdrbeUYFhpQ8xNE4ThZMS2hom5Rgh6xUygjhj9U8,check,17
33311.01,1AXQ5iSdrbeUYFhpQ8xNE4ThZMS2hom5Rgh6xUygjhj9U8,check,17
33371.01,1AXQ5iSdrbeUYFhpQ8xNE4ThZMS2hom5Rgh6xUygjhj9U8,check,18
33431.01,1AXQ5iSdrbeUYFhpQ8xNE4ThZMS2hom5Rgh6xUygjhj9U8,check,17
33491.01,1AXQ5iSdrbeUYFhpQ8xNE4ThZMS2hom5Rgh6xUygjhj9U8,check,16
33551.01,1AXQ5iSdrbeUYFhpQ8xNE4ThZMS2hom5Rgh6xUygjhj9U8,check,16
33611.016,1AXQ5iSdrbeUYFhpQ8xNE4ThZMS2hom5Rgh6xUygjhj9U8,check,17
33671.01,1AXQ5iSdrbeUYFhpQ8xNE4ThZMS2hom5Rgh6xUygjhj9U8,check,16
33731.01,1AXQ5iSdrbeUYFhpQ8xNE4ThZMS2hom5Rgh6xUygjhj9U8,check,16
33791.016,1AXQ5iSdrbeUYFhpQ8xNE4ThZMS2hom5Rgh6xUygjhj9U8,check,12
33851.01,1AXQ5iSdrbeUYFhpQ8xNE4ThZMS2hom5Rgh6xUygjhj9U8,check,18
33911.01,1AXQ5iSdrbeUYFhpQ8xNE4ThZMS2hom5Rgh6xUygjhj9U8,check,18
33971.01,1AXQ5iSdrbeUYFhpQ8xNE4ThZMS2hom5Rgh6xUygjhj9U8,check,18
34031.01,1AXQ5iSdrbeUYFhpQ8xNE4ThZMS2hom5Rgh6xUygjhj9U8,check,18
34091.01,1AXQ5iSdrbeUYFhpQ8xNE4ThZMS2hom5Rgh6xUygjhj9U8,check,18
34151.01,1AXQ5iSdrbeUYFhpQ8xNE4ThZMS2hom5Rgh6xUygjhj9U8,check,17
34211.01,1AXQ5iSdrbeUYFhpQ8xNE4ThZMS2hom5Rgh6xUygjhj9U8,check,18
34271.016,1AXQ5iSdrbeUYFhpQ8xNE4ThZMS2hom5Rgh6xUygjhj9U8,check,17
34331.01,1AXQ5iSdrbeUYFhpQ8xNE4ThZMS2hom5Rgh6xUygjhj9U8,check,16
34391.008,1AXQ5iSdrbeUYFhpQ8xNE4ThZMS2hom5Rgh6xUygjhj9U8,check,17
34451.01,1AXQ5iSdrbeUYFhpQ8xNE4ThZMS2hom5Rgh6xUygjhj9U8,check,16
34511.01,1AXQ5iSdrbeUYFhpQ8xNE4ThZMS2hom5Rgh6xUygjhj9U8,check,16
34571.008,1AXQ5iSdrbeUYFhpQ8xNE4ThZMS2hom5Rgh6xUygjhj9U8,check,17
34631.004,1AXQ5iSdrbeUYFhpQ8xNE4ThZMS2hom5Rgh6xUygjhj9U8,check,18
34691.004,1AXQ5iSdrbeUYFhpQ8xNE4ThZMS2hom5Rgh6xUygjhj9U8,check,18
34751.004,1AXQ5iSdrbeUYFhpQ8xNE4ThZMS2hom5Rgh6xUygjhj9U8,check,18
34811.01,1AXQ5iSdrbeUYFhpQ8xNE4ThZMS2hom5Rgh6xUygjhj9U8,check,18
34871.01,1AXQ5iSdrbeUYFhpQ8xNE4ThZMS2hom5Rgh6xUygjhj9U8,check,18
34931.01,1AXQ5iSdrbeUYFhpQ8xNE4ThZMS2hom5Rgh6xUygjhj9U8,check,18
34991.01,1AXQ5iSdrbeUYFhpQ8xNE4ThZMS2hom5Rgh6xUygjhj9U8,check,18
35051.016,1AXQ5iSdrbeUYFhpQ8xNE4ThZMS2hom5Rgh6xUygjhj9U8,check,16
35111.01,1AXQ5iSdrbeUYFhpQ8xNE4ThZMS2hom5Rgh6xUygjhj9U8,check,17
35171.01,1AXQ5iSdrbeUYFhpQ8xNE4ThZMS2hom5Rgh6xUygjhj9U8,check,16
35231.01,1AXQ5iSdrbeUYFhpQ8xNE4ThZMS2hom5Rgh6xUygjhj9U8,check,17
35291.01,1AXQ5iSdrbeUYFhpQ8xNE4ThZMS2hom5Rgh6xUygjhj9U8,check,16
35351.01,1AXQ5iSdrbeUYFhpQ8xNE4ThZMS2hom5Rgh6xUygjhj9U8,check,17
35411.01,1AXQ5iSdrbeUYFhpQ8xNE4ThZMS2hom5Rgh6xUygjhj9U8,check,17
35471.01,1AXQ5iSdrbeUYFhpQ8xNE4ThZMS2hom5Rgh6xUygjhj9U8,check,17
35531.01,1AXQ5iSdrbeUYFhpQ8xNE4ThZMS2hom5Rgh6xUygjhj9U8,check,17
35591.01,1AXQ5iSdrbeUYFhpQ8xNE4ThZMS2hom5Rgh6xUygjhj9U8,check,16
35651.01,1AXQ5iSdrbeUYFhpQ8xNE4ThZMS2hom5Rgh6xUygjhj9U8,check,17
35711.01,1AXQ5iSdrbeUYFhpQ8xNE4ThZMS2hom5Rgh6xUygjhj9U8,check,17
35771.01,1AXQ5iSdrbeUYFhpQ8xNE4ThZMS2hom5Rgh6xUygjhj9U8,check,17
35831.01,1AXQ5iSdrbeUYFhpQ8xNE4ThZMS2hom5Rgh6xUygjhj9U8,check,17
35891.016,1AXQ5iSdrbeUYFhpQ8xNE4ThZMS2hom5Rgh6xUygjhj9U8,check,17
35951.016,1AXQ5iSdrbeUYFhpQ8xNE4ThZMS2hom5Rgh6xUygjhj9U8,check,16
36011.01,1AXQ5iSdrbeUYFhpQ8xNE4ThZMS2hom5Rgh6xUygjhj9U8,check,15
36071.01,1AXQ5iSdrbeUYFhpQ8xNE4ThZMS2hom5Rgh6xUygjhj9U8,check,16
36131.01,1AXQ5iSdrbeUYFhpQ8xNE4ThZMS2hom5Rgh6xUygjhj9U8,check,17
36191.01,1AXQ5iSdrbeUYFhpQ8xNE4ThZMS2hom5Rgh6xUygjhj9U8,check,17
36251.01,1AXQ5iSdrbeUYFhpQ8xNE4ThZMS2hom5Rgh6xUygjhj9U8,check,16
36311.01,1AXQ5iSdrbeUYFhpQ8xNE4ThZMS2hom5Rgh6xUygjhj9U8,check,17
36371.01,1AXQ5iSdrbeUYFhpQ8xNE4ThZMS2hom5Rgh6xUygjhj9U8,check,17
36431.008,1AXQ5iSdrbeUYFhpQ8xNE4ThZMS2hom5Rgh6xUygjhj9U8,check,17
36491.01,1AXQ5iSdrbeUYFhpQ8xNE4ThZMS2hom5Rgh6xUygjhj9U8,check,17
36551.016,1AXQ5iSdrbeUYFhpQ8xNE4ThZMS2hom5Rgh6xUygjhj9U8,check,17
36611.01,1AXQ5iSdrbeUYFhpQ8xNE4ThZMS2hom5Rgh6xUygjhj9U8,check,17
36671.01,1AXQ5iSdrbeUYFhpQ8xNE4ThZMS2hom5Rgh6xUygjhj9U8,check,17
36731.01,1AXQ5iSdrbeUYFhpQ8xNE4ThZMS2hom5Rgh6xUygjhj9U8,check,17
36791.01,1AXQ5iSdrbeUYFhpQ8xNE4ThZMS2hom5Rgh6xUygjhj9U8,check,17
36851.01,1AXQ5iSdrbeUYFhpQ8xNE4ThZMS2hom5Rgh6xUygjhj9U8,check,16
36911.016,1AXQ5iSdrbeUYFhpQ8xNE4ThZMS2hom5Rgh6xUygjhj9U8,check,15
36971.01,1AXQ5iSdrbeUYFhpQ8xNE4ThZMS2hom5Rgh6xUygjhj9U8,check,17
37031.01,1AXQ5iSdrbeUYFhpQ8xNE4ThZMS2hom5Rgh6xUygjhj9U8,check,17
37091.016,1AXQ5iSdrbeUYFhpQ8xNE4ThZMS2hom5Rgh6xUygjhj9U8,check,16
37151.01,1AXQ5iSdrbeUYFhpQ8xNE4ThZMS2hom5Rgh6xUygjhj9U8,check,17
37211.01,1AXQ5iSdrbeUYFhpQ8xNE4ThZMS2hom5Rgh6xUygjhj9U8,check,16
37271.01,1AXQ5iSdrbeUYFhpQ8xNE4ThZMS2hom5Rgh6xUygjhj9U8,check,17
37331.01,1AXQ5iSdrbeUYFhpQ8xNE4ThZMS2hom5Rgh6xUygjhj9U8,check,17
37391.016,1AXQ5iSdrbeUYFhpQ8xNE4ThZMS2hom5Rgh6xUygjhj9U8,check,15
37451.016,1AXQ5iSdrbeUYFhpQ8xNE4ThZMS2hom5Rgh6xUygjhj9U8,check,16
37511.016,1AXQ5iSdrbeUYFhpQ8xNE4ThZMS2hom5Rgh6xUygjhj9U8,check,16
37571.016,1AXQ5iSdrbeUYFhpQ8xNE4ThZMS2hom5Rgh6xUygjhj9U8,check,15
37631.01,1AXQ5iSdrbeUYFhpQ8xNE4ThZMS2hom5Rgh6xUygjhj9U8,check,17
37691.01,1AXQ5iSdrbeUYFhpQ8xNE4ThZMS2hom5Rgh6xUygjhj9U8,check,17
37751.01,1AXQ5iSdrbeUYFhpQ8xNE4ThZMS2hom5Rgh6xUygjhj9U8,check,17
37811.01,1AXQ5iSdrbeUYFhpQ8xNE4ThZMS2hom5Rgh6xUygjhj9U8,check,17
37871.01,1AXQ5iSdrbeUYFhpQ8xNE4ThZMS2hom5Rgh6xUygjhj9U8,check,16
37931.01,1AXQ5iSdrbeUYFhpQ8xNE4ThZMS2hom5Rgh6xUygjhj9U8,check,17
37991.01,1AXQ5iSdrbeUYFhpQ8xNE4ThZMS2hom5Rgh6xUygjhj9U8,check,17
38051.01,1AXQ5iSdrbeUYFhpQ8xNE4ThZMS2hom5Rgh6xUygjhj9U8,check,17
38111.01,1AXQ5iSdrbeUYFhpQ8xNE4ThZMS2hom5Rgh6xUygjhj9U8,check,15
38171.016,1AXQ5iSdrbeUYFhpQ8xNE4ThZMS2hom5Rgh6xUygjhj9U8,check,16
38231.008,1AXQ5iSdrbeUYFhpQ8xNE4ThZMS2hom5Rgh6xUygjhj9U8,check,16
38291.01,1AXQ5iSdrbeUYFhpQ8xNE4ThZMS2hom5Rgh6xUygjhj9U8,check,17
38351.01,1AXQ5iSdrbeUYFhpQ8xNE4ThZMS2hom5Rgh6xUygjhj9U8,check,16
38411.01,1AXQ5iSdrbeUYFhpQ8xNE4ThZMS2hom5Rgh6xUygjhj9U8,check,15
38471.01,1AXQ5iSdrbeUYFhpQ8xNE4ThZMS2hom5Rgh6xUygjhj9U8,check,17
38531.016,1AXQ5iSdrbeUYFhpQ8xNE4ThZMS2hom5Rgh6xUygjhj9U8,check,16
38591.01,1AXQ5iSdrbeUYFhpQ8xNE4ThZMS2hom5Rgh6xUygjhj9U8,check,16
38651.01,1AXQ5iSdrbeUYFhpQ8xNE4ThZMS2hom5Rgh6xUygjhj9U8,check,17
38711.01,1AXQ5iSdrbeUYFhpQ8xNE4ThZMS2hom5Rgh6xUygjhj9U8,check,17
38771.01,1AXQ5iSdrbeUYFhpQ8xNE4ThZMS2hom5Rgh6xUygjhj9U8,check,17
38831.008,1AXQ5iSdrbeUYFhpQ8xNE4ThZMS2hom5Rgh6xUygjhj9U8,check,17
38891.01,1AXQ5iSdrbeUYFhpQ8xNE4ThZMS2hom5Rgh6xUygjhj9U8,check,17
38951.01,1AXQ5iSdrbeUYFhpQ8xNE4ThZMS2hom5Rgh6xUygjhj9U8,check,17
39011.01,1AXQ5iSdrbeUYFhpQ8xNE4ThZMS2hom5Rgh6xUygjhj9U8,check,17
39071.01,1AXQ5iSdrbeUYFhpQ8xNE4ThZMS2hom5Rgh6xUygjhj9U8,check,17
39131.01,1AXQ5iSdrbeUYFhpQ8xNE4ThZMS2hom5Rgh6xUygjhj9U8,check,17
39191.01,1AXQ5iSdrbeUYFhpQ8xNE4ThZMS2hom5Rgh6xUygjhj9U8,check,17
39251.016,1AXQ5iSdrbeUYFhpQ8xNE4ThZMS2hom5Rgh6xUygjhj9U8,check,17
39311.01,1AXQ5iSdrbeUYFhpQ8xNE4ThZMS2hom5Rgh6xUygjhj9U8,check,17
39371.01,1AXQ5iSdrbeUYFhpQ8xNE4ThZMS2hom5Rgh6xUygjhj9U8,check,17
39431.01,1AXQ5iSdrbeUYFhpQ8xNE4ThZMS2hom5Rgh6xUygjhj9U8,check,16
39491.01,1AXQ5iSdrbeUYFhpQ8xNE4ThZMS2hom5Rgh6xUygjhj9U8,check,17
39551.016,1AXQ5iSdrbeUYFhpQ8xNE4ThZMS2hom5Rgh6xUygjhj9U8,check,16
39611.01,1AXQ5iSdrbeUYFhpQ8xNE4ThZMS2hom5Rgh6xUygjhj9U8,check,15
39671.01,1AXQ5iSdrbeUYFhpQ8xNE4ThZMS2hom5Rgh6xUygjhj9U8,check,17
39731.016,1AXQ5iSdrbeUYFhpQ8xNE4ThZMS2hom5Rgh6xUygjhj9U8,check,16
39791.01,1AXQ5iSdrbeUYFhpQ8xNE4ThZMS2hom5Rgh6xUygjhj9U8,check,16
39851.01,1AXQ5iSdrbeUYFhpQ8xNE4ThZMS2hom5Rgh6xUygjhj9U8,check,17
39911.01,1AXQ5iSdrbeUYFhpQ8xNE4ThZMS2hom5Rgh6xUygjhj9U8,check,16
39971.01,1AXQ5iSdrbeUYFhpQ8xNE4ThZMS2hom5Rgh6xUygjhj9U8,check,17
40031.02,1AXQ5iSdrbeUYFhpQ8xNE4ThZMS2hom5Rgh6xUygjhj9U8,check,14
40091.01,1AXQ5iSdrbeUYFhpQ8xNE4ThZMS2hom5Rgh6xUygjhj9U8,check,17
40151.01,1AXQ5iSdrbeUYFhpQ8xNE4ThZMS2hom5Rgh6xUygjhj9U8,check,17
40211.016,1AXQ5iSdrbeUYFhpQ8xNE4ThZMS2hom5Rgh6xUygjhj9U8,check,17
40271.01,1AXQ5iSdrbeUYFhpQ8xNE4ThZMS2hom5Rgh6xUygjhj9U8,check,17
40331.01,1AXQ5iSdrbeUYFhpQ8xNE4ThZMS2hom5Rgh6xUygjhj9U8,check,17
40391.01,1AXQ5iSdrbeUYFhpQ8xNE4ThZMS2hom5Rgh6xUygjhj9U8,check,17
40451.01,1AXQ5iSdrbeUYFhpQ8xNE4ThZMS2hom5Rgh6xUygjhj9U8,check,17
40511.01,1AXQ5iSdrbeUYFhpQ8xNE4ThZMS2hom5Rgh6xUygjhj9U8,check,17
40571.01,1AXQ5iSdrbeUYFhpQ8xNE4ThZMS2hom5Rgh6xUygjhj9U8,check,17
40631.01,1AXQ5iSdrbeUYFhpQ8xNE4ThZMS2hom5Rgh6xUygjhj9U8,check,17
40691.01,1AXQ5iSdrbeUYFhpQ8xNE4ThZMS2hom5Rgh6xUygjhj9U8,check,17
40751.01,1AXQ5iSdrbeUYFhpQ8xNE4ThZMS2hom5Rgh6xUygjhj9U8,check,17
40811.01,1AXQ5iSdrbeUYFhpQ8xNE4ThZMS2hom5Rgh6xUygjhj9U8,check,17
40871.01,1AXQ5iSdrbeUYFhpQ8xNE4ThZMS2hom5Rgh6xUygjhj9U8,check,17
40931.01,1AXQ5iSdrbeUYFhpQ8xNE4ThZMS2hom5Rgh6xUygjhj9U8,check,17
40991.01,1AXQ5iSdrbeUYFhpQ8xNE4ThZMS2hom5Rgh6xUygjhj9U8,check,17
41051.01,1AXQ5iSdrbeUYFhpQ8xNE4ThZMS2hom5Rgh6xUygjhj9U8,check,17
41111.016,1AXQ5iSdrbeUYFhpQ8xNE4ThZMS2hom5Rgh6xUygjhj9U8,check,17
41171.01,1AXQ5iSdrbeUYFhpQ8xNE4ThZMS2hom5Rgh6xUygjhj9U8,check,17
41231.01,1AXQ5iSdrbeUYFhpQ8xNE4ThZMS2hom5Rgh6xUygjhj9U8,check,16
41291.01,1AXQ5iSdrbeUYFhpQ8xNE4ThZMS2hom5Rgh6xUygjhj9U8,check,17
41351.01,1AXQ5iSdrbeUYFhpQ8xNE4ThZMS2hom5Rgh6xUygjhj9U8,check,17
41411.01,1AXQ5iSdrbeUYFhpQ8xNE4ThZMS2hom5Rgh6xUygjhj9U8,check,17
41471.01,1AXQ5iSdrbeUYFhpQ8xNE4ThZMS2hom5Rgh6xUygjhj9U8,check,17
41531.01,1AXQ5iSdrbeUYFhpQ8xNE4ThZMS2hom5Rgh6xUygjhj9U8,check,17
41591.01,1AXQ5iSdrbeUYFhpQ8xNE4ThZMS2hom5Rgh6xUygjhj9U8,check,17
41651.01,1AXQ5iSdrbeUYFhpQ8xNE4ThZMS2hom5Rgh6xUygjhj9U8,check,17
41711.008,1AXQ5iSdrbeUYFhpQ8xNE4ThZMS2hom5Rgh6xUygjhj9U8,check,17
41771.016,1AXQ5iSdrbeUYFhpQ8xNE4ThZMS2hom5Rgh6xUygjhj9U8,check,17
41831.01,1AXQ5iSdrbeUYFhpQ8xNE4ThZMS2hom5Rgh6xUygjhj9U8,check,17
41891.016,1AXQ5iSdrbeUYFhpQ8xNE4ThZMS2hom5Rgh6xUygjhj9U8,check,16
41951.01,1AXQ5iSdrbeUYFhpQ8xNE4ThZMS2hom5Rgh6xUygjhj9U8,check,17
42011.01,1AXQ5iSdrbeUYFhpQ8xNE4ThZMS2hom5Rgh6xUygjhj9U8,check,17
42071.01,1AXQ5iSdrbeUYFhpQ8xNE4ThZMS2hom5Rgh6xUygjhj9U8,check,17
42131.01,1AXQ5iSdrbeUYFhpQ8xNE4ThZMS2hom5Rgh6xUygjhj9U8,check,17
42191.01,1AXQ5iSdrbeUYFhpQ8xNE4ThZMS2hom5Rgh6xUygjhj9U8,check,17
42251.01,1AXQ5iSdrbeUYFhpQ8xNE4ThZMS2hom5Rgh6xUygjhj9U8,check,17
42311.016,1AXQ5iSdrbeUYFhpQ8xNE4ThZMS2hom5Rgh6xUygjhj9U8,check,14
42371.016,1AXQ5iSdrbeUYFhpQ8xNE4ThZMS2hom5Rgh6xUygjhj9U8,check,16
42431.01,1AXQ5iSdrbeUYFhpQ8xNE4ThZMS2hom5Rgh6xUygjhj9U8,check,16
42491.016,1AXQ5iSdrbeUYFhpQ8xNE4ThZMS2hom5Rgh6xUygjhj9U8,check,17
42551.01,1AXQ5iSdrbeUYFhpQ8xNE4ThZMS2hom5Rgh6xUygjhj9U8,check,17
42611.01,1AXQ5iSdrbeUYFhpQ8xNE4ThZMS2hom5Rgh6xUygjhj9U8,check,17
42671.01,1AXQ5iSdrbeUYFhpQ8xNE4ThZMS2hom5Rgh6xUygjhj9U8,check,17
42731.01,1AXQ5iSdrbeUYFhpQ8xNE4ThZMS2hom5Rgh6xUygjhj9U8,check,17
42791.016,1AXQ5iSdrbeUYFhpQ8xNE4ThZMS2hom5Rgh6xUygjhj9U8,check,17
42851.01,1AXQ5iSdrbeUYFhpQ8xNE4ThZMS2hom5Rgh6xUygjhj9U8,check,17
42911.016,1AXQ5iSdrbeUYFhpQ8xNE4ThZMS2hom5Rgh6xUygjhj9U8,check,17
42971.01,1AXQ5iSdrbeUYFhpQ8xNE4ThZMS2hom5Rgh6xUygjhj9U8,check,17
43031.01,1AXQ5iSdrbeUYFhpQ8xNE4ThZMS2hom5Rgh6xUygjhj9U8,check,17
43091.01,1AXQ5iSdrbeUYFhpQ8xNE4ThZMS2hom5Rgh6xUygjhj9U8,check,17
43151.008,1AXQ5iSdrbeUYFhpQ8xNE4ThZMS2hom5Rgh6xUygjhj9U8,check,17
43211.008,1AXQ5iSdrbeUYFhpQ8xNE4ThZMS2hom5Rgh6xUygjhj9U8,check,17
43271.008,1AXQ5iSdrbeUYFhpQ8xNE4ThZMS2hom5Rgh6xUygjhj9U8,check,17
43331.008,1AXQ5iSdrbeUYFhpQ8xNE4ThZMS2hom5Rgh6xUygjhj9U8,check,17
43391.01,1AXQ5iSdrbeUYFhpQ8xNE4ThZMS2hom5Rgh6xUygjhj9U8,check,16
43451.01,1AXQ5iSdrbeUYFhpQ8xNE4ThZMS2hom5Rgh6xUygjhj9U8,check,17
43511.01,1AXQ5iSdrbeUYFhpQ8xNE4ThZMS2hom5Rgh6xUygjhj9U8,check,17
43571.01,1AXQ5iSdrbeUYFhpQ8xNE4ThZMS2hom5Rgh6xUygjhj9U8,check,17
43631.01,1AXQ5iSdrbeUYFhpQ8xNE4ThZMS2hom5Rgh6xUygjhj9U8,check,17
43691.01,1AXQ5iSdrbeUYFhpQ8xNE4ThZMS2hom5Rgh6xUygjhj9U8,check,17
43751.01,1AXQ5iSdrbeUYFhpQ8xNE4ThZMS2hom5Rgh6xUygjhj9U8,check,17
43811.01,1AXQ5iSdrbeUYFhpQ8xNE4ThZMS2hom5Rgh6xUygjhj9U8,check,17
43871.01,1AXQ5iSdrbeUYFhpQ8xNE4ThZMS2hom5Rgh6xUygjhj9U8,check,17
43931.01,1AXQ5iSdrbeUYFhpQ8xNE4ThZMS2hom5Rgh6xUygjhj9U8,check,17
43991.01,1AXQ5iSdrbeUYFhpQ8xNE4ThZMS2hom5Rgh6xUygjhj9U8,check,17
44051.01,1AXQ5iSdrbeUYFhpQ8xNE4ThZMS2hom5Rgh6xUygjhj9U8,check,17
44111.01,1AXQ5iSdrbeUYFhpQ8xNE4ThZMS2hom5Rgh6xUygjhj9U8,check,17
44171.01,1AXQ5iSdrbeUYFhpQ8xNE4ThZMS2hom5Rgh6xUygjhj9U8,check,17
44231.01,1AXQ5iSdrbeUYFhpQ8xNE4ThZMS2hom5Rgh6xUygjhj9U8,check,16
44291.01,1AXQ5iSdrbeUYFhpQ8xNE4ThZMS2hom5Rgh6xUygjhj9U8,check,17
44351.01,1AXQ5iSdrbeUYFhpQ8xNE4ThZMS2hom5Rgh6xUygjhj9U8,check,17
44411.01,1AXQ5iSdrbeUYFhpQ8xNE4ThZMS2hom5Rgh6xUygjhj9U8,check,17
44471.01,1AXQ5iSdrbeUYFhpQ8xNE4ThZMS2hom5Rgh6xUygjhj9U8,check,17
44531.01,1AXQ5iSdrbeUYFhpQ8xNE4ThZMS2hom5Rgh6xUygjhj9U8,check,17
44591.01,1AXQ5iSdrbeUYFhpQ8xNE4ThZMS2hom5Rgh6xUygjhj9U8,check,17
44651.01,1AXQ5iSdrbeUYFhpQ8xNE4ThZMS2hom5Rgh6xUygjhj9U8,check,17
44711.01,1AXQ5iSdrbeUYFhpQ8xNE4ThZMS2hom5Rgh6xUygjhj9U8,check,17
44771.01,1AXQ5iSdrbeUYFhpQ8xNE4ThZMS2hom5Rgh6xUygjhj9U8,check,18
44831.01,1AXQ5iSdrbeUYFhpQ8xNE4ThZMS2hom5Rgh6xUygjhj9U8,check,17
44891.01,1AXQ5iSdrbeUYFhpQ8xNE4ThZMS2hom5Rgh6xUygjhj9U8,check,17
44951.01,1AXQ5iSdrbeUYFhpQ8xNE4ThZMS2hom5Rgh6xUygjhj9U8,check,17
45011.01,1AXQ5iSdrbeUYFhpQ8xNE4ThZMS2hom5Rgh6xUygjhj9U8,check,18
45071.01,1AXQ5iSdrbeUYFhpQ8xNE4ThZMS2hom5Rgh6xUygjhj9U8,check,18
45131.01,1AXQ5iSdrbeUYFhpQ8xNE4ThZMS2hom5Rgh6xUygjhj9U8,check,18
45191.01,1AXQ5iSdrbeUYFhpQ8xNE4ThZMS2hom5Rgh6xUygjhj9U8,check,18
45251.01,1AXQ5iSdrbeUYFhpQ8xNE4ThZMS2hom5Rgh6xUygjhj9U8,check,18
45311.01,1AXQ5iSdrbeUYFhpQ8xNE4ThZMS2hom5Rgh6xUygjhj9U8,check,18
45371.01,1AXQ5iSdrbeUYFhpQ8xNE4ThZMS2hom5Rgh6xUygjhj9U8,check,18
45431.01,1AXQ5iSdrbeUYFhpQ8xNE4ThZMS2hom5Rgh6xUygjhj9U8,check,17
45491.01,1AXQ5iSdrbeUYFhpQ8xNE4ThZMS2hom5Rgh6xUygjhj9U8,check,18
45551.01,1AXQ5iSdrbeUYFhpQ8xNE4ThZMS2hom5Rgh6xUygjhj9U8,check,18
45611.01,1AXQ5iSdrbeUYFhpQ8xNE4ThZMS2hom5Rgh6xUygjhj9U8,check,18
45671.01,1AXQ5iSdrbeUYFhpQ8xNE4ThZMS2hom5Rgh6xUygjhj9U8,check,18
45731.01,1AXQ5iSdrbeUYFhpQ8xNE4ThZMS2hom5Rgh6xUygjhj9U8,check,17
45791.01,1AXQ5iSdrbeUYFhpQ8xNE4ThZMS2hom5Rgh6xUygjhj9U8,check,17
45851.01,1AXQ5iSdrbeUYFhpQ8xNE4ThZMS2hom5Rgh6xUygjhj9U8,check,17
45911.01,1AXQ5iSdrbeUYFhpQ8xNE4ThZMS2hom5Rgh6xUygjhj9U8,check,17
45971.01,1AXQ5iSdrbeUYFhpQ8xNE4ThZMS2hom5Rgh6xUygjhj9U8,check,17
46031.01,1AXQ5iSdrbeUYFhpQ8xNE4ThZMS2hom5Rgh6xUygjhj9U8,check,16
46091.01,1AXQ5iSdrbeUYFhpQ8xNE4ThZMS2hom5Rgh6xUygjhj9U8,check,17
46151.01,1AXQ5iSdrbeUYFhpQ8xNE4ThZMS2hom5Rgh6xUygjhj9U8,check,17
46211.01,1AXQ5iSdrbeUYFhpQ8xNE4ThZMS2hom5Rgh6xUygjhj9U8,check,17
46271.01,1AXQ5iSdrbeUYFhpQ8xNE4ThZMS2hom5Rgh6xUygjhj9U8,check,17
46331.01,1AXQ5iSdrbeUYFhpQ8xNE4ThZMS2hom5Rgh6xUygjhj9U8,check,17
46391.01,1AXQ5iSdrbeUYFhpQ8xNE4ThZMS2hom5Rgh6xUygjhj9U8,check,18
46451.01,1AXQ5iSdrbeUYFhpQ8xNE4ThZMS2hom5Rgh6xUygjhj9U8,check,18
46511.01,1AXQ5iSdrbeUYFhpQ8xNE4ThZMS2hom5Rgh6xUygjhj9U8,check,18
46571.01,1AXQ5iSdrbeUYFhpQ8xNE4ThZMS2hom5Rgh6xUygjhj9U8,check,18
46631.01,1AXQ5iSdrbeUYFhpQ8xNE4ThZMS2hom5Rgh6xUygjhj9U8,check,18
46691.01,1AXQ5iSdrbeUYFhpQ8xNE4ThZMS2hom5Rgh6xUygjhj9U8,check,18
46751.01,1AXQ5iSdrbeUYFhpQ8xNE4ThZMS2hom5Rgh6xUygjhj9U8,check,18
46811.01,1AXQ5iSdrbeUYFhpQ8xNE4ThZMS2hom5Rgh6xUygjhj9U8,check,18
46871.016,1AXQ5iSdrbeUYFhpQ8xNE4ThZMS2hom5Rgh6xUygjhj9U8,check,18
46931.01,1AXQ5iSdrbeUYFhpQ8xNE4ThZMS2hom5Rgh6xUygjhj9U8,check,18
46991.01,1AXQ5iSdrbeUYFhpQ8xNE4ThZMS2hom5Rgh6xUygjhj9U8,check,18
47051.01,1AXQ5iSdrbeUYFhpQ8xNE4ThZMS2hom5Rgh6xUygjhj9U8,check,18
47111.01,1AXQ5iSdrbeUYFhpQ8xNE4ThZMS2hom5Rgh6xUygjhj9U8,check,18
47171.01,1AXQ5iSdrbeUYFhpQ8xNE4ThZMS2hom5Rgh6xUygjhj9U8,check,18
47231.01,1AXQ5iSdrbeUYFhpQ8xNE4ThZMS2hom5Rgh6xUygjhj9U8,check,18
47291.016,1AXQ5iSdrbeUYFhpQ8xNE4ThZMS2hom5Rgh6xUygjhj9U8,check,18
47351.01,1AXQ5iSdrbeUYFhpQ8xNE4ThZMS2hom5Rgh6xUygjhj9U8,check,18
47411.01,1AXQ5iSdrbeUYFhpQ8xNE4ThZMS2hom5Rgh6xUygjhj9U8,check,18
47471.01,1AXQ5iSdrbeUYFhpQ8xNE4ThZMS2hom5Rgh6xUygjhj9U8,check,18
47531.01,1AXQ5iSdrbeUYFhpQ8xNE4ThZMS2hom5Rgh6xUygjhj9U8,check,18
47591.01,1AXQ5iSdrbeUYFhpQ8xNE4ThZMS2hom5Rgh6xUygjhj9U8,check,18
47651.01,1AXQ5iSdrbeUYFhpQ8xNE4ThZMS2hom5Rgh6xUygjhj9U8,check,18
47711.01,1AXQ5iSdrbeUYFhpQ8xNE4ThZMS2hom5Rgh6xUygjhj9U8,check,18
47771.01,1AXQ5iSdrbeUYFhpQ8xNE4ThZMS2hom5Rgh6xUygjhj9U8,check,17
47831.01,1AXQ5iSdrbeUYFhpQ8xNE4ThZMS2hom5Rgh6xUygjhj9U8,check,18
47891.016,1AXQ5iSdrbeUYFhpQ8xNE4ThZMS2hom5Rgh6xUygjhj9U8,check,18
47951.01,1AXQ5iSdrbeUYFhpQ8xNE4ThZMS2hom5Rgh6xUygjhj9U8,check,18
48011.01,1AXQ5iSdrbeUYFhpQ8xNE4ThZMS2hom5Rgh6xUygjhj9U8,check,18
48071.01,1AXQ5iSdrbeUYFhpQ8xNE4ThZMS2hom5Rgh6xUygjhj9U8,check,18
48131.01,1AXQ5iSdrbeUYFhpQ8xNE4ThZMS2hom5Rgh6xUygjhj9U8,check,18
48191.01,1AXQ5iSdrbeUYFhpQ8xNE4ThZMS2hom5Rgh6xUygjhj9U8,check,18
48251.01,1AXQ5iSdrbeUYFhpQ8xNE4ThZMS2hom5Rgh6xUygjhj9U8,check,18
48311.01,1AXQ5iSdrbeUYFhpQ8xNE4ThZMS2hom5Rgh6xUygjhj9U8,check,18
48371.016,1AXQ5iSdrbeUYFhpQ8xNE4ThZMS2hom5Rgh6xUygjhj9U8,check,17
48431.01,1AXQ5iSdrbeUYFhpQ8xNE4ThZMS2hom5Rgh6xUygjhj9U8,check,17
48491.01,1AXQ5iSdrbeUYFhpQ8xNE4ThZMS2hom5Rgh6xUygjhj9U8,check,18
48551.01,1AXQ5iSdrbeUYFhpQ8xNE4ThZMS2hom5Rgh6xUygjhj9U8,check,17
48611.016,1AXQ5iSdrbeUYFhpQ8xNE4ThZMS2hom5Rgh6xUygjhj9U8,check,18
48671.01,1AXQ5iSdrbeUYFhpQ8xNE4ThZMS2hom5Rgh6xUygjhj9U8,check,18
48731.01,1AXQ5iSdrbeUYFhpQ8xNE4ThZMS2hom5Rgh6xUygjhj9U8,check,18
48791.01,1AXQ5iSdrbeUYFhpQ8xNE4ThZMS2hom5Rgh6xUygjhj9U8,check,18
48851.01,1AXQ5iSdrbeUYFhpQ8xNE4ThZMS2hom5Rgh6xUygjhj9U8,check,18
48911.01,1AXQ5iSdrbeUYFhpQ8xNE4ThZMS2hom5Rgh6xUygjhj9U8,check,18
48971.01,1AXQ5iSdrbeUYFhpQ8xNE4ThZMS2hom5Rgh6xUygjhj9U8,check,18
49031.01,1AXQ5iSdrbeUYFhpQ8xNE4ThZMS2hom5Rgh6xUygjhj9U8,check,18
49091.01,1AXQ5iSdrbeUYFhpQ8xNE4ThZMS2hom5Rgh6xUygjhj9U8,check,18
49151.01,1AXQ5iSdrbeUYFhpQ8xNE4ThZMS2hom5Rgh6xUygjhj9U8,check,18
49211.01,1AXQ5iSdrbeUYFhpQ8xNE4ThZMS2hom5Rgh6xUygjhj9U8,check,17
49271.01,1AXQ5iSdrbeUYFhpQ8xNE4ThZMS2hom5Rgh6xUygjhj9U8,check,18
49331.01,1AXQ5iSdrbeUYFhpQ8xNE4ThZMS2hom5Rgh6xUygjhj9U8,check,17
49391.01,1AXQ5iSdrbeUYFhpQ8xNE4ThZMS2hom5Rgh6xUygjhj9U8,check,18
49451.01,1AXQ5iSdrbeUYFhpQ8xNE4ThZMS2hom5Rgh6xUygjhj9U8,check,18
49511.01,1AXQ5iSdrbeUYFhpQ8xNE4ThZMS2hom5Rgh6xUygjhj9U8,check,18
49571.01,1AXQ5iSdrbeUYFhpQ8xNE4ThZMS2hom5Rgh6xUygjhj9U8,check,18
49631.01,1AXQ5iSdrbeUYFhpQ8xNE4ThZMS2hom5Rgh6xUygjhj9U8,check,18
49691.01,1AXQ5iSdrbeUYFhpQ8xNE4ThZMS2hom5Rgh6xUygjhj9U8,check,18
49751.008,1AXQ5iSdrbeUYFhpQ8xNE4ThZMS2hom5Rgh6xUygjhj9U8,check,18
49811.01,1AXQ5iSdrbeUYFhpQ8xNE4ThZMS2hom5Rgh6xUygjhj9U8,check,18
49871.01,1AXQ5iSdrbeUYFhpQ8xNE4ThZMS2hom5Rgh6xUygjhj9U8,check,18
49931.01,1AXQ5iSdrbeUYFhpQ8xNE4ThZMS2hom5Rgh6xUygjhj9U8,check,18
49991.01,1AXQ5iSdrbeUYFhpQ8xNE4ThZMS2hom5Rgh6xUygjhj9U8,check,18
50051.01,1AXQ5iSdrbeUYFhpQ8xNE4ThZMS2hom5Rgh6xUygjhj9U8,check,18
50111.008,1AXQ5iSdrbeUYFhpQ8xNE4ThZMS2hom5Rgh6xUygjhj9U8,check,18
50171.01,1AXQ5iSdrbeUYFhpQ8xNE4ThZMS2hom5Rgh6xUygjhj9U8,check,18
50231.01,1AXQ5iSdrbeUYFhpQ8xNE4ThZMS2hom5Rgh6xUygjhj9U8,check,18
50291.01,1AXQ5iSdrbeUYFhpQ8xNE4ThZMS2hom5Rgh6xUygjhj9U8,check,18
50351.01,1AXQ5iSdrbeUYFhpQ8xNE4ThZMS2hom5Rgh6xUygjhj9U8,check,18
50411.01,1AXQ5iSdrbeUYFhpQ8xNE4ThZMS2hom5Rgh6xUygjhj9U8,check,18
50471.01,1AXQ5iSdrbeUYFhpQ8xNE4ThZMS2hom5Rgh6xUygjhj9U8,check,18
50531.01,1AXQ5iSdrbeUYFhpQ8xNE4ThZMS2hom5Rgh6xUygjhj9U8,check,18
50591.01,1AXQ5iSdrbeUYFhpQ8xNE4ThZMS2hom5Rgh6xUygjhj9U8,check,18
50651.01,1AXQ5iSdrbeUYFhpQ8xNE4ThZMS2hom5Rgh6xUygjhj9U8,check,18
50711.01,1AXQ5iSdrbeUYFhpQ8xNE4ThZMS2hom5Rgh6xUygjhj9U8,check,18
50771.01,1AXQ5iSdrbeUYFhpQ8xNE4ThZMS2hom5Rgh6xUygjhj9U8,check,18
50831.01,1AXQ5iSdrbeUYFhpQ8xNE4ThZMS2hom5Rgh6xUygjhj9U8,check,18
50891.01,1AXQ5iSdrbeUYFhpQ8xNE4ThZMS2hom5Rgh6xUygjhj9U8,check,18
50951.01,1AXQ5iSdrbeUYFhpQ8xNE4ThZMS2hom5Rgh6xUygjhj9U8,check,18
51011.01,1AXQ5iSdrbeUYFhpQ8xNE4ThZMS2hom5Rgh6xUygjhj9U8,check,18
51071.01,1AXQ5iSdrbeUYFhpQ8xNE4ThZMS2hom5Rgh6xUygjhj9U8,check,18
51131.01,1AXQ5iSdrbeUYFhpQ8xNE4ThZMS2hom5Rgh6xUygjhj9U8,check,18
51191.01,1AXQ5iSdrbeUYFhpQ8xNE4ThZMS2hom5Rgh6xUygjhj9U8,check,18
51251.01,1AXQ5iSdrbeUYFhpQ8xNE4ThZMS2hom5Rgh6xUygjhj9U8,check,18
51311.016,1AXQ5iSdrbeUYFhpQ8xNE4ThZMS2hom5Rgh6xUygjhj9U8,check,18
51371.01,1AXQ5iSdrbeUYFhpQ8xNE4ThZMS2hom5Rgh6xUygjhj9U8,check,18
51431.01,1AXQ5iSdrbeUYFhpQ8xNE4ThZMS2hom5Rgh6xUygjhj9U8,check,18
51491.01,1AXQ5iSdrbeUYFhpQ8xNE4ThZMS2hom5Rgh6xUygjhj9U8,check,18
51551.01,1AXQ5iSdrbeUYFhpQ8xNE4ThZMS2hom5Rgh6xUygjhj9U8,check,18
51611.01,1AXQ5iSdrbeUYFhpQ8xNE4ThZMS2hom5Rgh6xUygjhj9U8,check,18
51671.01,1AXQ5iSdrbeUYFhpQ8xNE4ThZMS2hom5Rgh6xUygjhj9U8,check,18
51731.01,1AXQ5iSdrbeUYFhpQ8xNE4ThZMS2hom5Rgh6xUygjhj9U8,check,18
51791.008,1AXQ5iSdrbeUYFhpQ8xNE4ThZMS2hom5Rgh6xUygjhj9U8,check,18
51851.01,1AXQ5iSdrbeUYFhpQ8xNE4ThZMS2hom5Rgh6xUygjhj9U8,check,18
51911.004,1AXQ5iSdrbeUYFhpQ8xNE4ThZMS2hom5Rgh6xUygjhj9U8,check,18
51971.004,1AXQ5iSdrbeUYFhpQ8xNE4ThZMS2hom5Rgh6xUygjhj9U8,check,18
52031.01,1AXQ5iSdrbeUYFhpQ8xNE4ThZMS2hom5Rgh6xUygjhj9U8,check,18
52091.01,1AXQ5iSdrbeUYFhpQ8xNE4ThZMS2hom5Rgh6xUygjhj9U8,check,18
52151.01,1AXQ5iSdrbeUYFhpQ8xNE4ThZMS2hom5Rgh6xUygjhj9U8,check,18
52211.01,1AXQ5iSdrbeUYFhpQ8xNE4ThZMS2hom5Rgh6xUygjhj9U8,check,18
52271.01,1AXQ5iSdrbeUYFhpQ8xNE4ThZMS2hom5Rgh6xUygjhj9U8,check,18
52331.01,1AXQ5iSdrbeUYFhpQ8xNE4ThZMS2hom5Rgh6xUygjhj9U8,check,18
52391.016,1AXQ5iSdrbeUYFhpQ8xNE4ThZMS2hom5Rgh6xUygjhj9U8,check,17
52451.01,1AXQ5iSdrbeUYFhpQ8xNE4ThZMS2hom5Rgh6xUygjhj9U8,check,18
52511.01,1AXQ5iSdrbeUYFhpQ8xNE4ThZMS2hom5Rgh6xUygjhj9U8,check,18
52571.01,1AXQ5iSdrbeUYFhpQ8xNE4ThZMS2hom5Rgh6xUygjhj9U8,check,18
52631.01,1AXQ5iSdrbeUYFhpQ8xNE4ThZMS2hom5Rgh6xUygjhj9U8,check,18
52691.008,1AXQ5iSdrbeUYFhpQ8xNE4ThZMS2hom5Rgh6xUygjhj9U8,check,18
52751.01,1AXQ5iSdrbeUYFhpQ8xNE4ThZMS2hom5Rgh6xUygjhj9U8,check,18
52811.01,1AXQ5iSdrbeUYFhpQ8xNE4ThZMS2hom5Rgh6xUygjhj9U8,check,18
52871.01,1AXQ5iSdrbeUYFhpQ8xNE4ThZMS2hom5Rgh6xUygjhj9U8,check,18
52931.01,1AXQ5iSdrbeUYFhpQ8xNE4ThZMS2hom5Rgh6xUygjhj9U8,check,18
52991.01,1AXQ5iSdrbeUYFhpQ8xNE4ThZMS2hom5Rgh6xUygjhj9U8,check,18
53051.01,1AXQ5iSdrbeUYFhpQ8xNE4ThZMS2hom5Rgh6xUygjhj9U8,check,17
53111.01,1AXQ5iSdrbeUYFhpQ8xNE4ThZMS2hom5Rgh6xUygjhj9U8,check,18
53171.01,1AXQ5iSdrbeUYFhpQ8xNE4ThZMS2hom5Rgh6xUygjhj9U8,check,18
53231.01,1AXQ5iSdrbeUYFhpQ8xNE4ThZMS2hom5Rgh6xUygjhj9U8,check,18
53291.01,1AXQ5iSdrbeUYFhpQ8xNE4ThZMS2hom5Rgh6xUygjhj9U8,check,18
53351.01,1AXQ5iSdrbeUYFhpQ8xNE4ThZMS2hom5Rgh6xUygjhj9U8,check,17
53411.01,1AXQ5iSdrbeUYFhpQ8xNE4ThZMS2hom5Rgh6xUygjhj9U8,check,17
53471.01,1AXQ5iSdrbeUYFhpQ8xNE4ThZMS2hom5Rgh6xUygjhj9U8,check,17
53531.01,1AXQ5iSdrbeUYFhpQ8xNE4ThZMS2hom5Rgh6xUygjhj9U8,check,17
53591.01,1AXQ5iSdrbeUYFhpQ8xNE4ThZMS2hom5Rgh6xUygjhj9U8,check,17
53651.008,1AXQ5iSdrbeUYFhpQ8xNE4ThZMS2hom5Rgh6xUygjhj9U8,check,17
53711.01,1AXQ5iSdrbeUYFhpQ8xNE4ThZMS2hom5Rgh6xUygjhj9U8,check,17
53771.008,1AXQ5iSdrbeUYFhpQ8xNE4ThZMS2hom5Rgh6xUygjhj9U8,check,17
53831.01,1AXQ5iSdrbeUYFhpQ8xNE4ThZMS2hom5Rgh6xUygjhj9U8,check,17
53891.01,1AXQ5iSdrbeUYFhpQ8xNE4ThZMS2hom5Rgh6xUygjhj9U8,check,17
53951.01,1AXQ5iSdrbeUYFhpQ8xNE4ThZMS2hom5Rgh6xUygjhj9U8,check,17
54011.01,1AXQ5iSdrbeUYFhpQ8xNE4ThZMS2hom5Rgh6xUygjhj9U8,check,17
54071.01,1AXQ5iSdrbeUYFhpQ8xNE4ThZMS2hom5Rgh6xUygjhj9U8,check,17
54131.008,1AXQ5iSdrbeUYFhpQ8xNE4ThZMS2hom5Rgh6xUygjhj9U8,check,17
54191.01,1AXQ5iSdrbeUYFhpQ8xNE4ThZMS2hom5Rgh6xUygjhj9U8,check,17
54251.01,1AXQ5iSdrbeUYFhpQ8xNE4ThZMS2hom5Rgh6xUygjhj9U8,check,17
54311.016,1AXQ5iSdrbeUYFhpQ8xNE4ThZMS2hom5Rgh6xUygjhj9U8,check,17
54371.01,1AXQ5iSdrbeUYFhpQ8xNE4ThZMS2hom5Rgh6xUygjhj9U8,check,17
54431.01,1AXQ5iSdrbeUYFhpQ8xNE4ThZMS2hom5Rgh6xUygjhj9U8,check,17
54491.008,1AXQ5iSdrbeUYFhpQ8xNE4ThZMS2hom5Rgh6xUygjhj9U8,check,17
54551.01,1AXQ5iSdrbeUYFhpQ8xNE4ThZMS2hom5Rgh6xUygjhj9U8,check,17
54611.01,1AXQ5iSdrbeUYFhpQ8xNE4ThZMS2hom5Rgh6xUygjhj9U8,check,17
54671.01,1AXQ5iSdrbeUYFhpQ8xNE4ThZMS2hom5Rgh6xUygjhj9U8,check,17
54731.01,1AXQ5iSdrbeUYFhpQ8xNE4ThZMS2hom5Rgh6xUygjhj9U8,check,17
54791.01,1AXQ5iSdrbeUYFhpQ8xNE4ThZMS2hom5Rgh6xUygjhj9U8,check,17
54851.008,1AXQ5iSdrbeUYFhpQ8xNE4ThZMS2hom5Rgh6xUygjhj9U8,check,17
54911.01,1AXQ5iSdrbeUYFhpQ8xNE4ThZMS2hom5Rgh6xUygjhj9U8,check,17
54971.01,1AXQ5iSdrbeUYFhpQ8xNE4ThZMS2hom5Rgh6xUygjhj9U8,check,17
55031.01,1AXQ5iSdrbeUYFhpQ8xNE4ThZMS2hom5Rgh6xUygjhj9U8,check,17
55091.01,1AXQ5iSdrbeUYFhpQ8xNE4ThZMS2hom5Rgh6xUygjhj9U8,check,17
55151.01,1AXQ5iSdrbeUYFhpQ8xNE4ThZMS2hom5Rgh6xUygjhj9U8,check,17
55211.01,1AXQ5iSdrbeUYFhpQ8xNE4ThZMS2hom5Rgh6xUygjhj9U8,check,17
55271.01,1AXQ5iSdrbeUYFhpQ8xNE4ThZMS2hom5Rgh6xUygjhj9U8,check,17
55331.01,1AXQ5iSdrbeUYFhpQ8xNE4ThZMS2hom5Rgh6xUygjhj9U8,check,17
55391.01,1AXQ5iSdrbeUYFhpQ8xNE4ThZMS2hom5Rgh6xUygjhj9U8,check,17
55451.01,1AXQ5iSdrbeUYFhpQ8xNE4ThZMS2hom5Rgh6xUygjhj9U8,check,17
55511.01,1AXQ5iSdrbeUYFhpQ8xNE4ThZMS2hom5Rgh6xUygjhj9U8,check,17
55571.008,1AXQ5iSdrbeUYFhpQ8xNE4ThZMS2hom5Rgh6xUygjhj9U8,check,17
55631.01,1AXQ5iSdrbeUYFhpQ8xNE4ThZMS2hom5Rgh6xUygjhj9U8,check,17
55691.016,1AXQ5iSdrbeUYFhpQ8xNE4ThZMS2hom5Rgh6xUygjhj9U8,check,17
55751.01,1AXQ5iSdrbeUYFhpQ8xNE4ThZMS2hom5Rgh6xUygjhj9U8,check,17
55811.01,1AXQ5iSdrbeUYFhpQ8xNE4ThZMS2hom5Rgh6xUygjhj9U8,check,17
55871.01,1AXQ5iSdrbeUYFhpQ8xNE4ThZMS2hom5Rgh6xUygjhj9U8,check,17
55931.01,1AXQ5iSdrbeUYFhpQ8xNE4ThZMS2hom5Rgh6xUygjhj9U8,check,17
55991.01,1AXQ5iSdrbeUYFhpQ8xNE4ThZMS2hom5Rgh6xUygjhj9U8,check,17
56051.01,1AXQ5iSdrbeUYFhpQ8xNE4ThZMS2hom5Rgh6xUygjhj9U8,check,17
56111.01,1AXQ5iSdrbeUYFhpQ8xNE4ThZMS2hom5Rgh6xUygjhj9U8,check,17
56171.01,1AXQ5iSdrbeUYFhpQ8xNE4ThZMS2hom5Rgh6xUygjhj9U8,check,17
56231.01,1AXQ5iSdrbeUYFhpQ8xNE4ThZMS2hom5Rgh6xUygjhj9U8,check,17
56291.01,1AXQ5iSdrbeUYFhpQ8xNE4ThZMS2hom5Rgh6xUygjhj9U8,check,16
56351.01,1AXQ5iSdrbeUYFhpQ8xNE4ThZMS2hom5Rgh6xUygjhj9U8,check,17
56411.01,1AXQ5iSdrbeUYFhpQ8xNE4ThZMS2hom5Rgh6xUygjhj9U8,check,17
56471.01,1AXQ5iSdrbeUYFhpQ8xNE4ThZMS2hom5Rgh6xUygjhj9U8,check,17
56531.01,1AXQ5iSdrbeUYFhpQ8xNE4ThZMS2hom5Rgh6xUygjhj9U8,check,17
56591.01,1AXQ5iSdrbeUYFhpQ8xNE4ThZMS2hom5Rgh6xUygjhj9U8,check,17
56651.01,1AXQ5iSdrbeUYFhpQ8xNE4ThZMS2hom5Rgh6xUygjhj9U8,check,17
56711.01,1AXQ5iSdrbeUYFhpQ8xNE4ThZMS2hom5Rgh6xUygjhj9U8,check,17
56771.01,1AXQ5iSdrbeUYFhpQ8xNE4ThZMS2hom5Rgh6xUygjhj9U8,check,17
56831.01,1AXQ5iSdrbeUYFhpQ8xNE4ThZMS2hom5Rgh6xUygjhj9U8,check,17
56891.01,1AXQ5iSdrbeUYFhpQ8xNE4ThZMS2hom5Rgh6xUygjhj9U8,check,17
56951.01,1AXQ5iSdrbeUYFhpQ8xNE4ThZMS2hom5Rgh6xUygjhj9U8,check,17
57011.01,1AXQ5iSdrbeUYFhpQ8xNE4ThZMS2hom5Rgh6xUygjhj9U8,check,17
57071.016,1AXQ5iSdrbeUYFhpQ8xNE4ThZMS2hom5Rgh6xUygjhj9U8,check,16
57131.01,1AXQ5iSdrbeUYFhpQ8xNE4ThZMS2hom5Rgh6xUygjhj9U8,check,17
57191.01,1AXQ5iSdrbeUYFhpQ8xNE4ThZMS2hom5Rgh6xUygjhj9U8,check,17
57251.01,1AXQ5iSdrbeUYFhpQ8xNE4ThZMS2hom5Rgh6xUygjhj9U8,check,17
57311.016,1AXQ5iSdrbeUYFhpQ8xNE4ThZMS2hom5Rgh6xUygjhj9U8,check,17
57371.016,1AXQ5iSdrbeUYFhpQ8xNE4ThZMS2hom5Rgh6xUygjhj9U8,check,17
57431.01,1AXQ5iSdrbeUYFhpQ8xNE4ThZMS2hom5Rgh6xUygjhj9U8,check,17
57491.01,1AXQ5iSdrbeUYFhpQ8xNE4ThZMS2hom5Rgh6xUygjhj9U8,check,17
57551.01,1AXQ5iSdrbeUYFhpQ8xNE4ThZMS2hom5Rgh6xUygjhj9U8,check,17
57611.01,1AXQ5iSdrbeUYFhpQ8xNE4ThZMS2hom5Rgh6xUygjhj9U8,check,17
57671.01,1AXQ5iSdrbeUYFhpQ8xNE4ThZMS2hom5Rgh6xUygjhj9U8,check,17
57731.01,1AXQ5iSdrbeUYFhpQ8xNE4ThZMS2hom5Rgh6xUygjhj9U8,check,17
57791.016,1AXQ5iSdrbeUYFhpQ8xNE4ThZMS2hom5Rgh6xUygjhj9U8,check,16
57851.01,1AXQ5iSdrbeUYFhpQ8xNE4ThZMS2hom5Rgh6xUygjhj9U8,check,17
57911.01,1AXQ5iSdrbeUYFhpQ8xNE4ThZMS2hom5Rgh6xUygjhj9U8,check,17
57971.01,1AXQ5iSdrbeUYFhpQ8xNE4ThZMS2hom5Rgh6xUygjhj9U8,check,17
58031.01,1AXQ5iSdrbeUYFhpQ8xNE4ThZMS2hom5Rgh6xUygjhj9U8,check,16
58091.01,1AXQ5iSdrbeUYFhpQ8xNE4ThZMS2hom5Rgh6xUygjhj9U8,check,17
58151.01,1AXQ5iSdrbeUYFhpQ8xNE4ThZMS2hom5Rgh6xUygjhj9U8,check,17
58211.01,1AXQ5iSdrbeUYFhpQ8xNE4ThZMS2hom5Rgh6xUygjhj9U8,check,17
58271.01,1AXQ5iSdrbeUYFhpQ8xNE4ThZMS2hom5Rgh6xUygjhj9U8,check,17
58331.01,1AXQ5iSdrbeUYFhpQ8xNE4ThZMS2hom5Rgh6xUygjhj9U8,check,17
58391.01,1AXQ5iSdrbeUYFhpQ8xNE4ThZMS2hom5Rgh6xUygjhj9U8,check,17
58451.01,1AXQ5iSdrbeUYFhpQ8xNE4ThZMS2hom5Rgh6xUygjhj9U8,check,17
58511.008,1AXQ5iSdrbeUYFhpQ8xNE4ThZMS2hom5Rgh6xUygjhj9U8,check,16
58571.01,1AXQ5iSdrbeUYFhpQ8xNE4ThZMS2hom5Rgh6xUygjhj9U8,check,16
58631.01,1AXQ5iSdrbeUYFhpQ8xNE4ThZMS2hom5Rgh6xUygjhj9U8,check,17
58691.01,1AXQ5iSdrbeUYFhpQ8xNE4ThZMS2hom5Rgh6xUygjhj9U8,check,17
58751.01,1AXQ5iSdrbeUYFhpQ8xNE4ThZMS2hom5Rgh6xUygjhj9U8,check,17
58811.01,1AXQ5iSdrbeUYFhpQ8xNE4ThZMS2hom5Rgh6xUygjhj9U8,check,17
58871.01,1AXQ5iSdrbeUYFhpQ8xNE4ThZMS2hom5Rgh6xUygjhj9U8,check,17
58931.01,1AXQ5iSdrbeUYFhpQ8xNE4ThZMS2hom5Rgh6xUygjhj9U8,check,17
58991.01,1AXQ5iSdrbeUYFhpQ8xNE4ThZMS2hom5Rgh6xUygjhj9U8,check,17
59051.01,1AXQ5iSdrbeUYFhpQ8xNE4ThZMS2hom5Rgh6xUygjhj9U8,check,16
59111.01,1AXQ5iSdrbeUYFhpQ8xNE4ThZMS2hom5Rgh6xUygjhj9U8,check,17
59171.01,1AXQ5iSdrbeUYFhpQ8xNE4ThZMS2hom5Rgh6xUygjhj9U8,check,17
59231.008,1AXQ5iSdrbeUYFhpQ8xNE4ThZMS2hom5Rgh6xUygjhj9U8,check,17
59291.01,1AXQ5iSdrbeUYFhpQ8xNE4ThZMS2hom5Rgh6xUygjhj9U8,check,17
59351.01,1AXQ5iSdrbeUYFhpQ8xNE4ThZMS2hom5Rgh6xUygjhj9U8,check,17
59411.01,1AXQ5iSdrbeUYFhpQ8xNE4ThZMS2hom5Rgh6xUygjhj9U8,check,17
59471.01,1AXQ5iSdrbeUYFhpQ8xNE4ThZMS2hom5Rgh6xUygjhj9U8,check,17
59531.01,1AXQ5iSdrbeUYFhpQ8xNE4ThZMS2hom5Rgh6xUygjhj9U8,check,17
59591.01,1AXQ5iSdrbeUYFhpQ8xNE4ThZMS2hom5Rgh6xUygjhj9U8,check,17
59651.01,1AXQ5iSdrbeUYFhpQ8xNE4ThZMS2hom5Rgh6xUygjhj9U8,check,17
59711.01,1AXQ5iSdrbeUYFhpQ8xNE4ThZMS2hom5Rgh6xUygjhj9U8,check,17
59771.01,1AXQ5iSdrbeUYFhpQ8xNE4ThZMS2hom5Rgh6xUygjhj9U8,check,17
59831.01,1AXQ5iSdrbeUYFhpQ8xNE4ThZMS2hom5Rgh6xUygjhj9U8,check,17
59891.01,1AXQ5iSdrbeUYFhpQ8xNE4ThZMS2hom5Rgh6xUygjhj9U8,check,16
59951.01,1AXQ5iSdrbeUYFhpQ8xNE4ThZMS2hom5Rgh6xUygjhj9U8,check,17
60011.01,1AXQ5iSdrbeUYFhpQ8xNE4ThZMS2hom5Rgh6xUygjhj9U8,check,17
60071.01,1AXQ5iSdrbeUYFhpQ8xNE4ThZMS2hom5Rgh6xUygjhj9U8,check,17
60131.01,1AXQ5iSdrbeUYFhpQ8xNE4ThZMS2hom5Rgh6xUygjhj9U8,check,17
60191.01,1AXQ5iSdrbeUYFhpQ8xNE4ThZMS2hom5Rgh6xUygjhj9U8,check,17
60251.01,1AXQ5iSdrbeUYFhpQ8xNE4ThZMS2hom5Rgh6xUygjhj9U8,check,17
60311.01,1AXQ5iSdrbeUYFhpQ8xNE4ThZMS2hom5Rgh6xUygjhj9U8,check,17
60371.01,1AXQ5iSdrbeUYFhpQ8xNE4ThZMS2hom5Rgh6xUygjhj9U8,check,18
60431.01,1AXQ5iSdrbeUYFhpQ8xNE4ThZMS2hom5Rgh6xUygjhj9U8,check,18
60491.01,1AXQ5iSdrbeUYFhpQ8xNE4ThZMS2hom5Rgh6xUygjhj9U8,check,18
60551.01,1AXQ5iSdrbeUYFhpQ8xNE4ThZMS2hom5Rgh6xUygjhj9U8,check,18
60611.008,1AXQ5iSdrbeUYFhpQ8xNE4ThZMS2hom5Rgh6xUygjhj9U8,check,18
60671.008,1AXQ5iSdrbeUYFhpQ8xNE4ThZMS2hom5Rgh6xUygjhj9U8,check,18
60731.004,1AXQ5iSdrbeUYFhpQ8xNE4ThZMS2hom5Rgh6xUygjhj9U8,check,16
60791.008,1AXQ5iSdrbeUYFhpQ8xNE4ThZMS2hom5Rgh6xUygjhj9U8,check,17
60851.008,1AXQ5iSdrbeUYFhpQ8xNE4ThZMS2hom5Rgh6xUygjhj9U8,check,18
60911.01,1AXQ5iSdrbeUYFhpQ8xNE4ThZMS2hom5Rgh6xUygjhj9U8,check,18
60971.01,1AXQ5iSdrbeUYFhpQ8xNE4ThZMS2hom5Rgh6xUygjhj9U8,check,18
61031.01,1AXQ5iSdrbeUYFhpQ8xNE4ThZMS2hom5Rgh6xUygjhj9U8,check,18
61091.01,1AXQ5iSdrbeUYFhpQ8xNE4ThZMS2hom5Rgh6xUygjhj9U8,check,18
61151.01,1AXQ5iSdrbeUYFhpQ8xNE4ThZMS2hom5Rgh6xUygjhj9U8,check,17
61211.01,1AXQ5iSdrbeUYFhpQ8xNE4ThZMS2hom5Rgh6xUygjhj9U8,check,18
61271.01,1AXQ5iSdrbeUYFhpQ8xNE4ThZMS2hom5Rgh6xUygjhj9U8,check,18
61331.01,1AXQ5iSdrbeUYFhpQ8xNE4ThZMS2hom5Rgh6xUygjhj9U8,check,18
61391.01,1AXQ5iSdrbeUYFhpQ8xNE4ThZMS2hom5Rgh6xUygjhj9U8,check,18
61451.01,1AXQ5iSdrbeUYFhpQ8xNE4ThZMS2hom5Rgh6xUygjhj9U8,check,18
61511.01,1AXQ5iSdrbeUYFhpQ8xNE4ThZMS2hom5Rgh6xUygjhj9U8,check,17
61571.01,1AXQ5iSdrbeUYFhpQ8xNE4ThZMS2hom5Rgh6xUygjhj9U8,check,18
61631.01,1AXQ5iSdrbeUYFhpQ8xNE4ThZMS2hom5Rgh6xUygjhj9U8,check,18
61691.016,1AXQ5iSdrbeUYFhpQ8xNE4ThZMS2hom5Rgh6xUygjhj9U8,check,18
61751.01,1AXQ5iSdrbeUYFhpQ8xNE4ThZMS2hom5Rgh6xUygjhj9U8,check,18
61811.01,1AXQ5iSdrbeUYFhpQ8xNE4ThZMS2hom5Rgh6xUygjhj9U8,check,17
61871.016,1AXQ5iSdrbeUYFhpQ8xNE4ThZMS2hom5Rgh6xUygjhj9U8,check,17
61931.01,1AXQ5iSdrbeUYFhpQ8xNE4ThZMS2hom5Rgh6xUygjhj9U8,check,18
61991.008,1AXQ5iSdrbeUYFhpQ8xNE4ThZMS2hom5Rgh6xUygjhj9U8,check,18
62051.016,1AXQ5iSdrbeUYFhpQ8xNE4ThZMS2hom5Rgh6xUygjhj9U8,check,15
62111.01,1AXQ5iSdrbeUYFhpQ8xNE4ThZMS2hom5Rgh6xUygjhj9U8,check,18
62171.01,1AXQ5iSdrbeUYFhpQ8xNE4ThZMS2hom5Rgh6xUygjhj9U8,check,17
62231.01,1AXQ5iSdrbeUYFhpQ8xNE4ThZMS2hom5Rgh6xUygjhj9U8,check,17
62291.01,1AXQ5iSdrbeUYFhpQ8xNE4ThZMS2hom5Rgh6xUygjhj9U8,check,17
62351.01,1AXQ5iSdrbeUYFhpQ8xNE4ThZMS2hom5Rgh6xUygjhj9U8,check,17
62411.01,1AXQ5iSdrbeUYFhpQ8xNE4ThZMS2hom5Rgh6xUygjhj9U8,check,17
62471.01,1AXQ5iSdrbeUYFhpQ8xNE4ThZMS2hom5Rgh6xUygjhj9U8,check,16
62531.01,1AXQ5iSdrbeUYFhpQ8xNE4ThZMS2hom5Rgh6xUygjhj9U8,check,16
62591.01,1AXQ5iSdrbeUYFhpQ8xNE4ThZMS2hom5Rgh6xUygjhj9U8,check,17
62651.01,1AXQ5iSdrbeUYFhpQ8xNE4ThZMS2hom5Rgh6xUygjhj9U8,check,17
62711.01,1AXQ5iSdrbeUYFhpQ8xNE4ThZMS2hom5Rgh6xUygjhj9U8,check,17
62771.01,1AXQ5iSdrbeUYFhpQ8xNE4ThZMS2hom5Rgh6xUygjhj9U8,check,17
62831.01,1AXQ5iSdrbeUYFhpQ8xNE4ThZMS2hom5Rgh6xUygjhj9U8,check,17
62891.01,1AXQ5iSdrbeUYFhpQ8xNE4ThZMS2hom5Rgh6xUygjhj9U8,check,17
62951.01,1AXQ5iSdrbeUYFhpQ8xNE4ThZMS2hom5Rgh6xUygjhj9U8,check,17
63011.01,1AXQ5iSdrbeUYFhpQ8xNE4ThZMS2hom5Rgh6xUygjhj9U8,check,17
63071.01,1AXQ5iSdrbeUYFhpQ8xNE4ThZMS2hom5Rgh6xUygjhj9U8,check,16
63131.01,1AXQ5iSdrbeUYFhpQ8xNE4ThZMS2hom5Rgh6xUygjhj9U8,check,18
63191.016,1AXQ5iSdrbeUYFhpQ8xNE4ThZMS2hom5Rgh6xUygjhj9U8,check,17
63251.01,1AXQ5iSdrbeUYFhpQ8xNE4ThZMS2hom5Rgh6xUygjhj9U8,check,18
63311.01,1AXQ5iSdrbeUYFhpQ8xNE4ThZMS2hom5Rgh6xUygjhj9U8,check,17
63371.016,1AXQ5iSdrbeUYFhpQ8xNE4ThZMS2hom5Rgh6xUygjhj9U8,check,18
63431.01,1AXQ5iSdrbeUYFhpQ8xNE4ThZMS2hom5Rgh6xUygjhj9U8,check,18
63491.01,1AXQ5iSdrbeUYFhpQ8xNE4ThZMS2hom5Rgh6xUygjhj9U8,check,17
63551.01,1AXQ5iSdrbeUYFhpQ8xNE4ThZMS2hom5Rgh6xUygjhj9U8,check,17
63611.008,1AXQ5iSdrbeUYFhpQ8xNE4ThZMS2hom5Rgh6xUygjhj9U8,check,17
63671.01,1AXQ5iSdrbeUYFhpQ8xNE4ThZMS2hom5Rgh6xUygjhj9U8,check,17
63731.01,1AXQ5iSdrbeUYFhpQ8xNE4ThZMS2hom5Rgh6xUygjhj9U8,check,17
63791.016,1AXQ5iSdrbeUYFhpQ8xNE4ThZMS2hom5Rgh6xUygjhj9U8,check,17
63851.01,1AXQ5iSdrbeUYFhpQ8xNE4ThZMS2hom5Rgh6xUygjhj9U8,check,17
63911.01,1AXQ5iSdrbeUYFhpQ8xNE4ThZMS2hom5Rgh6xUygjhj9U8,check,17
63971.01,1AXQ5iSdrbeUYFhpQ8xNE4ThZMS2hom5Rgh6xUygjhj9U8,check,16
64031.01,1AXQ5iSdrbeUYFhpQ8xNE4ThZMS2hom5Rgh6xUygjhj9U8,check,17
64091.01,1AXQ5iSdrbeUYFhpQ8xNE4ThZMS2hom5Rgh6xUygjhj9U8,check,16
64151.01,1AXQ5iSdrbeUYFhpQ8xNE4ThZMS2hom5Rgh6xUygjhj9U8,check,17
64211.01,1AXQ5iSdrbeUYFhpQ8xNE4ThZMS2hom5Rgh6xUygjhj9U8,check,17
64271.01,1AXQ5iSdrbeUYFhpQ8xNE4ThZMS2hom5Rgh6xUygjhj9U8,check,17
64331.016,1AXQ5iSdrbeUYFhpQ8xNE4ThZMS2hom5Rgh6xUygjhj9U8,check,17
64391.01,1AXQ5iSdrbeUYFhpQ8xNE4ThZMS2hom5Rgh6xUygjhj9U8,check,16
64451.008,1AXQ5iSdrbeUYFhpQ8xNE4ThZMS2hom5Rgh6xUygjhj9U8,check,16
64511.01,1AXQ5iSdrbeUYFhpQ8xNE4ThZMS2hom5Rgh6xUygjhj9U8,check,17
64571.01,1AXQ5iSdrbeUYFhpQ8xNE4ThZMS2hom5Rgh6xUygjhj9U8,check,17
64631.01,1AXQ5iSdrbeUYFhpQ8xNE4ThZMS2hom5Rgh6xUygjhj9U8,check,17
64691.01,1AXQ5iSdrbeUYFhpQ8xNE4ThZMS2hom5Rgh6xUygjhj9U8,check,17
64751.01,1AXQ5iSdrbeUYFhpQ8xNE4ThZMS2hom5Rgh6xUygjhj9U8,check,17
64811.01,1AXQ5iSdrbeUYFhpQ8xNE4ThZMS2hom5Rgh6xUygjhj9U8,check,17
64871.016,1AXQ5iSdrbeUYFhpQ8xNE4ThZMS2hom5Rgh6xUygjhj9U8,check,17
64931.01,1AXQ5iSdrbeUYFhpQ8xNE4ThZMS2hom5Rgh6xUygjhj9U8,check,17
64991.01,1AXQ5iSdrbeUYFhpQ8xNE4ThZMS2hom5Rgh6xUygjhj9U8,check,17
65051.01,1AXQ5iSdrbeUYFhpQ8xNE4ThZMS2hom5Rgh6xUygjhj9U8,check,17
65111.01,1AXQ5iSdrbeUYFhpQ8xNE4ThZMS2hom5Rgh6xUygjhj9U8,check,17
65171.01,1AXQ5iSdrbeUYFhpQ8xNE4ThZMS2hom5Rgh6xUygjhj9U8,check,17
65231.016,1AXQ5iSdrbeUYFhpQ8xNE4ThZMS2hom5Rgh6xUygjhj9U8,check,16
65291.01,1AXQ5iSdrbeUYFhpQ8xNE4ThZMS2hom5Rgh6xUygjhj9U8,check,17
65351.01,1AXQ5iSdrbeUYFhpQ8xNE4ThZMS2hom5Rgh6xUygjhj9U8,check,17
65411.01,1AXQ5iSdrbeUYFhpQ8xNE4ThZMS2hom5Rgh6xUygjhj9U8,check,17
65471.01,1AXQ5iSdrbeUYFhpQ8xNE4ThZMS2hom5Rgh6xUygjhj9U8,check,17
65531.01,1AXQ5iSdrbeUYFhpQ8xNE4ThZMS2hom5Rgh6xUygjhj9U8,check,17
65591.016,1AXQ5iSdrbeUYFhpQ8xNE4ThZMS2hom5Rgh6xUygjhj9U8,check,16
65651.016,1AXQ5iSdrbeUYFhpQ8xNE4ThZMS2hom5Rgh6xUygjhj9U8,check,17
65711.016,1AXQ5iSdrbeUYFhpQ8xNE4ThZMS2hom5Rgh6xUygjhj9U8,check,17
65771.016,1AXQ5iSdrbeUYFhpQ8xNE4ThZMS2hom5Rgh6xUygjhj9U8,check,17
65831.016,1AXQ5iSdrbeUYFhpQ8xNE4ThZMS2hom5Rgh6xUygjhj9U8,check,17
65891.016,1AXQ5iSdrbeUYFhpQ8xNE4ThZMS2hom5Rgh6xUygjhj9U8,check,17
65951.01,1AXQ5iSdrbeUYFhpQ8xNE4ThZMS2hom5Rgh6xUygjhj9U8,check,17
66011.01,1AXQ5iSdrbeUYFhpQ8xNE4ThZMS2hom5Rgh6xUygjhj9U8,check,17
66071.016,1AXQ5iSdrbeUYFhpQ8xNE4ThZMS2hom5Rgh6xUygjhj9U8,check,17
66131.016,1AXQ5iSdrbeUYFhpQ8xNE4ThZMS2hom5Rgh6xUygjhj9U8,check,15
66191.016,1AXQ5iSdrbeUYFhpQ8xNE4ThZMS2hom5Rgh6xUygjhj9U8,check,16
66251.01,1AXQ5iSdrbeUYFhpQ8xNE4ThZMS2hom5Rgh6xUygjhj9U8,check,17
66311.016,1AXQ5iSdrbeUYFhpQ8xNE4ThZMS2hom5Rgh6xUygjhj9U8,check,16
66371.016,1AXQ5iSdrbeUYFhpQ8xNE4ThZMS2hom5Rgh6xUygjhj9U8,check,15
66431.01,1AXQ5iSdrbeUYFhpQ8xNE4ThZMS2hom5Rgh6xUygjhj9U8,check,17
66491.016,1AXQ5iSdrbeUYFhpQ8xNE4ThZMS2hom5Rgh6xUygjhj9U8,check,17
66551.01,1AXQ5iSdrbeUYFhpQ8xNE4ThZMS2hom5Rgh6xUygjhj9U8,check,17
66611.016,1AXQ5iSdrbeUYFhpQ8xNE4ThZMS2hom5Rgh6xUygjhj9U8,check,17
66671.016,1AXQ5iSdrbeUYFhpQ8xNE4ThZMS2hom5Rgh6xUygjhj9U8,check,17
66731.01,1AXQ5iSdrbeUYFhpQ8xNE4ThZMS2hom5Rgh6xUygjhj9U8,check,17
66791.01,1AXQ5iSdrbeUYFhpQ8xNE4ThZMS2hom5Rgh6xUygjhj9U8,check,17
66851.016,1AXQ5iSdrbeUYFhpQ8xNE4ThZMS2hom5Rgh6xUygjhj9U8,check,16
66911.01,1AXQ5iSdrbeUYFhpQ8xNE4ThZMS2hom5Rgh6xUygjhj9U8,check,16
66971.016,1AXQ5iSdrbeUYFhpQ8xNE4ThZMS2hom5Rgh6xUygjhj9U8,check,16
67031.01,1AXQ5iSdrbeUYFhpQ8xNE4ThZMS2hom5Rgh6xUygjhj9U8,check,17
67091.016,1AXQ5iSdrbeUYFhpQ8xNE4ThZMS2hom5Rgh6xUygjhj9U8,check,16
67151.016,1AXQ5iSdrbeUYFhpQ8xNE4ThZMS2hom5Rgh6xUygjhj9U8,check,15
67211.01,1AXQ5iSdrbeUYFhpQ8xNE4ThZMS2hom5Rgh6xUygjhj9U8,check,17
67271.016,1AXQ5iSdrbeUYFhpQ8xNE4ThZMS2hom5Rgh6xUygjhj9U8,check,15
67331.016,1AXQ5iSdrbeUYFhpQ8xNE4ThZMS2hom5Rgh6xUygjhj9U8,check,17
67391.016,1AXQ5iSdrbeUYFhpQ8xNE4ThZMS2hom5Rgh6xUygjhj9U8,check,17
67451.016,1AXQ5iSdrbeUYFhpQ8xNE4ThZMS2hom5Rgh6xUygjhj9U8,check,17
67511.01,1AXQ5iSdrbeUYFhpQ8xNE4ThZMS2hom5Rgh6xUygjhj9U8,check,17
67571.01,1AXQ5iSdrbeUYFhpQ8xNE4ThZMS2hom5Rgh6xUygjhj9U8,check,16
67631.016,1AXQ5iSdrbeUYFhpQ8xNE4ThZMS2hom5Rgh6xUygjhj9U8,check,17
67691.016,1AXQ5iSdrbeUYFhpQ8xNE4ThZMS2hom5Rgh6xUygjhj9U8,check,17
67751.016,1AXQ5iSdrbeUYFhpQ8xNE4ThZMS2hom5Rgh6xUygjhj9U8,check,17
67811.01,1AXQ5iSdrbeUYFhpQ8xNE4ThZMS2hom5Rgh6xUygjhj9U8,check,17
67871.016,1AXQ5iSdrbeUYFhpQ8xNE4ThZMS2hom5Rgh6xUygjhj9U8,check,17
67931.016,1AXQ5iSdrbeUYFhpQ8xNE4ThZMS2hom5Rgh6xUygjhj9U8,check,16
67991.016,1AXQ5iSdrbeUYFhpQ8xNE4ThZMS2hom5Rgh6xUygjhj9U8,check,17
68051.016,1AXQ5iSdrbeUYFhpQ8xNE4ThZMS2hom5Rgh6xUygjhj9U8,check,9
68111.016,1AXQ5iSdrbeUYFhpQ8xNE4ThZMS2hom5Rgh6xUygjhj9U8,check,16
68171.01,1AXQ5iSdrbeUYFhpQ8xNE4ThZMS2hom5Rgh6xUygjhj9U8,check,16
68231.016,1AXQ5iSdrbeUYFhpQ8xNE4ThZMS2hom5Rgh6xUygjhj9U8,check,16
68291.016,1AXQ5iSdrbeUYFhpQ8xNE4ThZMS2hom5Rgh6xUygjhj9U8,check,17
68351.016,1AXQ5iSdrbeUYFhpQ8xNE4ThZMS2hom5Rgh6xUygjhj9U8,check,15
68411.016,1AXQ5iSdrbeUYFhpQ8xNE4ThZMS2hom5Rgh6xUygjhj9U8,check,7
68471.016,1AXQ5iSdrbeUYFhpQ8xNE4ThZMS2hom5Rgh6xUygjhj9U8,check,7
68531.016,1AXQ5iSdrbeUYFhpQ8xNE4ThZMS2hom5Rgh6xUygjhj9U8,check,7
68591.016,1AXQ5iSdrbeUYFhpQ8xNE4ThZMS2hom5Rgh6xUygjhj9U8,check,7
68651.016,1AXQ5iSdrbeUYFhpQ8xNE4ThZMS2hom5Rgh6xUygjhj9U8,check,7
68711.016,1AXQ5iSdrbeUYFhpQ8xNE4ThZMS2hom5Rgh6xUygjhj9U8,check,7
68771.016,1AXQ5iSdrbeUYFhpQ8xNE4ThZMS2hom5Rgh6xUygjhj9U8,check,16
68831.016,1AXQ5iSdrbeUYFhpQ8xNE4ThZMS2hom5Rgh6xUygjhj9U8,check,8
68891.016,1AXQ5iSdrbeUYFhpQ8xNE4ThZMS2hom5Rgh6xUygjhj9U8,check,11
68951.016,1AXQ5iSdrbeUYFhpQ8xNE4ThZMS2hom5Rgh6xUygjhj9U8,check,12
69011.016,1AXQ5iSdrbeUYFhpQ8xNE4ThZMS2hom5Rgh6xUygjhj9U8,check,14
69071.016,1AXQ5iSdrbeUYFhpQ8xNE4ThZMS2hom5Rgh6xUygjhj9U8,check,17
69131.016,1AXQ5iSdrbeUYFhpQ8xNE4ThZMS2hom5Rgh6xUygjhj9U8,check,16
69191.016,1AXQ5iSdrbeUYFhpQ8xNE4ThZMS2hom5Rgh6xUygjhj9U8,check,16
69251.016,1AXQ5iSdrbeUYFhpQ8xNE4ThZMS2hom5Rgh6xUygjhj9U8,check,15
69311.01,1AXQ5iSdrbeUYFhpQ8xNE4ThZMS2hom5Rgh6xUygjhj9U8,check,14
69371.01,1AXQ5iSdrbeUYFhpQ8xNE4ThZMS2hom5Rgh6xUygjhj9U8,check,12
69431.01,1AXQ5iSdrbeUYFhpQ8xNE4ThZMS2hom5Rgh6xUygjhj9U8,check,13
69491.01,1AXQ5iSdrbeUYFhpQ8xNE4ThZMS2hom5Rgh6xUygjhj9U8,check,17
69551.01,1AXQ5iSdrbeUYFhpQ8xNE4ThZMS2hom5Rgh6xUygjhj9U8,check,17
69611.01,1AXQ5iSdrbeUYFhpQ8xNE4ThZMS2hom5Rgh6xUygjhj9U8,check,17
69671.016,1AXQ5iSdrbeUYFhpQ8xNE4ThZMS2hom5Rgh6xUygjhj9U8,check,17
69731.01,1AXQ5iSdrbeUYFhpQ8xNE4ThZMS2hom5Rgh6xUygjhj9U8,check,17
69791.01,1AXQ5iSdrbeUYFhpQ8xNE4ThZMS2hom5Rgh6xUygjhj9U8,check,17
69851.01,1AXQ5iSdrbeUYFhpQ8xNE4ThZMS2hom5Rgh6xUygjhj9U8,check,17
69911.016,1AXQ5iSdrbeUYFhpQ8xNE4ThZMS2hom5Rgh6xUygjhj9U8,check,17
69971.01,1AXQ5iSdrbeUYFhpQ8xNE4ThZMS2hom5Rgh6xUygjhj9U8,check,17
70031.016,1AXQ5iSdrbeUYFhpQ8xNE4ThZMS2hom5Rgh6xUygjhj9U8,check,13
70091.016,1AXQ5iSdrbeUYFhpQ8xNE4ThZMS2hom5Rgh6xUygjhj9U8,check,16
70151.016,1AXQ5iSdrbeUYFhpQ8xNE4ThZMS2hom5Rgh6xUygjhj9U8,check,14
70211.016,1AXQ5iSdrbeUYFhpQ8xNE4ThZMS2hom5Rgh6xUygjhj9U8,check,12
70271.016,1AXQ5iSdrbeUYFhpQ8xNE4ThZMS2hom5Rgh6xUygjhj9U8,check,12
70331.016,1AXQ5iSdrbeUYFhpQ8xNE4ThZMS2hom5Rgh6xUygjhj9U8,check,12
70391.01,1AXQ5iSdrbeUYFhpQ8xNE4ThZMS2hom5Rgh6xUygjhj9U8,check,17
70451.016,1AXQ5iSdrbeUYFhpQ8xNE4ThZMS2hom5Rgh6xUygjhj9U8,check,13
70511.01,1AXQ5iSdrbeUYFhpQ8xNE4ThZMS2hom5Rgh6xUygjhj9U8,check,17
70571.016,1AXQ5iSdrbeUYFhpQ8xNE4ThZMS2hom5Rgh6xUygjhj9U8,check,15
70631.01,1AXQ5iSdrbeUYFhpQ8xNE4ThZMS2hom5Rgh6xUygjhj9U8,check,16
70691.016,1AXQ5iSdrbeUYFhpQ8xNE4ThZMS2hom5Rgh6xUygjhj9U8,check,9
70751.016,1AXQ5iSdrbeUYFhpQ8xNE4ThZMS2hom5Rgh6xUygjhj9U8,check,10
70811.016,1AXQ5iSdrbeUYFhpQ8xNE4ThZMS2hom5Rgh6xUygjhj9U8,check,7
70871.016,1AXQ5iSdrbeUYFhpQ8xNE4ThZMS2hom5Rgh6xUygjhj9U8,check,7
70931.016,1AXQ5iSdrbeUYFhpQ8xNE4ThZMS2hom5Rgh6xUygjhj9U8,check,7
70991.016,1AXQ5iSdrbeUYFhpQ8xNE4ThZMS2hom5Rgh6xUygjhj9U8,check,7
71051.016,1AXQ5iSdrbeUYFhpQ8xNE4ThZMS2hom5Rgh6xUygjhj9U8,check,7
71111.016,1AXQ5iSdrbeUYFhpQ8xNE4ThZMS2hom5Rgh6xUygjhj9U8,check,14
71171.016,1AXQ5iSdrbeUYFhpQ8xNE4ThZMS2hom5Rgh6xUygjhj9U8,check,12
71231.01,1AXQ5iSdrbeUYFhpQ8xNE4ThZMS2hom5Rgh6xUygjhj9U8,check,17
71291.016,1AXQ5iSdrbeUYFhpQ8xNE4ThZMS2hom5Rgh6xUygjhj9U8,check,17
71351.01,1AXQ5iSdrbeUYFhpQ8xNE4ThZMS2hom5Rgh6xUygjhj9U8,check,17
71411.016,1AXQ5iSdrbeUYFhpQ8xNE4ThZMS2hom5Rgh6xUygjhj9U8,check,16
71471.016,1AXQ5iSdrbeUYFhpQ8xNE4ThZMS2hom5Rgh6xUygjhj9U8,check,14
71531.01,1AXQ5iSdrbeUYFhpQ8xNE4ThZMS2hom5Rgh6xUygjhj9U8,check,13
71591.016,1AXQ5iSdrbeUYFhpQ8xNE4ThZMS2hom5Rgh6xUygjhj9U8,check,12
71651.016,1AXQ5iSdrbeUYFhpQ8xNE4ThZMS2hom5Rgh6xUygjhj9U8,check,9
71711.016,1AXQ5iSdrbeUYFhpQ8xNE4ThZMS2hom5Rgh6xUygjhj9U8,check,13
71771.016,1AXQ5iSdrbeUYFhpQ8xNE4ThZMS2hom5Rgh6xUygjhj9U8,check,11
71831.016,1AXQ5iSdrbeUYFhpQ8xNE4ThZMS2hom5Rgh6xUygjhj9U8,check,11
71891.016,1AXQ5iSdrbeUYFhpQ8xNE4ThZMS2hom5Rgh6xUygjhj9U8,check,17
71951.016,1AXQ5iSdrbeUYFhpQ8xNE4ThZMS2hom5Rgh6xUygjhj9U8,check,17
