71.0144,1AXEkQ4EHAHKb6H3xbFVGD1JedupuLRMM4kL3ezc7ASDax,check,11
131.01437,1AXEkQ4EHAHKb6H3xbFVGD1JedupuLRMM4kL3ezc7ASDax,check,12
190.55118,1AXEkQ4EHAHKb6H3xbFVGD1JedupuLRMM4kL3ezc7ASDax,check,17
251.01236,1AXEkQ4EHAHKb6H3xbFVGD1JedupuLRMM4kL3ezc7ASDax,check,14
311.00742,1AXEkQ4EHAHKb6H3xbFVGD1JedupuLRMM4kL3ezc7ASDax,check,16
365.60577,1AXEkQ4EHAHKb6H3xbFVGD1JedupuLRMM4kL3ezc7ASDax,check,17
431.013,1AXEkQ4EHAHKb6H3xbFVGD1JedupuLRMM4kL3ezc7ASDax,check,16
491.00253,1AXEkQ4EHAHKb6H3xbFVGD1JedupuLRMM4kL3ezc7ASDax,check,16
551.01276,1AXEkQ4EHAHKb6H3xbFVGD1JedupuLRMM4kL3ezc7ASDax,check,14
611.01654,1AXEkQ4EHAHKb6H3xbFVGD1JedupuLRMM4kL3ezc7ASDax,check,16
671.01605,1AXEkQ4EHAHKb6H3xbFVGD1JedupuLRMM4kL3ezc7ASDax,check,12
731.0141,1AXEkQ4EHAHKb6H3xbFVGD1JedupuLRMM4kL3ezc7ASDax,check,13
791.0137,1AXEkQ4EHAHKb6H3xbFVGD1JedupuLRMM4kL3ezc7ASDax,check,8
851.01715,1AXEkQ4EHAHKb6H3xbFVGD1JedupuLRMM4kL3ezc7ASDax,check,8
911.0178,1AXEkQ4EHAHKb6H3xbFVGD1JedupuLRMM4kL3ezc7ASDax,check,6
970.8105,1AXEkQ4EHAHKb6H3xbFVGD1JedupuLRMM4kL3ezc7ASDax,check,17
1031.0096,1AXEkQ4EHAHKb6H3xbFVGD1JedupuLRMM4kL3ezc7ASDax,check,15
1091.0157,1AXEkQ4EHAHKb6H3xbFVGD1JedupuLRMM4kL3ezc7ASDax,check,15
1148.9524,1AXEkQ4EHAHKb6H3xbFVGD1JedupuLRMM4kL3ezc7ASDax,check,17
1208.4175,1AXEkQ4EHAHKb6H3xbFVGD1JedupuLRMM4kL3ezc7ASDax,check,17
1271.007,1AXEkQ4EHAHKb6H3xbFVGD1JedupuLRMM4kL3ezc7ASDax,check,16
1331.0117,1AXEkQ4EHAHKb6H3xbFVGD1JedupuLRMM4kL3ezc7ASDax,check,14
1391.0146,1AXEkQ4EHAHKb6H3xbFVGD1JedupuLRMM4kL3ezc7ASDax,check,16
1448.5468,1AXEkQ4EHAHKb6H3xbFVGD1JedupuLRMM4kL3ezc7ASDax,check,15
1511.0148,1AXEkQ4EHAHKb6H3xbFVGD1JedupuLRMM4kL3ezc7ASDax,check,15
1571.015,1AXEkQ4EHAHKb6H3xbFVGD1JedupuLRMM4kL3ezc7ASDax,check,13
1631.0176,1AXEkQ4EHAHKb6H3xbFVGD1JedupuLRMM4kL3ezc7ASDax,check,11
1691.0184,1AXEkQ4EHAHKb6H3xbFVGD1JedupuLRMM4kL3ezc7ASDax,check,9
1751.01,1AXEkQ4EHAHKb6H3xbFVGD1JedupuLRMM4kL3ezc7ASDax,check,16
1811.0062,1AXEkQ4EHAHKb6H3xbFVGD1JedupuLRMM4kL3ezc7ASDax,check,16
1871.0052,1AXEkQ4EHAHKb6H3xbFVGD1JedupuLRMM4kL3ezc7ASDax,check,16
1927.8127,1AXEkQ4EHAHKb6H3xbFVGD1JedupuLRMM4kL3ezc7ASDax,check,17
1989.9458,1AXEkQ4EHAHKb6H3xbFVGD1JedupuLRMM4kL3ezc7ASDax,check,17
2051.0093,1AXEkQ4EHAHKb6H3xbFVGD1JedupuLRMM4kL3ezc7ASDax,check,14
2111.0088,1AXEkQ4EHAHKb6H3xbFVGD1JedupuLRMM4kL3ezc7ASDax,check,16
2167.4258,1AXEkQ4EHAHKb6H3xbFVGD1JedupuLRMM4kL3ezc7ASDax,check,17
2231.0105,1AXEkQ4EHAHKb6H3xbFVGD1JedupuLRMM4kL3ezc7ASDax,check,15
2291.0144,1AXEkQ4EHAHKb6H3xbFVGD1JedupuLRMM4kL3ezc7ASDax,check,13
2351.017,1AXEkQ4EHAHKb6H3xbFVGD1JedupuLRMM4kL3ezc7ASDax,check,11
2411.013,1AXEkQ4EHAHKb6H3xbFVGD1JedupuLRMM4kL3ezc7ASDax,check,12
2471.0156,1AXEkQ4EHAHKb6H3xbFVGD1JedupuLRMM4kL3ezc7ASDax,check,13
2531.0076,1AXEkQ4EHAHKb6H3xbFVGD1JedupuLRMM4kL3ezc7ASDax,check,15
2591.0142,1AXEkQ4EHAHKb6H3xbFVGD1JedupuLRMM4kL3ezc7ASDax,check,15
2651.0051,1AXEkQ4EHAHKb6H3xbFVGD1JedupuLRMM4kL3ezc7ASDax,check,16
2711.0083,1AXEkQ4EHAHKb6H3xbFVGD1JedupuLRMM4kL3ezc7ASDax,check,16
2765.8704,1AXEkQ4EHAHKb6H3xbFVGD1JedupuLRMM4kL3ezc7ASDax,check,17
2825.3572,1AXEkQ4EHAHKb6H3xbFVGD1JedupuLRMM4kL3ezc7ASDax,check,17
2891.0137,1AXEkQ4EHAHKb6H3xbFVGD1JedupuLRMM4kL3ezc7ASDax,check,14
2951.0088,1AXEkQ4EHAHKb6H3xbFVGD1JedupuLRMM4kL3ezc7ASDax,check,15
3008.1704,1AXEkQ4EHAHKb6H3xbFVGD1JedupuLRMM4kL3ezc7ASDax,check,17
3071.015,1AXEkQ4EHAHKb6H3xbFVGD1JedupuLRMM4kL3ezc7ASDax,check,14
3131.0042,1AXEkQ4EHAHKb6H3xbFVGD1JedupuLRMM4kL3ezc7ASDax,check,14
3191.0112,1AXEkQ4EHAHKb6H3xbFVGD1JedupuLRMM4kL3ezc7ASDax,check,13
3251.0095,1AXEkQ4EHAHKb6H3xbFVGD1JedupuLRMM4kL3ezc7ASDax,check,15
3304.3765,1AXEkQ4EHAHKb6H3xbFVGD1JedupuLRMM4kL3ezc7ASDax,check,17
3368.613,1AXEkQ4EHAHKb6H3xbFVGD1JedupuLRMM4kL3ezc7ASDax,check,17
3427.1116,1AXEkQ4EHAHKb6H3xbFVGD1JedupuLRMM4kL3ezc7ASDax,check,17
3491.006,1AXEkQ4EHAHKb6H3xbFVGD1JedupuLRMM4kL3ezc7ASDax,check,16
3551.0103,1AXEkQ4EHAHKb6H3xbFVGD1JedupuLRMM4kL3ezc7ASDax,check,15
3607.0728,1AXEkQ4EHAHKb6H3xbFVGD1JedupuLRMM4kL3ezc7ASDax,check,16
3665.9634,1AXEkQ4EHAHKb6H3xbFVGD1JedupuLRMM4kL3ezc7ASDax,check,16
3731.006,1AXEkQ4EHAHKb6H3xbFVGD1JedupuLRMM4kL3ezc7ASDax,check,16
3791.0073,1AXEkQ4EHAHKb6H3xbFVGD1JedupuLRMM4kL3ezc7ASDax,check,16
3851.0134,1AXEkQ4EHAHKb6H3xbFVGD1JedupuLRMM4kL3ezc7ASDax,check,15
3911.003,1AXEkQ4EHAHKb6H3xbFVGD1JedupuLRMM4kL3ezc7ASDax,check,15
3971.0098,1AXEkQ4EHAHKb6H3xbFVGD1JedupuLRMM4kL3ezc7ASDax,check,14
4031.0076,1AXEkQ4EHAHKb6H3xbFVGD1JedupuLRMM4kL3ezc7ASDax,check,12
4087.3667,1AXEkQ4EHAHKb6H3xbFVGD1JedupuLRMM4kL3ezc7ASDax,check,17
4143.557,1AXEkQ4EHAHKb6H3xbFVGD1JedupuLRMM4kL3ezc7ASDax,check,17
4211.008,1AXEkQ4EHAHKb6H3xbFVGD1JedupuLRMM4kL3ezc7ASDax,check,16
4263.154,1AXEkQ4EHAHKb6H3xbFVGD1JedupuLRMM4kL3ezc7ASDax,check,16
4331.007,1AXEkQ4EHAHKb6H3xbFVGD1JedupuLRMM4kL3ezc7ASDax,check,15
4387.671,1AXEkQ4EHAHKb6H3xbFVGD1JedupuLRMM4kL3ezc7ASDax,check,17
4449.2485,1AXEkQ4EHAHKb6H3xbFVGD1JedupuLRMM4kL3ezc7ASDax,check,17
4510.0967,1AXEkQ4EHAHKb6H3xbFVGD1JedupuLRMM4kL3ezc7ASDax,check,17
4571.0166,1AXEkQ4EHAHKb6H3xbFVGD1JedupuLRMM4kL3ezc7ASDax,check,15
4631.0103,1AXEkQ4EHAHKb6H3xbFVGD1JedupuLRMM4kL3ezc7ASDax,check,14
4691.005,1AXEkQ4EHAHKb6H3xbFVGD1JedupuLRMM4kL3ezc7ASDax,check,15
4751.012,1AXEkQ4EHAHKb6H3xbFVGD1JedupuLRMM4kL3ezc7ASDax,check,13
4811.0117,1AXEkQ4EHAHKb6H3xbFVGD1JedupuLRMM4kL3ezc7ASDax,check,12
4871.012,1AXEkQ4EHAHKb6H3xbFVGD1JedupuLRMM4kL3ezc7ASDax,check,16
4931.009,1AXEkQ4EHAHKb6H3xbFVGD1JedupuLRMM4kL3ezc7ASDax,check,16
4991.0166,1AXEkQ4EHAHKb6H3xbFVGD1JedupuLRMM4kL3ezc7ASDax,check,15
5051.0156,1AXEkQ4EHAHKb6H3xbFVGD1JedupuLRMM4kL3ezc7ASDax,check,15
5111.0186,1AXEkQ4EHAHKb6H3xbFVGD1JedupuLRMM4kL3ezc7ASDax,check,15
5171.0195,1AXEkQ4EHAHKb6H3xbFVGD1JedupuLRMM4kL3ezc7ASDax,check,15
5231.0107,1AXEkQ4EHAHKb6H3xbFVGD1JedupuLRMM4kL3ezc7ASDax,check,14
5291.0166,1AXEkQ4EHAHKb6H3xbFVGD1JedupuLRMM4kL3ezc7ASDax,check,13
5351.0176,1AXEkQ4EHAHKb6H3xbFVGD1JedupuLRMM4kL3ezc7ASDax,check,13
5411.017,1AXEkQ4EHAHKb6H3xbFVGD1JedupuLRMM4kL3ezc7ASDax,check,12
5471.017,1AXEkQ4EHAHKb6H3xbFVGD1JedupuLRMM4kL3ezc7ASDax,check,12
5531.017,1AXEkQ4EHAHKb6H3xbFVGD1JedupuLRMM4kL3ezc7ASDax,check,11
5591.0103,1AXEkQ4EHAHKb6H3xbFVGD1JedupuLRMM4kL3ezc7ASDax,check,15
5651.0103,1AXEkQ4EHAHKb6H3xbFVGD1JedupuLRMM4kL3ezc7ASDax,check,16
5711.009,1AXEkQ4EHAHKb6H3xbFVGD1JedupuLRMM4kL3ezc7ASDax,check,16
5771.01,1AXEkQ4EHAHKb6H3xbFVGD1JedupuLRMM4kL3ezc7ASDax,check,16
5831.0137,1AXEkQ4EHAHKb6H3xbFVGD1JedupuLRMM4kL3ezc7ASDax,check,14
5891.009,1AXEkQ4EHAHKb6H3xbFVGD1JedupuLRMM4kL3ezc7ASDax,check,16
5951.0083,1AXEkQ4EHAHKb6H3xbFVGD1JedupuLRMM4kL3ezc7ASDax,check,16
6011.01,1AXEkQ4EHAHKb6H3xbFVGD1JedupuLRMM4kL3ezc7ASDax,check,16
6071.0107,1AXEkQ4EHAHKb6H3xbFVGD1JedupuLRMM4kL3ezc7ASDax,check,15
6131.013,1AXEkQ4EHAHKb6H3xbFVGD1JedupuLRMM4kL3ezc7ASDax,check,15
6191.01,1AXEkQ4EHAHKb6H3xbFVGD1JedupuLRMM4kL3ezc7ASDax,check,15
6251.0156,1AXEkQ4EHAHKb6H3xbFVGD1JedupuLRMM4kL3ezc7ASDax,check,13
6311.01,1AXEkQ4EHAHKb6H3xbFVGD1JedupuLRMM4kL3ezc7ASDax,check,16
6371.01,1AXEkQ4EHAHKb6H3xbFVGD1JedupuLRMM4kL3ezc7ASDax,check,14
6431.0107,1AXEkQ4EHAHKb6H3xbFVGD1JedupuLRMM4kL3ezc7ASDax,check,16
6491.0156,1AXEkQ4EHAHKb6H3xbFVGD1JedupuLRMM4kL3ezc7ASDax,check,13
6551.016,1AXEkQ4EHAHKb6H3xbFVGD1JedupuLRMM4kL3ezc7ASDax,check,15
6611.01,1AXEkQ4EHAHKb6H3xbFVGD1JedupuLRMM4kL3ezc7ASDax,check,16
6671.0117,1AXEkQ4EHAHKb6H3xbFVGD1JedupuLRMM4kL3ezc7ASDax,check,15
6731.009,1AXEkQ4EHAHKb6H3xbFVGD1JedupuLRMM4kL3ezc7ASDax,check,16
6791.0107,1AXEkQ4EHAHKb6H3xbFVGD1JedupuLRMM4kL3ezc7ASDax,check,16
6851.01,1AXEkQ4EHAHKb6H3xbFVGD1JedupuLRMM4kL3ezc7ASDax,check,16
6911.0156,1AXEkQ4EHAHKb6H3xbFVGD1JedupuLRMM4kL3ezc7ASDax,check,15
6971.01,1AXEkQ4EHAHKb6H3xbFVGD1JedupuLRMM4kL3ezc7ASDax,check,14
7031.0103,1AXEkQ4EHAHKb6H3xbFVGD1JedupuLRMM4kL3ezc7ASDax,check,16
7091.011,1AXEkQ4EHAHKb6H3xbFVGD1JedupuLRMM4kL3ezc7ASDax,check,15
7151.0156,1AXEkQ4EHAHKb6H3xbFVGD1JedupuLRMM4kL3ezc7ASDax,check,15
7211.0103,1AXEkQ4EHAHKb6H3xbFVGD1JedupuLRMM4kL3ezc7ASDax,check,15
7271.01,1AXEkQ4EHAHKb6H3xbFVGD1JedupuLRMM4kL3ezc7ASDax,check,16
7331.01,1AXEkQ4EHAHKb6H3xbFVGD1JedupuLRMM4kL3ezc7ASDax,check,15
7391.01,1AXEkQ4EHAHKb6H3xbFVGD1JedupuLRMM4kL3ezc7ASDax,check,16
7451.01,1AXEkQ4EHAHKb6H3xbFVGD1JedupuLRMM4kL3ezc7ASDax,check,16
7511.0146,1AXEkQ4EHAHKb6H3xbFVGD1JedupuLRMM4kL3ezc7ASDax,check,15
7571.01,1AXEkQ4EHAHKb6H3xbFVGD1JedupuLRMM4kL3ezc7ASDax,check,15
7631.0093,1AXEkQ4EHAHKb6H3xbFVGD1JedupuLRMM4kL3ezc7ASDax,check,16
7691.01,1AXEkQ4EHAHKb6H3xbFVGD1JedupuLRMM4kL3ezc7ASDax,check,16
7751.014,1AXEkQ4EHAHKb6H3xbFVGD1JedupuLRMM4kL3ezc7ASDax,check,12
7811.0156,1AXEkQ4EHAHKb6H3xbFVGD1JedupuLRMM4kL3ezc7ASDax,check,10
7871.023,1AXEkQ4EHAHKb6H3xbFVGD1JedupuLRMM4kL3ezc7ASDax,check,9
7931.014,1AXEkQ4EHAHKb6H3xbFVGD1JedupuLRMM4kL3ezc7ASDax,check,15
7991.0093,1AXEkQ4EHAHKb6H3xbFVGD1JedupuLRMM4kL3ezc7ASDax,check,14
8051.0093,1AXEkQ4EHAHKb6H3xbFVGD1JedupuLRMM4kL3ezc7ASDax,check,16
8111.009,1AXEkQ4EHAHKb6H3xbFVGD1JedupuLRMM4kL3ezc7ASDax,check,15
8171.011,1AXEkQ4EHAHKb6H3xbFVGD1JedupuLRMM4kL3ezc7ASDax,check,16
8231.01,1AXEkQ4EHAHKb6H3xbFVGD1JedupuLRMM4kL3ezc7ASDax,check,16
8291.009,1AXEkQ4EHAHKb6H3xbFVGD1JedupuLRMM4kL3ezc7ASDax,check,16
8351.009,1AXEkQ4EHAHKb6H3xbFVGD1JedupuLRMM4kL3ezc7ASDax,check,16
8411.013,1AXEkQ4EHAHKb6H3xbFVGD1JedupuLRMM4kL3ezc7ASDax,check,13
8471.011,1AXEkQ4EHAHKb6H3xbFVGD1JedupuLRMM4kL3ezc7ASDax,check,14
8531.014,1AXEkQ4EHAHKb6H3xbFVGD1JedupuLRMM4kL3ezc7ASDax,check,15
8591.013,1AXEkQ4EHAHKb6H3xbFVGD1JedupuLRMM4kL3ezc7ASDax,check,10
8651.01,1AXEkQ4EHAHKb6H3xbFVGD1JedupuLRMM4kL3ezc7ASDax,check,15
8711.009,1AXEkQ4EHAHKb6H3xbFVGD1JedupuLRMM4kL3ezc7ASDax,check,16
8771.013,1AXEkQ4EHAHKb6H3xbFVGD1JedupuLRMM4kL3ezc7ASDax,check,13
8831.015,1AXEkQ4EHAHKb6H3xbFVGD1JedupuLRMM4kL3ezc7ASDax,check,15
8891.01,1AXEkQ4EHAHKb6H3xbFVGD1JedupuLRMM4kL3ezc7ASDax,check,13
8951.009,1AXEkQ4EHAHKb6H3xbFVGD1JedupuLRMM4kL3ezc7ASDax,check,16
9011.008,1AXEkQ4EHAHKb6H3xbFVGD1JedupuLRMM4kL3ezc7ASDax,check,14
9071.014,1AXEkQ4EHAHKb6H3xbFVGD1JedupuLRMM4kL3ezc7ASDax,check,15
9131.014,1AXEkQ4EHAHKb6H3xbFVGD1JedupuLRMM4kL3ezc7ASDax,check,13
9191.014,1AXEkQ4EHAHKb6H3xbFVGD1JedupuLRMM4kL3ezc7ASDax,check,12
9251.015,1AXEkQ4EHAHKb6H3xbFVGD1JedupuLRMM4kL3ezc7ASDax,check,10
9311.014,1AXEkQ4EHAHKb6H3xbFVGD1JedupuLRMM4kL3ezc7ASDax,check,12
9371.013,1AXEkQ4EHAHKb6H3xbFVGD1JedupuLRMM4kL3ezc7ASDax,check,13
9431.019,1AXEkQ4EHAHKb6H3xbFVGD1JedupuLRMM4kL3ezc7ASDax,check,8
9491.011,1AXEkQ4EHAHKb6H3xbFVGD1JedupuLRMM4kL3ezc7ASDax,check,16
9551.015,1AXEkQ4EHAHKb6H3xbFVGD1JedupuLRMM4kL3ezc7ASDax,check,13
9611.01,1AXEkQ4EHAHKb6H3xbFVGD1JedupuLRMM4kL3ezc7ASDax,check,15
9671.011,1AXEkQ4EHAHKb6H3xbFVGD1JedupuLRMM4kL3ezc7ASDax,check,16
9731.01,1AXEkQ4EHAHKb6H3xbFVGD1JedupuLRMM4kL3ezc7ASDax,check,15
9791.018,1AXEkQ4EHAHKb6H3xbFVGD1JedupuLRMM4kL3ezc7ASDax,check,11
9851.017,1AXEkQ4EHAHKb6H3xbFVGD1JedupuLRMM4kL3ezc7ASDax,check,12
9911.016,1AXEkQ4EHAHKb6H3xbFVGD1JedupuLRMM4kL3ezc7ASDax,check,12
9971.018,1AXEkQ4EHAHKb6H3xbFVGD1JedupuLRMM4kL3ezc7ASDax,check,10
10031.017,1AXEkQ4EHAHKb6H3xbFVGD1JedupuLRMM4kL3ezc7ASDax,check,6
10091.018,1AXEkQ4EHAHKb6H3xbFVGD1JedupuLRMM4kL3ezc7ASDax,check,6
10151.017,1AXEkQ4EHAHKb6H3xbFVGD1JedupuLRMM4kL3ezc7ASDax,check,5
10211.019,1AXEkQ4EHAHKb6H3xbFVGD1JedupuLRMM4kL3ezc7ASDax,check,3
10271.0205,1AXEkQ4EHAHKb6H3xbFVGD1JedupuLRMM4kL3ezc7ASDax,check,15
10331.017,1AXEkQ4EHAHKb6H3xbFVGD1JedupuLRMM4kL3ezc7ASDax,check,15
10391.01,1AXEkQ4EHAHKb6H3xbFVGD1JedupuLRMM4kL3ezc7ASDax,check,16
10451.011,1AXEkQ4EHAHKb6H3xbFVGD1JedupuLRMM4kL3ezc7ASDax,check,14
10511.012,1AXEkQ4EHAHKb6H3xbFVGD1JedupuLRMM4kL3ezc7ASDax,check,16
10571.011,1AXEkQ4EHAHKb6H3xbFVGD1JedupuLRMM4kL3ezc7ASDax,check,16
10631.014,1AXEkQ4EHAHKb6H3xbFVGD1JedupuLRMM4kL3ezc7ASDax,check,14
10691.009,1AXEkQ4EHAHKb6H3xbFVGD1JedupuLRMM4kL3ezc7ASDax,check,13
10751.013,1AXEkQ4EHAHKb6H3xbFVGD1JedupuLRMM4kL3ezc7ASDax,check,12
10811.013,1AXEkQ4EHAHKb6H3xbFVGD1JedupuLRMM4kL3ezc7ASDax,check,14
10871.014,1AXEkQ4EHAHKb6H3xbFVGD1JedupuLRMM4kL3ezc7ASDax,check,14
10931.014,1AXEkQ4EHAHKb6H3xbFVGD1JedupuLRMM4kL3ezc7ASDax,check,13
10991.016,1AXEkQ4EHAHKb6H3xbFVGD1JedupuLRMM4kL3ezc7ASDax,check,12
11051.007,1AXEkQ4EHAHKb6H3xbFVGD1JedupuLRMM4kL3ezc7ASDax,check,16
11111.012,1AXEkQ4EHAHKb6H3xbFVGD1JedupuLRMM4kL3ezc7ASDax,check,16
11171.012,1AXEkQ4EHAHKb6H3xbFVGD1JedupuLRMM4kL3ezc7ASDax,check,16
11231.011,1AXEkQ4EHAHKb6H3xbFVGD1JedupuLRMM4kL3ezc7ASDax,check,16
11291.011,1AXEkQ4EHAHKb6H3xbFVGD1JedupuLRMM4kL3ezc7ASDax,check,15
11351.012,1AXEkQ4EHAHKb6H3xbFVGD1JedupuLRMM4kL3ezc7ASDax,check,16
11411.009,1AXEkQ4EHAHKb6H3xbFVGD1JedupuLRMM4kL3ezc7ASDax,check,15
11471.012,1AXEkQ4EHAHKb6H3xbFVGD1JedupuLRMM4kL3ezc7ASDax,check,15
11531.019,1AXEkQ4EHAHKb6H3xbFVGD1JedupuLRMM4kL3ezc7ASDax,check,11
11591.017,1AXEkQ4EHAHKb6H3xbFVGD1JedupuLRMM4kL3ezc7ASDax,check,13
11651.014,1AXEkQ4EHAHKb6H3xbFVGD1JedupuLRMM4kL3ezc7ASDax,check,13
11711.015,1AXEkQ4EHAHKb6H3xbFVGD1JedupuLRMM4kL3ezc7ASDax,check,10
11771.015,1AXEkQ4EHAHKb6H3xbFVGD1JedupuLRMM4kL3ezc7ASDax,check,12
11831.013,1AXEkQ4EHAHKb6H3xbFVGD1JedupuLRMM4kL3ezc7ASDax,check,14
11891.015,1AXEkQ4EHAHKb6H3xbFVGD1JedupuLRMM4kL3ezc7ASDax,check,12
11951.014,1AXEkQ4EHAHKb6H3xbFVGD1JedupuLRMM4kL3ezc7ASDax,check,14
12011.011,1AXEkQ4EHAHKb6H3xbFVGD1JedupuLRMM4kL3ezc7ASDax,check,15
12071.012,1AXEkQ4EHAHKb6H3xbFVGD1JedupuLRMM4kL3ezc7ASDax,check,14
12131.012,1AXEkQ4EHAHKb6H3xbFVGD1JedupuLRMM4kL3ezc7ASDax,check,13
12191.01,1AXEkQ4EHAHKb6H3xbFVGD1JedupuLRMM4kL3ezc7ASDax,check,13
12251.011,1AXEkQ4EHAHKb6H3xbFVGD1JedupuLRMM4kL3ezc7ASDax,check,15
12311.013,1AXEkQ4EHAHKb6H3xbFVGD1JedupuLRMM4kL3ezc7ASDax,check,13
12371.019,1AXEkQ4EHAHKb6H3xbFVGD1JedupuLRMM4kL3ezc7ASDax,check,8
12431.01,1AXEkQ4EHAHKb6H3xbFVGD1JedupuLRMM4kL3ezc7ASDax,check,12
12491.014,1AXEkQ4EHAHKb6H3xbFVGD1JedupuLRMM4kL3ezc7ASDax,check,12
12551.008,1AXEkQ4EHAHKb6H3xbFVGD1JedupuLRMM4kL3ezc7ASDax,check,10
12611.007,1AXEkQ4EHAHKb6H3xbFVGD1JedupuLRMM4kL3ezc7ASDax,check,10
12671.007,1AXEkQ4EHAHKb6H3xbFVGD1JedupuLRMM4kL3ezc7ASDax,check,11
12731.006,1AXEkQ4EHAHKb6H3xbFVGD1JedupuLRMM4kL3ezc7ASDax,check,15
12791.018,1AXEkQ4EHAHKb6H3xbFVGD1JedupuLRMM4kL3ezc7ASDax,check,14
12851.016,1AXEkQ4EHAHKb6H3xbFVGD1JedupuLRMM4kL3ezc7ASDax,check,14
12911.014,1AXEkQ4EHAHKb6H3xbFVGD1JedupuLRMM4kL3ezc7ASDax,check,13
12971.017,1AXEkQ4EHAHKb6H3xbFVGD1JedupuLRMM4kL3ezc7ASDax,check,10
13031.018,1AXEkQ4EHAHKb6H3xbFVGD1JedupuLRMM4kL3ezc7ASDax,check,9
13091.017,1AXEkQ4EHAHKb6H3xbFVGD1JedupuLRMM4kL3ezc7ASDax,check,11
13151.017,1AXEkQ4EHAHKb6H3xbFVGD1JedupuLRMM4kL3ezc7ASDax,check,9
13211.018,1AXEkQ4EHAHKb6H3xbFVGD1JedupuLRMM4kL3ezc7ASDax,check,9
13271.016,1AXEkQ4EHAHKb6H3xbFVGD1JedupuLRMM4kL3ezc7ASDax,check,11
13331.017,1AXEkQ4EHAHKb6H3xbFVGD1JedupuLRMM4kL3ezc7ASDax,check,12
13391.019,1AXEkQ4EHAHKb6H3xbFVGD1JedupuLRMM4kL3ezc7ASDax,check,14
13451.016,1AXEkQ4EHAHKb6H3xbFVGD1JedupuLRMM4kL3ezc7ASDax,check,14
13511.017,1AXEkQ4EHAHKb6H3xbFVGD1JedupuLRMM4kL3ezc7ASDax,check,13
13571.015,1AXEkQ4EHAHKb6H3xbFVGD1JedupuLRMM4kL3ezc7ASDax,check,14
13631.015,1AXEkQ4EHAHKb6H3xbFVGD1JedupuLRMM4kL3ezc7ASDax,check,13
13691.017,1AXEkQ4EHAHKb6H3xbFVGD1JedupuLRMM4kL3ezc7ASDax,check,12
13751.016,1AXEkQ4EHAHKb6H3xbFVGD1JedupuLRMM4kL3ezc7ASDax,check,9
13811.017,1AXEkQ4EHAHKb6H3xbFVGD1JedupuLRMM4kL3ezc7ASDax,check,8
13871.02,1AXEkQ4EHAHKb6H3xbFVGD1JedupuLRMM4kL3ezc7ASDax,check,11
13931.019,1AXEkQ4EHAHKb6H3xbFVGD1JedupuLRMM4kL3ezc7ASDax,check,4
13991.009,1AXEkQ4EHAHKb6H3xbFVGD1JedupuLRMM4kL3ezc7ASDax,check,5
14051.017,1AXEkQ4EHAHKb6H3xbFVGD1JedupuLRMM4kL3ezc7ASDax,check,8
14111.017,1AXEkQ4EHAHKb6H3xbFVGD1JedupuLRMM4kL3ezc7ASDax,check,5
14171.017,1AXEkQ4EHAHKb6H3xbFVGD1JedupuLRMM4kL3ezc7ASDax,check,13
14231.018,1AXEkQ4EHAHKb6H3xbFVGD1JedupuLRMM4kL3ezc7ASDax,check,11
14291.017,1AXEkQ4EHAHKb6H3xbFVGD1JedupuLRMM4kL3ezc7ASDax,check,9
14351.018,1AXEkQ4EHAHKb6H3xbFVGD1JedupuLRMM4kL3ezc7ASDax,check,14
14411.018,1AXEkQ4EHAHKb6H3xbFVGD1JedupuLRMM4kL3ezc7ASDax,check,11
14471.018,1AXEkQ4EHAHKb6H3xbFVGD1JedupuLRMM4kL3ezc7ASDax,check,11
14531.018,1AXEkQ4EHAHKb6H3xbFVGD1JedupuLRMM4kL3ezc7ASDax,check,12
14591.016,1AXEkQ4EHAHKb6H3xbFVGD1JedupuLRMM4kL3ezc7ASDax,check,8
14651.017,1AXEkQ4EHAHKb6H3xbFVGD1JedupuLRMM4kL3ezc7ASDax,check,9
14711.021,1AXEkQ4EHAHKb6H3xbFVGD1JedupuLRMM4kL3ezc7ASDax,check,7
14771.018,1AXEkQ4EHAHKb6H3xbFVGD1JedupuLRMM4kL3ezc7ASDax,check,7
14831.017,1AXEkQ4EHAHKb6H3xbFVGD1JedupuLRMM4kL3ezc7ASDax,check,10
14891.02,1AXEkQ4EHAHKb6H3xbFVGD1JedupuLRMM4kL3ezc7ASDax,check,7
14951.017,1AXEkQ4EHAHKb6H3xbFVGD1JedupuLRMM4kL3ezc7ASDax,check,13
15011.018,1AXEkQ4EHAHKb6H3xbFVGD1JedupuLRMM4kL3ezc7ASDax,check,14
15071.018,1AXEkQ4EHAHKb6H3xbFVGD1JedupuLRMM4kL3ezc7ASDax,check,13
15131.017,1AXEkQ4EHAHKb6H3xbFVGD1JedupuLRMM4kL3ezc7ASDax,check,12
15191.017,1AXEkQ4EHAHKb6H3xbFVGD1JedupuLRMM4kL3ezc7ASDax,check,10
15251.017,1AXEkQ4EHAHKb6H3xbFVGD1JedupuLRMM4kL3ezc7ASDax,check,11
15311.019,1AXEkQ4EHAHKb6H3xbFVGD1JedupuLRMM4kL3ezc7ASDax,check,10
15371.017,1AXEkQ4EHAHKb6H3xbFVGD1JedupuLRMM4kL3ezc7ASDax,check,12
15431.017,1AXEkQ4EHAHKb6H3xbFVGD1JedupuLRMM4kL3ezc7ASDax,check,11
15491.017,1AXEkQ4EHAHKb6H3xbFVGD1JedupuLRMM4kL3ezc7ASDax,check,7
15551.018,1AXEkQ4EHAHKb6H3xbFVGD1JedupuLRMM4kL3ezc7ASDax,check,7
15611.017,1AXEkQ4EHAHKb6H3xbFVGD1JedupuLRMM4kL3ezc7ASDax,check,6
15671.018,1AXEkQ4EHAHKb6H3xbFVGD1JedupuLRMM4kL3ezc7ASDax,check,5
15731.018,1AXEkQ4EHAHKb6H3xbFVGD1JedupuLRMM4kL3ezc7ASDax,check,13
15791.013,1AXEkQ4EHAHKb6H3xbFVGD1JedupuLRMM4kL3ezc7ASDax,check,14
15851.017,1AXEkQ4EHAHKb6H3xbFVGD1JedupuLRMM4kL3ezc7ASDax,check,9
15911.016,1AXEkQ4EHAHKb6H3xbFVGD1JedupuLRMM4kL3ezc7ASDax,check,11
15971.016,1AXEkQ4EHAHKb6H3xbFVGD1JedupuLRMM4kL3ezc7ASDax,check,9
16031.015,1AXEkQ4EHAHKb6H3xbFVGD1JedupuLRMM4kL3ezc7ASDax,check,11
16091.018,1AXEkQ4EHAHKb6H3xbFVGD1JedupuLRMM4kL3ezc7ASDax,check,10
16151.015,1AXEkQ4EHAHKb6H3xbFVGD1JedupuLRMM4kL3ezc7ASDax,check,9
16211.017,1AXEkQ4EHAHKb6H3xbFVGD1JedupuLRMM4kL3ezc7ASDax,check,8
16271.018,1AXEkQ4EHAHKb6H3xbFVGD1JedupuLRMM4kL3ezc7ASDax,check,7
16331.017,1AXEkQ4EHAHKb6H3xbFVGD1JedupuLRMM4kL3ezc7ASDax,check,2
16391.018,1AXEkQ4EHAHKb6H3xbFVGD1JedupuLRMM4kL3ezc7ASDax,check,4
16451.018,1AXEkQ4EHAHKb6H3xbFVGD1JedupuLRMM4kL3ezc7ASDax,check,2
16511.018,1AXEkQ4EHAHKb6H3xbFVGD1JedupuLRMM4kL3ezc7ASDax,check,11
16571.018,1AXEkQ4EHAHKb6H3xbFVGD1JedupuLRMM4kL3ezc7ASDax,check,14
16631.018,1AXEkQ4EHAHKb6H3xbFVGD1JedupuLRMM4kL3ezc7ASDax,check,10
16691.02,1AXEkQ4EHAHKb6H3xbFVGD1JedupuLRMM4kL3ezc7ASDax,check,12
16751.016,1AXEkQ4EHAHKb6H3xbFVGD1JedupuLRMM4kL3ezc7ASDax,check,8
16811.018,1AXEkQ4EHAHKb6H3xbFVGD1JedupuLRMM4kL3ezc7ASDax,check,12
16871.018,1AXEkQ4EHAHKb6H3xbFVGD1JedupuLRMM4kL3ezc7ASDax,check,13
16931.018,1AXEkQ4EHAHKb6H3xbFVGD1JedupuLRMM4kL3ezc7ASDax,check,5
16991.016,1AXEkQ4EHAHKb6H3xbFVGD1JedupuLRMM4kL3ezc7ASDax,check,5
17051.016,1AXEkQ4EHAHKb6H3xbFVGD1JedupuLRMM4kL3ezc7ASDax,check,4
17111.018,1AXEkQ4EHAHKb6H3xbFVGD1JedupuLRMM4kL3ezc7ASDax,check,10
17171.016,1AXEkQ4EHAHKb6H3xbFVGD1JedupuLRMM4kL3ezc7ASDax,check,8
17231.018,1AXEkQ4EHAHKb6H3xbFVGD1JedupuLRMM4kL3ezc7ASDax,check,4
17291.018,1AXEkQ4EHAHKb6H3xbFVGD1JedupuLRMM4kL3ezc7ASDax,check,13
17351.018,1AXEkQ4EHAHKb6H3xbFVGD1JedupuLRMM4kL3ezc7ASDax,check,14
17411.016,1AXEkQ4EHAHKb6H3xbFVGD1JedupuLRMM4kL3ezc7ASDax,check,11
17471.018,1AXEkQ4EHAHKb6H3xbFVGD1JedupuLRMM4kL3ezc7ASDax,check,14
17531.018,1AXEkQ4EHAHKb6H3xbFVGD1JedupuLRMM4kL3ezc7ASDax,check,12
17591.016,1AXEkQ4EHAHKb6H3xbFVGD1JedupuLRMM4kL3ezc7ASDax,check,12
17651.018,1AXEkQ4EHAHKb6H3xbFVGD1JedupuLRMM4kL3ezc7ASDax,check,13
17711.018,1AXEkQ4EHAHKb6H3xbFVGD1JedupuLRMM4kL3ezc7ASDax,check,12
17771.016,1AXEkQ4EHAHKb6H3xbFVGD1JedupuLRMM4kL3ezc7ASDax,check,10
17831.018,1AXEkQ4EHAHKb6H3xbFVGD1JedupuLRMM4kL3ezc7ASDax,check,8
17891.016,1AXEkQ4EHAHKb6H3xbFVGD1JedupuLRMM4kL3ezc7ASDax,check,7
17951.016,1AXEkQ4EHAHKb6H3xbFVGD1JedupuLRMM4kL3ezc7ASDax,check,7
18011.012,1AXEkQ4EHAHKb6H3xbFVGD1JedupuLRMM4kL3ezc7ASDax,check,7
18071.02,1AXEkQ4EHAHKb6H3xbFVGD1JedupuLRMM4kL3ezc7ASDax,check,10
18131.016,1AXEkQ4EHAHKb6H3xbFVGD1JedupuLRMM4kL3ezc7ASDax,check,12
18191.018,1AXEkQ4EHAHKb6H3xbFVGD1JedupuLRMM4kL3ezc7ASDax,check,8
18251.016,1AXEkQ4EHAHKb6H3xbFVGD1JedupuLRMM4kL3ezc7ASDax,check,14
18311.016,1AXEkQ4EHAHKb6H3xbFVGD1JedupuLRMM4kL3ezc7ASDax,check,14
18371.016,1AXEkQ4EHAHKb6H3xbFVGD1JedupuLRMM4kL3ezc7ASDax,check,14
18431.016,1AXEkQ4EHAHKb6H3xbFVGD1JedupuLRMM4kL3ezc7ASDax,check,14
18491.016,1AXEkQ4EHAHKb6H3xbFVGD1JedupuLRMM4kL3ezc7ASDax,check,12
18551.016,1AXEkQ4EHAHKb6H3xbFVGD1JedupuLRMM4kL3ezc7ASDax,check,13
18611.014,1AXEkQ4EHAHKb6H3xbFVGD1JedupuLRMM4kL3ezc7ASDax,check,9
18671.018,1AXEkQ4EHAHKb6H3xbFVGD1JedupuLRMM4kL3ezc7ASDax,check,11
18731.01,1AXEkQ4EHAHKb6H3xbFVGD1JedupuLRMM4kL3ezc7ASDax,check,10
18791.016,1AXEkQ4EHAHKb6H3xbFVGD1JedupuLRMM4kL3ezc7ASDax,check,12
18851.016,1AXEkQ4EHAHKb6H3xbFVGD1JedupuLRMM4kL3ezc7ASDax,check,14
18911.018,1AXEkQ4EHAHKb6H3xbFVGD1JedupuLRMM4kL3ezc7ASDax,check,14
18971.014,1AXEkQ4EHAHKb6H3xbFVGD1JedupuLRMM4kL3ezc7ASDax,check,14
19031.01,1AXEkQ4EHAHKb6H3xbFVGD1JedupuLRMM4kL3ezc7ASDax,check,14
19091.01,1AXEkQ4EHAHKb6H3xbFVGD1JedupuLRMM4kL3ezc7ASDax,check,14
19151.018,1AXEkQ4EHAHKb6H3xbFVGD1JedupuLRMM4kL3ezc7ASDax,check,14
19211.016,1AXEkQ4EHAHKb6H3xbFVGD1JedupuLRMM4kL3ezc7ASDax,check,9
19271.018,1AXEkQ4EHAHKb6H3xbFVGD1JedupuLRMM4kL3ezc7ASDax,check,10
19331.016,1AXEkQ4EHAHKb6H3xbFVGD1JedupuLRMM4kL3ezc7ASDax,check,9
19391.016,1AXEkQ4EHAHKb6H3xbFVGD1JedupuLRMM4kL3ezc7ASDax,check,8
19451.018,1AXEkQ4EHAHKb6H3xbFVGD1JedupuLRMM4kL3ezc7ASDax,check,4
19511.021,1AXEkQ4EHAHKb6H3xbFVGD1JedupuLRMM4kL3ezc7ASDax,check,5
19571.023,1AXEkQ4EHAHKb6H3xbFVGD1JedupuLRMM4kL3ezc7ASDax,check,14
19631.016,1AXEkQ4EHAHKb6H3xbFVGD1JedupuLRMM4kL3ezc7ASDax,check,13
19691.025,1AXEkQ4EHAHKb6H3xbFVGD1JedupuLRMM4kL3ezc7ASDax,check,14
19751.023,1AXEkQ4EHAHKb6H3xbFVGD1JedupuLRMM4kL3ezc7ASDax,check,13
19811.027,1AXEkQ4EHAHKb6H3xbFVGD1JedupuLRMM4kL3ezc7ASDax,check,14
19871.023,1AXEkQ4EHAHKb6H3xbFVGD1JedupuLRMM4kL3ezc7ASDax,check,13
19931.02,1AXEkQ4EHAHKb6H3xbFVGD1JedupuLRMM4kL3ezc7ASDax,check,13
19991.018,1AXEkQ4EHAHKb6H3xbFVGD1JedupuLRMM4kL3ezc7ASDax,check,14
20051.018,1AXEkQ4EHAHKb6H3xbFVGD1JedupuLRMM4kL3ezc7ASDax,check,13
20111.018,1AXEkQ4EHAHKb6H3xbFVGD1JedupuLRMM4kL3ezc7ASDax,check,10
20171.018,1AXEkQ4EHAHKb6H3xbFVGD1JedupuLRMM4kL3ezc7ASDax,check,12
20231.016,1AXEkQ4EHAHKb6H3xbFVGD1JedupuLRMM4kL3ezc7ASDax,check,11
20291.018,1AXEkQ4EHAHKb6H3xbFVGD1JedupuLRMM4kL3ezc7ASDax,check,8
20351.018,1AXEkQ4EHAHKb6H3xbFVGD1JedupuLRMM4kL3ezc7ASDax,check,14
20411.02,1AXEkQ4EHAHKb6H3xbFVGD1JedupuLRMM4kL3ezc7ASDax,check,14
20471.016,1AXEkQ4EHAHKb6H3xbFVGD1JedupuLRMM4kL3ezc7ASDax,check,13
20531.016,1AXEkQ4EHAHKb6H3xbFVGD1JedupuLRMM4kL3ezc7ASDax,check,11
20591.02,1AXEkQ4EHAHKb6H3xbFVGD1JedupuLRMM4kL3ezc7ASDax,check,14
20651.016,1AXEkQ4EHAHKb6H3xbFVGD1JedupuLRMM4kL3ezc7ASDax,check,14
20711.012,1AXEkQ4EHAHKb6H3xbFVGD1JedupuLRMM4kL3ezc7ASDax,check,14
20771.01,1AXEkQ4EHAHKb6H3xbFVGD1JedupuLRMM4kL3ezc7ASDax,check,10
20831.008,1AXEkQ4EHAHKb6H3xbFVGD1JedupuLRMM4kL3ezc7ASDax,check,11
20891.006,1AXEkQ4EHAHKb6H3xbFVGD1JedupuLRMM4kL3ezc7ASDax,check,10
20951.006,1AXEkQ4EHAHKb6H3xbFVGD1JedupuLRMM4kL3ezc7ASDax,check,10
21011.01,1AXEkQ4EHAHKb6H3xbFVGD1JedupuLRMM4kL3ezc7ASDax,check,9
21071.018,1AXEkQ4EHAHKb6H3xbFVGD1JedupuLRMM4kL3ezc7ASDax,check,10
21131.016,1AXEkQ4EHAHKb6H3xbFVGD1JedupuLRMM4kL3ezc7ASDax,check,14
21191.018,1AXEkQ4EHAHKb6H3xbFVGD1JedupuLRMM4kL3ezc7ASDax,check,12
21251.016,1AXEkQ4EHAHKb6H3xbFVGD1JedupuLRMM4kL3ezc7ASDax,check,14
21311.018,1AXEkQ4EHAHKb6H3xbFVGD1JedupuLRMM4kL3ezc7ASDax,check,14
21371.018,1AXEkQ4EHAHKb6H3xbFVGD1JedupuLRMM4kL3ezc7ASDax,check,13
21431.016,1AXEkQ4EHAHKb6H3xbFVGD1JedupuLRMM4kL3ezc7ASDax,check,14
21491.016,1AXEkQ4EHAHKb6H3xbFVGD1JedupuLRMM4kL3ezc7ASDax,check,14
21551.016,1AXEkQ4EHAHKb6H3xbFVGD1JedupuLRMM4kL3ezc7ASDax,check,10
21611.016,1AXEkQ4EHAHKb6H3xbFVGD1JedupuLRMM4kL3ezc7ASDax,check,7
21671.02,1AXEkQ4EHAHKb6H3xbFVGD1JedupuLRMM4kL3ezc7ASDax,check,12
21731.018,1AXEkQ4EHAHKb6H3xbFVGD1JedupuLRMM4kL3ezc7ASDax,check,10
21791.018,1AXEkQ4EHAHKb6H3xbFVGD1JedupuLRMM4kL3ezc7ASDax,check,6
21851.016,1AXEkQ4EHAHKb6H3xbFVGD1JedupuLRMM4kL3ezc7ASDax,check,10
21911.018,1AXEkQ4EHAHKb6H3xbFVGD1JedupuLRMM4kL3ezc7ASDax,check,12
21971.018,1AXEkQ4EHAHKb6H3xbFVGD1JedupuLRMM4kL3ezc7ASDax,check,11
22031.018,1AXEkQ4EHAHKb6H3xbFVGD1JedupuLRMM4kL3ezc7ASDax,check,13
22091.018,1AXEkQ4EHAHKb6H3xbFVGD1JedupuLRMM4kL3ezc7ASDax,check,14
22151.018,1AXEkQ4EHAHKb6H3xbFVGD1JedupuLRMM4kL3ezc7ASDax,check,12
22211.02,1AXEkQ4EHAHKb6H3xbFVGD1JedupuLRMM4kL3ezc7ASDax,check,14
22271.018,1AXEkQ4EHAHKb6H3xbFVGD1JedupuLRMM4kL3ezc7ASDax,check,14
22331.014,1AXEkQ4EHAHKb6H3xbFVGD1JedupuLRMM4kL3ezc7ASDax,check,14
22391.016,1AXEkQ4EHAHKb6H3xbFVGD1JedupuLRMM4kL3ezc7ASDax,check,13
22451.016,1AXEkQ4EHAHKb6H3xbFVGD1JedupuLRMM4kL3ezc7ASDax,check,13
22511.018,1AXEkQ4EHAHKb6H3xbFVGD1JedupuLRMM4kL3ezc7ASDax,check,7
22571.016,1AXEkQ4EHAHKb6H3xbFVGD1JedupuLRMM4kL3ezc7ASDax,check,9
22631.018,1AXEkQ4EHAHKb6H3xbFVGD1JedupuLRMM4kL3ezc7ASDax,check,6
22691.01,1AXEkQ4EHAHKb6H3xbFVGD1JedupuLRMM4kL3ezc7ASDax,check,12
22751.02,1AXEkQ4EHAHKb6H3xbFVGD1JedupuLRMM4kL3ezc7ASDax,check,8
22811.018,1AXEkQ4EHAHKb6H3xbFVGD1JedupuLRMM4kL3ezc7ASDax,check,9
22871.018,1AXEkQ4EHAHKb6H3xbFVGD1JedupuLRMM4kL3ezc7ASDax,check,14
22931.016,1AXEkQ4EHAHKb6H3xbFVGD1JedupuLRMM4kL3ezc7ASDax,check,12
22991.018,1AXEkQ4EHAHKb6H3xbFVGD1JedupuLRMM4kL3ezc7ASDax,check,11
23051.018,1AXEkQ4EHAHKb6H3xbFVGD1JedupuLRMM4kL3ezc7ASDax,check,8
23111.018,1AXEkQ4EHAHKb6H3xbFVGD1JedupuLRMM4kL3ezc7ASDax,check,8
23171.02,1AXEkQ4EHAHKb6H3xbFVGD1JedupuLRMM4kL3ezc7ASDax,check,4
23231.016,1AXEkQ4EHAHKb6H3xbFVGD1JedupuLRMM4kL3ezc7ASDax,check,2
23291.02,1AXEkQ4EHAHKb6H3xbFVGD1JedupuLRMM4kL3ezc7ASDax,check,4
23351.02,1AXEkQ4EHAHKb6H3xbFVGD1JedupuLRMM4kL3ezc7ASDax,check,5
23411.018,1AXEkQ4EHAHKb6H3xbFVGD1JedupuLRMM4kL3ezc7ASDax,check,6
23471.018,1AXEkQ4EHAHKb6H3xbFVGD1JedupuLRMM4kL3ezc7ASDax,check,13
23531.018,1AXEkQ4EHAHKb6H3xbFVGD1JedupuLRMM4kL3ezc7ASDax,check,13
23591.02,1AXEkQ4EHAHKb6H3xbFVGD1JedupuLRMM4kL3ezc7ASDax,check,12
23651.018,1AXEkQ4EHAHKb6H3xbFVGD1JedupuLRMM4kL3ezc7ASDax,check,14
23711.018,1AXEkQ4EHAHKb6H3xbFVGD1JedupuLRMM4kL3ezc7ASDax,check,14
23771.016,1AXEkQ4EHAHKb6H3xbFVGD1JedupuLRMM4kL3ezc7ASDax,check,14
23831.018,1AXEkQ4EHAHKb6H3xbFVGD1JedupuLRMM4kL3ezc7ASDax,check,13
23891.016,1AXEkQ4EHAHKb6H3xbFVGD1JedupuLRMM4kL3ezc7ASDax,check,13
23951.018,1AXEkQ4EHAHKb6H3xbFVGD1JedupuLRMM4kL3ezc7ASDax,check,12
24011.016,1AXEkQ4EHAHKb6H3xbFVGD1JedupuLRMM4kL3ezc7ASDax,check,12
24071.018,1AXEkQ4EHAHKb6H3xbFVGD1JedupuLRMM4kL3ezc7ASDax,check,11
24131.02,1AXEkQ4EHAHKb6H3xbFVGD1JedupuLRMM4kL3ezc7ASDax,check,12
24191.018,1AXEkQ4EHAHKb6H3xbFVGD1JedupuLRMM4kL3ezc7ASDax,check,11
24251.018,1AXEkQ4EHAHKb6H3xbFVGD1JedupuLRMM4kL3ezc7ASDax,check,14
24311.018,1AXEkQ4EHAHKb6H3xbFVGD1JedupuLRMM4kL3ezc7ASDax,check,14
24371.018,1AXEkQ4EHAHKb6H3xbFVGD1JedupuLRMM4kL3ezc7ASDax,check,13
24431.018,1AXEkQ4EHAHKb6H3xbFVGD1JedupuLRMM4kL3ezc7ASDax,check,14
24491.018,1AXEkQ4EHAHKb6H3xbFVGD1JedupuLRMM4kL3ezc7ASDax,check,13
24551.016,1AXEkQ4EHAHKb6H3xbFVGD1JedupuLRMM4kL3ezc7ASDax,check,12
24611.016,1AXEkQ4EHAHKb6H3xbFVGD1JedupuLRMM4kL3ezc7ASDax,check,13
24671.018,1AXEkQ4EHAHKb6H3xbFVGD1JedupuLRMM4kL3ezc7ASDax,check,12
24731.016,1AXEkQ4EHAHKb6H3xbFVGD1JedupuLRMM4kL3ezc7ASDax,check,9
24791.018,1AXEkQ4EHAHKb6H3xbFVGD1JedupuLRMM4kL3ezc7ASDax,check,13
24851.016,1AXEkQ4EHAHKb6H3xbFVGD1JedupuLRMM4kL3ezc7ASDax,check,12
24911.014,1AXEkQ4EHAHKb6H3xbFVGD1JedupuLRMM4kL3ezc7ASDax,check,11
24971.018,1AXEkQ4EHAHKb6H3xbFVGD1JedupuLRMM4kL3ezc7ASDax,check,12
25031.018,1AXEkQ4EHAHKb6H3xbFVGD1JedupuLRMM4kL3ezc7ASDax,check,13
25091.018,1AXEkQ4EHAHKb6H3xbFVGD1JedupuLRMM4kL3ezc7ASDax,check,12
25151.018,1AXEkQ4EHAHKb6H3xbFVGD1JedupuLRMM4kL3ezc7ASDax,check,8
25211.018,1AXEkQ4EHAHKb6H3xbFVGD1JedupuLRMM4kL3ezc7ASDax,check,14
25271.02,1AXEkQ4EHAHKb6H3xbFVGD1JedupuLRMM4kL3ezc7ASDax,check,7
25331.016,1AXEkQ4EHAHKb6H3xbFVGD1JedupuLRMM4kL3ezc7ASDax,check,12
25391.018,1AXEkQ4EHAHKb6H3xbFVGD1JedupuLRMM4kL3ezc7ASDax,check,9
25451.018,1AXEkQ4EHAHKb6H3xbFVGD1JedupuLRMM4kL3ezc7ASDax,check,6
25511.018,1AXEkQ4EHAHKb6H3xbFVGD1JedupuLRMM4kL3ezc7ASDax,check,6
25571.018,1AXEkQ4EHAHKb6H3xbFVGD1JedupuLRMM4kL3ezc7ASDax,check,3
25631.018,1AXEkQ4EHAHKb6H3xbFVGD1JedupuLRMM4kL3ezc7ASDax,check,3
25691.018,1AXEkQ4EHAHKb6H3xbFVGD1JedupuLRMM4kL3ezc7ASDax,check,4
25751.018,1AXEkQ4EHAHKb6H3xbFVGD1JedupuLRMM4kL3ezc7ASDax,check,2
25811.018,1AXEkQ4EHAHKb6H3xbFVGD1JedupuLRMM4kL3ezc7ASDax,check,9
25871.018,1AXEkQ4EHAHKb6H3xbFVGD1JedupuLRMM4kL3ezc7ASDax,check,10
25931.02,1AXEkQ4EHAHKb6H3xbFVGD1JedupuLRMM4kL3ezc7ASDax,check,8
25991.018,1AXEkQ4EHAHKb6H3xbFVGD1JedupuLRMM4kL3ezc7ASDax,check,13
26051.018,1AXEkQ4EHAHKb6H3xbFVGD1JedupuLRMM4kL3ezc7ASDax,check,12
26111.016,1AXEkQ4EHAHKb6H3xbFVGD1JedupuLRMM4kL3ezc7ASDax,check,13
26171.016,1AXEkQ4EHAHKb6H3xbFVGD1JedupuLRMM4kL3ezc7ASDax,check,11
26231.018,1AXEkQ4EHAHKb6H3xbFVGD1JedupuLRMM4kL3ezc7ASDax,check,7
26291.016,1AXEkQ4EHAHKb6H3xbFVGD1JedupuLRMM4kL3ezc7ASDax,check,2
26351.016,1AXEkQ4EHAHKb6H3xbFVGD1JedupuLRMM4kL3ezc7ASDax,check,2
26411.016,1AXEkQ4EHAHKb6H3xbFVGD1JedupuLRMM4kL3ezc7ASDax,check,2
26471.018,1AXEkQ4EHAHKb6H3xbFVGD1JedupuLRMM4kL3ezc7ASDax,check,2
26531.018,1AXEkQ4EHAHKb6H3xbFVGD1JedupuLRMM4kL3ezc7ASDax,check,2
26591.018,1AXEkQ4EHAHKb6H3xbFVGD1JedupuLRMM4kL3ezc7ASDax,check,12
26651.018,1AXEkQ4EHAHKb6H3xbFVGD1JedupuLRMM4kL3ezc7ASDax,check,14
26711.016,1AXEkQ4EHAHKb6H3xbFVGD1JedupuLRMM4kL3ezc7ASDax,check,11
26771.016,1AXEkQ4EHAHKb6H3xbFVGD1JedupuLRMM4kL3ezc7ASDax,check,13
26831.016,1AXEkQ4EHAHKb6H3xbFVGD1JedupuLRMM4kL3ezc7ASDax,check,12
26891.018,1AXEkQ4EHAHKb6H3xbFVGD1JedupuLRMM4kL3ezc7ASDax,check,11
26951.018,1AXEkQ4EHAHKb6H3xbFVGD1JedupuLRMM4kL3ezc7ASDax,check,13
27011.016,1AXEkQ4EHAHKb6H3xbFVGD1JedupuLRMM4kL3ezc7ASDax,check,9
27071.018,1AXEkQ4EHAHKb6H3xbFVGD1JedupuLRMM4kL3ezc7ASDax,check,10
27131.014,1AXEkQ4EHAHKb6H3xbFVGD1JedupuLRMM4kL3ezc7ASDax,check,11
27191.018,1AXEkQ4EHAHKb6H3xbFVGD1JedupuLRMM4kL3ezc7ASDax,check,11
27251.016,1AXEkQ4EHAHKb6H3xbFVGD1JedupuLRMM4kL3ezc7ASDax,check,11
27311.02,1AXEkQ4EHAHKb6H3xbFVGD1JedupuLRMM4kL3ezc7ASDax,check,5
27371.018,1AXEkQ4EHAHKb6H3xbFVGD1JedupuLRMM4kL3ezc7ASDax,check,14
27431.018,1AXEkQ4EHAHKb6H3xbFVGD1JedupuLRMM4kL3ezc7ASDax,check,14
27491.012,1AXEkQ4EHAHKb6H3xbFVGD1JedupuLRMM4kL3ezc7ASDax,check,14
27551.018,1AXEkQ4EHAHKb6H3xbFVGD1JedupuLRMM4kL3ezc7ASDax,check,14
27611.016,1AXEkQ4EHAHKb6H3xbFVGD1JedupuLRMM4kL3ezc7ASDax,check,13
27671.018,1AXEkQ4EHAHKb6H3xbFVGD1JedupuLRMM4kL3ezc7ASDax,check,14
27731.018,1AXEkQ4EHAHKb6H3xbFVGD1JedupuLRMM4kL3ezc7ASDax,check,14
27791.016,1AXEkQ4EHAHKb6H3xbFVGD1JedupuLRMM4kL3ezc7ASDax,check,10
27851.018,1AXEkQ4EHAHKb6H3xbFVGD1JedupuLRMM4kL3ezc7ASDax,check,14
27911.018,1AXEkQ4EHAHKb6H3xbFVGD1JedupuLRMM4kL3ezc7ASDax,check,11
27971.018,1AXEkQ4EHAHKb6H3xbFVGD1JedupuLRMM4kL3ezc7ASDax,check,13
28031.018,1AXEkQ4EHAHKb6H3xbFVGD1JedupuLRMM4kL3ezc7ASDax,check,13
28091.018,1AXEkQ4EHAHKb6H3xbFVGD1JedupuLRMM4kL3ezc7ASDax,check,12
28151.016,1AXEkQ4EHAHKb6H3xbFVGD1JedupuLRMM4kL3ezc7ASDax,check,14
28211.016,1AXEkQ4EHAHKb6H3xbFVGD1JedupuLRMM4kL3ezc7ASDax,check,14
28271.02,1AXEkQ4EHAHKb6H3xbFVGD1JedupuLRMM4kL3ezc7ASDax,check,12
28331.018,1AXEkQ4EHAHKb6H3xbFVGD1JedupuLRMM4kL3ezc7ASDax,check,14
28391.018,1AXEkQ4EHAHKb6H3xbFVGD1JedupuLRMM4kL3ezc7ASDax,check,13
28451.016,1AXEkQ4EHAHKb6H3xbFVGD1JedupuLRMM4kL3ezc7ASDax,check,13
28511.018,1AXEkQ4EHAHKb6H3xbFVGD1JedupuLRMM4kL3ezc7ASDax,check,11
28571.018,1AXEkQ4EHAHKb6H3xbFVGD1JedupuLRMM4kL3ezc7ASDax,check,12
28631.018,1AXEkQ4EHAHKb6H3xbFVGD1JedupuLRMM4kL3ezc7ASDax,check,12
28691.018,1AXEkQ4EHAHKb6H3xbFVGD1JedupuLRMM4kL3ezc7ASDax,check,8
28751.018,1AXEkQ4EHAHKb6H3xbFVGD1JedupuLRMM4kL3ezc7ASDax,check,13
28811.02,1AXEkQ4EHAHKb6H3xbFVGD1JedupuLRMM4kL3ezc7ASDax,check,10
28871.02,1AXEkQ4EHAHKb6H3xbFVGD1JedupuLRMM4kL3ezc7ASDax,check,8
28931.02,1AXEkQ4EHAHKb6H3xbFVGD1JedupuLRMM4kL3ezc7ASDax,check,14
28991.018,1AXEkQ4EHAHKb6H3xbFVGD1JedupuLRMM4kL3ezc7ASDax,check,13
29051.02,1AXEkQ4EHAHKb6H3xbFVGD1JedupuLRMM4kL3ezc7ASDax,check,14
29111.018,1AXEkQ4EHAHKb6H3xbFVGD1JedupuLRMM4kL3ezc7ASDax,check,11
29171.018,1AXEkQ4EHAHKb6H3xbFVGD1JedupuLRMM4kL3ezc7ASDax,check,12
29231.014,1AXEkQ4EHAHKb6H3xbFVGD1JedupuLRMM4kL3ezc7ASDax,check,14
29291.012,1AXEkQ4EHAHKb6H3xbFVGD1JedupuLRMM4kL3ezc7ASDax,check,10
29351.008,1AXEkQ4EHAHKb6H3xbFVGD1JedupuLRMM4kL3ezc7ASDax,check,9
29411.006,1AXEkQ4EHAHKb6H3xbFVGD1JedupuLRMM4kL3ezc7ASDax,check,5
29471.01,1AXEkQ4EHAHKb6H3xbFVGD1JedupuLRMM4kL3ezc7ASDax,check,8
29531.018,1AXEkQ4EHAHKb6H3xbFVGD1JedupuLRMM4kL3ezc7ASDax,check,7
29591.018,1AXEkQ4EHAHKb6H3xbFVGD1JedupuLRMM4kL3ezc7ASDax,check,5
29651.018,1AXEkQ4EHAHKb6H3xbFVGD1JedupuLRMM4kL3ezc7ASDax,check,4
29711.018,1AXEkQ4EHAHKb6H3xbFVGD1JedupuLRMM4kL3ezc7ASDax,check,14
29771.018,1AXEkQ4EHAHKb6H3xbFVGD1JedupuLRMM4kL3ezc7ASDax,check,14
29831.018,1AXEkQ4EHAHKb6H3xbFVGD1JedupuLRMM4kL3ezc7ASDax,check,14
29891.018,1AXEkQ4EHAHKb6H3xbFVGD1JedupuLRMM4kL3ezc7ASDax,check,13
29951.016,1AXEkQ4EHAHKb6H3xbFVGD1JedupuLRMM4kL3ezc7ASDax,check,14
30011.018,1AXEkQ4EHAHKb6H3xbFVGD1JedupuLRMM4kL3ezc7ASDax,check,13
30071.012,1AXEkQ4EHAHKb6H3xbFVGD1JedupuLRMM4kL3ezc7ASDax,check,14
30131.02,1AXEkQ4EHAHKb6H3xbFVGD1JedupuLRMM4kL3ezc7ASDax,check,13
30191.018,1AXEkQ4EHAHKb6H3xbFVGD1JedupuLRMM4kL3ezc7ASDax,check,13
30251.016,1AXEkQ4EHAHKb6H3xbFVGD1JedupuLRMM4kL3ezc7ASDax,check,10
30311.018,1AXEkQ4EHAHKb6H3xbFVGD1JedupuLRMM4kL3ezc7ASDax,check,10
30371.018,1AXEkQ4EHAHKb6H3xbFVGD1JedupuLRMM4kL3ezc7ASDax,check,13
30431.018,1AXEkQ4EHAHKb6H3xbFVGD1JedupuLRMM4kL3ezc7ASDax,check,11
30491.016,1AXEkQ4EHAHKb6H3xbFVGD1JedupuLRMM4kL3ezc7ASDax,check,13
30551.018,1AXEkQ4EHAHKb6H3xbFVGD1JedupuLRMM4kL3ezc7ASDax,check,14
30611.016,1AXEkQ4EHAHKb6H3xbFVGD1JedupuLRMM4kL3ezc7ASDax,check,14
30671.02,1AXEkQ4EHAHKb6H3xbFVGD1JedupuLRMM4kL3ezc7ASDax,check,13
30731.016,1AXEkQ4EHAHKb6H3xbFVGD1JedupuLRMM4kL3ezc7ASDax,check,14
30791.018,1AXEkQ4EHAHKb6H3xbFVGD1JedupuLRMM4kL3ezc7ASDax,check,14
30851.018,1AXEkQ4EHAHKb6H3xbFVGD1JedupuLRMM4kL3ezc7ASDax,check,14
30911.016,1AXEkQ4EHAHKb6H3xbFVGD1JedupuLRMM4kL3ezc7ASDax,check,14
30971.018,1AXEkQ4EHAHKb6H3xbFVGD1JedupuLRMM4kL3ezc7ASDax,check,13
31031.018,1AXEkQ4EHAHKb6H3xbFVGD1JedupuLRMM4kL3ezc7ASDax,check,13
31091.016,1AXEkQ4EHAHKb6H3xbFVGD1JedupuLRMM4kL3ezc7ASDax,check,14
31151.014,1AXEkQ4EHAHKb6H3xbFVGD1JedupuLRMM4kL3ezc7ASDax,check,13
31211.016,1AXEkQ4EHAHKb6H3xbFVGD1JedupuLRMM4kL3ezc7ASDax,check,12
31271.018,1AXEkQ4EHAHKb6H3xbFVGD1JedupuLRMM4kL3ezc7ASDax,check,13
31331.018,1AXEkQ4EHAHKb6H3xbFVGD1JedupuLRMM4kL3ezc7ASDax,check,14
31391.018,1AXEkQ4EHAHKb6H3xbFVGD1JedupuLRMM4kL3ezc7ASDax,check,14
31451.018,1AXEkQ4EHAHKb6H3xbFVGD1JedupuLRMM4kL3ezc7ASDax,check,14
31511.018,1AXEkQ4EHAHKb6H3xbFVGD1JedupuLRMM4kL3ezc7ASDax,check,14
31571.018,1AXEkQ4EHAHKb6H3xbFVGD1JedupuLRMM4kL3ezc7ASDax,check,14
31631.018,1AXEkQ4EHAHKb6H3xbFVGD1JedupuLRMM4kL3ezc7ASDax,check,14
31691.018,1AXEkQ4EHAHKb6H3xbFVGD1JedupuLRMM4kL3ezc7ASDax,check,14
31751.018,1AXEkQ4EHAHKb6H3xbFVGD1JedupuLRMM4kL3ezc7ASDax,check,13
31811.018,1AXEkQ4EHAHKb6H3xbFVGD1JedupuLRMM4kL3ezc7ASDax,check,13
31871.018,1AXEkQ4EHAHKb6H3xbFVGD1JedupuLRMM4kL3ezc7ASDax,check,13
31931.018,1AXEkQ4EHAHKb6H3xbFVGD1JedupuLRMM4kL3ezc7ASDax,check,13
31991.016,1AXEkQ4EHAHKb6H3xbFVGD1JedupuLRMM4kL3ezc7ASDax,check,14
32051.018,1AXEkQ4EHAHKb6H3xbFVGD1JedupuLRMM4kL3ezc7ASDax,check,13
32111.018,1AXEkQ4EHAHKb6H3xbFVGD1JedupuLRMM4kL3ezc7ASDax,check,14
32171.016,1AXEkQ4EHAHKb6H3xbFVGD1JedupuLRMM4kL3ezc7ASDax,check,14
32231.018,1AXEkQ4EHAHKb6H3xbFVGD1JedupuLRMM4kL3ezc7ASDax,check,14
32291.016,1AXEkQ4EHAHKb6H3xbFVGD1JedupuLRMM4kL3ezc7ASDax,check,14
32351.018,1AXEkQ4EHAHKb6H3xbFVGD1JedupuLRMM4kL3ezc7ASDax,check,14
32411.016,1AXEkQ4EHAHKb6H3xbFVGD1JedupuLRMM4kL3ezc7ASDax,check,14
32471.018,1AXEkQ4EHAHKb6H3xbFVGD1JedupuLRMM4kL3ezc7ASDax,check,12
32531.018,1AXEkQ4EHAHKb6H3xbFVGD1JedupuLRMM4kL3ezc7ASDax,check,14
32591.018,1AXEkQ4EHAHKb6H3xbFVGD1JedupuLRMM4kL3ezc7ASDax,check,14
32651.016,1AXEkQ4EHAHKb6H3xbFVGD1JedupuLRMM4kL3ezc7ASDax,check,13
32711.016,1AXEkQ4EHAHKb6H3xbFVGD1JedupuLRMM4kL3ezc7ASDax,check,14
32771.016,1AXEkQ4EHAHKb6H3xbFVGD1JedupuLRMM4kL3ezc7ASDax,check,14
32831.016,1AXEkQ4EHAHKb6H3xbFVGD1JedupuLRMM4kL3ezc7ASDax,check,14
32891.016,1AXEkQ4EHAHKb6H3xbFVGD1JedupuLRMM4kL3ezc7ASDax,check,13
32951.016,1AXEkQ4EHAHKb6H3xbFVGD1JedupuLRMM4kL3ezc7ASDax,check,14
33011.01,1AXEkQ4EHAHKb6H3xbFVGD1JedupuLRMM4kL3ezc7ASDax,check,14
33071.016,1AXEkQ4EHAHKb6H3xbFVGD1JedupuLRMM4kL3ezc7ASDax,check,14
33131.016,1AXEkQ4EHAHKb6H3xbFVGD1JedupuLRMM4kL3ezc7ASDax,check,14
33191.02,1AXEkQ4EHAHKb6H3xbFVGD1JedupuLRMM4kL3ezc7ASDax,check,14
33251.016,1AXEkQ4EHAHKb6H3xbFVGD1JedupuLRMM4kL3ezc7ASDax,check,13
33311.016,1AXEkQ4EHAHKb6H3xbFVGD1JedupuLRMM4kL3ezc7ASDax,check,14
33371.01,1AXEkQ4EHAHKb6H3xbFVGD1JedupuLRMM4kL3ezc7ASDax,check,13
33431.016,1AXEkQ4EHAHKb6H3xbFVGD1JedupuLRMM4kL3ezc7ASDax,check,13
33491.016,1AXEkQ4EHAHKb6H3xbFVGD1JedupuLRMM4kL3ezc7ASDax,check,13
33551.016,1AXEkQ4EHAHKb6H3xbFVGD1JedupuLRMM4kL3ezc7ASDax,check,14
33611.02,1AXEkQ4EHAHKb6H3xbFVGD1JedupuLRMM4kL3ezc7ASDax,check,13
33671.016,1AXEkQ4EHAHKb6H3xbFVGD1JedupuLRMM4kL3ezc7ASDax,check,14
33731.01,1AXEkQ4EHAHKb6H3xbFVGD1JedupuLRMM4kL3ezc7ASDax,check,14
33791.016,1AXEkQ4EHAHKb6H3xbFVGD1JedupuLRMM4kL3ezc7ASDax,check,14
33851.016,1AXEkQ4EHAHKb6H3xbFVGD1JedupuLRMM4kL3ezc7ASDax,check,14
33911.016,1AXEkQ4EHAHKb6H3xbFVGD1JedupuLRMM4kL3ezc7ASDax,check,13
33971.016,1AXEkQ4EHAHKb6H3xbFVGD1JedupuLRMM4kL3ezc7ASDax,check,13
34031.016,1AXEkQ4EHAHKb6H3xbFVGD1JedupuLRMM4kL3ezc7ASDax,check,14
34091.016,1AXEkQ4EHAHKb6H3xbFVGD1JedupuLRMM4kL3ezc7ASDax,check,12
34151.016,1AXEkQ4EHAHKb6H3xbFVGD1JedupuLRMM4kL3ezc7ASDax,check,13
34211.016,1AXEkQ4EHAHKb6H3xbFVGD1JedupuLRMM4kL3ezc7ASDax,check,14
34271.02,1AXEkQ4EHAHKb6H3xbFVGD1JedupuLRMM4kL3ezc7ASDax,check,14
34331.02,1AXEkQ4EHAHKb6H3xbFVGD1JedupuLRMM4kL3ezc7ASDax,check,14
34391.016,1AXEkQ4EHAHKb6H3xbFVGD1JedupuLRMM4kL3ezc7ASDax,check,14
34451.016,1AXEkQ4EHAHKb6H3xbFVGD1JedupuLRMM4kL3ezc7ASDax,check,14
34511.02,1AXEkQ4EHAHKb6H3xbFVGD1JedupuLRMM4kL3ezc7ASDax,check,14
34571.016,1AXEkQ4EHAHKb6H3xbFVGD1JedupuLRMM4kL3ezc7ASDax,check,13
34631.016,1AXEkQ4EHAHKb6H3xbFVGD1JedupuLRMM4kL3ezc7ASDax,check,14
34691.016,1AXEkQ4EHAHKb6H3xbFVGD1JedupuLRMM4kL3ezc7ASDax,check,13
34751.016,1AXEkQ4EHAHKb6H3xbFVGD1JedupuLRMM4kL3ezc7ASDax,check,14
34811.016,1AXEkQ4EHAHKb6H3xbFVGD1JedupuLRMM4kL3ezc7ASDax,check,13
34871.02,1AXEkQ4EHAHKb6H3xbFVGD1JedupuLRMM4kL3ezc7ASDax,check,13
34931.016,1AXEkQ4EHAHKb6H3xbFVGD1JedupuLRMM4kL3ezc7ASDax,check,14
34991.02,1AXEkQ4EHAHKb6H3xbFVGD1JedupuLRMM4kL3ezc7ASDax,check,11
35051.016,1AXEkQ4EHAHKb6H3xbFVGD1JedupuLRMM4kL3ezc7ASDax,check,13
35111.016,1AXEkQ4EHAHKb6H3xbFVGD1JedupuLRMM4kL3ezc7ASDax,check,14
35171.016,1AXEkQ4EHAHKb6H3xbFVGD1JedupuLRMM4kL3ezc7ASDax,check,10
35231.016,1AXEkQ4EHAHKb6H3xbFVGD1JedupuLRMM4kL3ezc7ASDax,check,14
35291.016,1AXEkQ4EHAHKb6H3xbFVGD1JedupuLRMM4kL3ezc7ASDax,check,14
35351.02,1AXEkQ4EHAHKb6H3xbFVGD1JedupuLRMM4kL3ezc7ASDax,check,11
35411.016,1AXEkQ4EHAHKb6H3xbFVGD1JedupuLRMM4kL3ezc7ASDax,check,13
35471.016,1AXEkQ4EHAHKb6H3xbFVGD1JedupuLRMM4kL3ezc7ASDax,check,13
35531.016,1AXEkQ4EHAHKb6H3xbFVGD1JedupuLRMM4kL3ezc7ASDax,check,14
35591.016,1AXEkQ4EHAHKb6H3xbFVGD1JedupuLRMM4kL3ezc7ASDax,check,14
35651.02,1AXEkQ4EHAHKb6H3xbFVGD1JedupuLRMM4kL3ezc7ASDax,check,13
35711.016,1AXEkQ4EHAHKb6H3xbFVGD1JedupuLRMM4kL3ezc7ASDax,check,13
35771.016,1AXEkQ4EHAHKb6H3xbFVGD1JedupuLRMM4kL3ezc7ASDax,check,14
35831.02,1AXEkQ4EHAHKb6H3xbFVGD1JedupuLRMM4kL3ezc7ASDax,check,14
35891.016,1AXEkQ4EHAHKb6H3xbFVGD1JedupuLRMM4kL3ezc7ASDax,check,14
35951.01,1AXEkQ4EHAHKb6H3xbFVGD1JedupuLRMM4kL3ezc7ASDax,check,13
36011.016,1AXEkQ4EHAHKb6H3xbFVGD1JedupuLRMM4kL3ezc7ASDax,check,14
36071.016,1AXEkQ4EHAHKb6H3xbFVGD1JedupuLRMM4kL3ezc7ASDax,check,13
36131.02,1AXEkQ4EHAHKb6H3xbFVGD1JedupuLRMM4kL3ezc7ASDax,check,13
36191.016,1AXEkQ4EHAHKb6H3xbFVGD1JedupuLRMM4kL3ezc7ASDax,check,14
36251.016,1AXEkQ4EHAHKb6H3xbFVGD1JedupuLRMM4kL3ezc7ASDax,check,14
36311.01,1AXEkQ4EHAHKb6H3xbFVGD1JedupuLRMM4kL3ezc7ASDax,check,14
36371.016,1AXEkQ4EHAHKb6H3xbFVGD1JedupuLRMM4kL3ezc7ASDax,check,14
36431.02,1AXEkQ4EHAHKb6H3xbFVGD1JedupuLRMM4kL3ezc7ASDax,check,14
36491.016,1AXEkQ4EHAHKb6H3xbFVGD1JedupuLRMM4kL3ezc7ASDax,check,14
36551.016,1AXEkQ4EHAHKb6H3xbFVGD1JedupuLRMM4kL3ezc7ASDax,check,14
36611.02,1AXEkQ4EHAHKb6H3xbFVGD1JedupuLRMM4kL3ezc7ASDax,check,12
36671.02,1AXEkQ4EHAHKb6H3xbFVGD1JedupuLRMM4kL3ezc7ASDax,check,14
36731.016,1AXEkQ4EHAHKb6H3xbFVGD1JedupuLRMM4kL3ezc7ASDax,check,14
36791.02,1AXEkQ4EHAHKb6H3xbFVGD1JedupuLRMM4kL3ezc7ASDax,check,14
36851.016,1AXEkQ4EHAHKb6H3xbFVGD1JedupuLRMM4kL3ezc7ASDax,check,14
36911.02,1AXEkQ4EHAHKb6H3xbFVGD1JedupuLRMM4kL3ezc7ASDax,check,13
36971.016,1AXEkQ4EHAHKb6H3xbFVGD1JedupuLRMM4kL3ezc7ASDax,check,14
37031.016,1AXEkQ4EHAHKb6H3xbFVGD1JedupuLRMM4kL3ezc7ASDax,check,14
37091.02,1AXEkQ4EHAHKb6H3xbFVGD1JedupuLRMM4kL3ezc7ASDax,check,13
37151.016,1AXEkQ4EHAHKb6H3xbFVGD1JedupuLRMM4kL3ezc7ASDax,check,12
37211.016,1AXEkQ4EHAHKb6H3xbFVGD1JedupuLRMM4kL3ezc7ASDax,check,12
37271.02,1AXEkQ4EHAHKb6H3xbFVGD1JedupuLRMM4kL3ezc7ASDax,check,12
37331.016,1AXEkQ4EHAHKb6H3xbFVGD1JedupuLRMM4kL3ezc7ASDax,check,11
37391.008,1AXEkQ4EHAHKb6H3xbFVGD1JedupuLRMM4kL3ezc7ASDax,check,13
37451.016,1AXEkQ4EHAHKb6H3xbFVGD1JedupuLRMM4kL3ezc7ASDax,check,14
37511.016,1AXEkQ4EHAHKb6H3xbFVGD1JedupuLRMM4kL3ezc7ASDax,check,13
37571.016,1AXEkQ4EHAHKb6H3xbFVGD1JedupuLRMM4kL3ezc7ASDax,check,14
37631.016,1AXEkQ4EHAHKb6H3xbFVGD1JedupuLRMM4kL3ezc7ASDax,check,14
37691.008,1AXEkQ4EHAHKb6H3xbFVGD1JedupuLRMM4kL3ezc7ASDax,check,14
37751.008,1AXEkQ4EHAHKb6H3xbFVGD1JedupuLRMM4kL3ezc7ASDax,check,14
37811.008,1AXEkQ4EHAHKb6H3xbFVGD1JedupuLRMM4kL3ezc7ASDax,check,13
37871.008,1AXEkQ4EHAHKb6H3xbFVGD1JedupuLRMM4kL3ezc7ASDax,check,12
37931.016,1AXEkQ4EHAHKb6H3xbFVGD1JedupuLRMM4kL3ezc7ASDax,check,14
37991.016,1AXEkQ4EHAHKb6H3xbFVGD1JedupuLRMM4kL3ezc7ASDax,check,11
38051.02,1AXEkQ4EHAHKb6H3xbFVGD1JedupuLRMM4kL3ezc7ASDax,check,12
38111.01,1AXEkQ4EHAHKb6H3xbFVGD1JedupuLRMM4kL3ezc7ASDax,check,10
38171.016,1AXEkQ4EHAHKb6H3xbFVGD1JedupuLRMM4kL3ezc7ASDax,check,12
38231.016,1AXEkQ4EHAHKb6H3xbFVGD1JedupuLRMM4kL3ezc7ASDax,check,14
38291.016,1AXEkQ4EHAHKb6H3xbFVGD1JedupuLRMM4kL3ezc7ASDax,check,14
38351.016,1AXEkQ4EHAHKb6H3xbFVGD1JedupuLRMM4kL3ezc7ASDax,check,13
38411.016,1AXEkQ4EHAHKb6H3xbFVGD1JedupuLRMM4kL3ezc7ASDax,check,14
38471.016,1AXEkQ4EHAHKb6H3xbFVGD1JedupuLRMM4kL3ezc7ASDax,check,13
38531.02,1AXEkQ4EHAHKb6H3xbFVGD1JedupuLRMM4kL3ezc7ASDax,check,13
38591.016,1AXEkQ4EHAHKb6H3xbFVGD1JedupuLRMM4kL3ezc7ASDax,check,14
38651.02,1AXEkQ4EHAHKb6H3xbFVGD1JedupuLRMM4kL3ezc7ASDax,check,13
38711.016,1AXEkQ4EHAHKb6H3xbFVGD1JedupuLRMM4kL3ezc7ASDax,check,14
38771.02,1AXEkQ4EHAHKb6H3xbFVGD1JedupuLRMM4kL3ezc7ASDax,check,14
38831.016,1AXEkQ4EHAHKb6H3xbFVGD1JedupuLRMM4kL3ezc7ASDax,check,14
38891.016,1AXEkQ4EHAHKb6H3xbFVGD1JedupuLRMM4kL3ezc7ASDax,check,13
38951.016,1AXEkQ4EHAHKb6H3xbFVGD1JedupuLRMM4kL3ezc7ASDax,check,13
39011.02,1AXEkQ4EHAHKb6H3xbFVGD1JedupuLRMM4kL3ezc7ASDax,check,13
39071.016,1AXEkQ4EHAHKb6H3xbFVGD1JedupuLRMM4kL3ezc7ASDax,check,13
39131.016,1AXEkQ4EHAHKb6H3xbFVGD1JedupuLRMM4kL3ezc7ASDax,check,14
39191.016,1AXEkQ4EHAHKb6H3xbFVGD1JedupuLRMM4kL3ezc7ASDax,check,14
39251.02,1AXEkQ4EHAHKb6H3xbFVGD1JedupuLRMM4kL3ezc7ASDax,check,13
39311.016,1AXEkQ4EHAHKb6H3xbFVGD1JedupuLRMM4kL3ezc7ASDax,check,13
39371.016,1AXEkQ4EHAHKb6H3xbFVGD1JedupuLRMM4kL3ezc7ASDax,check,12
39431.02,1AXEkQ4EHAHKb6H3xbFVGD1JedupuLRMM4kL3ezc7ASDax,check,14
39491.016,1AXEkQ4EHAHKb6H3xbFVGD1JedupuLRMM4kL3ezc7ASDax,check,14
39551.02,1AXEkQ4EHAHKb6H3xbFVGD1JedupuLRMM4kL3ezc7ASDax,check,13
39611.016,1AXEkQ4EHAHKb6H3xbFVGD1JedupuLRMM4kL3ezc7ASDax,check,14
39671.016,1AXEkQ4EHAHKb6H3xbFVGD1JedupuLRMM4kL3ezc7ASDax,check,9
39731.016,1AXEkQ4EHAHKb6H3xbFVGD1JedupuLRMM4kL3ezc7ASDax,check,14
39791.016,1AXEkQ4EHAHKb6H3xbFVGD1JedupuLRMM4kL3ezc7ASDax,check,14
39851.016,1AXEkQ4EHAHKb6H3xbFVGD1JedupuLRMM4kL3ezc7ASDax,check,14
39911.016,1AXEkQ4EHAHKb6H3xbFVGD1JedupuLRMM4kL3ezc7ASDax,check,14
39971.01,1AXEkQ4EHAHKb6H3xbFVGD1JedupuLRMM4kL3ezc7ASDax,check,14
40031.016,1AXEkQ4EHAHKb6H3xbFVGD1JedupuLRMM4kL3ezc7ASDax,check,14
40091.02,1AXEkQ4EHAHKb6H3xbFVGD1JedupuLRMM4kL3ezc7ASDax,check,14
40151.016,1AXEkQ4EHAHKb6H3xbFVGD1JedupuLRMM4kL3ezc7ASDax,check,14
40211.016,1AXEkQ4EHAHKb6H3xbFVGD1JedupuLRMM4kL3ezc7ASDax,check,13
40271.02,1AXEkQ4EHAHKb6H3xbFVGD1JedupuLRMM4kL3ezc7ASDax,check,14
40331.01,1AXEkQ4EHAHKb6H3xbFVGD1JedupuLRMM4kL3ezc7ASDax,check,14
40391.016,1AXEkQ4EHAHKb6H3xbFVGD1JedupuLRMM4kL3ezc7ASDax,check,13
40451.02,1AXEkQ4EHAHKb6H3xbFVGD1JedupuLRMM4kL3ezc7ASDax,check,14
40511.016,1AXEkQ4EHAHKb6H3xbFVGD1JedupuLRMM4kL3ezc7ASDax,check,14
40571.016,1AXEkQ4EHAHKb6H3xbFVGD1JedupuLRMM4kL3ezc7ASDax,check,14
40631.02,1AXEkQ4EHAHKb6H3xbFVGD1JedupuLRMM4kL3ezc7ASDax,check,14
40691.01,1AXEkQ4EHAHKb6H3xbFVGD1JedupuLRMM4kL3ezc7ASDax,check,14
40751.016,1AXEkQ4EHAHKb6H3xbFVGD1JedupuLRMM4kL3ezc7ASDax,check,14
40811.016,1AXEkQ4EHAHKb6H3xbFVGD1JedupuLRMM4kL3ezc7ASDax,check,14
40871.02,1AXEkQ4EHAHKb6H3xbFVGD1JedupuLRMM4kL3ezc7ASDax,check,13
40931.016,1AXEkQ4EHAHKb6H3xbFVGD1JedupuLRMM4kL3ezc7ASDax,check,13
40991.016,1AXEkQ4EHAHKb6H3xbFVGD1JedupuLRMM4kL3ezc7ASDax,check,12
41051.02,1AXEkQ4EHAHKb6H3xbFVGD1JedupuLRMM4kL3ezc7ASDax,check,14
41111.016,1AXEkQ4EHAHKb6H3xbFVGD1JedupuLRMM4kL3ezc7ASDax,check,14
41171.016,1AXEkQ4EHAHKb6H3xbFVGD1JedupuLRMM4kL3ezc7ASDax,check,13
41231.016,1AXEkQ4EHAHKb6H3xbFVGD1JedupuLRMM4kL3ezc7ASDax,check,13
41291.016,1AXEkQ4EHAHKb6H3xbFVGD1JedupuLRMM4kL3ezc7ASDax,check,10
41351.016,1AXEkQ4EHAHKb6H3xbFVGD1JedupuLRMM4kL3ezc7ASDax,check,13
41411.016,1AXEkQ4EHAHKb6H3xbFVGD1JedupuLRMM4kL3ezc7ASDax,check,14
41471.016,1AXEkQ4EHAHKb6H3xbFVGD1JedupuLRMM4kL3ezc7ASDax,check,14
41531.016,1AXEkQ4EHAHKb6H3xbFVGD1JedupuLRMM4kL3ezc7ASDax,check,14
41591.016,1AXEkQ4EHAHKb6H3xbFVGD1JedupuLRMM4kL3ezc7ASDax,check,14
41651.02,1AXEkQ4EHAHKb6H3xbFVGD1JedupuLRMM4kL3ezc7ASDax,check,14
41711.016,1AXEkQ4EHAHKb6H3xbFVGD1JedupuLRMM4kL3ezc7ASDax,check,14
41771.016,1AXEkQ4EHAHKb6H3xbFVGD1JedupuLRMM4kL3ezc7ASDax,check,14
41831.02,1AXEkQ4EHAHKb6H3xbFVGD1JedupuLRMM4kL3ezc7ASDax,check,11
41891.016,1AXEkQ4EHAHKb6H3xbFVGD1JedupuLRMM4kL3ezc7ASDax,check,14
41951.016,1AXEkQ4EHAHKb6H3xbFVGD1JedupuLRMM4kL3ezc7ASDax,check,13
42011.016,1AXEkQ4EHAHKb6H3xbFVGD1JedupuLRMM4kL3ezc7ASDax,check,14
42071.016,1AXEkQ4EHAHKb6H3xbFVGD1JedupuLRMM4kL3ezc7ASDax,check,14
42131.016,1AXEkQ4EHAHKb6H3xbFVGD1JedupuLRMM4kL3ezc7ASDax,check,14
42191.016,1AXEkQ4EHAHKb6H3xbFVGD1JedupuLRMM4kL3ezc7ASDax,check,14
42251.016,1AXEkQ4EHAHKb6H3xbFVGD1JedupuLRMM4kL3ezc7ASDax,check,14
42311.02,1AXEkQ4EHAHKb6H3xbFVGD1JedupuLRMM4kL3ezc7ASDax,check,14
42371.016,1AXEkQ4EHAHKb6H3xbFVGD1JedupuLRMM4kL3ezc7ASDax,check,14
42431.016,1AXEkQ4EHAHKb6H3xbFVGD1JedupuLRMM4kL3ezc7ASDax,check,14
42491.02,1AXEkQ4EHAHKb6H3xbFVGD1JedupuLRMM4kL3ezc7ASDax,check,14
42551.016,1AXEkQ4EHAHKb6H3xbFVGD1JedupuLRMM4kL3ezc7ASDax,check,14
42611.016,1AXEkQ4EHAHKb6H3xbFVGD1JedupuLRMM4kL3ezc7ASDax,check,14
42671.02,1AXEkQ4EHAHKb6H3xbFVGD1JedupuLRMM4kL3ezc7ASDax,check,14
42731.016,1AXEkQ4EHAHKb6H3xbFVGD1JedupuLRMM4kL3ezc7ASDax,check,14
42791.016,1AXEkQ4EHAHKb6H3xbFVGD1JedupuLRMM4kL3ezc7ASDax,check,14
42851.02,1AXEkQ4EHAHKb6H3xbFVGD1JedupuLRMM4kL3ezc7ASDax,check,14
42911.016,1AXEkQ4EHAHKb6H3xbFVGD1JedupuLRMM4kL3ezc7ASDax,check,14
42971.016,1AXEkQ4EHAHKb6H3xbFVGD1JedupuLRMM4kL3ezc7ASDax,check,14
43031.016,1AXEkQ4EHAHKb6H3xbFVGD1JedupuLRMM4kL3ezc7ASDax,check,14
43091.016,1AXEkQ4EHAHKb6H3xbFVGD1JedupuLRMM4kL3ezc7ASDax,check,14
43151.02,1AXEkQ4EHAHKb6H3xbFVGD1JedupuLRMM4kL3ezc7ASDax,check,13
43211.016,1AXEkQ4EHAHKb6H3xbFVGD1JedupuLRMM4kL3ezc7ASDax,check,14
43271.016,1AXEkQ4EHAHKb6H3xbFVGD1JedupuLRMM4kL3ezc7ASDax,check,14
43331.02,1AXEkQ4EHAHKb6H3xbFVGD1JedupuLRMM4kL3ezc7ASDax,check,14
43391.016,1AXEkQ4EHAHKb6H3xbFVGD1JedupuLRMM4kL3ezc7ASDax,check,14
43451.02,1AXEkQ4EHAHKb6H3xbFVGD1JedupuLRMM4kL3ezc7ASDax,check,14
43511.02,1AXEkQ4EHAHKb6H3xbFVGD1JedupuLRMM4kL3ezc7ASDax,check,14
43571.016,1AXEkQ4EHAHKb6H3xbFVGD1JedupuLRMM4kL3ezc7ASDax,check,14
43631.016,1AXEkQ4EHAHKb6H3xbFVGD1JedupuLRMM4kL3ezc7ASDax,check,14
43691.016,1AXEkQ4EHAHKb6H3xbFVGD1JedupuLRMM4kL3ezc7ASDax,check,13
43751.016,1AXEkQ4EHAHKb6H3xbFVGD1JedupuLRMM4kL3ezc7ASDax,check,14
43811.016,1AXEkQ4EHAHKb6H3xbFVGD1JedupuLRMM4kL3ezc7ASDax,check,14
43871.02,1AXEkQ4EHAHKb6H3xbFVGD1JedupuLRMM4kL3ezc7ASDax,check,14
43931.016,1AXEkQ4EHAHKb6H3xbFVGD1JedupuLRMM4kL3ezc7ASDax,check,13
43991.01,1AXEkQ4EHAHKb6H3xbFVGD1JedupuLRMM4kL3ezc7ASDax,check,14
44051.02,1AXEkQ4EHAHKb6H3xbFVGD1JedupuLRMM4kL3ezc7ASDax,check,14
44111.016,1AXEkQ4EHAHKb6H3xbFVGD1JedupuLRMM4kL3ezc7ASDax,check,14
44171.016,1AXEkQ4EHAHKb6H3xbFVGD1JedupuLRMM4kL3ezc7ASDax,check,14
44231.016,1AXEkQ4EHAHKb6H3xbFVGD1JedupuLRMM4kL3ezc7ASDax,check,13
44291.016,1AXEkQ4EHAHKb6H3xbFVGD1JedupuLRMM4kL3ezc7ASDax,check,14
44351.01,1AXEkQ4EHAHKb6H3xbFVGD1JedupuLRMM4kL3ezc7ASDax,check,14
44411.016,1AXEkQ4EHAHKb6H3xbFVGD1JedupuLRMM4kL3ezc7ASDax,check,13
44471.016,1AXEkQ4EHAHKb6H3xbFVGD1JedupuLRMM4kL3ezc7ASDax,check,14
44531.016,1AXEkQ4EHAHKb6H3xbFVGD1JedupuLRMM4kL3ezc7ASDax,check,14
44591.016,1AXEkQ4EHAHKb6H3xbFVGD1JedupuLRMM4kL3ezc7ASDax,check,13
44651.016,1AXEkQ4EHAHKb6H3xbFVGD1JedupuLRMM4kL3ezc7ASDax,check,14
44711.016,1AXEkQ4EHAHKb6H3xbFVGD1JedupuLRMM4kL3ezc7ASDax,check,14
44771.016,1AXEkQ4EHAHKb6H3xbFVGD1JedupuLRMM4kL3ezc7ASDax,check,14
44831.016,1AXEkQ4EHAHKb6H3xbFVGD1JedupuLRMM4kL3ezc7ASDax,check,14
44891.02,1AXEkQ4EHAHKb6H3xbFVGD1JedupuLRMM4kL3ezc7ASDax,check,13
44951.016,1AXEkQ4EHAHKb6H3xbFVGD1JedupuLRMM4kL3ezc7ASDax,check,14
45011.016,1AXEkQ4EHAHKb6H3xbFVGD1JedupuLRMM4kL3ezc7ASDax,check,13
45071.016,1AXEkQ4EHAHKb6H3xbFVGD1JedupuLRMM4kL3ezc7ASDax,check,14
45131.016,1AXEkQ4EHAHKb6H3xbFVGD1JedupuLRMM4kL3ezc7ASDax,check,14
45191.02,1AXEkQ4EHAHKb6H3xbFVGD1JedupuLRMM4kL3ezc7ASDax,check,14
45251.016,1AXEkQ4EHAHKb6H3xbFVGD1JedupuLRMM4kL3ezc7ASDax,check,14
45311.016,1AXEkQ4EHAHKb6H3xbFVGD1JedupuLRMM4kL3ezc7ASDax,check,14
45371.02,1AXEkQ4EHAHKb6H3xbFVGD1JedupuLRMM4kL3ezc7ASDax,check,14
45431.01,1AXEkQ4EHAHKb6H3xbFVGD1JedupuLRMM4kL3ezc7ASDax,check,14
45491.016,1AXEkQ4EHAHKb6H3xbFVGD1JedupuLRMM4kL3ezc7ASDax,check,14
45551.016,1AXEkQ4EHAHKb6H3xbFVGD1JedupuLRMM4kL3ezc7ASDax,check,14
45611.016,1AXEkQ4EHAHKb6H3xbFVGD1JedupuLRMM4kL3ezc7ASDax,check,14
45671.02,1AXEkQ4EHAHKb6H3xbFVGD1JedupuLRMM4kL3ezc7ASDax,check,14
45731.02,1AXEkQ4EHAHKb6H3xbFVGD1JedupuLRMM4kL3ezc7ASDax,check,14
45791.01,1AXEkQ4EHAHKb6H3xbFVGD1JedupuLRMM4kL3ezc7ASDax,check,14
45851.02,1AXEkQ4EHAHKb6H3xbFVGD1JedupuLRMM4kL3ezc7ASDax,check,12
45911.02,1AXEkQ4EHAHKb6H3xbFVGD1JedupuLRMM4kL3ezc7ASDax,check,14
45971.016,1AXEkQ4EHAHKb6H3xbFVGD1JedupuLRMM4kL3ezc7ASDax,check,14
46031.016,1AXEkQ4EHAHKb6H3xbFVGD1JedupuLRMM4kL3ezc7ASDax,check,14
46091.016,1AXEkQ4EHAHKb6H3xbFVGD1JedupuLRMM4kL3ezc7ASDax,check,14
46151.01,1AXEkQ4EHAHKb6H3xbFVGD1JedupuLRMM4kL3ezc7ASDax,check,14
46211.016,1AXEkQ4EHAHKb6H3xbFVGD1JedupuLRMM4kL3ezc7ASDax,check,14
46271.016,1AXEkQ4EHAHKb6H3xbFVGD1JedupuLRMM4kL3ezc7ASDax,check,14
46331.016,1AXEkQ4EHAHKb6H3xbFVGD1JedupuLRMM4kL3ezc7ASDax,check,14
46391.008,1AXEkQ4EHAHKb6H3xbFVGD1JedupuLRMM4kL3ezc7ASDax,check,14
46451.008,1AXEkQ4EHAHKb6H3xbFVGD1JedupuLRMM4kL3ezc7ASDax,check,14
46511.008,1AXEkQ4EHAHKb6H3xbFVGD1JedupuLRMM4kL3ezc7ASDax,check,14
46571.004,1AXEkQ4EHAHKb6H3xbFVGD1JedupuLRMM4kL3ezc7ASDax,check,14
46631.01,1AXEkQ4EHAHKb6H3xbFVGD1JedupuLRMM4kL3ezc7ASDax,check,13
46691.016,1AXEkQ4EHAHKb6H3xbFVGD1JedupuLRMM4kL3ezc7ASDax,check,14
46751.016,1AXEkQ4EHAHKb6H3xbFVGD1JedupuLRMM4kL3ezc7ASDax,check,14
46811.016,1AXEkQ4EHAHKb6H3xbFVGD1JedupuLRMM4kL3ezc7ASDax,check,14
46871.01,1AXEkQ4EHAHKb6H3xbFVGD1JedupuLRMM4kL3ezc7ASDax,check,14
46931.016,1AXEkQ4EHAHKb6H3xbFVGD1JedupuLRMM4kL3ezc7ASDax,check,14
46991.02,1AXEkQ4EHAHKb6H3xbFVGD1JedupuLRMM4kL3ezc7ASDax,check,14
47051.016,1AXEkQ4EHAHKb6H3xbFVGD1JedupuLRMM4kL3ezc7ASDax,check,14
47111.016,1AXEkQ4EHAHKb6H3xbFVGD1JedupuLRMM4kL3ezc7ASDax,check,14
47171.016,1AXEkQ4EHAHKb6H3xbFVGD1JedupuLRMM4kL3ezc7ASDax,check,14
47231.016,1AXEkQ4EHAHKb6H3xbFVGD1JedupuLRMM4kL3ezc7ASDax,check,14
47291.016,1AXEkQ4EHAHKb6H3xbFVGD1JedupuLRMM4kL3ezc7ASDax,check,14
47351.016,1AXEkQ4EHAHKb6H3xbFVGD1JedupuLRMM4kL3ezc7ASDax,check,14
47411.016,1AXEkQ4EHAHKb6H3xbFVGD1JedupuLRMM4kL3ezc7ASDax,check,14
47471.016,1AXEkQ4EHAHKb6H3xbFVGD1JedupuLRMM4kL3ezc7ASDax,check,14
47531.016,1AXEkQ4EHAHKb6H3xbFVGD1JedupuLRMM4kL3ezc7ASDax,check,14
47591.02,1AXEkQ4EHAHKb6H3xbFVGD1JedupuLRMM4kL3ezc7ASDax,check,11
47651.016,1AXEkQ4EHAHKb6H3xbFVGD1JedupuLRMM4kL3ezc7ASDax,check,14
47711.016,1AXEkQ4EHAHKb6H3xbFVGD1JedupuLRMM4kL3ezc7ASDax,check,14
47771.016,1AXEkQ4EHAHKb6H3xbFVGD1JedupuLRMM4kL3ezc7ASDax,check,14
47831.02,1AXEkQ4EHAHKb6H3xbFVGD1JedupuLRMM4kL3ezc7ASDax,check,13
47891.016,1AXEkQ4EHAHKb6H3xbFVGD1JedupuLRMM4kL3ezc7ASDax,check,14
47951.02,1AXEkQ4EHAHKb6H3xbFVGD1JedupuLRMM4kL3ezc7ASDax,check,14
48011.02,1AXEkQ4EHAHKb6H3xbFVGD1JedupuLRMM4kL3ezc7ASDax,check,14
48071.016,1AXEkQ4EHAHKb6H3xbFVGD1JedupuLRMM4kL3ezc7ASDax,check,13
48131.016,1AXEkQ4EHAHKb6H3xbFVGD1JedupuLRMM4kL3ezc7ASDax,check,14
48191.016,1AXEkQ4EHAHKb6H3xbFVGD1JedupuLRMM4kL3ezc7ASDax,check,14
48251.016,1AXEkQ4EHAHKb6H3xbFVGD1JedupuLRMM4kL3ezc7ASDax,check,14
48311.016,1AXEkQ4EHAHKb6H3xbFVGD1JedupuLRMM4kL3ezc7ASDax,check,14
48371.02,1AXEkQ4EHAHKb6H3xbFVGD1JedupuLRMM4kL3ezc7ASDax,check,14
48431.016,1AXEkQ4EHAHKb6H3xbFVGD1JedupuLRMM4kL3ezc7ASDax,check,14
48491.016,1AXEkQ4EHAHKb6H3xbFVGD1JedupuLRMM4kL3ezc7ASDax,check,14
48551.016,1AXEkQ4EHAHKb6H3xbFVGD1JedupuLRMM4kL3ezc7ASDax,check,14
48611.02,1AXEkQ4EHAHKb6H3xbFVGD1JedupuLRMM4kL3ezc7ASDax,check,13
48671.02,1AXEkQ4EHAHKb6H3xbFVGD1JedupuLRMM4kL3ezc7ASDax,check,14
48731.01,1AXEkQ4EHAHKb6H3xbFVGD1JedupuLRMM4kL3ezc7ASDax,check,14
48791.02,1AXEkQ4EHAHKb6H3xbFVGD1JedupuLRMM4kL3ezc7ASDax,check,14
48851.016,1AXEkQ4EHAHKb6H3xbFVGD1JedupuLRMM4kL3ezc7ASDax,check,14
48911.016,1AXEkQ4EHAHKb6H3xbFVGD1JedupuLRMM4kL3ezc7ASDax,check,14
48971.016,1AXEkQ4EHAHKb6H3xbFVGD1JedupuLRMM4kL3ezc7ASDax,check,14
49031.02,1AXEkQ4EHAHKb6H3xbFVGD1JedupuLRMM4kL3ezc7ASDax,check,14
49091.008,1AXEkQ4EHAHKb6H3xbFVGD1JedupuLRMM4kL3ezc7ASDax,check,14
49151.02,1AXEkQ4EHAHKb6H3xbFVGD1JedupuLRMM4kL3ezc7ASDax,check,14
49211.016,1AXEkQ4EHAHKb6H3xbFVGD1JedupuLRMM4kL3ezc7ASDax,check,14
49271.016,1AXEkQ4EHAHKb6H3xbFVGD1JedupuLRMM4kL3ezc7ASDax,check,14
49331.016,1AXEkQ4EHAHKb6H3xbFVGD1JedupuLRMM4kL3ezc7ASDax,check,14
49391.016,1AXEkQ4EHAHKb6H3xbFVGD1JedupuLRMM4kL3ezc7ASDax,check,14
49451.016,1AXEkQ4EHAHKb6H3xbFVGD1JedupuLRMM4kL3ezc7ASDax,check,14
49511.02,1AXEkQ4EHAHKb6H3xbFVGD1JedupuLRMM4kL3ezc7ASDax,check,14
49571.016,1AXEkQ4EHAHKb6H3xbFVGD1JedupuLRMM4kL3ezc7ASDax,check,13
49631.016,1AXEkQ4EHAHKb6H3xbFVGD1JedupuLRMM4kL3ezc7ASDax,check,14
49691.016,1AXEkQ4EHAHKb6H3xbFVGD1JedupuLRMM4kL3ezc7ASDax,check,12
49751.016,1AXEkQ4EHAHKb6H3xbFVGD1JedupuLRMM4kL3ezc7ASDax,check,14
49811.016,1AXEkQ4EHAHKb6H3xbFVGD1JedupuLRMM4kL3ezc7ASDax,check,14
49871.02,1AXEkQ4EHAHKb6H3xbFVGD1JedupuLRMM4kL3ezc7ASDax,check,14
49931.016,1AXEkQ4EHAHKb6H3xbFVGD1JedupuLRMM4kL3ezc7ASDax,check,14
49991.016,1AXEkQ4EHAHKb6H3xbFVGD1JedupuLRMM4kL3ezc7ASDax,check,14
50051.016,1AXEkQ4EHAHKb6H3xbFVGD1JedupuLRMM4kL3ezc7ASDax,check,14
50111.016,1AXEkQ4EHAHKb6H3xbFVGD1JedupuLRMM4kL3ezc7ASDax,check,14
50171.016,1AXEkQ4EHAHKb6H3xbFVGD1JedupuLRMM4kL3ezc7ASDax,check,14
50231.016,1AXEkQ4EHAHKb6H3xbFVGD1JedupuLRMM4kL3ezc7ASDax,check,13
50291.016,1AXEkQ4EHAHKb6H3xbFVGD1JedupuLRMM4kL3ezc7ASDax,check,14
50351.016,1AXEkQ4EHAHKb6H3xbFVGD1JedupuLRMM4kL3ezc7ASDax,check,13
50411.016,1AXEkQ4EHAHKb6H3xbFVGD1JedupuLRMM4kL3ezc7ASDax,check,14
50471.02,1AXEkQ4EHAHKb6H3xbFVGD1JedupuLRMM4kL3ezc7ASDax,check,13
50531.016,1AXEkQ4EHAHKb6H3xbFVGD1JedupuLRMM4kL3ezc7ASDax,check,14
50591.016,1AXEkQ4EHAHKb6H3xbFVGD1JedupuLRMM4kL3ezc7ASDax,check,13
50651.016,1AXEkQ4EHAHKb6H3xbFVGD1JedupuLRMM4kL3ezc7ASDax,check,14
50711.016,1AXEkQ4EHAHKb6H3xbFVGD1JedupuLRMM4kL3ezc7ASDax,check,14
50771.016,1AXEkQ4EHAHKb6H3xbFVGD1JedupuLRMM4kL3ezc7ASDax,check,14
50831.016,1AXEkQ4EHAHKb6H3xbFVGD1JedupuLRMM4kL3ezc7ASDax,check,14
50891.016,1AXEkQ4EHAHKb6H3xbFVGD1JedupuLRMM4kL3ezc7ASDax,check,14
50951.016,1AXEkQ4EHAHKb6H3xbFVGD1JedupuLRMM4kL3ezc7ASDax,check,14
51011.016,1AXEkQ4EHAHKb6H3xbFVGD1JedupuLRMM4kL3ezc7ASDax,check,14
51071.02,1AXEkQ4EHAHKb6H3xbFVGD1JedupuLRMM4kL3ezc7ASDax,check,14
51131.02,1AXEkQ4EHAHKb6H3xbFVGD1JedupuLRMM4kL3ezc7ASDax,check,14
51191.016,1AXEkQ4EHAHKb6H3xbFVGD1JedupuLRMM4kL3ezc7ASDax,check,14
51251.016,1AXEkQ4EHAHKb6H3xbFVGD1JedupuLRMM4kL3ezc7ASDax,check,14
51311.016,1AXEkQ4EHAHKb6H3xbFVGD1JedupuLRMM4kL3ezc7ASDax,check,14
51371.02,1AXEkQ4EHAHKb6H3xbFVGD1JedupuLRMM4kL3ezc7ASDax,check,14
51431.016,1AXEkQ4EHAHKb6H3xbFVGD1JedupuLRMM4kL3ezc7ASDax,check,14
51491.016,1AXEkQ4EHAHKb6H3xbFVGD1JedupuLRMM4kL3ezc7ASDax,check,14
51551.02,1AXEkQ4EHAHKb6H3xbFVGD1JedupuLRMM4kL3ezc7ASDax,check,13
51611.02,1AXEkQ4EHAHKb6H3xbFVGD1JedupuLRMM4kL3ezc7ASDax,check,14
51671.02,1AXEkQ4EHAHKb6H3xbFVGD1JedupuLRMM4kL3ezc7ASDax,check,13
51731.016,1AXEkQ4EHAHKb6H3xbFVGD1JedupuLRMM4kL3ezc7ASDax,check,14
51791.016,1AXEkQ4EHAHKb6H3xbFVGD1JedupuLRMM4kL3ezc7ASDax,check,14
51851.016,1AXEkQ4EHAHKb6H3xbFVGD1JedupuLRMM4kL3ezc7ASDax,check,13
51911.016,1AXEkQ4EHAHKb6H3xbFVGD1JedupuLRMM4kL3ezc7ASDax,check,14
51971.016,1AXEkQ4EHAHKb6H3xbFVGD1JedupuLRMM4kL3ezc7ASDax,check,14
52031.016,1AXEkQ4EHAHKb6H3xbFVGD1JedupuLRMM4kL3ezc7ASDax,check,14
52091.02,1AXEkQ4EHAHKb6H3xbFVGD1JedupuLRMM4kL3ezc7ASDax,check,13
52151.02,1AXEkQ4EHAHKb6H3xbFVGD1JedupuLRMM4kL3ezc7ASDax,check,14
52211.016,1AXEkQ4EHAHKb6H3xbFVGD1JedupuLRMM4kL3ezc7ASDax,check,14
52271.02,1AXEkQ4EHAHKb6H3xbFVGD1JedupuLRMM4kL3ezc7ASDax,check,14
52331.016,1AXEkQ4EHAHKb6H3xbFVGD1JedupuLRMM4kL3ezc7ASDax,check,14
52391.01,1AXEkQ4EHAHKb6H3xbFVGD1JedupuLRMM4kL3ezc7ASDax,check,14
52451.016,1AXEkQ4EHAHKb6H3xbFVGD1JedupuLRMM4kL3ezc7ASDax,check,14
52511.02,1AXEkQ4EHAHKb6H3xbFVGD1JedupuLRMM4kL3ezc7ASDax,check,13
52571.016,1AXEkQ4EHAHKb6H3xbFVGD1JedupuLRMM4kL3ezc7ASDax,check,14
52631.016,1AXEkQ4EHAHKb6H3xbFVGD1JedupuLRMM4kL3ezc7ASDax,check,13
52691.016,1AXEkQ4EHAHKb6H3xbFVGD1JedupuLRMM4kL3ezc7ASDax,check,14
52751.016,1AXEkQ4EHAHKb6H3xbFVGD1JedupuLRMM4kL3ezc7ASDax,check,14
52811.016,1AXEkQ4EHAHKb6H3xbFVGD1JedupuLRMM4kL3ezc7ASDax,check,14
52871.02,1AXEkQ4EHAHKb6H3xbFVGD1JedupuLRMM4kL3ezc7ASDax,check,14
52931.016,1AXEkQ4EHAHKb6H3xbFVGD1JedupuLRMM4kL3ezc7ASDax,check,14
52991.02,1AXEkQ4EHAHKb6H3xbFVGD1JedupuLRMM4kL3ezc7ASDax,check,13
53051.02,1AXEkQ4EHAHKb6H3xbFVGD1JedupuLRMM4kL3ezc7ASDax,check,14
53111.016,1AXEkQ4EHAHKb6H3xbFVGD1JedupuLRMM4kL3ezc7ASDax,check,14
53171.016,1AXEkQ4EHAHKb6H3xbFVGD1JedupuLRMM4kL3ezc7ASDax,check,14
53231.016,1AXEkQ4EHAHKb6H3xbFVGD1JedupuLRMM4kL3ezc7ASDax,check,14
53291.016,1AXEkQ4EHAHKb6H3xbFVGD1JedupuLRMM4kL3ezc7ASDax,check,14
53351.016,1AXEkQ4EHAHKb6H3xbFVGD1JedupuLRMM4kL3ezc7ASDax,check,14
53411.016,1AXEkQ4EHAHKb6H3xbFVGD1JedupuLRMM4kL3ezc7ASDax,check,14
53471.02,1AXEkQ4EHAHKb6H3xbFVGD1JedupuLRMM4kL3ezc7ASDax,check,13
53531.016,1AXEkQ4EHAHKb6H3xbFVGD1JedupuLRMM4kL3ezc7ASDax,check,14
53591.016,1AXEkQ4EHAHKb6H3xbFVGD1JedupuLRMM4kL3ezc7ASDax,check,14
53651.016,1AXEkQ4EHAHKb6H3xbFVGD1JedupuLRMM4kL3ezc7ASDax,check,14
53711.02,1AXEkQ4EHAHKb6H3xbFVGD1JedupuLRMM4kL3ezc7ASDax,check,14
53771.016,1AXEkQ4EHAHKb6H3xbFVGD1JedupuLRMM4kL3ezc7ASDax,check,13
53831.016,1AXEkQ4EHAHKb6H3xbFVGD1JedupuLRMM4kL3ezc7ASDax,check,14
53891.016,1AXEkQ4EHAHKb6H3xbFVGD1JedupuLRMM4kL3ezc7ASDax,check,14
53951.016,1AXEkQ4EHAHKb6H3xbFVGD1JedupuLRMM4kL3ezc7ASDax,check,14
54011.016,1AXEkQ4EHAHKb6H3xbFVGD1JedupuLRMM4kL3ezc7ASDax,check,14
54071.02,1AXEkQ4EHAHKb6H3xbFVGD1JedupuLRMM4kL3ezc7ASDax,check,14
54131.016,1AXEkQ4EHAHKb6H3xbFVGD1JedupuLRMM4kL3ezc7ASDax,check,13
54191.016,1AXEkQ4EHAHKb6H3xbFVGD1JedupuLRMM4kL3ezc7ASDax,check,14
54251.016,1AXEkQ4EHAHKb6H3xbFVGD1JedupuLRMM4kL3ezc7ASDax,check,14
54311.02,1AXEkQ4EHAHKb6H3xbFVGD1JedupuLRMM4kL3ezc7ASDax,check,14
54371.016,1AXEkQ4EHAHKb6H3xbFVGD1JedupuLRMM4kL3ezc7ASDax,check,14
54431.016,1AXEkQ4EHAHKb6H3xbFVGD1JedupuLRMM4kL3ezc7ASDax,check,14
54491.016,1AXEkQ4EHAHKb6H3xbFVGD1JedupuLRMM4kL3ezc7ASDax,check,14
54551.016,1AXEkQ4EHAHKb6H3xbFVGD1JedupuLRMM4kL3ezc7ASDax,check,14
54611.02,1AXEkQ4EHAHKb6H3xbFVGD1JedupuLRMM4kL3ezc7ASDax,check,14
54671.016,1AXEkQ4EHAHKb6H3xbFVGD1JedupuLRMM4kL3ezc7ASDax,check,14
54731.016,1AXEkQ4EHAHKb6H3xbFVGD1JedupuLRMM4kL3ezc7ASDax,check,14
54791.016,1AXEkQ4EHAHKb6H3xbFVGD1JedupuLRMM4kL3ezc7ASDax,check,14
54851.02,1AXEkQ4EHAHKb6H3xbFVGD1JedupuLRMM4kL3ezc7ASDax,check,14
54911.016,1AXEkQ4EHAHKb6H3xbFVGD1JedupuLRMM4kL3ezc7ASDax,check,14
54971.016,1AXEkQ4EHAHKb6H3xbFVGD1JedupuLRMM4kL3ezc7ASDax,check,14
55031.016,1AXEkQ4EHAHKb6H3xbFVGD1JedupuLRMM4kL3ezc7ASDax,check,14
55091.008,1AXEkQ4EHAHKb6H3xbFVGD1JedupuLRMM4kL3ezc7ASDax,check,14
55151.008,1AXEkQ4EHAHKb6H3xbFVGD1JedupuLRMM4kL3ezc7ASDax,check,14
55211.008,1AXEkQ4EHAHKb6H3xbFVGD1JedupuLRMM4kL3ezc7ASDax,check,14
55271.008,1AXEkQ4EHAHKb6H3xbFVGD1JedupuLRMM4kL3ezc7ASDax,check,14
55331.016,1AXEkQ4EHAHKb6H3xbFVGD1JedupuLRMM4kL3ezc7ASDax,check,14
55391.016,1AXEkQ4EHAHKb6H3xbFVGD1JedupuLRMM4kL3ezc7ASDax,check,14
55451.016,1AXEkQ4EHAHKb6H3xbFVGD1JedupuLRMM4kL3ezc7ASDax,check,14
55511.016,1AXEkQ4EHAHKb6H3xbFVGD1JedupuLRMM4kL3ezc7ASDax,check,14
55571.016,1AXEkQ4EHAHKb6H3xbFVGD1JedupuLRMM4kL3ezc7ASDax,check,13
55631.02,1AXEkQ4EHAHKb6H3xbFVGD1JedupuLRMM4kL3ezc7ASDax,check,14
55691.016,1AXEkQ4EHAHKb6H3xbFVGD1JedupuLRMM4kL3ezc7ASDax,check,14
55751.016,1AXEkQ4EHAHKb6H3xbFVGD1JedupuLRMM4kL3ezc7ASDax,check,13
55811.016,1AXEkQ4EHAHKb6H3xbFVGD1JedupuLRMM4kL3ezc7ASDax,check,14
55871.016,1AXEkQ4EHAHKb6H3xbFVGD1JedupuLRMM4kL3ezc7ASDax,check,14
55931.02,1AXEkQ4EHAHKb6H3xbFVGD1JedupuLRMM4kL3ezc7ASDax,check,14
55991.016,1AXEkQ4EHAHKb6H3xbFVGD1JedupuLRMM4kL3ezc7ASDax,check,14
56051.016,1AXEkQ4EHAHKb6H3xbFVGD1JedupuLRMM4kL3ezc7ASDax,check,14
56111.016,1AXEkQ4EHAHKb6H3xbFVGD1JedupuLRMM4kL3ezc7ASDax,check,14
56171.02,1AXEkQ4EHAHKb6H3xbFVGD1JedupuLRMM4kL3ezc7ASDax,check,14
56231.016,1AXEkQ4EHAHKb6H3xbFVGD1JedupuLRMM4kL3ezc7ASDax,check,14
56291.016,1AXEkQ4EHAHKb6H3xbFVGD1JedupuLRMM4kL3ezc7ASDax,check,14
56351.02,1AXEkQ4EHAHKb6H3xbFVGD1JedupuLRMM4kL3ezc7ASDax,check,14
56411.02,1AXEkQ4EHAHKb6H3xbFVGD1JedupuLRMM4kL3ezc7ASDax,check,14
56471.016,1AXEkQ4EHAHKb6H3xbFVGD1JedupuLRMM4kL3ezc7ASDax,check,14
56531.016,1AXEkQ4EHAHKb6H3xbFVGD1JedupuLRMM4kL3ezc7ASDax,check,14
56591.016,1AXEkQ4EHAHKb6H3xbFVGD1JedupuLRMM4kL3ezc7ASDax,check,14
56651.016,1AXEkQ4EHAHKb6H3xbFVGD1JedupuLRMM4kL3ezc7ASDax,check,14
56711.016,1AXEkQ4EHAHKb6H3xbFVGD1JedupuLRMM4kL3ezc7ASDax,check,14
56771.016,1AXEkQ4EHAHKb6H3xbFVGD1JedupuLRMM4kL3ezc7ASDax,check,14
56831.016,1AXEkQ4EHAHKb6H3xbFVGD1JedupuLRMM4kL3ezc7ASDax,check,15
56891.016,1AXEkQ4EHAHKb6H3xbFVGD1JedupuLRMM4kL3ezc7ASDax,check,15
56951.016,1AXEkQ4EHAHKb6H3xbFVGD1JedupuLRMM4kL3ezc7ASDax,check,15
57011.016,1AXEkQ4EHAHKb6H3xbFVGD1JedupuLRMM4kL3ezc7ASDax,check,15
57071.02,1AXEkQ4EHAHKb6H3xbFVGD1JedupuLRMM4kL3ezc7ASDax,check,15
57131.016,1AXEkQ4EHAHKb6H3xbFVGD1JedupuLRMM4kL3ezc7ASDax,check,15
57191.02,1AXEkQ4EHAHKb6H3xbFVGD1JedupuLRMM4kL3ezc7ASDax,check,15
57251.016,1AXEkQ4EHAHKb6H3xbFVGD1JedupuLRMM4kL3ezc7ASDax,check,15
57311.016,1AXEkQ4EHAHKb6H3xbFVGD1JedupuLRMM4kL3ezc7ASDax,check,15
57371.016,1AXEkQ4EHAHKb6H3xbFVGD1JedupuLRMM4kL3ezc7ASDax,check,15
57431.016,1AXEkQ4EHAHKb6H3xbFVGD1JedupuLRMM4kL3ezc7ASDax,check,15
57491.01,1AXEkQ4EHAHKb6H3xbFVGD1JedupuLRMM4kL3ezc7ASDax,check,15
57551.02,1AXEkQ4EHAHKb6H3xbFVGD1JedupuLRMM4kL3ezc7ASDax,check,15
57611.02,1AXEkQ4EHAHKb6H3xbFVGD1JedupuLRMM4kL3ezc7ASDax,check,15
57671.02,1AXEkQ4EHAHKb6H3xbFVGD1JedupuLRMM4kL3ezc7ASDax,check,15
57731.016,1AXEkQ4EHAHKb6H3xbFVGD1JedupuLRMM4kL3ezc7ASDax,check,15
57791.016,1AXEkQ4EHAHKb6H3xbFVGD1JedupuLRMM4kL3ezc7ASDax,check,15
57851.01,1AXEkQ4EHAHKb6H3xbFVGD1JedupuLRMM4kL3ezc7ASDax,check,15
57911.016,1AXEkQ4EHAHKb6H3xbFVGD1JedupuLRMM4kL3ezc7ASDax,check,15
57971.016,1AXEkQ4EHAHKb6H3xbFVGD1JedupuLRMM4kL3ezc7ASDax,check,15
58031.016,1AXEkQ4EHAHKb6H3xbFVGD1JedupuLRMM4kL3ezc7ASDax,check,15
58091.016,1AXEkQ4EHAHKb6H3xbFVGD1JedupuLRMM4kL3ezc7ASDax,check,14
58151.016,1AXEkQ4EHAHKb6H3xbFVGD1JedupuLRMM4kL3ezc7ASDax,check,13
58211.016,1AXEkQ4EHAHKb6H3xbFVGD1JedupuLRMM4kL3ezc7ASDax,check,15
58271.02,1AXEkQ4EHAHKb6H3xbFVGD1JedupuLRMM4kL3ezc7ASDax,check,15
58331.02,1AXEkQ4EHAHKb6H3xbFVGD1JedupuLRMM4kL3ezc7ASDax,check,15
58391.016,1AXEkQ4EHAHKb6H3xbFVGD1JedupuLRMM4kL3ezc7ASDax,check,15
58451.016,1AXEkQ4EHAHKb6H3xbFVGD1JedupuLRMM4kL3ezc7ASDax,check,15
58511.016,1AXEkQ4EHAHKb6H3xbFVGD1JedupuLRMM4kL3ezc7ASDax,check,15
58571.016,1AXEkQ4EHAHKb6H3xbFVGD1JedupuLRMM4kL3ezc7ASDax,check,15
58631.016,1AXEkQ4EHAHKb6H3xbFVGD1JedupuLRMM4kL3ezc7ASDax,check,15
58691.016,1AXEkQ4EHAHKb6H3xbFVGD1JedupuLRMM4kL3ezc7ASDax,check,15
58751.016,1AXEkQ4EHAHKb6H3xbFVGD1JedupuLRMM4kL3ezc7ASDax,check,15
58811.016,1AXEkQ4EHAHKb6H3xbFVGD1JedupuLRMM4kL3ezc7ASDax,check,15
58871.02,1AXEkQ4EHAHKb6H3xbFVGD1JedupuLRMM4kL3ezc7ASDax,check,15
58931.016,1AXEkQ4EHAHKb6H3xbFVGD1JedupuLRMM4kL3ezc7ASDax,check,15
58991.016,1AXEkQ4EHAHKb6H3xbFVGD1JedupuLRMM4kL3ezc7ASDax,check,14
59051.016,1AXEkQ4EHAHKb6H3xbFVGD1JedupuLRMM4kL3ezc7ASDax,check,15
59111.016,1AXEkQ4EHAHKb6H3xbFVGD1JedupuLRMM4kL3ezc7ASDax,check,15
59171.016,1AXEkQ4EHAHKb6H3xbFVGD1JedupuLRMM4kL3ezc7ASDax,check,15
59231.02,1AXEkQ4EHAHKb6H3xbFVGD1JedupuLRMM4kL3ezc7ASDax,check,15
59291.016,1AXEkQ4EHAHKb6H3xbFVGD1JedupuLRMM4kL3ezc7ASDax,check,14
59351.016,1AXEkQ4EHAHKb6H3xbFVGD1JedupuLRMM4kL3ezc7ASDax,check,15
59411.016,1AXEkQ4EHAHKb6H3xbFVGD1JedupuLRMM4kL3ezc7ASDax,check,15
59471.02,1AXEkQ4EHAHKb6H3xbFVGD1JedupuLRMM4kL3ezc7ASDax,check,15
59531.016,1AXEkQ4EHAHKb6H3xbFVGD1JedupuLRMM4kL3ezc7ASDax,check,14
59591.016,1AXEkQ4EHAHKb6H3xbFVGD1JedupuLRMM4kL3ezc7ASDax,check,15
59651.016,1AXEkQ4EHAHKb6H3xbFVGD1JedupuLRMM4kL3ezc7ASDax,check,15
59711.016,1AXEkQ4EHAHKb6H3xbFVGD1JedupuLRMM4kL3ezc7ASDax,check,15
59771.016,1AXEkQ4EHAHKb6H3xbFVGD1JedupuLRMM4kL3ezc7ASDax,check,15
59831.016,1AXEkQ4EHAHKb6H3xbFVGD1JedupuLRMM4kL3ezc7ASDax,check,15
59891.016,1AXEkQ4EHAHKb6H3xbFVGD1JedupuLRMM4kL3ezc7ASDax,check,13
59951.016,1AXEkQ4EHAHKb6H3xbFVGD1JedupuLRMM4kL3ezc7ASDax,check,15
60011.02,1AXEkQ4EHAHKb6H3xbFVGD1JedupuLRMM4kL3ezc7ASDax,check,15
60071.02,1AXEkQ4EHAHKb6H3xbFVGD1JedupuLRMM4kL3ezc7ASDax,check,15
60131.02,1AXEkQ4EHAHKb6H3xbFVGD1JedupuLRMM4kL3ezc7ASDax,check,14
60191.016,1AXEkQ4EHAHKb6H3xbFVGD1JedupuLRMM4kL3ezc7ASDax,check,15
60251.016,1AXEkQ4EHAHKb6H3xbFVGD1JedupuLRMM4kL3ezc7ASDax,check,15
60311.02,1AXEkQ4EHAHKb6H3xbFVGD1JedupuLRMM4kL3ezc7ASDax,check,14
60371.016,1AXEkQ4EHAHKb6H3xbFVGD1JedupuLRMM4kL3ezc7ASDax,check,15
60431.016,1AXEkQ4EHAHKb6H3xbFVGD1JedupuLRMM4kL3ezc7ASDax,check,15
60491.016,1AXEkQ4EHAHKb6H3xbFVGD1JedupuLRMM4kL3ezc7ASDax,check,15
60551.016,1AXEkQ4EHAHKb6H3xbFVGD1JedupuLRMM4kL3ezc7ASDax,check,15
60611.02,1AXEkQ4EHAHKb6H3xbFVGD1JedupuLRMM4kL3ezc7ASDax,check,15
60671.016,1AXEkQ4EHAHKb6H3xbFVGD1JedupuLRMM4kL3ezc7ASDax,check,14
60731.02,1AXEkQ4EHAHKb6H3xbFVGD1JedupuLRMM4kL3ezc7ASDax,check,15
60791.016,1AXEkQ4EHAHKb6H3xbFVGD1JedupuLRMM4kL3ezc7ASDax,check,15
60851.016,1AXEkQ4EHAHKb6H3xbFVGD1JedupuLRMM4kL3ezc7ASDax,check,15
60911.016,1AXEkQ4EHAHKb6H3xbFVGD1JedupuLRMM4kL3ezc7ASDax,check,15
60971.016,1AXEkQ4EHAHKb6H3xbFVGD1JedupuLRMM4kL3ezc7ASDax,check,15
61031.016,1AXEkQ4EHAHKb6H3xbFVGD1JedupuLRMM4kL3ezc7ASDax,check,15
61091.016,1AXEkQ4EHAHKb6H3xbFVGD1JedupuLRMM4kL3ezc7ASDax,check,15
61151.016,1AXEkQ4EHAHKb6H3xbFVGD1JedupuLRMM4kL3ezc7ASDax,check,15
61211.016,1AXEkQ4EHAHKb6H3xbFVGD1JedupuLRMM4kL3ezc7ASDax,check,15
61271.016,1AXEkQ4EHAHKb6H3xbFVGD1JedupuLRMM4kL3ezc7ASDax,check,15
61331.02,1AXEkQ4EHAHKb6H3xbFVGD1JedupuLRMM4kL3ezc7ASDax,check,15
61391.016,1AXEkQ4EHAHKb6H3xbFVGD1JedupuLRMM4kL3ezc7ASDax,check,15
61451.016,1AXEkQ4EHAHKb6H3xbFVGD1JedupuLRMM4kL3ezc7ASDax,check,15
61511.016,1AXEkQ4EHAHKb6H3xbFVGD1JedupuLRMM4kL3ezc7ASDax,check,15
61571.016,1AXEkQ4EHAHKb6H3xbFVGD1JedupuLRMM4kL3ezc7ASDax,check,15
61631.016,1AXEkQ4EHAHKb6H3xbFVGD1JedupuLRMM4kL3ezc7ASDax,check,15
61691.016,1AXEkQ4EHAHKb6H3xbFVGD1JedupuLRMM4kL3ezc7ASDax,check,14
61751.016,1AXEkQ4EHAHKb6H3xbFVGD1JedupuLRMM4kL3ezc7ASDax,check,9
61811.016,1AXEkQ4EHAHKb6H3xbFVGD1JedupuLRMM4kL3ezc7ASDax,check,15
61871.02,1AXEkQ4EHAHKb6H3xbFVGD1JedupuLRMM4kL3ezc7ASDax,check,15
61931.016,1AXEkQ4EHAHKb6H3xbFVGD1JedupuLRMM4kL3ezc7ASDax,check,14
61991.016,1AXEkQ4EHAHKb6H3xbFVGD1JedupuLRMM4kL3ezc7ASDax,check,15
62051.016,1AXEkQ4EHAHKb6H3xbFVGD1JedupuLRMM4kL3ezc7ASDax,check,15
62111.016,1AXEkQ4EHAHKb6H3xbFVGD1JedupuLRMM4kL3ezc7ASDax,check,15
62171.02,1AXEkQ4EHAHKb6H3xbFVGD1JedupuLRMM4kL3ezc7ASDax,check,15
62231.016,1AXEkQ4EHAHKb6H3xbFVGD1JedupuLRMM4kL3ezc7ASDax,check,15
62291.016,1AXEkQ4EHAHKb6H3xbFVGD1JedupuLRMM4kL3ezc7ASDax,check,15
62351.016,1AXEkQ4EHAHKb6H3xbFVGD1JedupuLRMM4kL3ezc7ASDax,check,15
62411.016,1AXEkQ4EHAHKb6H3xbFVGD1JedupuLRMM4kL3ezc7ASDax,check,15
62471.02,1AXEkQ4EHAHKb6H3xbFVGD1JedupuLRMM4kL3ezc7ASDax,check,15
62531.016,1AXEkQ4EHAHKb6H3xbFVGD1JedupuLRMM4kL3ezc7ASDax,check,15
62591.008,1AXEkQ4EHAHKb6H3xbFVGD1JedupuLRMM4kL3ezc7ASDax,check,15
62651.016,1AXEkQ4EHAHKb6H3xbFVGD1JedupuLRMM4kL3ezc7ASDax,check,15
62711.016,1AXEkQ4EHAHKb6H3xbFVGD1JedupuLRMM4kL3ezc7ASDax,check,15
62771.016,1AXEkQ4EHAHKb6H3xbFVGD1JedupuLRMM4kL3ezc7ASDax,check,15
62831.016,1AXEkQ4EHAHKb6H3xbFVGD1JedupuLRMM4kL3ezc7ASDax,check,14
62891.02,1AXEkQ4EHAHKb6H3xbFVGD1JedupuLRMM4kL3ezc7ASDax,check,14
62951.01,1AXEkQ4EHAHKb6H3xbFVGD1JedupuLRMM4kL3ezc7ASDax,check,13
63011.016,1AXEkQ4EHAHKb6H3xbFVGD1JedupuLRMM4kL3ezc7ASDax,check,15
63071.016,1AXEkQ4EHAHKb6H3xbFVGD1JedupuLRMM4kL3ezc7ASDax,check,14
63131.02,1AXEkQ4EHAHKb6H3xbFVGD1JedupuLRMM4kL3ezc7ASDax,check,15
63191.016,1AXEkQ4EHAHKb6H3xbFVGD1JedupuLRMM4kL3ezc7ASDax,check,15
63251.016,1AXEkQ4EHAHKb6H3xbFVGD1JedupuLRMM4kL3ezc7ASDax,check,15
63311.016,1AXEkQ4EHAHKb6H3xbFVGD1JedupuLRMM4kL3ezc7ASDax,check,15
63371.016,1AXEkQ4EHAHKb6H3xbFVGD1JedupuLRMM4kL3ezc7ASDax,check,15
63431.016,1AXEkQ4EHAHKb6H3xbFVGD1JedupuLRMM4kL3ezc7ASDax,check,15
63491.02,1AXEkQ4EHAHKb6H3xbFVGD1JedupuLRMM4kL3ezc7ASDax,check,15
63551.016,1AXEkQ4EHAHKb6H3xbFVGD1JedupuLRMM4kL3ezc7ASDax,check,15
63611.016,1AXEkQ4EHAHKb6H3xbFVGD1JedupuLRMM4kL3ezc7ASDax,check,14
63671.02,1AXEkQ4EHAHKb6H3xbFVGD1JedupuLRMM4kL3ezc7ASDax,check,15
63731.016,1AXEkQ4EHAHKb6H3xbFVGD1JedupuLRMM4kL3ezc7ASDax,check,15
63791.016,1AXEkQ4EHAHKb6H3xbFVGD1JedupuLRMM4kL3ezc7ASDax,check,13
63851.016,1AXEkQ4EHAHKb6H3xbFVGD1JedupuLRMM4kL3ezc7ASDax,check,15
63911.008,1AXEkQ4EHAHKb6H3xbFVGD1JedupuLRMM4kL3ezc7ASDax,check,15
63971.01,1AXEkQ4EHAHKb6H3xbFVGD1JedupuLRMM4kL3ezc7ASDax,check,15
64031.008,1AXEkQ4EHAHKb6H3xbFVGD1JedupuLRMM4kL3ezc7ASDax,check,15
64091.008,1AXEkQ4EHAHKb6H3xbFVGD1JedupuLRMM4kL3ezc7ASDax,check,15
64151.008,1AXEkQ4EHAHKb6H3xbFVGD1JedupuLRMM4kL3ezc7ASDax,check,15
64211.016,1AXEkQ4EHAHKb6H3xbFVGD1JedupuLRMM4kL3ezc7ASDax,check,15
64271.016,1AXEkQ4EHAHKb6H3xbFVGD1JedupuLRMM4kL3ezc7ASDax,check,15
64331.016,1AXEkQ4EHAHKb6H3xbFVGD1JedupuLRMM4kL3ezc7ASDax,check,14
64391.016,1AXEkQ4EHAHKb6H3xbFVGD1JedupuLRMM4kL3ezc7ASDax,check,14
64451.016,1AXEkQ4EHAHKb6H3xbFVGD1JedupuLRMM4kL3ezc7ASDax,check,14
64511.02,1AXEkQ4EHAHKb6H3xbFVGD1JedupuLRMM4kL3ezc7ASDax,check,15
64571.016,1AXEkQ4EHAHKb6H3xbFVGD1JedupuLRMM4kL3ezc7ASDax,check,13
64631.02,1AXEkQ4EHAHKb6H3xbFVGD1JedupuLRMM4kL3ezc7ASDax,check,15
64691.016,1AXEkQ4EHAHKb6H3xbFVGD1JedupuLRMM4kL3ezc7ASDax,check,15
64751.016,1AXEkQ4EHAHKb6H3xbFVGD1JedupuLRMM4kL3ezc7ASDax,check,15
64811.016,1AXEkQ4EHAHKb6H3xbFVGD1JedupuLRMM4kL3ezc7ASDax,check,15
64871.02,1AXEkQ4EHAHKb6H3xbFVGD1JedupuLRMM4kL3ezc7ASDax,check,15
64931.016,1AXEkQ4EHAHKb6H3xbFVGD1JedupuLRMM4kL3ezc7ASDax,check,15
64991.016,1AXEkQ4EHAHKb6H3xbFVGD1JedupuLRMM4kL3ezc7ASDax,check,15
65051.02,1AXEkQ4EHAHKb6H3xbFVGD1JedupuLRMM4kL3ezc7ASDax,check,15
65111.016,1AXEkQ4EHAHKb6H3xbFVGD1JedupuLRMM4kL3ezc7ASDax,check,14
65171.016,1AXEkQ4EHAHKb6H3xbFVGD1JedupuLRMM4kL3ezc7ASDax,check,14
65231.016,1AXEkQ4EHAHKb6H3xbFVGD1JedupuLRMM4kL3ezc7ASDax,check,14
65291.016,1AXEkQ4EHAHKb6H3xbFVGD1JedupuLRMM4kL3ezc7ASDax,check,14
65351.02,1AXEkQ4EHAHKb6H3xbFVGD1JedupuLRMM4kL3ezc7ASDax,check,15
65411.016,1AXEkQ4EHAHKb6H3xbFVGD1JedupuLRMM4kL3ezc7ASDax,check,15
65471.016,1AXEkQ4EHAHKb6H3xbFVGD1JedupuLRMM4kL3ezc7ASDax,check,15
65531.016,1AXEkQ4EHAHKb6H3xbFVGD1JedupuLRMM4kL3ezc7ASDax,check,15
65591.016,1AXEkQ4EHAHKb6H3xbFVGD1JedupuLRMM4kL3ezc7ASDax,check,15
65651.016,1AXEkQ4EHAHKb6H3xbFVGD1JedupuLRMM4kL3ezc7ASDax,check,15
65711.016,1AXEkQ4EHAHKb6H3xbFVGD1JedupuLRMM4kL3ezc7ASDax,check,15
65771.016,1AXEkQ4EHAHKb6H3xbFVGD1JedupuLRMM4kL3ezc7ASDax,check,15
65831.016,1AXEkQ4EHAHKb6H3xbFVGD1JedupuLRMM4kL3ezc7ASDax,check,15
65891.01,1AXEkQ4EHAHKb6H3xbFVGD1JedupuLRMM4kL3ezc7ASDax,check,14
65951.016,1AXEkQ4EHAHKb6H3xbFVGD1JedupuLRMM4kL3ezc7ASDax,check,15
66011.016,1AXEkQ4EHAHKb6H3xbFVGD1JedupuLRMM4kL3ezc7ASDax,check,14
66071.016,1AXEkQ4EHAHKb6H3xbFVGD1JedupuLRMM4kL3ezc7ASDax,check,15
66131.016,1AXEkQ4EHAHKb6H3xbFVGD1JedupuLRMM4kL3ezc7ASDax,check,15
66191.016,1AXEkQ4EHAHKb6H3xbFVGD1JedupuLRMM4kL3ezc7ASDax,check,15
66251.016,1AXEkQ4EHAHKb6H3xbFVGD1JedupuLRMM4kL3ezc7ASDax,check,15
66311.016,1AXEkQ4EHAHKb6H3xbFVGD1JedupuLRMM4kL3ezc7ASDax,check,15
66371.016,1AXEkQ4EHAHKb6H3xbFVGD1JedupuLRMM4kL3ezc7ASDax,check,15
66431.016,1AXEkQ4EHAHKb6H3xbFVGD1JedupuLRMM4kL3ezc7ASDax,check,15
66491.016,1AXEkQ4EHAHKb6H3xbFVGD1JedupuLRMM4kL3ezc7ASDax,check,13
66551.016,1AXEkQ4EHAHKb6H3xbFVGD1JedupuLRMM4kL3ezc7ASDax,check,14
66611.016,1AXEkQ4EHAHKb6H3xbFVGD1JedupuLRMM4kL3ezc7ASDax,check,12
66671.016,1AXEkQ4EHAHKb6H3xbFVGD1JedupuLRMM4kL3ezc7ASDax,check,12
66731.016,1AXEkQ4EHAHKb6H3xbFVGD1JedupuLRMM4kL3ezc7ASDax,check,13
66791.016,1AXEkQ4EHAHKb6H3xbFVGD1JedupuLRMM4kL3ezc7ASDax,check,12
66851.016,1AXEkQ4EHAHKb6H3xbFVGD1JedupuLRMM4kL3ezc7ASDax,check,14
66911.016,1AXEkQ4EHAHKb6H3xbFVGD1JedupuLRMM4kL3ezc7ASDax,check,15
66971.016,1AXEkQ4EHAHKb6H3xbFVGD1JedupuLRMM4kL3ezc7ASDax,check,15
67031.016,1AXEkQ4EHAHKb6H3xbFVGD1JedupuLRMM4kL3ezc7ASDax,check,14
67091.016,1AXEkQ4EHAHKb6H3xbFVGD1JedupuLRMM4kL3ezc7ASDax,check,15
67151.016,1AXEkQ4EHAHKb6H3xbFVGD1JedupuLRMM4kL3ezc7ASDax,check,15
67211.016,1AXEkQ4EHAHKb6H3xbFVGD1JedupuLRMM4kL3ezc7ASDax,check,15
67271.016,1AXEkQ4EHAHKb6H3xbFVGD1JedupuLRMM4kL3ezc7ASDax,check,14
67331.016,1AXEkQ4EHAHKb6H3xbFVGD1JedupuLRMM4kL3ezc7ASDax,check,11
67391.016,1AXEkQ4EHAHKb6H3xbFVGD1JedupuLRMM4kL3ezc7ASDax,check,15
67451.016,1AXEkQ4EHAHKb6H3xbFVGD1JedupuLRMM4kL3ezc7ASDax,check,14
67511.016,1AXEkQ4EHAHKb6H3xbFVGD1JedupuLRMM4kL3ezc7ASDax,check,15
67571.016,1AXEkQ4EHAHKb6H3xbFVGD1JedupuLRMM4kL3ezc7ASDax,check,15
67631.016,1AXEkQ4EHAHKb6H3xbFVGD1JedupuLRMM4kL3ezc7ASDax,check,13
67691.016,1AXEkQ4EHAHKb6H3xbFVGD1JedupuLRMM4kL3ezc7ASDax,check,14
67751.016,1AXEkQ4EHAHKb6H3xbFVGD1JedupuLRMM4kL3ezc7ASDax,check,7
67811.016,1AXEkQ4EHAHKb6H3xbFVGD1JedupuLRMM4kL3ezc7ASDax,check,13
67871.02,1AXEkQ4EHAHKb6H3xbFVGD1JedupuLRMM4kL3ezc7ASDax,check,15
67931.016,1AXEkQ4EHAHKb6H3xbFVGD1JedupuLRMM4kL3ezc7ASDax,check,14
67991.016,1AXEkQ4EHAHKb6H3xbFVGD1JedupuLRMM4kL3ezc7ASDax,check,14
68051.016,1AXEkQ4EHAHKb6H3xbFVGD1JedupuLRMM4kL3ezc7ASDax,check,8
68111.016,1AXEkQ4EHAHKb6H3xbFVGD1JedupuLRMM4kL3ezc7ASDax,check,2
68171.02,1AXEkQ4EHAHKb6H3xbFVGD1JedupuLRMM4kL3ezc7ASDax,check,2
68231.016,1AXEkQ4EHAHKb6H3xbFVGD1JedupuLRMM4kL3ezc7ASDax,check,2
68291.016,1AXEkQ4EHAHKb6H3xbFVGD1JedupuLRMM4kL3ezc7ASDax,check,2
68351.016,1AXEkQ4EHAHKb6H3xbFVGD1JedupuLRMM4kL3ezc7ASDax,check,2
68411.02,1AXEkQ4EHAHKb6H3xbFVGD1JedupuLRMM4kL3ezc7ASDax,check,2
68471.016,1AXEkQ4EHAHKb6H3xbFVGD1JedupuLRMM4kL3ezc7ASDax,check,14
68531.02,1AXEkQ4EHAHKb6H3xbFVGD1JedupuLRMM4kL3ezc7ASDax,check,4
68591.016,1AXEkQ4EHAHKb6H3xbFVGD1JedupuLRMM4kL3ezc7ASDax,check,2
68651.016,1AXEkQ4EHAHKb6H3xbFVGD1JedupuLRMM4kL3ezc7ASDax,check,12
68711.016,1AXEkQ4EHAHKb6H3xbFVGD1JedupuLRMM4kL3ezc7ASDax,check,12
68771.016,1AXEkQ4EHAHKb6H3xbFVGD1JedupuLRMM4kL3ezc7ASDax,check,15
68831.016,1AXEkQ4EHAHKb6H3xbFVGD1JedupuLRMM4kL3ezc7ASDax,check,12
68891.016,1AXEkQ4EHAHKb6H3xbFVGD1JedupuLRMM4kL3ezc7ASDax,check,13
68951.016,1AXEkQ4EHAHKb6H3xbFVGD1JedupuLRMM4kL3ezc7ASDax,check,10
69011.016,1AXEkQ4EHAHKb6H3xbFVGD1JedupuLRMM4kL3ezc7ASDax,check,10
69071.016,1AXEkQ4EHAHKb6H3xbFVGD1JedupuLRMM4kL3ezc7ASDax,check,11
69131.016,1AXEkQ4EHAHKb6H3xbFVGD1JedupuLRMM4kL3ezc7ASDax,check,10
69191.016,1AXEkQ4EHAHKb6H3xbFVGD1JedupuLRMM4kL3ezc7ASDax,check,12
69251.016,1AXEkQ4EHAHKb6H3xbFVGD1JedupuLRMM4kL3ezc7ASDax,check,15
69311.016,1AXEkQ4EHAHKb6H3xbFVGD1JedupuLRMM4kL3ezc7ASDax,check,14
69371.016,1AXEkQ4EHAHKb6H3xbFVGD1JedupuLRMM4kL3ezc7ASDax,check,15
69431.016,1AXEkQ4EHAHKb6H3xbFVGD1JedupuLRMM4kL3ezc7ASDax,check,15
69491.016,1AXEkQ4EHAHKb6H3xbFVGD1JedupuLRMM4kL3ezc7ASDax,check,15
69551.016,1AXEkQ4EHAHKb6H3xbFVGD1JedupuLRMM4kL3ezc7ASDax,check,15
69611.01,1AXEkQ4EHAHKb6H3xbFVGD1JedupuLRMM4kL3ezc7ASDax,check,14
69671.016,1AXEkQ4EHAHKb6H3xbFVGD1JedupuLRMM4kL3ezc7ASDax,check,14
69731.016,1AXEkQ4EHAHKb6H3xbFVGD1JedupuLRMM4kL3ezc7ASDax,check,14
69791.016,1AXEkQ4EHAHKb6H3xbFVGD1JedupuLRMM4kL3ezc7ASDax,check,8
69851.016,1AXEkQ4EHAHKb6H3xbFVGD1JedupuLRMM4kL3ezc7ASDax,check,12
69911.016,1AXEkQ4EHAHKb6H3xbFVGD1JedupuLRMM4kL3ezc7ASDax,check,11
69971.016,1AXEkQ4EHAHKb6H3xbFVGD1JedupuLRMM4kL3ezc7ASDax,check,6
70031.016,1AXEkQ4EHAHKb6H3xbFVGD1JedupuLRMM4kL3ezc7ASDax,check,11
70091.02,1AXEkQ4EHAHKb6H3xbFVGD1JedupuLRMM4kL3ezc7ASDax,check,10
70151.016,1AXEkQ4EHAHKb6H3xbFVGD1JedupuLRMM4kL3ezc7ASDax,check,14
70211.016,1AXEkQ4EHAHKb6H3xbFVGD1JedupuLRMM4kL3ezc7ASDax,check,15
70271.016,1AXEkQ4EHAHKb6H3xbFVGD1JedupuLRMM4kL3ezc7ASDax,check,10
70331.016,1AXEkQ4EHAHKb6H3xbFVGD1JedupuLRMM4kL3ezc7ASDax,check,12
70391.016,1AXEkQ4EHAHKb6H3xbFVGD1JedupuLRMM4kL3ezc7ASDax,check,8
70451.016,1AXEkQ4EHAHKb6H3xbFVGD1JedupuLRMM4kL3ezc7ASDax,check,4
70511.016,1AXEkQ4EHAHKb6H3xbFVGD1JedupuLRMM4kL3ezc7ASDax,check,2
70571.016,1AXEkQ4EHAHKb6H3xbFVGD1JedupuLRMM4kL3ezc7ASDax,check,2
70631.016,1AXEkQ4EHAHKb6H3xbFVGD1JedupuLRMM4kL3ezc7ASDax,check,2
70691.016,1AXEkQ4EHAHKb6H3xbFVGD1JedupuLRMM4kL3ezc7ASDax,check,2
70751.016,1AXEkQ4EHAHKb6H3xbFVGD1JedupuLRMM4kL3ezc7ASDax,check,2
70811.02,1AXEkQ4EHAHKb6H3xbFVGD1JedupuLRMM4kL3ezc7ASDax,check,12
70871.016,1AXEkQ4EHAHKb6H3xbFVGD1JedupuLRMM4kL3ezc7ASDax,check,9
70931.016,1AXEkQ4EHAHKb6H3xbFVGD1JedupuLRMM4kL3ezc7ASDax,check,13
70991.016,1AXEkQ4EHAHKb6H3xbFVGD1JedupuLRMM4kL3ezc7ASDax,check,13
71051.016,1AXEkQ4EHAHKb6H3xbFVGD1JedupuLRMM4kL3ezc7ASDax,check,11
71111.016,1AXEkQ4EHAHKb6H3xbFVGD1JedupuLRMM4kL3ezc7ASDax,check,15
71171.016,1AXEkQ4EHAHKb6H3xbFVGD1JedupuLRMM4kL3ezc7ASDax,check,8
71231.016,1AXEkQ4EHAHKb6H3xbFVGD1JedupuLRMM4kL3ezc7ASDax,check,8
71291.016,1AXEkQ4EHAHKb6H3xbFVGD1JedupuLRMM4kL3ezc7ASDax,check,6
71351.016,1AXEkQ4EHAHKb6H3xbFVGD1JedupuLRMM4kL3ezc7ASDax,check,9
71411.016,1AXEkQ4EHAHKb6H3xbFVGD1JedupuLRMM4kL3ezc7ASDax,check,7
71471.016,1AXEkQ4EHAHKb6H3xbFVGD1JedupuLRMM4kL3ezc7ASDax,check,7
71531.016,1AXEkQ4EHAHKb6H3xbFVGD1JedupuLRMM4kL3ezc7ASDax,check,5
71591.016,1AXEkQ4EHAHKb6H3xbFVGD1JedupuLRMM4kL3ezc7ASDax,check,14
71651.016,1AXEkQ4EHAHKb6H3xbFVGD1JedupuLRMM4kL3ezc7ASDax,check,15
71711.016,1AXEkQ4EHAHKb6H3xbFVGD1JedupuLRMM4kL3ezc7ASDax,check,15
71771.016,1AXEkQ4EHAHKb6H3xbFVGD1JedupuLRMM4kL3ezc7ASDax,check,15
71831.016,1AXEkQ4EHAHKb6H3xbFVGD1JedupuLRMM4kL3ezc7ASDax,check,15
71891.016,1AXEkQ4EHAHKb6H3xbFVGD1JedupuLRMM4kL3ezc7ASDax,check,15
71951.016,1AXEkQ4EHAHKb6H3xbFVGD1JedupuLRMM4kL3ezc7ASDax,check,14
