71.01732,1Ab9LSMSyFTFThyKX2pVYrZgrqvBqP3mqT7T3XVkCLNkYs,check,19
131.01477,1Ab9LSMSyFTFThyKX2pVYrZgrqvBqP3mqT7T3XVkCLNkYs,check,18
184.9792,1Ab9LSMSyFTFThyKX2pVYrZgrqvBqP3mqT7T3XVkCLNkYs,check,20
243.12595,1Ab9LSMSyFTFThyKX2pVYrZgrqvBqP3mqT7T3XVkCLNkYs,check,20
307.3917,1Ab9LSMSyFTFThyKX2pVYrZgrqvBqP3mqT7T3XVkCLNkYs,check,20
367.78873,1Ab9LSMSyFTFThyKX2pVYrZgrqvBqP3mqT7T3XVkCLNkYs,check,20
431.01596,1Ab9LSMSyFTFThyKX2pVYrZgrqvBqP3mqT7T3XVkCLNkYs,check,19
483.11588,1Ab9LSMSyFTFThyKX2pVYrZgrqvBqP3mqT7T3XVkCLNkYs,check,20
543.7997,1Ab9LSMSyFTFThyKX2pVYrZgrqvBqP3mqT7T3XVkCLNkYs,check,20
611.01416,1Ab9LSMSyFTFThyKX2pVYrZgrqvBqP3mqT7T3XVkCLNkYs,check,19
671.01685,1Ab9LSMSyFTFThyKX2pVYrZgrqvBqP3mqT7T3XVkCLNkYs,check,19
731.0127,1Ab9LSMSyFTFThyKX2pVYrZgrqvBqP3mqT7T3XVkCLNkYs,check,19
791.01556,1Ab9LSMSyFTFThyKX2pVYrZgrqvBqP3mqT7T3XVkCLNkYs,check,19
851.0143,1Ab9LSMSyFTFThyKX2pVYrZgrqvBqP3mqT7T3XVkCLNkYs,check,19
902.6006,1Ab9LSMSyFTFThyKX2pVYrZgrqvBqP3mqT7T3XVkCLNkYs,check,20
971.0168,1Ab9LSMSyFTFThyKX2pVYrZgrqvBqP3mqT7T3XVkCLNkYs,check,19
1022.2813,1Ab9LSMSyFTFThyKX2pVYrZgrqvBqP3mqT7T3XVkCLNkYs,check,20
1091.0145,1Ab9LSMSyFTFThyKX2pVYrZgrqvBqP3mqT7T3XVkCLNkYs,check,18
1151.0148,1Ab9LSMSyFTFThyKX2pVYrZgrqvBqP3mqT7T3XVkCLNkYs,check,18
1201.5575,1Ab9LSMSyFTFThyKX2pVYrZgrqvBqP3mqT7T3XVkCLNkYs,check,20
1271.0078,1Ab9LSMSyFTFThyKX2pVYrZgrqvBqP3mqT7T3XVkCLNkYs,check,19
1323.1433,1Ab9LSMSyFTFThyKX2pVYrZgrqvBqP3mqT7T3XVkCLNkYs,check,20
1391.0146,1Ab9LSMSyFTFThyKX2pVYrZgrqvBqP3mqT7T3XVkCLNkYs,check,19
1451.0155,1Ab9LSMSyFTFThyKX2pVYrZgrqvBqP3mqT7T3XVkCLNkYs,check,19
1503.5387,1Ab9LSMSyFTFThyKX2pVYrZgrqvBqP3mqT7T3XVkCLNkYs,check,20
1571.015,1Ab9LSMSyFTFThyKX2pVYrZgrqvBqP3mqT7T3XVkCLNkYs,check,19
1631.0165,1Ab9LSMSyFTFThyKX2pVYrZgrqvBqP3mqT7T3XVkCLNkYs,check,19
1682.6575,1Ab9LSMSyFTFThyKX2pVYrZgrqvBqP3mqT7T3XVkCLNkYs,check,20
1743.6929,1Ab9LSMSyFTFThyKX2pVYrZgrqvBqP3mqT7T3XVkCLNkYs,check,20
1811.0193,1Ab9LSMSyFTFThyKX2pVYrZgrqvBqP3mqT7T3XVkCLNkYs,check,19
1865.9373,1Ab9LSMSyFTFThyKX2pVYrZgrqvBqP3mqT7T3XVkCLNkYs,check,20
1922.8031,1Ab9LSMSyFTFThyKX2pVYrZgrqvBqP3mqT7T3XVkCLNkYs,check,20
1981.6577,1Ab9LSMSyFTFThyKX2pVYrZgrqvBqP3mqT7T3XVkCLNkYs,check,20
2042.66,1Ab9LSMSyFTFThyKX2pVYrZgrqvBqP3mqT7T3XVkCLNkYs,check,20
2102.6558,1Ab9LSMSyFTFThyKX2pVYrZgrqvBqP3mqT7T3XVkCLNkYs,check,20
2167.7234,1Ab9LSMSyFTFThyKX2pVYrZgrqvBqP3mqT7T3XVkCLNkYs,check,20
2226.865,1Ab9LSMSyFTFThyKX2pVYrZgrqvBqP3mqT7T3XVkCLNkYs,check,20
2291.009,1Ab9LSMSyFTFThyKX2pVYrZgrqvBqP3mqT7T3XVkCLNkYs,check,19
2351.0166,1Ab9LSMSyFTFThyKX2pVYrZgrqvBqP3mqT7T3XVkCLNkYs,check,19
2411.0132,1Ab9LSMSyFTFThyKX2pVYrZgrqvBqP3mqT7T3XVkCLNkYs,check,19
2471.0137,1Ab9LSMSyFTFThyKX2pVYrZgrqvBqP3mqT7T3XVkCLNkYs,check,19
2522.5254,1Ab9LSMSyFTFThyKX2pVYrZgrqvBqP3mqT7T3XVkCLNkYs,check,20
2591.0059,1Ab9LSMSyFTFThyKX2pVYrZgrqvBqP3mqT7T3XVkCLNkYs,check,19
2642.561,1Ab9LSMSyFTFThyKX2pVYrZgrqvBqP3mqT7T3XVkCLNkYs,check,20
2702.282,1Ab9LSMSyFTFThyKX2pVYrZgrqvBqP3mqT7T3XVkCLNkYs,check,20
2771.0107,1Ab9LSMSyFTFThyKX2pVYrZgrqvBqP3mqT7T3XVkCLNkYs,check,19
2821.8662,1Ab9LSMSyFTFThyKX2pVYrZgrqvBqP3mqT7T3XVkCLNkYs,check,20
2882.6501,1Ab9LSMSyFTFThyKX2pVYrZgrqvBqP3mqT7T3XVkCLNkYs,check,20
2942.9082,1Ab9LSMSyFTFThyKX2pVYrZgrqvBqP3mqT7T3XVkCLNkYs,check,20
3007.3875,1Ab9LSMSyFTFThyKX2pVYrZgrqvBqP3mqT7T3XVkCLNkYs,check,20
3068.0918,1Ab9LSMSyFTFThyKX2pVYrZgrqvBqP3mqT7T3XVkCLNkYs,check,20
3123.5632,1Ab9LSMSyFTFThyKX2pVYrZgrqvBqP3mqT7T3XVkCLNkYs,check,20
3182.762,1Ab9LSMSyFTFThyKX2pVYrZgrqvBqP3mqT7T3XVkCLNkYs,check,20
3248.0251,1Ab9LSMSyFTFThyKX2pVYrZgrqvBqP3mqT7T3XVkCLNkYs,check,20
3311.015,1Ab9LSMSyFTFThyKX2pVYrZgrqvBqP3mqT7T3XVkCLNkYs,check,19
3363.1855,1Ab9LSMSyFTFThyKX2pVYrZgrqvBqP3mqT7T3XVkCLNkYs,check,20
3431.0142,1Ab9LSMSyFTFThyKX2pVYrZgrqvBqP3mqT7T3XVkCLNkYs,check,15
3482.3757,1Ab9LSMSyFTFThyKX2pVYrZgrqvBqP3mqT7T3XVkCLNkYs,check,20
3541.5327,1Ab9LSMSyFTFThyKX2pVYrZgrqvBqP3mqT7T3XVkCLNkYs,check,20
3603.3213,1Ab9LSMSyFTFThyKX2pVYrZgrqvBqP3mqT7T3XVkCLNkYs,check,20
3663.7063,1Ab9LSMSyFTFThyKX2pVYrZgrqvBqP3mqT7T3XVkCLNkYs,check,20
3731.013,1Ab9LSMSyFTFThyKX2pVYrZgrqvBqP3mqT7T3XVkCLNkYs,check,19
3782.2036,1Ab9LSMSyFTFThyKX2pVYrZgrqvBqP3mqT7T3XVkCLNkYs,check,20
3851.0178,1Ab9LSMSyFTFThyKX2pVYrZgrqvBqP3mqT7T3XVkCLNkYs,check,19
3902.8801,1Ab9LSMSyFTFThyKX2pVYrZgrqvBqP3mqT7T3XVkCLNkYs,check,20
3971.0066,1Ab9LSMSyFTFThyKX2pVYrZgrqvBqP3mqT7T3XVkCLNkYs,check,19
4026.5408,1Ab9LSMSyFTFThyKX2pVYrZgrqvBqP3mqT7T3XVkCLNkYs,check,20
4082.1628,1Ab9LSMSyFTFThyKX2pVYrZgrqvBqP3mqT7T3XVkCLNkYs,check,20
4141.8604,1Ab9LSMSyFTFThyKX2pVYrZgrqvBqP3mqT7T3XVkCLNkYs,check,20
4211.0044,1Ab9LSMSyFTFThyKX2pVYrZgrqvBqP3mqT7T3XVkCLNkYs,check,19
4261.5254,1Ab9LSMSyFTFThyKX2pVYrZgrqvBqP3mqT7T3XVkCLNkYs,check,20
4321.5264,1Ab9LSMSyFTFThyKX2pVYrZgrqvBqP3mqT7T3XVkCLNkYs,check,20
4382.676,1Ab9LSMSyFTFThyKX2pVYrZgrqvBqP3mqT7T3XVkCLNkYs,check,20
4442.1924,1Ab9LSMSyFTFThyKX2pVYrZgrqvBqP3mqT7T3XVkCLNkYs,check,20
4511.0166,1Ab9LSMSyFTFThyKX2pVYrZgrqvBqP3mqT7T3XVkCLNkYs,check,19
4562.5137,1Ab9LSMSyFTFThyKX2pVYrZgrqvBqP3mqT7T3XVkCLNkYs,check,20
4625.8066,1Ab9LSMSyFTFThyKX2pVYrZgrqvBqP3mqT7T3XVkCLNkYs,check,20
4682.6104,1Ab9LSMSyFTFThyKX2pVYrZgrqvBqP3mqT7T3XVkCLNkYs,check,20
4742.335,1Ab9LSMSyFTFThyKX2pVYrZgrqvBqP3mqT7T3XVkCLNkYs,check,20
4801.6377,1Ab9LSMSyFTFThyKX2pVYrZgrqvBqP3mqT7T3XVkCLNkYs,check,20
4862.2695,1Ab9LSMSyFTFThyKX2pVYrZgrqvBqP3mqT7T3XVkCLNkYs,check,20
4921.556,1Ab9LSMSyFTFThyKX2pVYrZgrqvBqP3mqT7T3XVkCLNkYs,check,20
4981.8906,1Ab9LSMSyFTFThyKX2pVYrZgrqvBqP3mqT7T3XVkCLNkYs,check,20
5042.7,1Ab9LSMSyFTFThyKX2pVYrZgrqvBqP3mqT7T3XVkCLNkYs,check,20
5104.134,1Ab9LSMSyFTFThyKX2pVYrZgrqvBqP3mqT7T3XVkCLNkYs,check,20
5164.2334,1Ab9LSMSyFTFThyKX2pVYrZgrqvBqP3mqT7T3XVkCLNkYs,check,20
5225.8667,1Ab9LSMSyFTFThyKX2pVYrZgrqvBqP3mqT7T3XVkCLNkYs,check,20
5282.599,1Ab9LSMSyFTFThyKX2pVYrZgrqvBqP3mqT7T3XVkCLNkYs,check,20
5343.524,1Ab9LSMSyFTFThyKX2pVYrZgrqvBqP3mqT7T3XVkCLNkYs,check,20
5402.5313,1Ab9LSMSyFTFThyKX2pVYrZgrqvBqP3mqT7T3XVkCLNkYs,check,20
5464.334,1Ab9LSMSyFTFThyKX2pVYrZgrqvBqP3mqT7T3XVkCLNkYs,check,20
5531.0166,1Ab9LSMSyFTFThyKX2pVYrZgrqvBqP3mqT7T3XVkCLNkYs,check,18
5581.659,1Ab9LSMSyFTFThyKX2pVYrZgrqvBqP3mqT7T3XVkCLNkYs,check,20
5647.5176,1Ab9LSMSyFTFThyKX2pVYrZgrqvBqP3mqT7T3XVkCLNkYs,check,20
5704.455,1Ab9LSMSyFTFThyKX2pVYrZgrqvBqP3mqT7T3XVkCLNkYs,check,20
5766.282,1Ab9LSMSyFTFThyKX2pVYrZgrqvBqP3mqT7T3XVkCLNkYs,check,20
5831.0073,1Ab9LSMSyFTFThyKX2pVYrZgrqvBqP3mqT7T3XVkCLNkYs,check,19
5882.675,1Ab9LSMSyFTFThyKX2pVYrZgrqvBqP3mqT7T3XVkCLNkYs,check,20
5942.1333,1Ab9LSMSyFTFThyKX2pVYrZgrqvBqP3mqT7T3XVkCLNkYs,check,20
6001.8657,1Ab9LSMSyFTFThyKX2pVYrZgrqvBqP3mqT7T3XVkCLNkYs,check,20
6062.5825,1Ab9LSMSyFTFThyKX2pVYrZgrqvBqP3mqT7T3XVkCLNkYs,check,20
6121.557,1Ab9LSMSyFTFThyKX2pVYrZgrqvBqP3mqT7T3XVkCLNkYs,check,20
6185.874,1Ab9LSMSyFTFThyKX2pVYrZgrqvBqP3mqT7T3XVkCLNkYs,check,20
6242.6045,1Ab9LSMSyFTFThyKX2pVYrZgrqvBqP3mqT7T3XVkCLNkYs,check,20
6306.443,1Ab9LSMSyFTFThyKX2pVYrZgrqvBqP3mqT7T3XVkCLNkYs,check,20
6364.4736,1Ab9LSMSyFTFThyKX2pVYrZgrqvBqP3mqT7T3XVkCLNkYs,check,20
6431.0146,1Ab9LSMSyFTFThyKX2pVYrZgrqvBqP3mqT7T3XVkCLNkYs,check,18
6488.45,1Ab9LSMSyFTFThyKX2pVYrZgrqvBqP3mqT7T3XVkCLNkYs,check,20
6542.756,1Ab9LSMSyFTFThyKX2pVYrZgrqvBqP3mqT7T3XVkCLNkYs,check,20
6611.018,1Ab9LSMSyFTFThyKX2pVYrZgrqvBqP3mqT7T3XVkCLNkYs,check,19
6662.6475,1Ab9LSMSyFTFThyKX2pVYrZgrqvBqP3mqT7T3XVkCLNkYs,check,20
6721.8735,1Ab9LSMSyFTFThyKX2pVYrZgrqvBqP3mqT7T3XVkCLNkYs,check,20
6782.8823,1Ab9LSMSyFTFThyKX2pVYrZgrqvBqP3mqT7T3XVkCLNkYs,check,20
6851.013,1Ab9LSMSyFTFThyKX2pVYrZgrqvBqP3mqT7T3XVkCLNkYs,check,18
6904.7124,1Ab9LSMSyFTFThyKX2pVYrZgrqvBqP3mqT7T3XVkCLNkYs,check,20
6971.012,1Ab9LSMSyFTFThyKX2pVYrZgrqvBqP3mqT7T3XVkCLNkYs,check,19
7023.335,1Ab9LSMSyFTFThyKX2pVYrZgrqvBqP3mqT7T3XVkCLNkYs,check,20
7091.0176,1Ab9LSMSyFTFThyKX2pVYrZgrqvBqP3mqT7T3XVkCLNkYs,check,19
7151.005,1Ab9LSMSyFTFThyKX2pVYrZgrqvBqP3mqT7T3XVkCLNkYs,check,19
7207.8027,1Ab9LSMSyFTFThyKX2pVYrZgrqvBqP3mqT7T3XVkCLNkYs,check,20
7262.558,1Ab9LSMSyFTFThyKX2pVYrZgrqvBqP3mqT7T3XVkCLNkYs,check,20
7322.6787,1Ab9LSMSyFTFThyKX2pVYrZgrqvBqP3mqT7T3XVkCLNkYs,check,20
7382.8247,1Ab9LSMSyFTFThyKX2pVYrZgrqvBqP3mqT7T3XVkCLNkYs,check,20
7442.655,1Ab9LSMSyFTFThyKX2pVYrZgrqvBqP3mqT7T3XVkCLNkYs,check,20
7501.8823,1Ab9LSMSyFTFThyKX2pVYrZgrqvBqP3mqT7T3XVkCLNkYs,check,20
7565.952,1Ab9LSMSyFTFThyKX2pVYrZgrqvBqP3mqT7T3XVkCLNkYs,check,20
7622.446,1Ab9LSMSyFTFThyKX2pVYrZgrqvBqP3mqT7T3XVkCLNkYs,check,20
7682.5244,1Ab9LSMSyFTFThyKX2pVYrZgrqvBqP3mqT7T3XVkCLNkYs,check,20
7751.014,1Ab9LSMSyFTFThyKX2pVYrZgrqvBqP3mqT7T3XVkCLNkYs,check,19
7811.0215,1Ab9LSMSyFTFThyKX2pVYrZgrqvBqP3mqT7T3XVkCLNkYs,check,19
7871.0146,1Ab9LSMSyFTFThyKX2pVYrZgrqvBqP3mqT7T3XVkCLNkYs,check,19
7922.3345,1Ab9LSMSyFTFThyKX2pVYrZgrqvBqP3mqT7T3XVkCLNkYs,check,20
7981.567,1Ab9LSMSyFTFThyKX2pVYrZgrqvBqP3mqT7T3XVkCLNkYs,check,20
8041.5557,1Ab9LSMSyFTFThyKX2pVYrZgrqvBqP3mqT7T3XVkCLNkYs,check,20
8102.622,1Ab9LSMSyFTFThyKX2pVYrZgrqvBqP3mqT7T3XVkCLNkYs,check,20
8161.659,1Ab9LSMSyFTFThyKX2pVYrZgrqvBqP3mqT7T3XVkCLNkYs,check,20
8222.694,1Ab9LSMSyFTFThyKX2pVYrZgrqvBqP3mqT7T3XVkCLNkYs,check,20
8283.32,1Ab9LSMSyFTFThyKX2pVYrZgrqvBqP3mqT7T3XVkCLNkYs,check,20
8344.922,1Ab9LSMSyFTFThyKX2pVYrZgrqvBqP3mqT7T3XVkCLNkYs,check,20
8411.014,1Ab9LSMSyFTFThyKX2pVYrZgrqvBqP3mqT7T3XVkCLNkYs,check,19
8471.019,1Ab9LSMSyFTFThyKX2pVYrZgrqvBqP3mqT7T3XVkCLNkYs,check,18
8531.018,1Ab9LSMSyFTFThyKX2pVYrZgrqvBqP3mqT7T3XVkCLNkYs,check,18
8591.015,1Ab9LSMSyFTFThyKX2pVYrZgrqvBqP3mqT7T3XVkCLNkYs,check,18
8651.018,1Ab9LSMSyFTFThyKX2pVYrZgrqvBqP3mqT7T3XVkCLNkYs,check,18
8703.55,1Ab9LSMSyFTFThyKX2pVYrZgrqvBqP3mqT7T3XVkCLNkYs,check,20
8762.729,1Ab9LSMSyFTFThyKX2pVYrZgrqvBqP3mqT7T3XVkCLNkYs,check,20
8824.291,1Ab9LSMSyFTFThyKX2pVYrZgrqvBqP3mqT7T3XVkCLNkYs,check,20
8883.978,1Ab9LSMSyFTFThyKX2pVYrZgrqvBqP3mqT7T3XVkCLNkYs,check,20
8950.931,1Ab9LSMSyFTFThyKX2pVYrZgrqvBqP3mqT7T3XVkCLNkYs,check,20
9001.527,1Ab9LSMSyFTFThyKX2pVYrZgrqvBqP3mqT7T3XVkCLNkYs,check,20
9064.2705,1Ab9LSMSyFTFThyKX2pVYrZgrqvBqP3mqT7T3XVkCLNkYs,check,20
9131.016,1Ab9LSMSyFTFThyKX2pVYrZgrqvBqP3mqT7T3XVkCLNkYs,check,19
9191.015,1Ab9LSMSyFTFThyKX2pVYrZgrqvBqP3mqT7T3XVkCLNkYs,check,19
9251.016,1Ab9LSMSyFTFThyKX2pVYrZgrqvBqP3mqT7T3XVkCLNkYs,check,18
9302.865,1Ab9LSMSyFTFThyKX2pVYrZgrqvBqP3mqT7T3XVkCLNkYs,check,20
9371.015,1Ab9LSMSyFTFThyKX2pVYrZgrqvBqP3mqT7T3XVkCLNkYs,check,19
9431.017,1Ab9LSMSyFTFThyKX2pVYrZgrqvBqP3mqT7T3XVkCLNkYs,check,19
9483.449,1Ab9LSMSyFTFThyKX2pVYrZgrqvBqP3mqT7T3XVkCLNkYs,check,20
9541.918,1Ab9LSMSyFTFThyKX2pVYrZgrqvBqP3mqT7T3XVkCLNkYs,check,20
9603.699,1Ab9LSMSyFTFThyKX2pVYrZgrqvBqP3mqT7T3XVkCLNkYs,check,20
9662.595,1Ab9LSMSyFTFThyKX2pVYrZgrqvBqP3mqT7T3XVkCLNkYs,check,20
9728.14,1Ab9LSMSyFTFThyKX2pVYrZgrqvBqP3mqT7T3XVkCLNkYs,check,20
9781.736,1Ab9LSMSyFTFThyKX2pVYrZgrqvBqP3mqT7T3XVkCLNkYs,check,20
9851.019,1Ab9LSMSyFTFThyKX2pVYrZgrqvBqP3mqT7T3XVkCLNkYs,check,19
9911.015,1Ab9LSMSyFTFThyKX2pVYrZgrqvBqP3mqT7T3XVkCLNkYs,check,18
9967.472,1Ab9LSMSyFTFThyKX2pVYrZgrqvBqP3mqT7T3XVkCLNkYs,check,20
10031.014,1Ab9LSMSyFTFThyKX2pVYrZgrqvBqP3mqT7T3XVkCLNkYs,check,19
10085.994,1Ab9LSMSyFTFThyKX2pVYrZgrqvBqP3mqT7T3XVkCLNkYs,check,20
10151.016,1Ab9LSMSyFTFThyKX2pVYrZgrqvBqP3mqT7T3XVkCLNkYs,check,18
10211.017,1Ab9LSMSyFTFThyKX2pVYrZgrqvBqP3mqT7T3XVkCLNkYs,check,18
10262.212,1Ab9LSMSyFTFThyKX2pVYrZgrqvBqP3mqT7T3XVkCLNkYs,check,20
10321.562,1Ab9LSMSyFTFThyKX2pVYrZgrqvBqP3mqT7T3XVkCLNkYs,check,20
10386.257,1Ab9LSMSyFTFThyKX2pVYrZgrqvBqP3mqT7T3XVkCLNkYs,check,20
10451.0205,1Ab9LSMSyFTFThyKX2pVYrZgrqvBqP3mqT7T3XVkCLNkYs,check,19
10501.542,1Ab9LSMSyFTFThyKX2pVYrZgrqvBqP3mqT7T3XVkCLNkYs,check,20
10563.442,1Ab9LSMSyFTFThyKX2pVYrZgrqvBqP3mqT7T3XVkCLNkYs,check,20
10631.014,1Ab9LSMSyFTFThyKX2pVYrZgrqvBqP3mqT7T3XVkCLNkYs,check,18
10691.016,1Ab9LSMSyFTFThyKX2pVYrZgrqvBqP3mqT7T3XVkCLNkYs,check,19
10751.011,1Ab9LSMSyFTFThyKX2pVYrZgrqvBqP3mqT7T3XVkCLNkYs,check,19
10804.458,1Ab9LSMSyFTFThyKX2pVYrZgrqvBqP3mqT7T3XVkCLNkYs,check,20
10871.016,1Ab9LSMSyFTFThyKX2pVYrZgrqvBqP3mqT7T3XVkCLNkYs,check,18
10931.018,1Ab9LSMSyFTFThyKX2pVYrZgrqvBqP3mqT7T3XVkCLNkYs,check,18
10991.017,1Ab9LSMSyFTFThyKX2pVYrZgrqvBqP3mqT7T3XVkCLNkYs,check,18
11042.78,1Ab9LSMSyFTFThyKX2pVYrZgrqvBqP3mqT7T3XVkCLNkYs,check,20
11101.874,1Ab9LSMSyFTFThyKX2pVYrZgrqvBqP3mqT7T3XVkCLNkYs,check,20
11162.958,1Ab9LSMSyFTFThyKX2pVYrZgrqvBqP3mqT7T3XVkCLNkYs,check,20
11221.87,1Ab9LSMSyFTFThyKX2pVYrZgrqvBqP3mqT7T3XVkCLNkYs,check,20
11281.539,1Ab9LSMSyFTFThyKX2pVYrZgrqvBqP3mqT7T3XVkCLNkYs,check,20
11344.745,1Ab9LSMSyFTFThyKX2pVYrZgrqvBqP3mqT7T3XVkCLNkYs,check,20
11404.163,1Ab9LSMSyFTFThyKX2pVYrZgrqvBqP3mqT7T3XVkCLNkYs,check,20
11462.372,1Ab9LSMSyFTFThyKX2pVYrZgrqvBqP3mqT7T3XVkCLNkYs,check,20
11531.015,1Ab9LSMSyFTFThyKX2pVYrZgrqvBqP3mqT7T3XVkCLNkYs,check,19
11588.889,1Ab9LSMSyFTFThyKX2pVYrZgrqvBqP3mqT7T3XVkCLNkYs,check,19
11651.018,1Ab9LSMSyFTFThyKX2pVYrZgrqvBqP3mqT7T3XVkCLNkYs,check,18
11711.016,1Ab9LSMSyFTFThyKX2pVYrZgrqvBqP3mqT7T3XVkCLNkYs,check,19
11764.6,1Ab9LSMSyFTFThyKX2pVYrZgrqvBqP3mqT7T3XVkCLNkYs,check,20
11829.093,1Ab9LSMSyFTFThyKX2pVYrZgrqvBqP3mqT7T3XVkCLNkYs,check,20
11882.886,1Ab9LSMSyFTFThyKX2pVYrZgrqvBqP3mqT7T3XVkCLNkYs,check,20
11946.336,1Ab9LSMSyFTFThyKX2pVYrZgrqvBqP3mqT7T3XVkCLNkYs,check,20
12008.511,1Ab9LSMSyFTFThyKX2pVYrZgrqvBqP3mqT7T3XVkCLNkYs,check,20
12071.017,1Ab9LSMSyFTFThyKX2pVYrZgrqvBqP3mqT7T3XVkCLNkYs,check,19
12123.135,1Ab9LSMSyFTFThyKX2pVYrZgrqvBqP3mqT7T3XVkCLNkYs,check,20
12191.016,1Ab9LSMSyFTFThyKX2pVYrZgrqvBqP3mqT7T3XVkCLNkYs,check,19
12243.422,1Ab9LSMSyFTFThyKX2pVYrZgrqvBqP3mqT7T3XVkCLNkYs,check,20
12311.019,1Ab9LSMSyFTFThyKX2pVYrZgrqvBqP3mqT7T3XVkCLNkYs,check,19
12362.687,1Ab9LSMSyFTFThyKX2pVYrZgrqvBqP3mqT7T3XVkCLNkYs,check,20
12424.707,1Ab9LSMSyFTFThyKX2pVYrZgrqvBqP3mqT7T3XVkCLNkYs,check,20
12491.017,1Ab9LSMSyFTFThyKX2pVYrZgrqvBqP3mqT7T3XVkCLNkYs,check,19
12541.685,1Ab9LSMSyFTFThyKX2pVYrZgrqvBqP3mqT7T3XVkCLNkYs,check,20
12611.005,1Ab9LSMSyFTFThyKX2pVYrZgrqvBqP3mqT7T3XVkCLNkYs,check,19
12671.008,1Ab9LSMSyFTFThyKX2pVYrZgrqvBqP3mqT7T3XVkCLNkYs,check,19
12731.01,1Ab9LSMSyFTFThyKX2pVYrZgrqvBqP3mqT7T3XVkCLNkYs,check,19
12791.015,1Ab9LSMSyFTFThyKX2pVYrZgrqvBqP3mqT7T3XVkCLNkYs,check,19
12851.0205,1Ab9LSMSyFTFThyKX2pVYrZgrqvBqP3mqT7T3XVkCLNkYs,check,19
12903.139,1Ab9LSMSyFTFThyKX2pVYrZgrqvBqP3mqT7T3XVkCLNkYs,check,20
12970.837,1Ab9LSMSyFTFThyKX2pVYrZgrqvBqP3mqT7T3XVkCLNkYs,check,20
13031.018,1Ab9LSMSyFTFThyKX2pVYrZgrqvBqP3mqT7T3XVkCLNkYs,check,19
13091.0205,1Ab9LSMSyFTFThyKX2pVYrZgrqvBqP3mqT7T3XVkCLNkYs,check,19
13151.0205,1Ab9LSMSyFTFThyKX2pVYrZgrqvBqP3mqT7T3XVkCLNkYs,check,18
13211.016,1Ab9LSMSyFTFThyKX2pVYrZgrqvBqP3mqT7T3XVkCLNkYs,check,19
13263.448,1Ab9LSMSyFTFThyKX2pVYrZgrqvBqP3mqT7T3XVkCLNkYs,check,20
13331.009,1Ab9LSMSyFTFThyKX2pVYrZgrqvBqP3mqT7T3XVkCLNkYs,check,19
13381.903,1Ab9LSMSyFTFThyKX2pVYrZgrqvBqP3mqT7T3XVkCLNkYs,check,20
13451.014,1Ab9LSMSyFTFThyKX2pVYrZgrqvBqP3mqT7T3XVkCLNkYs,check,19
13503.478,1Ab9LSMSyFTFThyKX2pVYrZgrqvBqP3mqT7T3XVkCLNkYs,check,20
13563.182,1Ab9LSMSyFTFThyKX2pVYrZgrqvBqP3mqT7T3XVkCLNkYs,check,20
13621.908,1Ab9LSMSyFTFThyKX2pVYrZgrqvBqP3mqT7T3XVkCLNkYs,check,20
13691.012,1Ab9LSMSyFTFThyKX2pVYrZgrqvBqP3mqT7T3XVkCLNkYs,check,19
13751.012,1Ab9LSMSyFTFThyKX2pVYrZgrqvBqP3mqT7T3XVkCLNkYs,check,19
13811.016,1Ab9LSMSyFTFThyKX2pVYrZgrqvBqP3mqT7T3XVkCLNkYs,check,19
13871.017,1Ab9LSMSyFTFThyKX2pVYrZgrqvBqP3mqT7T3XVkCLNkYs,check,18
13931.019,1Ab9LSMSyFTFThyKX2pVYrZgrqvBqP3mqT7T3XVkCLNkYs,check,19
13991.022,1Ab9LSMSyFTFThyKX2pVYrZgrqvBqP3mqT7T3XVkCLNkYs,check,18
14051.016,1Ab9LSMSyFTFThyKX2pVYrZgrqvBqP3mqT7T3XVkCLNkYs,check,18
14102.914,1Ab9LSMSyFTFThyKX2pVYrZgrqvBqP3mqT7T3XVkCLNkYs,check,20
14164.889,1Ab9LSMSyFTFThyKX2pVYrZgrqvBqP3mqT7T3XVkCLNkYs,check,20
14231.008,1Ab9LSMSyFTFThyKX2pVYrZgrqvBqP3mqT7T3XVkCLNkYs,check,19
14282.903,1Ab9LSMSyFTFThyKX2pVYrZgrqvBqP3mqT7T3XVkCLNkYs,check,20
14351.014,1Ab9LSMSyFTFThyKX2pVYrZgrqvBqP3mqT7T3XVkCLNkYs,check,18
14411.02,1Ab9LSMSyFTFThyKX2pVYrZgrqvBqP3mqT7T3XVkCLNkYs,check,19
14471.019,1Ab9LSMSyFTFThyKX2pVYrZgrqvBqP3mqT7T3XVkCLNkYs,check,18
14531.017,1Ab9LSMSyFTFThyKX2pVYrZgrqvBqP3mqT7T3XVkCLNkYs,check,19
14591.017,1Ab9LSMSyFTFThyKX2pVYrZgrqvBqP3mqT7T3XVkCLNkYs,check,18
14651.015,1Ab9LSMSyFTFThyKX2pVYrZgrqvBqP3mqT7T3XVkCLNkYs,check,18
14711.023,1Ab9LSMSyFTFThyKX2pVYrZgrqvBqP3mqT7T3XVkCLNkYs,check,19
14763.597,1Ab9LSMSyFTFThyKX2pVYrZgrqvBqP3mqT7T3XVkCLNkYs,check,20
14831.016,1Ab9LSMSyFTFThyKX2pVYrZgrqvBqP3mqT7T3XVkCLNkYs,check,19
14891.01,1Ab9LSMSyFTFThyKX2pVYrZgrqvBqP3mqT7T3XVkCLNkYs,check,19
14941.878,1Ab9LSMSyFTFThyKX2pVYrZgrqvBqP3mqT7T3XVkCLNkYs,check,20
15004.51,1Ab9LSMSyFTFThyKX2pVYrZgrqvBqP3mqT7T3XVkCLNkYs,check,20
15062.359,1Ab9LSMSyFTFThyKX2pVYrZgrqvBqP3mqT7T3XVkCLNkYs,check,20
15122.897,1Ab9LSMSyFTFThyKX2pVYrZgrqvBqP3mqT7T3XVkCLNkYs,check,20
15181.673,1Ab9LSMSyFTFThyKX2pVYrZgrqvBqP3mqT7T3XVkCLNkYs,check,20
15251.012,1Ab9LSMSyFTFThyKX2pVYrZgrqvBqP3mqT7T3XVkCLNkYs,check,19
15304.557,1Ab9LSMSyFTFThyKX2pVYrZgrqvBqP3mqT7T3XVkCLNkYs,check,20
15361.911,1Ab9LSMSyFTFThyKX2pVYrZgrqvBqP3mqT7T3XVkCLNkYs,check,20
15431.022,1Ab9LSMSyFTFThyKX2pVYrZgrqvBqP3mqT7T3XVkCLNkYs,check,19
15491.018,1Ab9LSMSyFTFThyKX2pVYrZgrqvBqP3mqT7T3XVkCLNkYs,check,19
15551.017,1Ab9LSMSyFTFThyKX2pVYrZgrqvBqP3mqT7T3XVkCLNkYs,check,17
15608.139,1Ab9LSMSyFTFThyKX2pVYrZgrqvBqP3mqT7T3XVkCLNkYs,check,20
15664.506,1Ab9LSMSyFTFThyKX2pVYrZgrqvBqP3mqT7T3XVkCLNkYs,check,20
15727.688,1Ab9LSMSyFTFThyKX2pVYrZgrqvBqP3mqT7T3XVkCLNkYs,check,20
15791.017,1Ab9LSMSyFTFThyKX2pVYrZgrqvBqP3mqT7T3XVkCLNkYs,check,19
15851.006,1Ab9LSMSyFTFThyKX2pVYrZgrqvBqP3mqT7T3XVkCLNkYs,check,19
15904.424,1Ab9LSMSyFTFThyKX2pVYrZgrqvBqP3mqT7T3XVkCLNkYs,check,20
15971.017,1Ab9LSMSyFTFThyKX2pVYrZgrqvBqP3mqT7T3XVkCLNkYs,check,19
16027.469,1Ab9LSMSyFTFThyKX2pVYrZgrqvBqP3mqT7T3XVkCLNkYs,check,20
16084.021,1Ab9LSMSyFTFThyKX2pVYrZgrqvBqP3mqT7T3XVkCLNkYs,check,20
16150.864,1Ab9LSMSyFTFThyKX2pVYrZgrqvBqP3mqT7T3XVkCLNkYs,check,20
16211.02,1Ab9LSMSyFTFThyKX2pVYrZgrqvBqP3mqT7T3XVkCLNkYs,check,19
16271.014,1Ab9LSMSyFTFThyKX2pVYrZgrqvBqP3mqT7T3XVkCLNkYs,check,18
16331.015,1Ab9LSMSyFTFThyKX2pVYrZgrqvBqP3mqT7T3XVkCLNkYs,check,18
16391.016,1Ab9LSMSyFTFThyKX2pVYrZgrqvBqP3mqT7T3XVkCLNkYs,check,19
16442.225,1Ab9LSMSyFTFThyKX2pVYrZgrqvBqP3mqT7T3XVkCLNkYs,check,20
16504.227,1Ab9LSMSyFTFThyKX2pVYrZgrqvBqP3mqT7T3XVkCLNkYs,check,20
16571.016,1Ab9LSMSyFTFThyKX2pVYrZgrqvBqP3mqT7T3XVkCLNkYs,check,18
16622.71,1Ab9LSMSyFTFThyKX2pVYrZgrqvBqP3mqT7T3XVkCLNkYs,check,20
16691.018,1Ab9LSMSyFTFThyKX2pVYrZgrqvBqP3mqT7T3XVkCLNkYs,check,19
16751.018,1Ab9LSMSyFTFThyKX2pVYrZgrqvBqP3mqT7T3XVkCLNkYs,check,19
16811.018,1Ab9LSMSyFTFThyKX2pVYrZgrqvBqP3mqT7T3XVkCLNkYs,check,18
16871.018,1Ab9LSMSyFTFThyKX2pVYrZgrqvBqP3mqT7T3XVkCLNkYs,check,19
16931.016,1Ab9LSMSyFTFThyKX2pVYrZgrqvBqP3mqT7T3XVkCLNkYs,check,18
16991.014,1Ab9LSMSyFTFThyKX2pVYrZgrqvBqP3mqT7T3XVkCLNkYs,check,19
17051.014,1Ab9LSMSyFTFThyKX2pVYrZgrqvBqP3mqT7T3XVkCLNkYs,check,18
17111.02,1Ab9LSMSyFTFThyKX2pVYrZgrqvBqP3mqT7T3XVkCLNkYs,check,18
17171.01,1Ab9LSMSyFTFThyKX2pVYrZgrqvBqP3mqT7T3XVkCLNkYs,check,19
17223.328,1Ab9LSMSyFTFThyKX2pVYrZgrqvBqP3mqT7T3XVkCLNkYs,check,20
17286.723,1Ab9LSMSyFTFThyKX2pVYrZgrqvBqP3mqT7T3XVkCLNkYs,check,20
17345.86,1Ab9LSMSyFTFThyKX2pVYrZgrqvBqP3mqT7T3XVkCLNkYs,check,20
17401.59,1Ab9LSMSyFTFThyKX2pVYrZgrqvBqP3mqT7T3XVkCLNkYs,check,20
17471.023,1Ab9LSMSyFTFThyKX2pVYrZgrqvBqP3mqT7T3XVkCLNkYs,check,19
17531.016,1Ab9LSMSyFTFThyKX2pVYrZgrqvBqP3mqT7T3XVkCLNkYs,check,19
17591.02,1Ab9LSMSyFTFThyKX2pVYrZgrqvBqP3mqT7T3XVkCLNkYs,check,18
17651.02,1Ab9LSMSyFTFThyKX2pVYrZgrqvBqP3mqT7T3XVkCLNkYs,check,18
17711.01,1Ab9LSMSyFTFThyKX2pVYrZgrqvBqP3mqT7T3XVkCLNkYs,check,18
17771.018,1Ab9LSMSyFTFThyKX2pVYrZgrqvBqP3mqT7T3XVkCLNkYs,check,17
17831.02,1Ab9LSMSyFTFThyKX2pVYrZgrqvBqP3mqT7T3XVkCLNkYs,check,18
17891.02,1Ab9LSMSyFTFThyKX2pVYrZgrqvBqP3mqT7T3XVkCLNkYs,check,18
17951.018,1Ab9LSMSyFTFThyKX2pVYrZgrqvBqP3mqT7T3XVkCLNkYs,check,17
18011.02,1Ab9LSMSyFTFThyKX2pVYrZgrqvBqP3mqT7T3XVkCLNkYs,check,19
18071.021,1Ab9LSMSyFTFThyKX2pVYrZgrqvBqP3mqT7T3XVkCLNkYs,check,19
18131.021,1Ab9LSMSyFTFThyKX2pVYrZgrqvBqP3mqT7T3XVkCLNkYs,check,19
18191.02,1Ab9LSMSyFTFThyKX2pVYrZgrqvBqP3mqT7T3XVkCLNkYs,check,19
18251.023,1Ab9LSMSyFTFThyKX2pVYrZgrqvBqP3mqT7T3XVkCLNkYs,check,19
18311.023,1Ab9LSMSyFTFThyKX2pVYrZgrqvBqP3mqT7T3XVkCLNkYs,check,19
18371.018,1Ab9LSMSyFTFThyKX2pVYrZgrqvBqP3mqT7T3XVkCLNkYs,check,19
18431.016,1Ab9LSMSyFTFThyKX2pVYrZgrqvBqP3mqT7T3XVkCLNkYs,check,18
18491.018,1Ab9LSMSyFTFThyKX2pVYrZgrqvBqP3mqT7T3XVkCLNkYs,check,19
18551.018,1Ab9LSMSyFTFThyKX2pVYrZgrqvBqP3mqT7T3XVkCLNkYs,check,18
18611.016,1Ab9LSMSyFTFThyKX2pVYrZgrqvBqP3mqT7T3XVkCLNkYs,check,19
18671.02,1Ab9LSMSyFTFThyKX2pVYrZgrqvBqP3mqT7T3XVkCLNkYs,check,18
18731.018,1Ab9LSMSyFTFThyKX2pVYrZgrqvBqP3mqT7T3XVkCLNkYs,check,17
18791.02,1Ab9LSMSyFTFThyKX2pVYrZgrqvBqP3mqT7T3XVkCLNkYs,check,18
18851.018,1Ab9LSMSyFTFThyKX2pVYrZgrqvBqP3mqT7T3XVkCLNkYs,check,19
18911.021,1Ab9LSMSyFTFThyKX2pVYrZgrqvBqP3mqT7T3XVkCLNkYs,check,19
18971.018,1Ab9LSMSyFTFThyKX2pVYrZgrqvBqP3mqT7T3XVkCLNkYs,check,19
19031.018,1Ab9LSMSyFTFThyKX2pVYrZgrqvBqP3mqT7T3XVkCLNkYs,check,19
19091.02,1Ab9LSMSyFTFThyKX2pVYrZgrqvBqP3mqT7T3XVkCLNkYs,check,19
19151.018,1Ab9LSMSyFTFThyKX2pVYrZgrqvBqP3mqT7T3XVkCLNkYs,check,19
19211.018,1Ab9LSMSyFTFThyKX2pVYrZgrqvBqP3mqT7T3XVkCLNkYs,check,18
19271.018,1Ab9LSMSyFTFThyKX2pVYrZgrqvBqP3mqT7T3XVkCLNkYs,check,19
19331.016,1Ab9LSMSyFTFThyKX2pVYrZgrqvBqP3mqT7T3XVkCLNkYs,check,18
19391.02,1Ab9LSMSyFTFThyKX2pVYrZgrqvBqP3mqT7T3XVkCLNkYs,check,18
19451.02,1Ab9LSMSyFTFThyKX2pVYrZgrqvBqP3mqT7T3XVkCLNkYs,check,18
19511.012,1Ab9LSMSyFTFThyKX2pVYrZgrqvBqP3mqT7T3XVkCLNkYs,check,18
19571.018,1Ab9LSMSyFTFThyKX2pVYrZgrqvBqP3mqT7T3XVkCLNkYs,check,19
19631.018,1Ab9LSMSyFTFThyKX2pVYrZgrqvBqP3mqT7T3XVkCLNkYs,check,19
19691.018,1Ab9LSMSyFTFThyKX2pVYrZgrqvBqP3mqT7T3XVkCLNkYs,check,19
19751.021,1Ab9LSMSyFTFThyKX2pVYrZgrqvBqP3mqT7T3XVkCLNkYs,check,19
19811.02,1Ab9LSMSyFTFThyKX2pVYrZgrqvBqP3mqT7T3XVkCLNkYs,check,19
19871.012,1Ab9LSMSyFTFThyKX2pVYrZgrqvBqP3mqT7T3XVkCLNkYs,check,19
19931.02,1Ab9LSMSyFTFThyKX2pVYrZgrqvBqP3mqT7T3XVkCLNkYs,check,19
19991.018,1Ab9LSMSyFTFThyKX2pVYrZgrqvBqP3mqT7T3XVkCLNkYs,check,18
20051.016,1Ab9LSMSyFTFThyKX2pVYrZgrqvBqP3mqT7T3XVkCLNkYs,check,18
20111.02,1Ab9LSMSyFTFThyKX2pVYrZgrqvBqP3mqT7T3XVkCLNkYs,check,18
20171.018,1Ab9LSMSyFTFThyKX2pVYrZgrqvBqP3mqT7T3XVkCLNkYs,check,19
20231.018,1Ab9LSMSyFTFThyKX2pVYrZgrqvBqP3mqT7T3XVkCLNkYs,check,18
20291.018,1Ab9LSMSyFTFThyKX2pVYrZgrqvBqP3mqT7T3XVkCLNkYs,check,18
20351.021,1Ab9LSMSyFTFThyKX2pVYrZgrqvBqP3mqT7T3XVkCLNkYs,check,19
20411.021,1Ab9LSMSyFTFThyKX2pVYrZgrqvBqP3mqT7T3XVkCLNkYs,check,19
20471.02,1Ab9LSMSyFTFThyKX2pVYrZgrqvBqP3mqT7T3XVkCLNkYs,check,19
20531.021,1Ab9LSMSyFTFThyKX2pVYrZgrqvBqP3mqT7T3XVkCLNkYs,check,19
20591.014,1Ab9LSMSyFTFThyKX2pVYrZgrqvBqP3mqT7T3XVkCLNkYs,check,19
20651.018,1Ab9LSMSyFTFThyKX2pVYrZgrqvBqP3mqT7T3XVkCLNkYs,check,19
20711.014,1Ab9LSMSyFTFThyKX2pVYrZgrqvBqP3mqT7T3XVkCLNkYs,check,18
20771.012,1Ab9LSMSyFTFThyKX2pVYrZgrqvBqP3mqT7T3XVkCLNkYs,check,19
20831.008,1Ab9LSMSyFTFThyKX2pVYrZgrqvBqP3mqT7T3XVkCLNkYs,check,19
20891.008,1Ab9LSMSyFTFThyKX2pVYrZgrqvBqP3mqT7T3XVkCLNkYs,check,18
20951.008,1Ab9LSMSyFTFThyKX2pVYrZgrqvBqP3mqT7T3XVkCLNkYs,check,19
21011.008,1Ab9LSMSyFTFThyKX2pVYrZgrqvBqP3mqT7T3XVkCLNkYs,check,18
21071.018,1Ab9LSMSyFTFThyKX2pVYrZgrqvBqP3mqT7T3XVkCLNkYs,check,18
21131.018,1Ab9LSMSyFTFThyKX2pVYrZgrqvBqP3mqT7T3XVkCLNkYs,check,19
21191.021,1Ab9LSMSyFTFThyKX2pVYrZgrqvBqP3mqT7T3XVkCLNkYs,check,19
21251.018,1Ab9LSMSyFTFThyKX2pVYrZgrqvBqP3mqT7T3XVkCLNkYs,check,19
21311.02,1Ab9LSMSyFTFThyKX2pVYrZgrqvBqP3mqT7T3XVkCLNkYs,check,19
21371.02,1Ab9LSMSyFTFThyKX2pVYrZgrqvBqP3mqT7T3XVkCLNkYs,check,19
21431.02,1Ab9LSMSyFTFThyKX2pVYrZgrqvBqP3mqT7T3XVkCLNkYs,check,19
21491.018,1Ab9LSMSyFTFThyKX2pVYrZgrqvBqP3mqT7T3XVkCLNkYs,check,19
21551.018,1Ab9LSMSyFTFThyKX2pVYrZgrqvBqP3mqT7T3XVkCLNkYs,check,18
21611.018,1Ab9LSMSyFTFThyKX2pVYrZgrqvBqP3mqT7T3XVkCLNkYs,check,18
21671.021,1Ab9LSMSyFTFThyKX2pVYrZgrqvBqP3mqT7T3XVkCLNkYs,check,19
21731.018,1Ab9LSMSyFTFThyKX2pVYrZgrqvBqP3mqT7T3XVkCLNkYs,check,18
21791.016,1Ab9LSMSyFTFThyKX2pVYrZgrqvBqP3mqT7T3XVkCLNkYs,check,18
21851.018,1Ab9LSMSyFTFThyKX2pVYrZgrqvBqP3mqT7T3XVkCLNkYs,check,18
21911.025,1Ab9LSMSyFTFThyKX2pVYrZgrqvBqP3mqT7T3XVkCLNkYs,check,19
21971.02,1Ab9LSMSyFTFThyKX2pVYrZgrqvBqP3mqT7T3XVkCLNkYs,check,19
22031.018,1Ab9LSMSyFTFThyKX2pVYrZgrqvBqP3mqT7T3XVkCLNkYs,check,18
22091.018,1Ab9LSMSyFTFThyKX2pVYrZgrqvBqP3mqT7T3XVkCLNkYs,check,19
22151.018,1Ab9LSMSyFTFThyKX2pVYrZgrqvBqP3mqT7T3XVkCLNkYs,check,19
22211.018,1Ab9LSMSyFTFThyKX2pVYrZgrqvBqP3mqT7T3XVkCLNkYs,check,18
22271.021,1Ab9LSMSyFTFThyKX2pVYrZgrqvBqP3mqT7T3XVkCLNkYs,check,19
22331.018,1Ab9LSMSyFTFThyKX2pVYrZgrqvBqP3mqT7T3XVkCLNkYs,check,17
22391.023,1Ab9LSMSyFTFThyKX2pVYrZgrqvBqP3mqT7T3XVkCLNkYs,check,19
22451.02,1Ab9LSMSyFTFThyKX2pVYrZgrqvBqP3mqT7T3XVkCLNkYs,check,19
22511.018,1Ab9LSMSyFTFThyKX2pVYrZgrqvBqP3mqT7T3XVkCLNkYs,check,17
22571.018,1Ab9LSMSyFTFThyKX2pVYrZgrqvBqP3mqT7T3XVkCLNkYs,check,17
22631.018,1Ab9LSMSyFTFThyKX2pVYrZgrqvBqP3mqT7T3XVkCLNkYs,check,19
22691.018,1Ab9LSMSyFTFThyKX2pVYrZgrqvBqP3mqT7T3XVkCLNkYs,check,14
22751.018,1Ab9LSMSyFTFThyKX2pVYrZgrqvBqP3mqT7T3XVkCLNkYs,check,19
22811.02,1Ab9LSMSyFTFThyKX2pVYrZgrqvBqP3mqT7T3XVkCLNkYs,check,18
22871.018,1Ab9LSMSyFTFThyKX2pVYrZgrqvBqP3mqT7T3XVkCLNkYs,check,19
22931.018,1Ab9LSMSyFTFThyKX2pVYrZgrqvBqP3mqT7T3XVkCLNkYs,check,19
22991.018,1Ab9LSMSyFTFThyKX2pVYrZgrqvBqP3mqT7T3XVkCLNkYs,check,19
23051.018,1Ab9LSMSyFTFThyKX2pVYrZgrqvBqP3mqT7T3XVkCLNkYs,check,18
23111.018,1Ab9LSMSyFTFThyKX2pVYrZgrqvBqP3mqT7T3XVkCLNkYs,check,18
23171.018,1Ab9LSMSyFTFThyKX2pVYrZgrqvBqP3mqT7T3XVkCLNkYs,check,17
23231.018,1Ab9LSMSyFTFThyKX2pVYrZgrqvBqP3mqT7T3XVkCLNkYs,check,17
23291.02,1Ab9LSMSyFTFThyKX2pVYrZgrqvBqP3mqT7T3XVkCLNkYs,check,17
23351.018,1Ab9LSMSyFTFThyKX2pVYrZgrqvBqP3mqT7T3XVkCLNkYs,check,17
23411.021,1Ab9LSMSyFTFThyKX2pVYrZgrqvBqP3mqT7T3XVkCLNkYs,check,19
23471.021,1Ab9LSMSyFTFThyKX2pVYrZgrqvBqP3mqT7T3XVkCLNkYs,check,19
23531.02,1Ab9LSMSyFTFThyKX2pVYrZgrqvBqP3mqT7T3XVkCLNkYs,check,19
23591.023,1Ab9LSMSyFTFThyKX2pVYrZgrqvBqP3mqT7T3XVkCLNkYs,check,19
23651.018,1Ab9LSMSyFTFThyKX2pVYrZgrqvBqP3mqT7T3XVkCLNkYs,check,18
23711.027,1Ab9LSMSyFTFThyKX2pVYrZgrqvBqP3mqT7T3XVkCLNkYs,check,19
23771.018,1Ab9LSMSyFTFThyKX2pVYrZgrqvBqP3mqT7T3XVkCLNkYs,check,19
23831.02,1Ab9LSMSyFTFThyKX2pVYrZgrqvBqP3mqT7T3XVkCLNkYs,check,19
23891.014,1Ab9LSMSyFTFThyKX2pVYrZgrqvBqP3mqT7T3XVkCLNkYs,check,19
23951.02,1Ab9LSMSyFTFThyKX2pVYrZgrqvBqP3mqT7T3XVkCLNkYs,check,19
24011.023,1Ab9LSMSyFTFThyKX2pVYrZgrqvBqP3mqT7T3XVkCLNkYs,check,19
24071.018,1Ab9LSMSyFTFThyKX2pVYrZgrqvBqP3mqT7T3XVkCLNkYs,check,18
24131.018,1Ab9LSMSyFTFThyKX2pVYrZgrqvBqP3mqT7T3XVkCLNkYs,check,18
24191.018,1Ab9LSMSyFTFThyKX2pVYrZgrqvBqP3mqT7T3XVkCLNkYs,check,19
24251.012,1Ab9LSMSyFTFThyKX2pVYrZgrqvBqP3mqT7T3XVkCLNkYs,check,19
24311.018,1Ab9LSMSyFTFThyKX2pVYrZgrqvBqP3mqT7T3XVkCLNkYs,check,19
24371.02,1Ab9LSMSyFTFThyKX2pVYrZgrqvBqP3mqT7T3XVkCLNkYs,check,19
24431.02,1Ab9LSMSyFTFThyKX2pVYrZgrqvBqP3mqT7T3XVkCLNkYs,check,19
24491.018,1Ab9LSMSyFTFThyKX2pVYrZgrqvBqP3mqT7T3XVkCLNkYs,check,19
24551.02,1Ab9LSMSyFTFThyKX2pVYrZgrqvBqP3mqT7T3XVkCLNkYs,check,19
24611.021,1Ab9LSMSyFTFThyKX2pVYrZgrqvBqP3mqT7T3XVkCLNkYs,check,19
24671.02,1Ab9LSMSyFTFThyKX2pVYrZgrqvBqP3mqT7T3XVkCLNkYs,check,18
24731.023,1Ab9LSMSyFTFThyKX2pVYrZgrqvBqP3mqT7T3XVkCLNkYs,check,19
24791.018,1Ab9LSMSyFTFThyKX2pVYrZgrqvBqP3mqT7T3XVkCLNkYs,check,19
24851.018,1Ab9LSMSyFTFThyKX2pVYrZgrqvBqP3mqT7T3XVkCLNkYs,check,19
24911.02,1Ab9LSMSyFTFThyKX2pVYrZgrqvBqP3mqT7T3XVkCLNkYs,check,19
24971.018,1Ab9LSMSyFTFThyKX2pVYrZgrqvBqP3mqT7T3XVkCLNkYs,check,18
25031.018,1Ab9LSMSyFTFThyKX2pVYrZgrqvBqP3mqT7T3XVkCLNkYs,check,18
25091.018,1Ab9LSMSyFTFThyKX2pVYrZgrqvBqP3mqT7T3XVkCLNkYs,check,19
25151.02,1Ab9LSMSyFTFThyKX2pVYrZgrqvBqP3mqT7T3XVkCLNkYs,check,17
25211.018,1Ab9LSMSyFTFThyKX2pVYrZgrqvBqP3mqT7T3XVkCLNkYs,check,18
25271.021,1Ab9LSMSyFTFThyKX2pVYrZgrqvBqP3mqT7T3XVkCLNkYs,check,19
25331.02,1Ab9LSMSyFTFThyKX2pVYrZgrqvBqP3mqT7T3XVkCLNkYs,check,18
25391.016,1Ab9LSMSyFTFThyKX2pVYrZgrqvBqP3mqT7T3XVkCLNkYs,check,17
25451.02,1Ab9LSMSyFTFThyKX2pVYrZgrqvBqP3mqT7T3XVkCLNkYs,check,19
25511.018,1Ab9LSMSyFTFThyKX2pVYrZgrqvBqP3mqT7T3XVkCLNkYs,check,17
25571.018,1Ab9LSMSyFTFThyKX2pVYrZgrqvBqP3mqT7T3XVkCLNkYs,check,17
25631.018,1Ab9LSMSyFTFThyKX2pVYrZgrqvBqP3mqT7T3XVkCLNkYs,check,17
25691.02,1Ab9LSMSyFTFThyKX2pVYrZgrqvBqP3mqT7T3XVkCLNkYs,check,17
25751.018,1Ab9LSMSyFTFThyKX2pVYrZgrqvBqP3mqT7T3XVkCLNkYs,check,19
25811.02,1Ab9LSMSyFTFThyKX2pVYrZgrqvBqP3mqT7T3XVkCLNkYs,check,17
25871.023,1Ab9LSMSyFTFThyKX2pVYrZgrqvBqP3mqT7T3XVkCLNkYs,check,19
25931.02,1Ab9LSMSyFTFThyKX2pVYrZgrqvBqP3mqT7T3XVkCLNkYs,check,18
25991.018,1Ab9LSMSyFTFThyKX2pVYrZgrqvBqP3mqT7T3XVkCLNkYs,check,18
26051.023,1Ab9LSMSyFTFThyKX2pVYrZgrqvBqP3mqT7T3XVkCLNkYs,check,19
26111.01,1Ab9LSMSyFTFThyKX2pVYrZgrqvBqP3mqT7T3XVkCLNkYs,check,17
26171.018,1Ab9LSMSyFTFThyKX2pVYrZgrqvBqP3mqT7T3XVkCLNkYs,check,18
26231.016,1Ab9LSMSyFTFThyKX2pVYrZgrqvBqP3mqT7T3XVkCLNkYs,check,17
26291.018,1Ab9LSMSyFTFThyKX2pVYrZgrqvBqP3mqT7T3XVkCLNkYs,check,16
26351.02,1Ab9LSMSyFTFThyKX2pVYrZgrqvBqP3mqT7T3XVkCLNkYs,check,17
26411.018,1Ab9LSMSyFTFThyKX2pVYrZgrqvBqP3mqT7T3XVkCLNkYs,check,17
26471.01,1Ab9LSMSyFTFThyKX2pVYrZgrqvBqP3mqT7T3XVkCLNkYs,check,17
26531.016,1Ab9LSMSyFTFThyKX2pVYrZgrqvBqP3mqT7T3XVkCLNkYs,check,18
26591.018,1Ab9LSMSyFTFThyKX2pVYrZgrqvBqP3mqT7T3XVkCLNkYs,check,18
26651.02,1Ab9LSMSyFTFThyKX2pVYrZgrqvBqP3mqT7T3XVkCLNkYs,check,18
26711.018,1Ab9LSMSyFTFThyKX2pVYrZgrqvBqP3mqT7T3XVkCLNkYs,check,19
26771.02,1Ab9LSMSyFTFThyKX2pVYrZgrqvBqP3mqT7T3XVkCLNkYs,check,19
26831.014,1Ab9LSMSyFTFThyKX2pVYrZgrqvBqP3mqT7T3XVkCLNkYs,check,19
26891.018,1Ab9LSMSyFTFThyKX2pVYrZgrqvBqP3mqT7T3XVkCLNkYs,check,19
26951.021,1Ab9LSMSyFTFThyKX2pVYrZgrqvBqP3mqT7T3XVkCLNkYs,check,19
27011.018,1Ab9LSMSyFTFThyKX2pVYrZgrqvBqP3mqT7T3XVkCLNkYs,check,18
27071.02,1Ab9LSMSyFTFThyKX2pVYrZgrqvBqP3mqT7T3XVkCLNkYs,check,18
27131.018,1Ab9LSMSyFTFThyKX2pVYrZgrqvBqP3mqT7T3XVkCLNkYs,check,18
27191.014,1Ab9LSMSyFTFThyKX2pVYrZgrqvBqP3mqT7T3XVkCLNkYs,check,19
27251.018,1Ab9LSMSyFTFThyKX2pVYrZgrqvBqP3mqT7T3XVkCLNkYs,check,18
27311.02,1Ab9LSMSyFTFThyKX2pVYrZgrqvBqP3mqT7T3XVkCLNkYs,check,19
27371.02,1Ab9LSMSyFTFThyKX2pVYrZgrqvBqP3mqT7T3XVkCLNkYs,check,19
27431.018,1Ab9LSMSyFTFThyKX2pVYrZgrqvBqP3mqT7T3XVkCLNkYs,check,19
27491.018,1Ab9LSMSyFTFThyKX2pVYrZgrqvBqP3mqT7T3XVkCLNkYs,check,19
27551.018,1Ab9LSMSyFTFThyKX2pVYrZgrqvBqP3mqT7T3XVkCLNkYs,check,19
27611.018,1Ab9LSMSyFTFThyKX2pVYrZgrqvBqP3mqT7T3XVkCLNkYs,check,19
27671.02,1Ab9LSMSyFTFThyKX2pVYrZgrqvBqP3mqT7T3XVkCLNkYs,check,18
27731.018,1Ab9LSMSyFTFThyKX2pVYrZgrqvBqP3mqT7T3XVkCLNkYs,check,19
27791.02,1Ab9LSMSyFTFThyKX2pVYrZgrqvBqP3mqT7T3XVkCLNkYs,check,19
27851.018,1Ab9LSMSyFTFThyKX2pVYrZgrqvBqP3mqT7T3XVkCLNkYs,check,18
27911.02,1Ab9LSMSyFTFThyKX2pVYrZgrqvBqP3mqT7T3XVkCLNkYs,check,18
27971.02,1Ab9LSMSyFTFThyKX2pVYrZgrqvBqP3mqT7T3XVkCLNkYs,check,19
28031.018,1Ab9LSMSyFTFThyKX2pVYrZgrqvBqP3mqT7T3XVkCLNkYs,check,18
28091.018,1Ab9LSMSyFTFThyKX2pVYrZgrqvBqP3mqT7T3XVkCLNkYs,check,19
28151.018,1Ab9LSMSyFTFThyKX2pVYrZgrqvBqP3mqT7T3XVkCLNkYs,check,19
28211.023,1Ab9LSMSyFTFThyKX2pVYrZgrqvBqP3mqT7T3XVkCLNkYs,check,19
28271.02,1Ab9LSMSyFTFThyKX2pVYrZgrqvBqP3mqT7T3XVkCLNkYs,check,19
28331.02,1Ab9LSMSyFTFThyKX2pVYrZgrqvBqP3mqT7T3XVkCLNkYs,check,19
28391.018,1Ab9LSMSyFTFThyKX2pVYrZgrqvBqP3mqT7T3XVkCLNkYs,check,19
28451.02,1Ab9LSMSyFTFThyKX2pVYrZgrqvBqP3mqT7T3XVkCLNkYs,check,19
28511.021,1Ab9LSMSyFTFThyKX2pVYrZgrqvBqP3mqT7T3XVkCLNkYs,check,19
28571.018,1Ab9LSMSyFTFThyKX2pVYrZgrqvBqP3mqT7T3XVkCLNkYs,check,19
28631.018,1Ab9LSMSyFTFThyKX2pVYrZgrqvBqP3mqT7T3XVkCLNkYs,check,19
28691.021,1Ab9LSMSyFTFThyKX2pVYrZgrqvBqP3mqT7T3XVkCLNkYs,check,19
28751.018,1Ab9LSMSyFTFThyKX2pVYrZgrqvBqP3mqT7T3XVkCLNkYs,check,17
28811.016,1Ab9LSMSyFTFThyKX2pVYrZgrqvBqP3mqT7T3XVkCLNkYs,check,17
28871.021,1Ab9LSMSyFTFThyKX2pVYrZgrqvBqP3mqT7T3XVkCLNkYs,check,19
28931.02,1Ab9LSMSyFTFThyKX2pVYrZgrqvBqP3mqT7T3XVkCLNkYs,check,19
28991.021,1Ab9LSMSyFTFThyKX2pVYrZgrqvBqP3mqT7T3XVkCLNkYs,check,19
29051.018,1Ab9LSMSyFTFThyKX2pVYrZgrqvBqP3mqT7T3XVkCLNkYs,check,19
29111.021,1Ab9LSMSyFTFThyKX2pVYrZgrqvBqP3mqT7T3XVkCLNkYs,check,19
29171.018,1Ab9LSMSyFTFThyKX2pVYrZgrqvBqP3mqT7T3XVkCLNkYs,check,16
29231.018,1Ab9LSMSyFTFThyKX2pVYrZgrqvBqP3mqT7T3XVkCLNkYs,check,19
29291.014,1Ab9LSMSyFTFThyKX2pVYrZgrqvBqP3mqT7T3XVkCLNkYs,check,17
29351.012,1Ab9LSMSyFTFThyKX2pVYrZgrqvBqP3mqT7T3XVkCLNkYs,check,18
29411.01,1Ab9LSMSyFTFThyKX2pVYrZgrqvBqP3mqT7T3XVkCLNkYs,check,17
29471.008,1Ab9LSMSyFTFThyKX2pVYrZgrqvBqP3mqT7T3XVkCLNkYs,check,17
29531.018,1Ab9LSMSyFTFThyKX2pVYrZgrqvBqP3mqT7T3XVkCLNkYs,check,16
29591.02,1Ab9LSMSyFTFThyKX2pVYrZgrqvBqP3mqT7T3XVkCLNkYs,check,18
29651.02,1Ab9LSMSyFTFThyKX2pVYrZgrqvBqP3mqT7T3XVkCLNkYs,check,19
29711.023,1Ab9LSMSyFTFThyKX2pVYrZgrqvBqP3mqT7T3XVkCLNkYs,check,19
29771.014,1Ab9LSMSyFTFThyKX2pVYrZgrqvBqP3mqT7T3XVkCLNkYs,check,19
29831.02,1Ab9LSMSyFTFThyKX2pVYrZgrqvBqP3mqT7T3XVkCLNkYs,check,19
29891.02,1Ab9LSMSyFTFThyKX2pVYrZgrqvBqP3mqT7T3XVkCLNkYs,check,18
29951.018,1Ab9LSMSyFTFThyKX2pVYrZgrqvBqP3mqT7T3XVkCLNkYs,check,18
30011.021,1Ab9LSMSyFTFThyKX2pVYrZgrqvBqP3mqT7T3XVkCLNkYs,check,19
30071.02,1Ab9LSMSyFTFThyKX2pVYrZgrqvBqP3mqT7T3XVkCLNkYs,check,19
30131.021,1Ab9LSMSyFTFThyKX2pVYrZgrqvBqP3mqT7T3XVkCLNkYs,check,19
30191.02,1Ab9LSMSyFTFThyKX2pVYrZgrqvBqP3mqT7T3XVkCLNkYs,check,18
30251.02,1Ab9LSMSyFTFThyKX2pVYrZgrqvBqP3mqT7T3XVkCLNkYs,check,18
30311.023,1Ab9LSMSyFTFThyKX2pVYrZgrqvBqP3mqT7T3XVkCLNkYs,check,19
30371.018,1Ab9LSMSyFTFThyKX2pVYrZgrqvBqP3mqT7T3XVkCLNkYs,check,19
30431.02,1Ab9LSMSyFTFThyKX2pVYrZgrqvBqP3mqT7T3XVkCLNkYs,check,19
30491.02,1Ab9LSMSyFTFThyKX2pVYrZgrqvBqP3mqT7T3XVkCLNkYs,check,19
30551.02,1Ab9LSMSyFTFThyKX2pVYrZgrqvBqP3mqT7T3XVkCLNkYs,check,19
30611.02,1Ab9LSMSyFTFThyKX2pVYrZgrqvBqP3mqT7T3XVkCLNkYs,check,19
30671.021,1Ab9LSMSyFTFThyKX2pVYrZgrqvBqP3mqT7T3XVkCLNkYs,check,19
30731.02,1Ab9LSMSyFTFThyKX2pVYrZgrqvBqP3mqT7T3XVkCLNkYs,check,19
30791.02,1Ab9LSMSyFTFThyKX2pVYrZgrqvBqP3mqT7T3XVkCLNkYs,check,19
30851.018,1Ab9LSMSyFTFThyKX2pVYrZgrqvBqP3mqT7T3XVkCLNkYs,check,18
30911.021,1Ab9LSMSyFTFThyKX2pVYrZgrqvBqP3mqT7T3XVkCLNkYs,check,19
30971.02,1Ab9LSMSyFTFThyKX2pVYrZgrqvBqP3mqT7T3XVkCLNkYs,check,19
31031.018,1Ab9LSMSyFTFThyKX2pVYrZgrqvBqP3mqT7T3XVkCLNkYs,check,19
31091.018,1Ab9LSMSyFTFThyKX2pVYrZgrqvBqP3mqT7T3XVkCLNkYs,check,18
31151.018,1Ab9LSMSyFTFThyKX2pVYrZgrqvBqP3mqT7T3XVkCLNkYs,check,19
31211.023,1Ab9LSMSyFTFThyKX2pVYrZgrqvBqP3mqT7T3XVkCLNkYs,check,19
31271.02,1Ab9LSMSyFTFThyKX2pVYrZgrqvBqP3mqT7T3XVkCLNkYs,check,19
31331.021,1Ab9LSMSyFTFThyKX2pVYrZgrqvBqP3mqT7T3XVkCLNkYs,check,19
31391.018,1Ab9LSMSyFTFThyKX2pVYrZgrqvBqP3mqT7T3XVkCLNkYs,check,19
31451.018,1Ab9LSMSyFTFThyKX2pVYrZgrqvBqP3mqT7T3XVkCLNkYs,check,19
31511.018,1Ab9LSMSyFTFThyKX2pVYrZgrqvBqP3mqT7T3XVkCLNkYs,check,19
31571.021,1Ab9LSMSyFTFThyKX2pVYrZgrqvBqP3mqT7T3XVkCLNkYs,check,19
31631.02,1Ab9LSMSyFTFThyKX2pVYrZgrqvBqP3mqT7T3XVkCLNkYs,check,19
31691.021,1Ab9LSMSyFTFThyKX2pVYrZgrqvBqP3mqT7T3XVkCLNkYs,check,19
31751.018,1Ab9LSMSyFTFThyKX2pVYrZgrqvBqP3mqT7T3XVkCLNkYs,check,19
31811.018,1Ab9LSMSyFTFThyKX2pVYrZgrqvBqP3mqT7T3XVkCLNkYs,check,19
31871.018,1Ab9LSMSyFTFThyKX2pVYrZgrqvBqP3mqT7T3XVkCLNkYs,check,19
31931.018,1Ab9LSMSyFTFThyKX2pVYrZgrqvBqP3mqT7T3XVkCLNkYs,check,18
31991.021,1Ab9LSMSyFTFThyKX2pVYrZgrqvBqP3mqT7T3XVkCLNkYs,check,19
32051.021,1Ab9LSMSyFTFThyKX2pVYrZgrqvBqP3mqT7T3XVkCLNkYs,check,19
32111.018,1Ab9LSMSyFTFThyKX2pVYrZgrqvBqP3mqT7T3XVkCLNkYs,check,19
32171.021,1Ab9LSMSyFTFThyKX2pVYrZgrqvBqP3mqT7T3XVkCLNkYs,check,19
32231.02,1Ab9LSMSyFTFThyKX2pVYrZgrqvBqP3mqT7T3XVkCLNkYs,check,19
32291.018,1Ab9LSMSyFTFThyKX2pVYrZgrqvBqP3mqT7T3XVkCLNkYs,check,19
32351.018,1Ab9LSMSyFTFThyKX2pVYrZgrqvBqP3mqT7T3XVkCLNkYs,check,19
32411.018,1Ab9LSMSyFTFThyKX2pVYrZgrqvBqP3mqT7T3XVkCLNkYs,check,19
32471.02,1Ab9LSMSyFTFThyKX2pVYrZgrqvBqP3mqT7T3XVkCLNkYs,check,19
32531.018,1Ab9LSMSyFTFThyKX2pVYrZgrqvBqP3mqT7T3XVkCLNkYs,check,19
32591.02,1Ab9LSMSyFTFThyKX2pVYrZgrqvBqP3mqT7T3XVkCLNkYs,check,19
32651.02,1Ab9LSMSyFTFThyKX2pVYrZgrqvBqP3mqT7T3XVkCLNkYs,check,19
32711.012,1Ab9LSMSyFTFThyKX2pVYrZgrqvBqP3mqT7T3XVkCLNkYs,check,19
32771.023,1Ab9LSMSyFTFThyKX2pVYrZgrqvBqP3mqT7T3XVkCLNkYs,check,19
32831.02,1Ab9LSMSyFTFThyKX2pVYrZgrqvBqP3mqT7T3XVkCLNkYs,check,19
32891.02,1Ab9LSMSyFTFThyKX2pVYrZgrqvBqP3mqT7T3XVkCLNkYs,check,19
32951.016,1Ab9LSMSyFTFThyKX2pVYrZgrqvBqP3mqT7T3XVkCLNkYs,check,19
33011.02,1Ab9LSMSyFTFThyKX2pVYrZgrqvBqP3mqT7T3XVkCLNkYs,check,19
33071.02,1Ab9LSMSyFTFThyKX2pVYrZgrqvBqP3mqT7T3XVkCLNkYs,check,19
33131.02,1Ab9LSMSyFTFThyKX2pVYrZgrqvBqP3mqT7T3XVkCLNkYs,check,19
33191.016,1Ab9LSMSyFTFThyKX2pVYrZgrqvBqP3mqT7T3XVkCLNkYs,check,18
33251.02,1Ab9LSMSyFTFThyKX2pVYrZgrqvBqP3mqT7T3XVkCLNkYs,check,19
33311.02,1Ab9LSMSyFTFThyKX2pVYrZgrqvBqP3mqT7T3XVkCLNkYs,check,19
33371.023,1Ab9LSMSyFTFThyKX2pVYrZgrqvBqP3mqT7T3XVkCLNkYs,check,19
33431.02,1Ab9LSMSyFTFThyKX2pVYrZgrqvBqP3mqT7T3XVkCLNkYs,check,19
33491.02,1Ab9LSMSyFTFThyKX2pVYrZgrqvBqP3mqT7T3XVkCLNkYs,check,19
33551.02,1Ab9LSMSyFTFThyKX2pVYrZgrqvBqP3mqT7T3XVkCLNkYs,check,19
33611.023,1Ab9LSMSyFTFThyKX2pVYrZgrqvBqP3mqT7T3XVkCLNkYs,check,19
33671.02,1Ab9LSMSyFTFThyKX2pVYrZgrqvBqP3mqT7T3XVkCLNkYs,check,19
33731.02,1Ab9LSMSyFTFThyKX2pVYrZgrqvBqP3mqT7T3XVkCLNkYs,check,19
33791.023,1Ab9LSMSyFTFThyKX2pVYrZgrqvBqP3mqT7T3XVkCLNkYs,check,19
33851.016,1Ab9LSMSyFTFThyKX2pVYrZgrqvBqP3mqT7T3XVkCLNkYs,check,18
33911.02,1Ab9LSMSyFTFThyKX2pVYrZgrqvBqP3mqT7T3XVkCLNkYs,check,19
33971.02,1Ab9LSMSyFTFThyKX2pVYrZgrqvBqP3mqT7T3XVkCLNkYs,check,18
34031.016,1Ab9LSMSyFTFThyKX2pVYrZgrqvBqP3mqT7T3XVkCLNkYs,check,19
34091.02,1Ab9LSMSyFTFThyKX2pVYrZgrqvBqP3mqT7T3XVkCLNkYs,check,19
34151.02,1Ab9LSMSyFTFThyKX2pVYrZgrqvBqP3mqT7T3XVkCLNkYs,check,18
34211.02,1Ab9LSMSyFTFThyKX2pVYrZgrqvBqP3mqT7T3XVkCLNkYs,check,19
34271.023,1Ab9LSMSyFTFThyKX2pVYrZgrqvBqP3mqT7T3XVkCLNkYs,check,19
34331.016,1Ab9LSMSyFTFThyKX2pVYrZgrqvBqP3mqT7T3XVkCLNkYs,check,19
34391.02,1Ab9LSMSyFTFThyKX2pVYrZgrqvBqP3mqT7T3XVkCLNkYs,check,19
34451.02,1Ab9LSMSyFTFThyKX2pVYrZgrqvBqP3mqT7T3XVkCLNkYs,check,19
34511.023,1Ab9LSMSyFTFThyKX2pVYrZgrqvBqP3mqT7T3XVkCLNkYs,check,19
34571.02,1Ab9LSMSyFTFThyKX2pVYrZgrqvBqP3mqT7T3XVkCLNkYs,check,19
34631.016,1Ab9LSMSyFTFThyKX2pVYrZgrqvBqP3mqT7T3XVkCLNkYs,check,19
34691.02,1Ab9LSMSyFTFThyKX2pVYrZgrqvBqP3mqT7T3XVkCLNkYs,check,19
34751.02,1Ab9LSMSyFTFThyKX2pVYrZgrqvBqP3mqT7T3XVkCLNkYs,check,19
34811.02,1Ab9LSMSyFTFThyKX2pVYrZgrqvBqP3mqT7T3XVkCLNkYs,check,19
34871.02,1Ab9LSMSyFTFThyKX2pVYrZgrqvBqP3mqT7T3XVkCLNkYs,check,19
34931.016,1Ab9LSMSyFTFThyKX2pVYrZgrqvBqP3mqT7T3XVkCLNkYs,check,19
34991.016,1Ab9LSMSyFTFThyKX2pVYrZgrqvBqP3mqT7T3XVkCLNkYs,check,19
35051.016,1Ab9LSMSyFTFThyKX2pVYrZgrqvBqP3mqT7T3XVkCLNkYs,check,19
35111.023,1Ab9LSMSyFTFThyKX2pVYrZgrqvBqP3mqT7T3XVkCLNkYs,check,19
35171.016,1Ab9LSMSyFTFThyKX2pVYrZgrqvBqP3mqT7T3XVkCLNkYs,check,19
35231.02,1Ab9LSMSyFTFThyKX2pVYrZgrqvBqP3mqT7T3XVkCLNkYs,check,19
35291.01,1Ab9LSMSyFTFThyKX2pVYrZgrqvBqP3mqT7T3XVkCLNkYs,check,18
35351.02,1Ab9LSMSyFTFThyKX2pVYrZgrqvBqP3mqT7T3XVkCLNkYs,check,19
35411.02,1Ab9LSMSyFTFThyKX2pVYrZgrqvBqP3mqT7T3XVkCLNkYs,check,19
35471.02,1Ab9LSMSyFTFThyKX2pVYrZgrqvBqP3mqT7T3XVkCLNkYs,check,19
35531.016,1Ab9LSMSyFTFThyKX2pVYrZgrqvBqP3mqT7T3XVkCLNkYs,check,19
35591.023,1Ab9LSMSyFTFThyKX2pVYrZgrqvBqP3mqT7T3XVkCLNkYs,check,19
35651.02,1Ab9LSMSyFTFThyKX2pVYrZgrqvBqP3mqT7T3XVkCLNkYs,check,18
35711.02,1Ab9LSMSyFTFThyKX2pVYrZgrqvBqP3mqT7T3XVkCLNkYs,check,18
35771.016,1Ab9LSMSyFTFThyKX2pVYrZgrqvBqP3mqT7T3XVkCLNkYs,check,19
35831.02,1Ab9LSMSyFTFThyKX2pVYrZgrqvBqP3mqT7T3XVkCLNkYs,check,19
35891.02,1Ab9LSMSyFTFThyKX2pVYrZgrqvBqP3mqT7T3XVkCLNkYs,check,19
35951.02,1Ab9LSMSyFTFThyKX2pVYrZgrqvBqP3mqT7T3XVkCLNkYs,check,19
36011.02,1Ab9LSMSyFTFThyKX2pVYrZgrqvBqP3mqT7T3XVkCLNkYs,check,19
36071.02,1Ab9LSMSyFTFThyKX2pVYrZgrqvBqP3mqT7T3XVkCLNkYs,check,19
36131.016,1Ab9LSMSyFTFThyKX2pVYrZgrqvBqP3mqT7T3XVkCLNkYs,check,19
36191.023,1Ab9LSMSyFTFThyKX2pVYrZgrqvBqP3mqT7T3XVkCLNkYs,check,19
36251.016,1Ab9LSMSyFTFThyKX2pVYrZgrqvBqP3mqT7T3XVkCLNkYs,check,19
36311.02,1Ab9LSMSyFTFThyKX2pVYrZgrqvBqP3mqT7T3XVkCLNkYs,check,19
36371.02,1Ab9LSMSyFTFThyKX2pVYrZgrqvBqP3mqT7T3XVkCLNkYs,check,19
36431.016,1Ab9LSMSyFTFThyKX2pVYrZgrqvBqP3mqT7T3XVkCLNkYs,check,19
36491.023,1Ab9LSMSyFTFThyKX2pVYrZgrqvBqP3mqT7T3XVkCLNkYs,check,19
36551.023,1Ab9LSMSyFTFThyKX2pVYrZgrqvBqP3mqT7T3XVkCLNkYs,check,19
36611.02,1Ab9LSMSyFTFThyKX2pVYrZgrqvBqP3mqT7T3XVkCLNkYs,check,19
36671.02,1Ab9LSMSyFTFThyKX2pVYrZgrqvBqP3mqT7T3XVkCLNkYs,check,19
36731.016,1Ab9LSMSyFTFThyKX2pVYrZgrqvBqP3mqT7T3XVkCLNkYs,check,19
36791.016,1Ab9LSMSyFTFThyKX2pVYrZgrqvBqP3mqT7T3XVkCLNkYs,check,19
36851.02,1Ab9LSMSyFTFThyKX2pVYrZgrqvBqP3mqT7T3XVkCLNkYs,check,19
36911.02,1Ab9LSMSyFTFThyKX2pVYrZgrqvBqP3mqT7T3XVkCLNkYs,check,19
36971.02,1Ab9LSMSyFTFThyKX2pVYrZgrqvBqP3mqT7T3XVkCLNkYs,check,19
37031.016,1Ab9LSMSyFTFThyKX2pVYrZgrqvBqP3mqT7T3XVkCLNkYs,check,18
37091.02,1Ab9LSMSyFTFThyKX2pVYrZgrqvBqP3mqT7T3XVkCLNkYs,check,19
37151.02,1Ab9LSMSyFTFThyKX2pVYrZgrqvBqP3mqT7T3XVkCLNkYs,check,19
37211.02,1Ab9LSMSyFTFThyKX2pVYrZgrqvBqP3mqT7T3XVkCLNkYs,check,19
37271.016,1Ab9LSMSyFTFThyKX2pVYrZgrqvBqP3mqT7T3XVkCLNkYs,check,19
37331.02,1Ab9LSMSyFTFThyKX2pVYrZgrqvBqP3mqT7T3XVkCLNkYs,check,19
37391.016,1Ab9LSMSyFTFThyKX2pVYrZgrqvBqP3mqT7T3XVkCLNkYs,check,19
37451.023,1Ab9LSMSyFTFThyKX2pVYrZgrqvBqP3mqT7T3XVkCLNkYs,check,19
37511.02,1Ab9LSMSyFTFThyKX2pVYrZgrqvBqP3mqT7T3XVkCLNkYs,check,18
37571.02,1Ab9LSMSyFTFThyKX2pVYrZgrqvBqP3mqT7T3XVkCLNkYs,check,19
37631.01,1Ab9LSMSyFTFThyKX2pVYrZgrqvBqP3mqT7T3XVkCLNkYs,check,18
37691.01,1Ab9LSMSyFTFThyKX2pVYrZgrqvBqP3mqT7T3XVkCLNkYs,check,19
37751.008,1Ab9LSMSyFTFThyKX2pVYrZgrqvBqP3mqT7T3XVkCLNkYs,check,19
37811.008,1Ab9LSMSyFTFThyKX2pVYrZgrqvBqP3mqT7T3XVkCLNkYs,check,18
37871.008,1Ab9LSMSyFTFThyKX2pVYrZgrqvBqP3mqT7T3XVkCLNkYs,check,19
37931.01,1Ab9LSMSyFTFThyKX2pVYrZgrqvBqP3mqT7T3XVkCLNkYs,check,19
37991.016,1Ab9LSMSyFTFThyKX2pVYrZgrqvBqP3mqT7T3XVkCLNkYs,check,19
38051.016,1Ab9LSMSyFTFThyKX2pVYrZgrqvBqP3mqT7T3XVkCLNkYs,check,18
38111.023,1Ab9LSMSyFTFThyKX2pVYrZgrqvBqP3mqT7T3XVkCLNkYs,check,19
38171.016,1Ab9LSMSyFTFThyKX2pVYrZgrqvBqP3mqT7T3XVkCLNkYs,check,19
38231.016,1Ab9LSMSyFTFThyKX2pVYrZgrqvBqP3mqT7T3XVkCLNkYs,check,18
38291.02,1Ab9LSMSyFTFThyKX2pVYrZgrqvBqP3mqT7T3XVkCLNkYs,check,19
38351.02,1Ab9LSMSyFTFThyKX2pVYrZgrqvBqP3mqT7T3XVkCLNkYs,check,19
38411.023,1Ab9LSMSyFTFThyKX2pVYrZgrqvBqP3mqT7T3XVkCLNkYs,check,19
38471.02,1Ab9LSMSyFTFThyKX2pVYrZgrqvBqP3mqT7T3XVkCLNkYs,check,19
38531.016,1Ab9LSMSyFTFThyKX2pVYrZgrqvBqP3mqT7T3XVkCLNkYs,check,19
38591.023,1Ab9LSMSyFTFThyKX2pVYrZgrqvBqP3mqT7T3XVkCLNkYs,check,19
38651.02,1Ab9LSMSyFTFThyKX2pVYrZgrqvBqP3mqT7T3XVkCLNkYs,check,18
38711.02,1Ab9LSMSyFTFThyKX2pVYrZgrqvBqP3mqT7T3XVkCLNkYs,check,19
38771.023,1Ab9LSMSyFTFThyKX2pVYrZgrqvBqP3mqT7T3XVkCLNkYs,check,19
38831.016,1Ab9LSMSyFTFThyKX2pVYrZgrqvBqP3mqT7T3XVkCLNkYs,check,19
38891.02,1Ab9LSMSyFTFThyKX2pVYrZgrqvBqP3mqT7T3XVkCLNkYs,check,19
38951.016,1Ab9LSMSyFTFThyKX2pVYrZgrqvBqP3mqT7T3XVkCLNkYs,check,19
39011.02,1Ab9LSMSyFTFThyKX2pVYrZgrqvBqP3mqT7T3XVkCLNkYs,check,19
39071.02,1Ab9LSMSyFTFThyKX2pVYrZgrqvBqP3mqT7T3XVkCLNkYs,check,19
39131.023,1Ab9LSMSyFTFThyKX2pVYrZgrqvBqP3mqT7T3XVkCLNkYs,check,19
39191.02,1Ab9LSMSyFTFThyKX2pVYrZgrqvBqP3mqT7T3XVkCLNkYs,check,19
39251.023,1Ab9LSMSyFTFThyKX2pVYrZgrqvBqP3mqT7T3XVkCLNkYs,check,19
39311.01,1Ab9LSMSyFTFThyKX2pVYrZgrqvBqP3mqT7T3XVkCLNkYs,check,19
39371.016,1Ab9LSMSyFTFThyKX2pVYrZgrqvBqP3mqT7T3XVkCLNkYs,check,19
39431.02,1Ab9LSMSyFTFThyKX2pVYrZgrqvBqP3mqT7T3XVkCLNkYs,check,19
39491.016,1Ab9LSMSyFTFThyKX2pVYrZgrqvBqP3mqT7T3XVkCLNkYs,check,19
39551.02,1Ab9LSMSyFTFThyKX2pVYrZgrqvBqP3mqT7T3XVkCLNkYs,check,19
39611.023,1Ab9LSMSyFTFThyKX2pVYrZgrqvBqP3mqT7T3XVkCLNkYs,check,19
39671.02,1Ab9LSMSyFTFThyKX2pVYrZgrqvBqP3mqT7T3XVkCLNkYs,check,19
39731.02,1Ab9LSMSyFTFThyKX2pVYrZgrqvBqP3mqT7T3XVkCLNkYs,check,19
39791.023,1Ab9LSMSyFTFThyKX2pVYrZgrqvBqP3mqT7T3XVkCLNkYs,check,19
39851.016,1Ab9LSMSyFTFThyKX2pVYrZgrqvBqP3mqT7T3XVkCLNkYs,check,19
39911.016,1Ab9LSMSyFTFThyKX2pVYrZgrqvBqP3mqT7T3XVkCLNkYs,check,19
39971.02,1Ab9LSMSyFTFThyKX2pVYrZgrqvBqP3mqT7T3XVkCLNkYs,check,18
40031.02,1Ab9LSMSyFTFThyKX2pVYrZgrqvBqP3mqT7T3XVkCLNkYs,check,19
40091.02,1Ab9LSMSyFTFThyKX2pVYrZgrqvBqP3mqT7T3XVkCLNkYs,check,19
40151.02,1Ab9LSMSyFTFThyKX2pVYrZgrqvBqP3mqT7T3XVkCLNkYs,check,19
40211.023,1Ab9LSMSyFTFThyKX2pVYrZgrqvBqP3mqT7T3XVkCLNkYs,check,19
40271.02,1Ab9LSMSyFTFThyKX2pVYrZgrqvBqP3mqT7T3XVkCLNkYs,check,19
40331.016,1Ab9LSMSyFTFThyKX2pVYrZgrqvBqP3mqT7T3XVkCLNkYs,check,19
40391.02,1Ab9LSMSyFTFThyKX2pVYrZgrqvBqP3mqT7T3XVkCLNkYs,check,19
40451.02,1Ab9LSMSyFTFThyKX2pVYrZgrqvBqP3mqT7T3XVkCLNkYs,check,19
40511.02,1Ab9LSMSyFTFThyKX2pVYrZgrqvBqP3mqT7T3XVkCLNkYs,check,19
40571.02,1Ab9LSMSyFTFThyKX2pVYrZgrqvBqP3mqT7T3XVkCLNkYs,check,19
40631.016,1Ab9LSMSyFTFThyKX2pVYrZgrqvBqP3mqT7T3XVkCLNkYs,check,19
40691.02,1Ab9LSMSyFTFThyKX2pVYrZgrqvBqP3mqT7T3XVkCLNkYs,check,19
40751.02,1Ab9LSMSyFTFThyKX2pVYrZgrqvBqP3mqT7T3XVkCLNkYs,check,19
40811.016,1Ab9LSMSyFTFThyKX2pVYrZgrqvBqP3mqT7T3XVkCLNkYs,check,19
40871.02,1Ab9LSMSyFTFThyKX2pVYrZgrqvBqP3mqT7T3XVkCLNkYs,check,19
40931.02,1Ab9LSMSyFTFThyKX2pVYrZgrqvBqP3mqT7T3XVkCLNkYs,check,19
40991.02,1Ab9LSMSyFTFThyKX2pVYrZgrqvBqP3mqT7T3XVkCLNkYs,check,19
41051.023,1Ab9LSMSyFTFThyKX2pVYrZgrqvBqP3mqT7T3XVkCLNkYs,check,19
41111.02,1Ab9LSMSyFTFThyKX2pVYrZgrqvBqP3mqT7T3XVkCLNkYs,check,19
41171.016,1Ab9LSMSyFTFThyKX2pVYrZgrqvBqP3mqT7T3XVkCLNkYs,check,17
41231.02,1Ab9LSMSyFTFThyKX2pVYrZgrqvBqP3mqT7T3XVkCLNkYs,check,19
41291.02,1Ab9LSMSyFTFThyKX2pVYrZgrqvBqP3mqT7T3XVkCLNkYs,check,19
41351.02,1Ab9LSMSyFTFThyKX2pVYrZgrqvBqP3mqT7T3XVkCLNkYs,check,19
41411.02,1Ab9LSMSyFTFThyKX2pVYrZgrqvBqP3mqT7T3XVkCLNkYs,check,19
41471.02,1Ab9LSMSyFTFThyKX2pVYrZgrqvBqP3mqT7T3XVkCLNkYs,check,19
41531.02,1Ab9LSMSyFTFThyKX2pVYrZgrqvBqP3mqT7T3XVkCLNkYs,check,19
41591.02,1Ab9LSMSyFTFThyKX2pVYrZgrqvBqP3mqT7T3XVkCLNkYs,check,18
41651.02,1Ab9LSMSyFTFThyKX2pVYrZgrqvBqP3mqT7T3XVkCLNkYs,check,19
41711.02,1Ab9LSMSyFTFThyKX2pVYrZgrqvBqP3mqT7T3XVkCLNkYs,check,18
41771.016,1Ab9LSMSyFTFThyKX2pVYrZgrqvBqP3mqT7T3XVkCLNkYs,check,19
41831.02,1Ab9LSMSyFTFThyKX2pVYrZgrqvBqP3mqT7T3XVkCLNkYs,check,19
41891.02,1Ab9LSMSyFTFThyKX2pVYrZgrqvBqP3mqT7T3XVkCLNkYs,check,19
41951.016,1Ab9LSMSyFTFThyKX2pVYrZgrqvBqP3mqT7T3XVkCLNkYs,check,19
42011.02,1Ab9LSMSyFTFThyKX2pVYrZgrqvBqP3mqT7T3XVkCLNkYs,check,18
42071.02,1Ab9LSMSyFTFThyKX2pVYrZgrqvBqP3mqT7T3XVkCLNkYs,check,19
42131.016,1Ab9LSMSyFTFThyKX2pVYrZgrqvBqP3mqT7T3XVkCLNkYs,check,19
42191.023,1Ab9LSMSyFTFThyKX2pVYrZgrqvBqP3mqT7T3XVkCLNkYs,check,19
42251.02,1Ab9LSMSyFTFThyKX2pVYrZgrqvBqP3mqT7T3XVkCLNkYs,check,19
42311.016,1Ab9LSMSyFTFThyKX2pVYrZgrqvBqP3mqT7T3XVkCLNkYs,check,19
42371.023,1Ab9LSMSyFTFThyKX2pVYrZgrqvBqP3mqT7T3XVkCLNkYs,check,19
42431.02,1Ab9LSMSyFTFThyKX2pVYrZgrqvBqP3mqT7T3XVkCLNkYs,check,19
42491.016,1Ab9LSMSyFTFThyKX2pVYrZgrqvBqP3mqT7T3XVkCLNkYs,check,19
42551.02,1Ab9LSMSyFTFThyKX2pVYrZgrqvBqP3mqT7T3XVkCLNkYs,check,19
42611.02,1Ab9LSMSyFTFThyKX2pVYrZgrqvBqP3mqT7T3XVkCLNkYs,check,19
42671.02,1Ab9LSMSyFTFThyKX2pVYrZgrqvBqP3mqT7T3XVkCLNkYs,check,19
42731.02,1Ab9LSMSyFTFThyKX2pVYrZgrqvBqP3mqT7T3XVkCLNkYs,check,19
42791.02,1Ab9LSMSyFTFThyKX2pVYrZgrqvBqP3mqT7T3XVkCLNkYs,check,19
42851.016,1Ab9LSMSyFTFThyKX2pVYrZgrqvBqP3mqT7T3XVkCLNkYs,check,19
42911.02,1Ab9LSMSyFTFThyKX2pVYrZgrqvBqP3mqT7T3XVkCLNkYs,check,19
42971.016,1Ab9LSMSyFTFThyKX2pVYrZgrqvBqP3mqT7T3XVkCLNkYs,check,18
43031.016,1Ab9LSMSyFTFThyKX2pVYrZgrqvBqP3mqT7T3XVkCLNkYs,check,18
43091.02,1Ab9LSMSyFTFThyKX2pVYrZgrqvBqP3mqT7T3XVkCLNkYs,check,19
43151.02,1Ab9LSMSyFTFThyKX2pVYrZgrqvBqP3mqT7T3XVkCLNkYs,check,19
43211.023,1Ab9LSMSyFTFThyKX2pVYrZgrqvBqP3mqT7T3XVkCLNkYs,check,19
43271.02,1Ab9LSMSyFTFThyKX2pVYrZgrqvBqP3mqT7T3XVkCLNkYs,check,19
43331.01,1Ab9LSMSyFTFThyKX2pVYrZgrqvBqP3mqT7T3XVkCLNkYs,check,19
43391.02,1Ab9LSMSyFTFThyKX2pVYrZgrqvBqP3mqT7T3XVkCLNkYs,check,18
43451.02,1Ab9LSMSyFTFThyKX2pVYrZgrqvBqP3mqT7T3XVkCLNkYs,check,19
43511.02,1Ab9LSMSyFTFThyKX2pVYrZgrqvBqP3mqT7T3XVkCLNkYs,check,19
43571.02,1Ab9LSMSyFTFThyKX2pVYrZgrqvBqP3mqT7T3XVkCLNkYs,check,19
43631.02,1Ab9LSMSyFTFThyKX2pVYrZgrqvBqP3mqT7T3XVkCLNkYs,check,19
43691.016,1Ab9LSMSyFTFThyKX2pVYrZgrqvBqP3mqT7T3XVkCLNkYs,check,19
43751.02,1Ab9LSMSyFTFThyKX2pVYrZgrqvBqP3mqT7T3XVkCLNkYs,check,19
43811.02,1Ab9LSMSyFTFThyKX2pVYrZgrqvBqP3mqT7T3XVkCLNkYs,check,19
43871.02,1Ab9LSMSyFTFThyKX2pVYrZgrqvBqP3mqT7T3XVkCLNkYs,check,19
43931.02,1Ab9LSMSyFTFThyKX2pVYrZgrqvBqP3mqT7T3XVkCLNkYs,check,19
43991.02,1Ab9LSMSyFTFThyKX2pVYrZgrqvBqP3mqT7T3XVkCLNkYs,check,19
44051.016,1Ab9LSMSyFTFThyKX2pVYrZgrqvBqP3mqT7T3XVkCLNkYs,check,19
44111.02,1Ab9LSMSyFTFThyKX2pVYrZgrqvBqP3mqT7T3XVkCLNkYs,check,19
44171.02,1Ab9LSMSyFTFThyKX2pVYrZgrqvBqP3mqT7T3XVkCLNkYs,check,19
44231.027,1Ab9LSMSyFTFThyKX2pVYrZgrqvBqP3mqT7T3XVkCLNkYs,check,19
44291.016,1Ab9LSMSyFTFThyKX2pVYrZgrqvBqP3mqT7T3XVkCLNkYs,check,18
44351.016,1Ab9LSMSyFTFThyKX2pVYrZgrqvBqP3mqT7T3XVkCLNkYs,check,18
44411.02,1Ab9LSMSyFTFThyKX2pVYrZgrqvBqP3mqT7T3XVkCLNkYs,check,19
44471.02,1Ab9LSMSyFTFThyKX2pVYrZgrqvBqP3mqT7T3XVkCLNkYs,check,19
44531.023,1Ab9LSMSyFTFThyKX2pVYrZgrqvBqP3mqT7T3XVkCLNkYs,check,19
44591.02,1Ab9LSMSyFTFThyKX2pVYrZgrqvBqP3mqT7T3XVkCLNkYs,check,19
44651.02,1Ab9LSMSyFTFThyKX2pVYrZgrqvBqP3mqT7T3XVkCLNkYs,check,19
44711.016,1Ab9LSMSyFTFThyKX2pVYrZgrqvBqP3mqT7T3XVkCLNkYs,check,19
44771.02,1Ab9LSMSyFTFThyKX2pVYrZgrqvBqP3mqT7T3XVkCLNkYs,check,19
44831.02,1Ab9LSMSyFTFThyKX2pVYrZgrqvBqP3mqT7T3XVkCLNkYs,check,19
44891.02,1Ab9LSMSyFTFThyKX2pVYrZgrqvBqP3mqT7T3XVkCLNkYs,check,19
44951.02,1Ab9LSMSyFTFThyKX2pVYrZgrqvBqP3mqT7T3XVkCLNkYs,check,19
45011.02,1Ab9LSMSyFTFThyKX2pVYrZgrqvBqP3mqT7T3XVkCLNkYs,check,19
45071.02,1Ab9LSMSyFTFThyKX2pVYrZgrqvBqP3mqT7T3XVkCLNkYs,check,19
45131.016,1Ab9LSMSyFTFThyKX2pVYrZgrqvBqP3mqT7T3XVkCLNkYs,check,19
45191.02,1Ab9LSMSyFTFThyKX2pVYrZgrqvBqP3mqT7T3XVkCLNkYs,check,19
45251.02,1Ab9LSMSyFTFThyKX2pVYrZgrqvBqP3mqT7T3XVkCLNkYs,check,19
45311.023,1Ab9LSMSyFTFThyKX2pVYrZgrqvBqP3mqT7T3XVkCLNkYs,check,19
45371.023,1Ab9LSMSyFTFThyKX2pVYrZgrqvBqP3mqT7T3XVkCLNkYs,check,19
45431.016,1Ab9LSMSyFTFThyKX2pVYrZgrqvBqP3mqT7T3XVkCLNkYs,check,19
45491.016,1Ab9LSMSyFTFThyKX2pVYrZgrqvBqP3mqT7T3XVkCLNkYs,check,19
45551.02,1Ab9LSMSyFTFThyKX2pVYrZgrqvBqP3mqT7T3XVkCLNkYs,check,19
45611.02,1Ab9LSMSyFTFThyKX2pVYrZgrqvBqP3mqT7T3XVkCLNkYs,check,19
45671.02,1Ab9LSMSyFTFThyKX2pVYrZgrqvBqP3mqT7T3XVkCLNkYs,check,19
45731.016,1Ab9LSMSyFTFThyKX2pVYrZgrqvBqP3mqT7T3XVkCLNkYs,check,19
45791.02,1Ab9LSMSyFTFThyKX2pVYrZgrqvBqP3mqT7T3XVkCLNkYs,check,19
45851.016,1Ab9LSMSyFTFThyKX2pVYrZgrqvBqP3mqT7T3XVkCLNkYs,check,18
45911.02,1Ab9LSMSyFTFThyKX2pVYrZgrqvBqP3mqT7T3XVkCLNkYs,check,19
45971.016,1Ab9LSMSyFTFThyKX2pVYrZgrqvBqP3mqT7T3XVkCLNkYs,check,19
46031.02,1Ab9LSMSyFTFThyKX2pVYrZgrqvBqP3mqT7T3XVkCLNkYs,check,19
46091.02,1Ab9LSMSyFTFThyKX2pVYrZgrqvBqP3mqT7T3XVkCLNkYs,check,19
46151.02,1Ab9LSMSyFTFThyKX2pVYrZgrqvBqP3mqT7T3XVkCLNkYs,check,19
46211.02,1Ab9LSMSyFTFThyKX2pVYrZgrqvBqP3mqT7T3XVkCLNkYs,check,19
46271.02,1Ab9LSMSyFTFThyKX2pVYrZgrqvBqP3mqT7T3XVkCLNkYs,check,19
46331.02,1Ab9LSMSyFTFThyKX2pVYrZgrqvBqP3mqT7T3XVkCLNkYs,check,19
46391.016,1Ab9LSMSyFTFThyKX2pVYrZgrqvBqP3mqT7T3XVkCLNkYs,check,19
46451.008,1Ab9LSMSyFTFThyKX2pVYrZgrqvBqP3mqT7T3XVkCLNkYs,check,18
46511.008,1Ab9LSMSyFTFThyKX2pVYrZgrqvBqP3mqT7T3XVkCLNkYs,check,19
46571.008,1Ab9LSMSyFTFThyKX2pVYrZgrqvBqP3mqT7T3XVkCLNkYs,check,19
46631.008,1Ab9LSMSyFTFThyKX2pVYrZgrqvBqP3mqT7T3XVkCLNkYs,check,19
46691.016,1Ab9LSMSyFTFThyKX2pVYrZgrqvBqP3mqT7T3XVkCLNkYs,check,19
46751.02,1Ab9LSMSyFTFThyKX2pVYrZgrqvBqP3mqT7T3XVkCLNkYs,check,19
46811.02,1Ab9LSMSyFTFThyKX2pVYrZgrqvBqP3mqT7T3XVkCLNkYs,check,19
46871.02,1Ab9LSMSyFTFThyKX2pVYrZgrqvBqP3mqT7T3XVkCLNkYs,check,19
46931.016,1Ab9LSMSyFTFThyKX2pVYrZgrqvBqP3mqT7T3XVkCLNkYs,check,19
46991.023,1Ab9LSMSyFTFThyKX2pVYrZgrqvBqP3mqT7T3XVkCLNkYs,check,19
47051.02,1Ab9LSMSyFTFThyKX2pVYrZgrqvBqP3mqT7T3XVkCLNkYs,check,19
47111.023,1Ab9LSMSyFTFThyKX2pVYrZgrqvBqP3mqT7T3XVkCLNkYs,check,19
47171.02,1Ab9LSMSyFTFThyKX2pVYrZgrqvBqP3mqT7T3XVkCLNkYs,check,19
47231.016,1Ab9LSMSyFTFThyKX2pVYrZgrqvBqP3mqT7T3XVkCLNkYs,check,19
47291.02,1Ab9LSMSyFTFThyKX2pVYrZgrqvBqP3mqT7T3XVkCLNkYs,check,19
47351.02,1Ab9LSMSyFTFThyKX2pVYrZgrqvBqP3mqT7T3XVkCLNkYs,check,19
47411.02,1Ab9LSMSyFTFThyKX2pVYrZgrqvBqP3mqT7T3XVkCLNkYs,check,19
47471.02,1Ab9LSMSyFTFThyKX2pVYrZgrqvBqP3mqT7T3XVkCLNkYs,check,19
47531.02,1Ab9LSMSyFTFThyKX2pVYrZgrqvBqP3mqT7T3XVkCLNkYs,check,19
47591.02,1Ab9LSMSyFTFThyKX2pVYrZgrqvBqP3mqT7T3XVkCLNkYs,check,19
47651.02,1Ab9LSMSyFTFThyKX2pVYrZgrqvBqP3mqT7T3XVkCLNkYs,check,18
47711.02,1Ab9LSMSyFTFThyKX2pVYrZgrqvBqP3mqT7T3XVkCLNkYs,check,19
47771.02,1Ab9LSMSyFTFThyKX2pVYrZgrqvBqP3mqT7T3XVkCLNkYs,check,19
47831.02,1Ab9LSMSyFTFThyKX2pVYrZgrqvBqP3mqT7T3XVkCLNkYs,check,19
47891.02,1Ab9LSMSyFTFThyKX2pVYrZgrqvBqP3mqT7T3XVkCLNkYs,check,19
47951.02,1Ab9LSMSyFTFThyKX2pVYrZgrqvBqP3mqT7T3XVkCLNkYs,check,19
48011.02,1Ab9LSMSyFTFThyKX2pVYrZgrqvBqP3mqT7T3XVkCLNkYs,check,19
48071.02,1Ab9LSMSyFTFThyKX2pVYrZgrqvBqP3mqT7T3XVkCLNkYs,check,19
48131.02,1Ab9LSMSyFTFThyKX2pVYrZgrqvBqP3mqT7T3XVkCLNkYs,check,19
48191.023,1Ab9LSMSyFTFThyKX2pVYrZgrqvBqP3mqT7T3XVkCLNkYs,check,19
48251.02,1Ab9LSMSyFTFThyKX2pVYrZgrqvBqP3mqT7T3XVkCLNkYs,check,19
48311.02,1Ab9LSMSyFTFThyKX2pVYrZgrqvBqP3mqT7T3XVkCLNkYs,check,19
48371.02,1Ab9LSMSyFTFThyKX2pVYrZgrqvBqP3mqT7T3XVkCLNkYs,check,19
48431.016,1Ab9LSMSyFTFThyKX2pVYrZgrqvBqP3mqT7T3XVkCLNkYs,check,19
48491.02,1Ab9LSMSyFTFThyKX2pVYrZgrqvBqP3mqT7T3XVkCLNkYs,check,19
48551.016,1Ab9LSMSyFTFThyKX2pVYrZgrqvBqP3mqT7T3XVkCLNkYs,check,19
48611.016,1Ab9LSMSyFTFThyKX2pVYrZgrqvBqP3mqT7T3XVkCLNkYs,check,19
48671.023,1Ab9LSMSyFTFThyKX2pVYrZgrqvBqP3mqT7T3XVkCLNkYs,check,19
48731.02,1Ab9LSMSyFTFThyKX2pVYrZgrqvBqP3mqT7T3XVkCLNkYs,check,19
48791.02,1Ab9LSMSyFTFThyKX2pVYrZgrqvBqP3mqT7T3XVkCLNkYs,check,19
48851.02,1Ab9LSMSyFTFThyKX2pVYrZgrqvBqP3mqT7T3XVkCLNkYs,check,19
48911.02,1Ab9LSMSyFTFThyKX2pVYrZgrqvBqP3mqT7T3XVkCLNkYs,check,19
48971.016,1Ab9LSMSyFTFThyKX2pVYrZgrqvBqP3mqT7T3XVkCLNkYs,check,18
49031.02,1Ab9LSMSyFTFThyKX2pVYrZgrqvBqP3mqT7T3XVkCLNkYs,check,19
49091.02,1Ab9LSMSyFTFThyKX2pVYrZgrqvBqP3mqT7T3XVkCLNkYs,check,19
49151.02,1Ab9LSMSyFTFThyKX2pVYrZgrqvBqP3mqT7T3XVkCLNkYs,check,19
49211.02,1Ab9LSMSyFTFThyKX2pVYrZgrqvBqP3mqT7T3XVkCLNkYs,check,19
49271.02,1Ab9LSMSyFTFThyKX2pVYrZgrqvBqP3mqT7T3XVkCLNkYs,check,19
49331.02,1Ab9LSMSyFTFThyKX2pVYrZgrqvBqP3mqT7T3XVkCLNkYs,check,19
49391.02,1Ab9LSMSyFTFThyKX2pVYrZgrqvBqP3mqT7T3XVkCLNkYs,check,19
49451.016,1Ab9LSMSyFTFThyKX2pVYrZgrqvBqP3mqT7T3XVkCLNkYs,check,19
49511.016,1Ab9LSMSyFTFThyKX2pVYrZgrqvBqP3mqT7T3XVkCLNkYs,check,19
49571.02,1Ab9LSMSyFTFThyKX2pVYrZgrqvBqP3mqT7T3XVkCLNkYs,check,19
49631.02,1Ab9LSMSyFTFThyKX2pVYrZgrqvBqP3mqT7T3XVkCLNkYs,check,19
49691.016,1Ab9LSMSyFTFThyKX2pVYrZgrqvBqP3mqT7T3XVkCLNkYs,check,19
49751.02,1Ab9LSMSyFTFThyKX2pVYrZgrqvBqP3mqT7T3XVkCLNkYs,check,19
49811.02,1Ab9LSMSyFTFThyKX2pVYrZgrqvBqP3mqT7T3XVkCLNkYs,check,19
49871.02,1Ab9LSMSyFTFThyKX2pVYrZgrqvBqP3mqT7T3XVkCLNkYs,check,19
49931.02,1Ab9LSMSyFTFThyKX2pVYrZgrqvBqP3mqT7T3XVkCLNkYs,check,19
49991.02,1Ab9LSMSyFTFThyKX2pVYrZgrqvBqP3mqT7T3XVkCLNkYs,check,19
50051.016,1Ab9LSMSyFTFThyKX2pVYrZgrqvBqP3mqT7T3XVkCLNkYs,check,19
50111.016,1Ab9LSMSyFTFThyKX2pVYrZgrqvBqP3mqT7T3XVkCLNkYs,check,19
50171.02,1Ab9LSMSyFTFThyKX2pVYrZgrqvBqP3mqT7T3XVkCLNkYs,check,19
50231.016,1Ab9LSMSyFTFThyKX2pVYrZgrqvBqP3mqT7T3XVkCLNkYs,check,19
50291.016,1Ab9LSMSyFTFThyKX2pVYrZgrqvBqP3mqT7T3XVkCLNkYs,check,18
50351.02,1Ab9LSMSyFTFThyKX2pVYrZgrqvBqP3mqT7T3XVkCLNkYs,check,19
50411.023,1Ab9LSMSyFTFThyKX2pVYrZgrqvBqP3mqT7T3XVkCLNkYs,check,19
50471.02,1Ab9LSMSyFTFThyKX2pVYrZgrqvBqP3mqT7T3XVkCLNkYs,check,19
50531.02,1Ab9LSMSyFTFThyKX2pVYrZgrqvBqP3mqT7T3XVkCLNkYs,check,19
50591.02,1Ab9LSMSyFTFThyKX2pVYrZgrqvBqP3mqT7T3XVkCLNkYs,check,19
50651.02,1Ab9LSMSyFTFThyKX2pVYrZgrqvBqP3mqT7T3XVkCLNkYs,check,19
50711.02,1Ab9LSMSyFTFThyKX2pVYrZgrqvBqP3mqT7T3XVkCLNkYs,check,18
50771.02,1Ab9LSMSyFTFThyKX2pVYrZgrqvBqP3mqT7T3XVkCLNkYs,check,19
50831.016,1Ab9LSMSyFTFThyKX2pVYrZgrqvBqP3mqT7T3XVkCLNkYs,check,19
50891.016,1Ab9LSMSyFTFThyKX2pVYrZgrqvBqP3mqT7T3XVkCLNkYs,check,19
50951.02,1Ab9LSMSyFTFThyKX2pVYrZgrqvBqP3mqT7T3XVkCLNkYs,check,19
51011.02,1Ab9LSMSyFTFThyKX2pVYrZgrqvBqP3mqT7T3XVkCLNkYs,check,19
51071.02,1Ab9LSMSyFTFThyKX2pVYrZgrqvBqP3mqT7T3XVkCLNkYs,check,19
51131.02,1Ab9LSMSyFTFThyKX2pVYrZgrqvBqP3mqT7T3XVkCLNkYs,check,19
51191.02,1Ab9LSMSyFTFThyKX2pVYrZgrqvBqP3mqT7T3XVkCLNkYs,check,19
51251.02,1Ab9LSMSyFTFThyKX2pVYrZgrqvBqP3mqT7T3XVkCLNkYs,check,19
51311.02,1Ab9LSMSyFTFThyKX2pVYrZgrqvBqP3mqT7T3XVkCLNkYs,check,19
51371.02,1Ab9LSMSyFTFThyKX2pVYrZgrqvBqP3mqT7T3XVkCLNkYs,check,19
51431.02,1Ab9LSMSyFTFThyKX2pVYrZgrqvBqP3mqT7T3XVkCLNkYs,check,19
51491.02,1Ab9LSMSyFTFThyKX2pVYrZgrqvBqP3mqT7T3XVkCLNkYs,check,19
51551.02,1Ab9LSMSyFTFThyKX2pVYrZgrqvBqP3mqT7T3XVkCLNkYs,check,19
51611.016,1Ab9LSMSyFTFThyKX2pVYrZgrqvBqP3mqT7T3XVkCLNkYs,check,19
51671.02,1Ab9LSMSyFTFThyKX2pVYrZgrqvBqP3mqT7T3XVkCLNkYs,check,19
51731.01,1Ab9LSMSyFTFThyKX2pVYrZgrqvBqP3mqT7T3XVkCLNkYs,check,19
51791.016,1Ab9LSMSyFTFThyKX2pVYrZgrqvBqP3mqT7T3XVkCLNkYs,check,19
51851.02,1Ab9LSMSyFTFThyKX2pVYrZgrqvBqP3mqT7T3XVkCLNkYs,check,19
51911.02,1Ab9LSMSyFTFThyKX2pVYrZgrqvBqP3mqT7T3XVkCLNkYs,check,18
51971.016,1Ab9LSMSyFTFThyKX2pVYrZgrqvBqP3mqT7T3XVkCLNkYs,check,19
52031.02,1Ab9LSMSyFTFThyKX2pVYrZgrqvBqP3mqT7T3XVkCLNkYs,check,19
52091.02,1Ab9LSMSyFTFThyKX2pVYrZgrqvBqP3mqT7T3XVkCLNkYs,check,19
52151.02,1Ab9LSMSyFTFThyKX2pVYrZgrqvBqP3mqT7T3XVkCLNkYs,check,19
52211.02,1Ab9LSMSyFTFThyKX2pVYrZgrqvBqP3mqT7T3XVkCLNkYs,check,19
52271.02,1Ab9LSMSyFTFThyKX2pVYrZgrqvBqP3mqT7T3XVkCLNkYs,check,19
52331.02,1Ab9LSMSyFTFThyKX2pVYrZgrqvBqP3mqT7T3XVkCLNkYs,check,19
52391.023,1Ab9LSMSyFTFThyKX2pVYrZgrqvBqP3mqT7T3XVkCLNkYs,check,19
52451.02,1Ab9LSMSyFTFThyKX2pVYrZgrqvBqP3mqT7T3XVkCLNkYs,check,19
52511.02,1Ab9LSMSyFTFThyKX2pVYrZgrqvBqP3mqT7T3XVkCLNkYs,check,19
52571.016,1Ab9LSMSyFTFThyKX2pVYrZgrqvBqP3mqT7T3XVkCLNkYs,check,19
52631.02,1Ab9LSMSyFTFThyKX2pVYrZgrqvBqP3mqT7T3XVkCLNkYs,check,19
52691.02,1Ab9LSMSyFTFThyKX2pVYrZgrqvBqP3mqT7T3XVkCLNkYs,check,19
52751.02,1Ab9LSMSyFTFThyKX2pVYrZgrqvBqP3mqT7T3XVkCLNkYs,check,19
52811.02,1Ab9LSMSyFTFThyKX2pVYrZgrqvBqP3mqT7T3XVkCLNkYs,check,19
52871.02,1Ab9LSMSyFTFThyKX2pVYrZgrqvBqP3mqT7T3XVkCLNkYs,check,19
52931.02,1Ab9LSMSyFTFThyKX2pVYrZgrqvBqP3mqT7T3XVkCLNkYs,check,19
52991.016,1Ab9LSMSyFTFThyKX2pVYrZgrqvBqP3mqT7T3XVkCLNkYs,check,19
53051.02,1Ab9LSMSyFTFThyKX2pVYrZgrqvBqP3mqT7T3XVkCLNkYs,check,19
53111.023,1Ab9LSMSyFTFThyKX2pVYrZgrqvBqP3mqT7T3XVkCLNkYs,check,19
53171.02,1Ab9LSMSyFTFThyKX2pVYrZgrqvBqP3mqT7T3XVkCLNkYs,check,19
53231.02,1Ab9LSMSyFTFThyKX2pVYrZgrqvBqP3mqT7T3XVkCLNkYs,check,18
53291.02,1Ab9LSMSyFTFThyKX2pVYrZgrqvBqP3mqT7T3XVkCLNkYs,check,19
53351.02,1Ab9LSMSyFTFThyKX2pVYrZgrqvBqP3mqT7T3XVkCLNkYs,check,19
53411.023,1Ab9LSMSyFTFThyKX2pVYrZgrqvBqP3mqT7T3XVkCLNkYs,check,19
53471.02,1Ab9LSMSyFTFThyKX2pVYrZgrqvBqP3mqT7T3XVkCLNkYs,check,19
53531.02,1Ab9LSMSyFTFThyKX2pVYrZgrqvBqP3mqT7T3XVkCLNkYs,check,19
53591.02,1Ab9LSMSyFTFThyKX2pVYrZgrqvBqP3mqT7T3XVkCLNkYs,check,19
53651.02,1Ab9LSMSyFTFThyKX2pVYrZgrqvBqP3mqT7T3XVkCLNkYs,check,19
53711.016,1Ab9LSMSyFTFThyKX2pVYrZgrqvBqP3mqT7T3XVkCLNkYs,check,19
53771.02,1Ab9LSMSyFTFThyKX2pVYrZgrqvBqP3mqT7T3XVkCLNkYs,check,19
53831.02,1Ab9LSMSyFTFThyKX2pVYrZgrqvBqP3mqT7T3XVkCLNkYs,check,19
53891.02,1Ab9LSMSyFTFThyKX2pVYrZgrqvBqP3mqT7T3XVkCLNkYs,check,19
53951.02,1Ab9LSMSyFTFThyKX2pVYrZgrqvBqP3mqT7T3XVkCLNkYs,check,19
54011.016,1Ab9LSMSyFTFThyKX2pVYrZgrqvBqP3mqT7T3XVkCLNkYs,check,19
54071.02,1Ab9LSMSyFTFThyKX2pVYrZgrqvBqP3mqT7T3XVkCLNkYs,check,19
54131.02,1Ab9LSMSyFTFThyKX2pVYrZgrqvBqP3mqT7T3XVkCLNkYs,check,19
54191.023,1Ab9LSMSyFTFThyKX2pVYrZgrqvBqP3mqT7T3XVkCLNkYs,check,19
54251.016,1Ab9LSMSyFTFThyKX2pVYrZgrqvBqP3mqT7T3XVkCLNkYs,check,19
54311.016,1Ab9LSMSyFTFThyKX2pVYrZgrqvBqP3mqT7T3XVkCLNkYs,check,19
54371.02,1Ab9LSMSyFTFThyKX2pVYrZgrqvBqP3mqT7T3XVkCLNkYs,check,19
54431.02,1Ab9LSMSyFTFThyKX2pVYrZgrqvBqP3mqT7T3XVkCLNkYs,check,19
54491.016,1Ab9LSMSyFTFThyKX2pVYrZgrqvBqP3mqT7T3XVkCLNkYs,check,19
54551.016,1Ab9LSMSyFTFThyKX2pVYrZgrqvBqP3mqT7T3XVkCLNkYs,check,19
54611.02,1Ab9LSMSyFTFThyKX2pVYrZgrqvBqP3mqT7T3XVkCLNkYs,check,19
54671.02,1Ab9LSMSyFTFThyKX2pVYrZgrqvBqP3mqT7T3XVkCLNkYs,check,19
54731.02,1Ab9LSMSyFTFThyKX2pVYrZgrqvBqP3mqT7T3XVkCLNkYs,check,19
54791.02,1Ab9LSMSyFTFThyKX2pVYrZgrqvBqP3mqT7T3XVkCLNkYs,check,19
54851.027,1Ab9LSMSyFTFThyKX2pVYrZgrqvBqP3mqT7T3XVkCLNkYs,check,19
54911.02,1Ab9LSMSyFTFThyKX2pVYrZgrqvBqP3mqT7T3XVkCLNkYs,check,19
54971.02,1Ab9LSMSyFTFThyKX2pVYrZgrqvBqP3mqT7T3XVkCLNkYs,check,19
55031.02,1Ab9LSMSyFTFThyKX2pVYrZgrqvBqP3mqT7T3XVkCLNkYs,check,19
55091.01,1Ab9LSMSyFTFThyKX2pVYrZgrqvBqP3mqT7T3XVkCLNkYs,check,19
55151.008,1Ab9LSMSyFTFThyKX2pVYrZgrqvBqP3mqT7T3XVkCLNkYs,check,19
55211.03,1Ab9LSMSyFTFThyKX2pVYrZgrqvBqP3mqT7T3XVkCLNkYs,check,19
55271.008,1Ab9LSMSyFTFThyKX2pVYrZgrqvBqP3mqT7T3XVkCLNkYs,check,19
55331.01,1Ab9LSMSyFTFThyKX2pVYrZgrqvBqP3mqT7T3XVkCLNkYs,check,19
55391.02,1Ab9LSMSyFTFThyKX2pVYrZgrqvBqP3mqT7T3XVkCLNkYs,check,19
55451.016,1Ab9LSMSyFTFThyKX2pVYrZgrqvBqP3mqT7T3XVkCLNkYs,check,19
55511.02,1Ab9LSMSyFTFThyKX2pVYrZgrqvBqP3mqT7T3XVkCLNkYs,check,19
55571.02,1Ab9LSMSyFTFThyKX2pVYrZgrqvBqP3mqT7T3XVkCLNkYs,check,19
55631.02,1Ab9LSMSyFTFThyKX2pVYrZgrqvBqP3mqT7T3XVkCLNkYs,check,19
55691.02,1Ab9LSMSyFTFThyKX2pVYrZgrqvBqP3mqT7T3XVkCLNkYs,check,19
55751.02,1Ab9LSMSyFTFThyKX2pVYrZgrqvBqP3mqT7T3XVkCLNkYs,check,19
55811.02,1Ab9LSMSyFTFThyKX2pVYrZgrqvBqP3mqT7T3XVkCLNkYs,check,19
55871.02,1Ab9LSMSyFTFThyKX2pVYrZgrqvBqP3mqT7T3XVkCLNkYs,check,19
55931.016,1Ab9LSMSyFTFThyKX2pVYrZgrqvBqP3mqT7T3XVkCLNkYs,check,18
55991.02,1Ab9LSMSyFTFThyKX2pVYrZgrqvBqP3mqT7T3XVkCLNkYs,check,19
56051.023,1Ab9LSMSyFTFThyKX2pVYrZgrqvBqP3mqT7T3XVkCLNkYs,check,19
56111.016,1Ab9LSMSyFTFThyKX2pVYrZgrqvBqP3mqT7T3XVkCLNkYs,check,19
56171.023,1Ab9LSMSyFTFThyKX2pVYrZgrqvBqP3mqT7T3XVkCLNkYs,check,19
56231.016,1Ab9LSMSyFTFThyKX2pVYrZgrqvBqP3mqT7T3XVkCLNkYs,check,19
56291.02,1Ab9LSMSyFTFThyKX2pVYrZgrqvBqP3mqT7T3XVkCLNkYs,check,19
56351.02,1Ab9LSMSyFTFThyKX2pVYrZgrqvBqP3mqT7T3XVkCLNkYs,check,19
56411.02,1Ab9LSMSyFTFThyKX2pVYrZgrqvBqP3mqT7T3XVkCLNkYs,check,19
56471.02,1Ab9LSMSyFTFThyKX2pVYrZgrqvBqP3mqT7T3XVkCLNkYs,check,19
56531.02,1Ab9LSMSyFTFThyKX2pVYrZgrqvBqP3mqT7T3XVkCLNkYs,check,19
56591.02,1Ab9LSMSyFTFThyKX2pVYrZgrqvBqP3mqT7T3XVkCLNkYs,check,19
56651.02,1Ab9LSMSyFTFThyKX2pVYrZgrqvBqP3mqT7T3XVkCLNkYs,check,18
56711.02,1Ab9LSMSyFTFThyKX2pVYrZgrqvBqP3mqT7T3XVkCLNkYs,check,19
56771.02,1Ab9LSMSyFTFThyKX2pVYrZgrqvBqP3mqT7T3XVkCLNkYs,check,19
56831.01,1Ab9LSMSyFTFThyKX2pVYrZgrqvBqP3mqT7T3XVkCLNkYs,check,19
56891.02,1Ab9LSMSyFTFThyKX2pVYrZgrqvBqP3mqT7T3XVkCLNkYs,check,19
56951.02,1Ab9LSMSyFTFThyKX2pVYrZgrqvBqP3mqT7T3XVkCLNkYs,check,19
57011.02,1Ab9LSMSyFTFThyKX2pVYrZgrqvBqP3mqT7T3XVkCLNkYs,check,19
57071.02,1Ab9LSMSyFTFThyKX2pVYrZgrqvBqP3mqT7T3XVkCLNkYs,check,19
57131.02,1Ab9LSMSyFTFThyKX2pVYrZgrqvBqP3mqT7T3XVkCLNkYs,check,19
57191.01,1Ab9LSMSyFTFThyKX2pVYrZgrqvBqP3mqT7T3XVkCLNkYs,check,19
57251.02,1Ab9LSMSyFTFThyKX2pVYrZgrqvBqP3mqT7T3XVkCLNkYs,check,19
57311.016,1Ab9LSMSyFTFThyKX2pVYrZgrqvBqP3mqT7T3XVkCLNkYs,check,19
57371.02,1Ab9LSMSyFTFThyKX2pVYrZgrqvBqP3mqT7T3XVkCLNkYs,check,19
57431.02,1Ab9LSMSyFTFThyKX2pVYrZgrqvBqP3mqT7T3XVkCLNkYs,check,19
57491.02,1Ab9LSMSyFTFThyKX2pVYrZgrqvBqP3mqT7T3XVkCLNkYs,check,19
57551.02,1Ab9LSMSyFTFThyKX2pVYrZgrqvBqP3mqT7T3XVkCLNkYs,check,19
57611.02,1Ab9LSMSyFTFThyKX2pVYrZgrqvBqP3mqT7T3XVkCLNkYs,check,19
57671.02,1Ab9LSMSyFTFThyKX2pVYrZgrqvBqP3mqT7T3XVkCLNkYs,check,19
57731.016,1Ab9LSMSyFTFThyKX2pVYrZgrqvBqP3mqT7T3XVkCLNkYs,check,19
57791.02,1Ab9LSMSyFTFThyKX2pVYrZgrqvBqP3mqT7T3XVkCLNkYs,check,19
57851.02,1Ab9LSMSyFTFThyKX2pVYrZgrqvBqP3mqT7T3XVkCLNkYs,check,18
57911.023,1Ab9LSMSyFTFThyKX2pVYrZgrqvBqP3mqT7T3XVkCLNkYs,check,19
57971.016,1Ab9LSMSyFTFThyKX2pVYrZgrqvBqP3mqT7T3XVkCLNkYs,check,19
58031.02,1Ab9LSMSyFTFThyKX2pVYrZgrqvBqP3mqT7T3XVkCLNkYs,check,19
58091.016,1Ab9LSMSyFTFThyKX2pVYrZgrqvBqP3mqT7T3XVkCLNkYs,check,17
58151.02,1Ab9LSMSyFTFThyKX2pVYrZgrqvBqP3mqT7T3XVkCLNkYs,check,19
58211.023,1Ab9LSMSyFTFThyKX2pVYrZgrqvBqP3mqT7T3XVkCLNkYs,check,19
58271.02,1Ab9LSMSyFTFThyKX2pVYrZgrqvBqP3mqT7T3XVkCLNkYs,check,19
58331.016,1Ab9LSMSyFTFThyKX2pVYrZgrqvBqP3mqT7T3XVkCLNkYs,check,19
58391.023,1Ab9LSMSyFTFThyKX2pVYrZgrqvBqP3mqT7T3XVkCLNkYs,check,19
58451.023,1Ab9LSMSyFTFThyKX2pVYrZgrqvBqP3mqT7T3XVkCLNkYs,check,19
58511.016,1Ab9LSMSyFTFThyKX2pVYrZgrqvBqP3mqT7T3XVkCLNkYs,check,19
58571.02,1Ab9LSMSyFTFThyKX2pVYrZgrqvBqP3mqT7T3XVkCLNkYs,check,19
58631.016,1Ab9LSMSyFTFThyKX2pVYrZgrqvBqP3mqT7T3XVkCLNkYs,check,19
58691.02,1Ab9LSMSyFTFThyKX2pVYrZgrqvBqP3mqT7T3XVkCLNkYs,check,19
58751.02,1Ab9LSMSyFTFThyKX2pVYrZgrqvBqP3mqT7T3XVkCLNkYs,check,19
58811.02,1Ab9LSMSyFTFThyKX2pVYrZgrqvBqP3mqT7T3XVkCLNkYs,check,19
58871.02,1Ab9LSMSyFTFThyKX2pVYrZgrqvBqP3mqT7T3XVkCLNkYs,check,19
58931.02,1Ab9LSMSyFTFThyKX2pVYrZgrqvBqP3mqT7T3XVkCLNkYs,check,19
58991.02,1Ab9LSMSyFTFThyKX2pVYrZgrqvBqP3mqT7T3XVkCLNkYs,check,19
59051.023,1Ab9LSMSyFTFThyKX2pVYrZgrqvBqP3mqT7T3XVkCLNkYs,check,19
59111.02,1Ab9LSMSyFTFThyKX2pVYrZgrqvBqP3mqT7T3XVkCLNkYs,check,19
59171.016,1Ab9LSMSyFTFThyKX2pVYrZgrqvBqP3mqT7T3XVkCLNkYs,check,19
59231.023,1Ab9LSMSyFTFThyKX2pVYrZgrqvBqP3mqT7T3XVkCLNkYs,check,19
59291.02,1Ab9LSMSyFTFThyKX2pVYrZgrqvBqP3mqT7T3XVkCLNkYs,check,19
59351.02,1Ab9LSMSyFTFThyKX2pVYrZgrqvBqP3mqT7T3XVkCLNkYs,check,19
59411.02,1Ab9LSMSyFTFThyKX2pVYrZgrqvBqP3mqT7T3XVkCLNkYs,check,19
59471.02,1Ab9LSMSyFTFThyKX2pVYrZgrqvBqP3mqT7T3XVkCLNkYs,check,19
59531.02,1Ab9LSMSyFTFThyKX2pVYrZgrqvBqP3mqT7T3XVkCLNkYs,check,18
59591.02,1Ab9LSMSyFTFThyKX2pVYrZgrqvBqP3mqT7T3XVkCLNkYs,check,19
59651.02,1Ab9LSMSyFTFThyKX2pVYrZgrqvBqP3mqT7T3XVkCLNkYs,check,19
59711.016,1Ab9LSMSyFTFThyKX2pVYrZgrqvBqP3mqT7T3XVkCLNkYs,check,18
59771.02,1Ab9LSMSyFTFThyKX2pVYrZgrqvBqP3mqT7T3XVkCLNkYs,check,19
59831.02,1Ab9LSMSyFTFThyKX2pVYrZgrqvBqP3mqT7T3XVkCLNkYs,check,19
59891.02,1Ab9LSMSyFTFThyKX2pVYrZgrqvBqP3mqT7T3XVkCLNkYs,check,19
59951.02,1Ab9LSMSyFTFThyKX2pVYrZgrqvBqP3mqT7T3XVkCLNkYs,check,19
60011.02,1Ab9LSMSyFTFThyKX2pVYrZgrqvBqP3mqT7T3XVkCLNkYs,check,19
60071.02,1Ab9LSMSyFTFThyKX2pVYrZgrqvBqP3mqT7T3XVkCLNkYs,check,19
60131.02,1Ab9LSMSyFTFThyKX2pVYrZgrqvBqP3mqT7T3XVkCLNkYs,check,19
60191.02,1Ab9LSMSyFTFThyKX2pVYrZgrqvBqP3mqT7T3XVkCLNkYs,check,19
60251.023,1Ab9LSMSyFTFThyKX2pVYrZgrqvBqP3mqT7T3XVkCLNkYs,check,19
60311.02,1Ab9LSMSyFTFThyKX2pVYrZgrqvBqP3mqT7T3XVkCLNkYs,check,19
60371.02,1Ab9LSMSyFTFThyKX2pVYrZgrqvBqP3mqT7T3XVkCLNkYs,check,19
60431.02,1Ab9LSMSyFTFThyKX2pVYrZgrqvBqP3mqT7T3XVkCLNkYs,check,19
60491.016,1Ab9LSMSyFTFThyKX2pVYrZgrqvBqP3mqT7T3XVkCLNkYs,check,19
60551.02,1Ab9LSMSyFTFThyKX2pVYrZgrqvBqP3mqT7T3XVkCLNkYs,check,19
60611.02,1Ab9LSMSyFTFThyKX2pVYrZgrqvBqP3mqT7T3XVkCLNkYs,check,18
60671.016,1Ab9LSMSyFTFThyKX2pVYrZgrqvBqP3mqT7T3XVkCLNkYs,check,19
60731.016,1Ab9LSMSyFTFThyKX2pVYrZgrqvBqP3mqT7T3XVkCLNkYs,check,18
60791.016,1Ab9LSMSyFTFThyKX2pVYrZgrqvBqP3mqT7T3XVkCLNkYs,check,19
60851.01,1Ab9LSMSyFTFThyKX2pVYrZgrqvBqP3mqT7T3XVkCLNkYs,check,19
60911.02,1Ab9LSMSyFTFThyKX2pVYrZgrqvBqP3mqT7T3XVkCLNkYs,check,19
60971.02,1Ab9LSMSyFTFThyKX2pVYrZgrqvBqP3mqT7T3XVkCLNkYs,check,19
61031.016,1Ab9LSMSyFTFThyKX2pVYrZgrqvBqP3mqT7T3XVkCLNkYs,check,18
61091.02,1Ab9LSMSyFTFThyKX2pVYrZgrqvBqP3mqT7T3XVkCLNkYs,check,19
61151.016,1Ab9LSMSyFTFThyKX2pVYrZgrqvBqP3mqT7T3XVkCLNkYs,check,19
61211.016,1Ab9LSMSyFTFThyKX2pVYrZgrqvBqP3mqT7T3XVkCLNkYs,check,19
61271.016,1Ab9LSMSyFTFThyKX2pVYrZgrqvBqP3mqT7T3XVkCLNkYs,check,19
61331.016,1Ab9LSMSyFTFThyKX2pVYrZgrqvBqP3mqT7T3XVkCLNkYs,check,19
61391.02,1Ab9LSMSyFTFThyKX2pVYrZgrqvBqP3mqT7T3XVkCLNkYs,check,19
61451.02,1Ab9LSMSyFTFThyKX2pVYrZgrqvBqP3mqT7T3XVkCLNkYs,check,19
61511.02,1Ab9LSMSyFTFThyKX2pVYrZgrqvBqP3mqT7T3XVkCLNkYs,check,19
61571.016,1Ab9LSMSyFTFThyKX2pVYrZgrqvBqP3mqT7T3XVkCLNkYs,check,19
61631.02,1Ab9LSMSyFTFThyKX2pVYrZgrqvBqP3mqT7T3XVkCLNkYs,check,19
61691.016,1Ab9LSMSyFTFThyKX2pVYrZgrqvBqP3mqT7T3XVkCLNkYs,check,19
61751.02,1Ab9LSMSyFTFThyKX2pVYrZgrqvBqP3mqT7T3XVkCLNkYs,check,19
61811.02,1Ab9LSMSyFTFThyKX2pVYrZgrqvBqP3mqT7T3XVkCLNkYs,check,18
61871.02,1Ab9LSMSyFTFThyKX2pVYrZgrqvBqP3mqT7T3XVkCLNkYs,check,19
61931.016,1Ab9LSMSyFTFThyKX2pVYrZgrqvBqP3mqT7T3XVkCLNkYs,check,19
61991.02,1Ab9LSMSyFTFThyKX2pVYrZgrqvBqP3mqT7T3XVkCLNkYs,check,19
62051.016,1Ab9LSMSyFTFThyKX2pVYrZgrqvBqP3mqT7T3XVkCLNkYs,check,19
62111.02,1Ab9LSMSyFTFThyKX2pVYrZgrqvBqP3mqT7T3XVkCLNkYs,check,19
62171.02,1Ab9LSMSyFTFThyKX2pVYrZgrqvBqP3mqT7T3XVkCLNkYs,check,19
62231.02,1Ab9LSMSyFTFThyKX2pVYrZgrqvBqP3mqT7T3XVkCLNkYs,check,19
62291.023,1Ab9LSMSyFTFThyKX2pVYrZgrqvBqP3mqT7T3XVkCLNkYs,check,19
62351.02,1Ab9LSMSyFTFThyKX2pVYrZgrqvBqP3mqT7T3XVkCLNkYs,check,18
62411.02,1Ab9LSMSyFTFThyKX2pVYrZgrqvBqP3mqT7T3XVkCLNkYs,check,19
62471.02,1Ab9LSMSyFTFThyKX2pVYrZgrqvBqP3mqT7T3XVkCLNkYs,check,19
62531.016,1Ab9LSMSyFTFThyKX2pVYrZgrqvBqP3mqT7T3XVkCLNkYs,check,19
62591.02,1Ab9LSMSyFTFThyKX2pVYrZgrqvBqP3mqT7T3XVkCLNkYs,check,19
62651.023,1Ab9LSMSyFTFThyKX2pVYrZgrqvBqP3mqT7T3XVkCLNkYs,check,19
62711.02,1Ab9LSMSyFTFThyKX2pVYrZgrqvBqP3mqT7T3XVkCLNkYs,check,19
62771.016,1Ab9LSMSyFTFThyKX2pVYrZgrqvBqP3mqT7T3XVkCLNkYs,check,19
62831.023,1Ab9LSMSyFTFThyKX2pVYrZgrqvBqP3mqT7T3XVkCLNkYs,check,19
62891.023,1Ab9LSMSyFTFThyKX2pVYrZgrqvBqP3mqT7T3XVkCLNkYs,check,19
62951.02,1Ab9LSMSyFTFThyKX2pVYrZgrqvBqP3mqT7T3XVkCLNkYs,check,19
63011.02,1Ab9LSMSyFTFThyKX2pVYrZgrqvBqP3mqT7T3XVkCLNkYs,check,19
63071.02,1Ab9LSMSyFTFThyKX2pVYrZgrqvBqP3mqT7T3XVkCLNkYs,check,19
63131.02,1Ab9LSMSyFTFThyKX2pVYrZgrqvBqP3mqT7T3XVkCLNkYs,check,19
63191.02,1Ab9LSMSyFTFThyKX2pVYrZgrqvBqP3mqT7T3XVkCLNkYs,check,19
63251.016,1Ab9LSMSyFTFThyKX2pVYrZgrqvBqP3mqT7T3XVkCLNkYs,check,19
63311.02,1Ab9LSMSyFTFThyKX2pVYrZgrqvBqP3mqT7T3XVkCLNkYs,check,19
63371.02,1Ab9LSMSyFTFThyKX2pVYrZgrqvBqP3mqT7T3XVkCLNkYs,check,19
63431.02,1Ab9LSMSyFTFThyKX2pVYrZgrqvBqP3mqT7T3XVkCLNkYs,check,19
63491.02,1Ab9LSMSyFTFThyKX2pVYrZgrqvBqP3mqT7T3XVkCLNkYs,check,19
63551.016,1Ab9LSMSyFTFThyKX2pVYrZgrqvBqP3mqT7T3XVkCLNkYs,check,19
63611.023,1Ab9LSMSyFTFThyKX2pVYrZgrqvBqP3mqT7T3XVkCLNkYs,check,19
63671.02,1Ab9LSMSyFTFThyKX2pVYrZgrqvBqP3mqT7T3XVkCLNkYs,check,19
63731.02,1Ab9LSMSyFTFThyKX2pVYrZgrqvBqP3mqT7T3XVkCLNkYs,check,19
63791.02,1Ab9LSMSyFTFThyKX2pVYrZgrqvBqP3mqT7T3XVkCLNkYs,check,19
63851.02,1Ab9LSMSyFTFThyKX2pVYrZgrqvBqP3mqT7T3XVkCLNkYs,check,19
63911.016,1Ab9LSMSyFTFThyKX2pVYrZgrqvBqP3mqT7T3XVkCLNkYs,check,19
63971.008,1Ab9LSMSyFTFThyKX2pVYrZgrqvBqP3mqT7T3XVkCLNkYs,check,18
64031.008,1Ab9LSMSyFTFThyKX2pVYrZgrqvBqP3mqT7T3XVkCLNkYs,check,19
64091.008,1Ab9LSMSyFTFThyKX2pVYrZgrqvBqP3mqT7T3XVkCLNkYs,check,19
64151.008,1Ab9LSMSyFTFThyKX2pVYrZgrqvBqP3mqT7T3XVkCLNkYs,check,18
64211.02,1Ab9LSMSyFTFThyKX2pVYrZgrqvBqP3mqT7T3XVkCLNkYs,check,19
64271.023,1Ab9LSMSyFTFThyKX2pVYrZgrqvBqP3mqT7T3XVkCLNkYs,check,19
64331.02,1Ab9LSMSyFTFThyKX2pVYrZgrqvBqP3mqT7T3XVkCLNkYs,check,18
64391.02,1Ab9LSMSyFTFThyKX2pVYrZgrqvBqP3mqT7T3XVkCLNkYs,check,19
64451.02,1Ab9LSMSyFTFThyKX2pVYrZgrqvBqP3mqT7T3XVkCLNkYs,check,18
64511.02,1Ab9LSMSyFTFThyKX2pVYrZgrqvBqP3mqT7T3XVkCLNkYs,check,19
64571.016,1Ab9LSMSyFTFThyKX2pVYrZgrqvBqP3mqT7T3XVkCLNkYs,check,18
64631.02,1Ab9LSMSyFTFThyKX2pVYrZgrqvBqP3mqT7T3XVkCLNkYs,check,19
64691.02,1Ab9LSMSyFTFThyKX2pVYrZgrqvBqP3mqT7T3XVkCLNkYs,check,19
64751.02,1Ab9LSMSyFTFThyKX2pVYrZgrqvBqP3mqT7T3XVkCLNkYs,check,19
64811.02,1Ab9LSMSyFTFThyKX2pVYrZgrqvBqP3mqT7T3XVkCLNkYs,check,18
64871.01,1Ab9LSMSyFTFThyKX2pVYrZgrqvBqP3mqT7T3XVkCLNkYs,check,19
64931.02,1Ab9LSMSyFTFThyKX2pVYrZgrqvBqP3mqT7T3XVkCLNkYs,check,19
64991.016,1Ab9LSMSyFTFThyKX2pVYrZgrqvBqP3mqT7T3XVkCLNkYs,check,19
65051.016,1Ab9LSMSyFTFThyKX2pVYrZgrqvBqP3mqT7T3XVkCLNkYs,check,19
65111.02,1Ab9LSMSyFTFThyKX2pVYrZgrqvBqP3mqT7T3XVkCLNkYs,check,18
65171.023,1Ab9LSMSyFTFThyKX2pVYrZgrqvBqP3mqT7T3XVkCLNkYs,check,19
65231.016,1Ab9LSMSyFTFThyKX2pVYrZgrqvBqP3mqT7T3XVkCLNkYs,check,19
65291.02,1Ab9LSMSyFTFThyKX2pVYrZgrqvBqP3mqT7T3XVkCLNkYs,check,19
65351.02,1Ab9LSMSyFTFThyKX2pVYrZgrqvBqP3mqT7T3XVkCLNkYs,check,19
65411.02,1Ab9LSMSyFTFThyKX2pVYrZgrqvBqP3mqT7T3XVkCLNkYs,check,19
65471.02,1Ab9LSMSyFTFThyKX2pVYrZgrqvBqP3mqT7T3XVkCLNkYs,check,19
65531.02,1Ab9LSMSyFTFThyKX2pVYrZgrqvBqP3mqT7T3XVkCLNkYs,check,19
65591.02,1Ab9LSMSyFTFThyKX2pVYrZgrqvBqP3mqT7T3XVkCLNkYs,check,19
65651.016,1Ab9LSMSyFTFThyKX2pVYrZgrqvBqP3mqT7T3XVkCLNkYs,check,19
65711.02,1Ab9LSMSyFTFThyKX2pVYrZgrqvBqP3mqT7T3XVkCLNkYs,check,19
65771.016,1Ab9LSMSyFTFThyKX2pVYrZgrqvBqP3mqT7T3XVkCLNkYs,check,18
65831.02,1Ab9LSMSyFTFThyKX2pVYrZgrqvBqP3mqT7T3XVkCLNkYs,check,19
65891.016,1Ab9LSMSyFTFThyKX2pVYrZgrqvBqP3mqT7T3XVkCLNkYs,check,19
65951.016,1Ab9LSMSyFTFThyKX2pVYrZgrqvBqP3mqT7T3XVkCLNkYs,check,19
66011.02,1Ab9LSMSyFTFThyKX2pVYrZgrqvBqP3mqT7T3XVkCLNkYs,check,19
66071.016,1Ab9LSMSyFTFThyKX2pVYrZgrqvBqP3mqT7T3XVkCLNkYs,check,19
66131.016,1Ab9LSMSyFTFThyKX2pVYrZgrqvBqP3mqT7T3XVkCLNkYs,check,19
66191.016,1Ab9LSMSyFTFThyKX2pVYrZgrqvBqP3mqT7T3XVkCLNkYs,check,19
66251.02,1Ab9LSMSyFTFThyKX2pVYrZgrqvBqP3mqT7T3XVkCLNkYs,check,19
66311.016,1Ab9LSMSyFTFThyKX2pVYrZgrqvBqP3mqT7T3XVkCLNkYs,check,19
66371.016,1Ab9LSMSyFTFThyKX2pVYrZgrqvBqP3mqT7T3XVkCLNkYs,check,19
66431.016,1Ab9LSMSyFTFThyKX2pVYrZgrqvBqP3mqT7T3XVkCLNkYs,check,19
66491.02,1Ab9LSMSyFTFThyKX2pVYrZgrqvBqP3mqT7T3XVkCLNkYs,check,19
66551.016,1Ab9LSMSyFTFThyKX2pVYrZgrqvBqP3mqT7T3XVkCLNkYs,check,18
66611.016,1Ab9LSMSyFTFThyKX2pVYrZgrqvBqP3mqT7T3XVkCLNkYs,check,18
66671.02,1Ab9LSMSyFTFThyKX2pVYrZgrqvBqP3mqT7T3XVkCLNkYs,check,18
66731.02,1Ab9LSMSyFTFThyKX2pVYrZgrqvBqP3mqT7T3XVkCLNkYs,check,19
66791.02,1Ab9LSMSyFTFThyKX2pVYrZgrqvBqP3mqT7T3XVkCLNkYs,check,17
66851.02,1Ab9LSMSyFTFThyKX2pVYrZgrqvBqP3mqT7T3XVkCLNkYs,check,19
66911.016,1Ab9LSMSyFTFThyKX2pVYrZgrqvBqP3mqT7T3XVkCLNkYs,check,19
66971.02,1Ab9LSMSyFTFThyKX2pVYrZgrqvBqP3mqT7T3XVkCLNkYs,check,19
67031.016,1Ab9LSMSyFTFThyKX2pVYrZgrqvBqP3mqT7T3XVkCLNkYs,check,19
67091.016,1Ab9LSMSyFTFThyKX2pVYrZgrqvBqP3mqT7T3XVkCLNkYs,check,19
67151.016,1Ab9LSMSyFTFThyKX2pVYrZgrqvBqP3mqT7T3XVkCLNkYs,check,19
67211.02,1Ab9LSMSyFTFThyKX2pVYrZgrqvBqP3mqT7T3XVkCLNkYs,check,19
67271.016,1Ab9LSMSyFTFThyKX2pVYrZgrqvBqP3mqT7T3XVkCLNkYs,check,19
67331.02,1Ab9LSMSyFTFThyKX2pVYrZgrqvBqP3mqT7T3XVkCLNkYs,check,19
67391.016,1Ab9LSMSyFTFThyKX2pVYrZgrqvBqP3mqT7T3XVkCLNkYs,check,19
67451.016,1Ab9LSMSyFTFThyKX2pVYrZgrqvBqP3mqT7T3XVkCLNkYs,check,19
67511.016,1Ab9LSMSyFTFThyKX2pVYrZgrqvBqP3mqT7T3XVkCLNkYs,check,19
67571.016,1Ab9LSMSyFTFThyKX2pVYrZgrqvBqP3mqT7T3XVkCLNkYs,check,19
67631.016,1Ab9LSMSyFTFThyKX2pVYrZgrqvBqP3mqT7T3XVkCLNkYs,check,19
67691.016,1Ab9LSMSyFTFThyKX2pVYrZgrqvBqP3mqT7T3XVkCLNkYs,check,17
67751.016,1Ab9LSMSyFTFThyKX2pVYrZgrqvBqP3mqT7T3XVkCLNkYs,check,19
67811.02,1Ab9LSMSyFTFThyKX2pVYrZgrqvBqP3mqT7T3XVkCLNkYs,check,19
67871.016,1Ab9LSMSyFTFThyKX2pVYrZgrqvBqP3mqT7T3XVkCLNkYs,check,19
67931.016,1Ab9LSMSyFTFThyKX2pVYrZgrqvBqP3mqT7T3XVkCLNkYs,check,19
67991.016,1Ab9LSMSyFTFThyKX2pVYrZgrqvBqP3mqT7T3XVkCLNkYs,check,19
68051.016,1Ab9LSMSyFTFThyKX2pVYrZgrqvBqP3mqT7T3XVkCLNkYs,check,17
68111.016,1Ab9LSMSyFTFThyKX2pVYrZgrqvBqP3mqT7T3XVkCLNkYs,check,16
68171.016,1Ab9LSMSyFTFThyKX2pVYrZgrqvBqP3mqT7T3XVkCLNkYs,check,17
68231.016,1Ab9LSMSyFTFThyKX2pVYrZgrqvBqP3mqT7T3XVkCLNkYs,check,17
68291.02,1Ab9LSMSyFTFThyKX2pVYrZgrqvBqP3mqT7T3XVkCLNkYs,check,17
68351.02,1Ab9LSMSyFTFThyKX2pVYrZgrqvBqP3mqT7T3XVkCLNkYs,check,17
68411.016,1Ab9LSMSyFTFThyKX2pVYrZgrqvBqP3mqT7T3XVkCLNkYs,check,16
68471.02,1Ab9LSMSyFTFThyKX2pVYrZgrqvBqP3mqT7T3XVkCLNkYs,check,18
68531.016,1Ab9LSMSyFTFThyKX2pVYrZgrqvBqP3mqT7T3XVkCLNkYs,check,17
68591.016,1Ab9LSMSyFTFThyKX2pVYrZgrqvBqP3mqT7T3XVkCLNkYs,check,17
68651.016,1Ab9LSMSyFTFThyKX2pVYrZgrqvBqP3mqT7T3XVkCLNkYs,check,19
68711.02,1Ab9LSMSyFTFThyKX2pVYrZgrqvBqP3mqT7T3XVkCLNkYs,check,19
68771.016,1Ab9LSMSyFTFThyKX2pVYrZgrqvBqP3mqT7T3XVkCLNkYs,check,18
68831.016,1Ab9LSMSyFTFThyKX2pVYrZgrqvBqP3mqT7T3XVkCLNkYs,check,17
68891.016,1Ab9LSMSyFTFThyKX2pVYrZgrqvBqP3mqT7T3XVkCLNkYs,check,17
68951.01,1Ab9LSMSyFTFThyKX2pVYrZgrqvBqP3mqT7T3XVkCLNkYs,check,18
69011.02,1Ab9LSMSyFTFThyKX2pVYrZgrqvBqP3mqT7T3XVkCLNkYs,check,19
69071.016,1Ab9LSMSyFTFThyKX2pVYrZgrqvBqP3mqT7T3XVkCLNkYs,check,19
69131.016,1Ab9LSMSyFTFThyKX2pVYrZgrqvBqP3mqT7T3XVkCLNkYs,check,18
69191.016,1Ab9LSMSyFTFThyKX2pVYrZgrqvBqP3mqT7T3XVkCLNkYs,check,19
69251.02,1Ab9LSMSyFTFThyKX2pVYrZgrqvBqP3mqT7T3XVkCLNkYs,check,19
69311.01,1Ab9LSMSyFTFThyKX2pVYrZgrqvBqP3mqT7T3XVkCLNkYs,check,19
69371.02,1Ab9LSMSyFTFThyKX2pVYrZgrqvBqP3mqT7T3XVkCLNkYs,check,19
69431.016,1Ab9LSMSyFTFThyKX2pVYrZgrqvBqP3mqT7T3XVkCLNkYs,check,19
69491.016,1Ab9LSMSyFTFThyKX2pVYrZgrqvBqP3mqT7T3XVkCLNkYs,check,19
69551.016,1Ab9LSMSyFTFThyKX2pVYrZgrqvBqP3mqT7T3XVkCLNkYs,check,19
69611.016,1Ab9LSMSyFTFThyKX2pVYrZgrqvBqP3mqT7T3XVkCLNkYs,check,18
69671.016,1Ab9LSMSyFTFThyKX2pVYrZgrqvBqP3mqT7T3XVkCLNkYs,check,19
69731.016,1Ab9LSMSyFTFThyKX2pVYrZgrqvBqP3mqT7T3XVkCLNkYs,check,18
69791.02,1Ab9LSMSyFTFThyKX2pVYrZgrqvBqP3mqT7T3XVkCLNkYs,check,19
69851.016,1Ab9LSMSyFTFThyKX2pVYrZgrqvBqP3mqT7T3XVkCLNkYs,check,18
69911.016,1Ab9LSMSyFTFThyKX2pVYrZgrqvBqP3mqT7T3XVkCLNkYs,check,18
69971.016,1Ab9LSMSyFTFThyKX2pVYrZgrqvBqP3mqT7T3XVkCLNkYs,check,19
70031.016,1Ab9LSMSyFTFThyKX2pVYrZgrqvBqP3mqT7T3XVkCLNkYs,check,19
70091.016,1Ab9LSMSyFTFThyKX2pVYrZgrqvBqP3mqT7T3XVkCLNkYs,check,19
70151.02,1Ab9LSMSyFTFThyKX2pVYrZgrqvBqP3mqT7T3XVkCLNkYs,check,18
70211.02,1Ab9LSMSyFTFThyKX2pVYrZgrqvBqP3mqT7T3XVkCLNkYs,check,19
70271.02,1Ab9LSMSyFTFThyKX2pVYrZgrqvBqP3mqT7T3XVkCLNkYs,check,19
70331.016,1Ab9LSMSyFTFThyKX2pVYrZgrqvBqP3mqT7T3XVkCLNkYs,check,18
70391.016,1Ab9LSMSyFTFThyKX2pVYrZgrqvBqP3mqT7T3XVkCLNkYs,check,18
70451.02,1Ab9LSMSyFTFThyKX2pVYrZgrqvBqP3mqT7T3XVkCLNkYs,check,17
70511.016,1Ab9LSMSyFTFThyKX2pVYrZgrqvBqP3mqT7T3XVkCLNkYs,check,17
70571.016,1Ab9LSMSyFTFThyKX2pVYrZgrqvBqP3mqT7T3XVkCLNkYs,check,17
70631.016,1Ab9LSMSyFTFThyKX2pVYrZgrqvBqP3mqT7T3XVkCLNkYs,check,17
70691.02,1Ab9LSMSyFTFThyKX2pVYrZgrqvBqP3mqT7T3XVkCLNkYs,check,17
70751.016,1Ab9LSMSyFTFThyKX2pVYrZgrqvBqP3mqT7T3XVkCLNkYs,check,18
70811.016,1Ab9LSMSyFTFThyKX2pVYrZgrqvBqP3mqT7T3XVkCLNkYs,check,18
70871.02,1Ab9LSMSyFTFThyKX2pVYrZgrqvBqP3mqT7T3XVkCLNkYs,check,19
70931.016,1Ab9LSMSyFTFThyKX2pVYrZgrqvBqP3mqT7T3XVkCLNkYs,check,18
70991.02,1Ab9LSMSyFTFThyKX2pVYrZgrqvBqP3mqT7T3XVkCLNkYs,check,19
71051.02,1Ab9LSMSyFTFThyKX2pVYrZgrqvBqP3mqT7T3XVkCLNkYs,check,19
71111.02,1Ab9LSMSyFTFThyKX2pVYrZgrqvBqP3mqT7T3XVkCLNkYs,check,19
71171.01,1Ab9LSMSyFTFThyKX2pVYrZgrqvBqP3mqT7T3XVkCLNkYs,check,17
71231.016,1Ab9LSMSyFTFThyKX2pVYrZgrqvBqP3mqT7T3XVkCLNkYs,check,18
71291.016,1Ab9LSMSyFTFThyKX2pVYrZgrqvBqP3mqT7T3XVkCLNkYs,check,18
71351.016,1Ab9LSMSyFTFThyKX2pVYrZgrqvBqP3mqT7T3XVkCLNkYs,check,17
71411.016,1Ab9LSMSyFTFThyKX2pVYrZgrqvBqP3mqT7T3XVkCLNkYs,check,17
71471.016,1Ab9LSMSyFTFThyKX2pVYrZgrqvBqP3mqT7T3XVkCLNkYs,check,17
71531.016,1Ab9LSMSyFTFThyKX2pVYrZgrqvBqP3mqT7T3XVkCLNkYs,check,19
71591.02,1Ab9LSMSyFTFThyKX2pVYrZgrqvBqP3mqT7T3XVkCLNkYs,check,19
71651.02,1Ab9LSMSyFTFThyKX2pVYrZgrqvBqP3mqT7T3XVkCLNkYs,check,19
71711.016,1Ab9LSMSyFTFThyKX2pVYrZgrqvBqP3mqT7T3XVkCLNkYs,check,19
71771.016,1Ab9LSMSyFTFThyKX2pVYrZgrqvBqP3mqT7T3XVkCLNkYs,check,19
71831.016,1Ab9LSMSyFTFThyKX2pVYrZgrqvBqP3mqT7T3XVkCLNkYs,check,19
71891.02,1Ab9LSMSyFTFThyKX2pVYrZgrqvBqP3mqT7T3XVkCLNkYs,check,19
71951.016,1Ab9LSMSyFTFThyKX2pVYrZgrqvBqP3mqT7T3XVkCLNkYs,check,19
