63.308388,1AiffGv47c2kUNQVVcH4ZCC1VWXezPTosQirmqMo1G9n6P,check,18
123.24942,1AiffGv47c2kUNQVVcH4ZCC1VWXezPTosQirmqMo1G9n6P,check,19
191.01543,1AiffGv47c2kUNQVVcH4ZCC1VWXezPTosQirmqMo1G9n6P,check,18
251.01393,1AiffGv47c2kUNQVVcH4ZCC1VWXezPTosQirmqMo1G9n6P,check,17
311.0151,1AiffGv47c2kUNQVVcH4ZCC1VWXezPTosQirmqMo1G9n6P,check,17
371.00632,1AiffGv47c2kUNQVVcH4ZCC1VWXezPTosQirmqMo1G9n6P,check,17
424.2422,1AiffGv47c2kUNQVVcH4ZCC1VWXezPTosQirmqMo1G9n6P,check,19
491.0155,1AiffGv47c2kUNQVVcH4ZCC1VWXezPTosQirmqMo1G9n6P,check,15
543.517,1AiffGv47c2kUNQVVcH4ZCC1VWXezPTosQirmqMo1G9n6P,check,19
603.7071,1AiffGv47c2kUNQVVcH4ZCC1VWXezPTosQirmqMo1G9n6P,check,19
662.5408,1AiffGv47c2kUNQVVcH4ZCC1VWXezPTosQirmqMo1G9n6P,check,19
722.60364,1AiffGv47c2kUNQVVcH4ZCC1VWXezPTosQirmqMo1G9n6P,check,19
782.2088,1AiffGv47c2kUNQVVcH4ZCC1VWXezPTosQirmqMo1G9n6P,check,19
851.01825,1AiffGv47c2kUNQVVcH4ZCC1VWXezPTosQirmqMo1G9n6P,check,18
911.0067,1AiffGv47c2kUNQVVcH4ZCC1VWXezPTosQirmqMo1G9n6P,check,18
971.0146,1AiffGv47c2kUNQVVcH4ZCC1VWXezPTosQirmqMo1G9n6P,check,16
1031.0153,1AiffGv47c2kUNQVVcH4ZCC1VWXezPTosQirmqMo1G9n6P,check,17
1091.0162,1AiffGv47c2kUNQVVcH4ZCC1VWXezPTosQirmqMo1G9n6P,check,16
1142.6946,1AiffGv47c2kUNQVVcH4ZCC1VWXezPTosQirmqMo1G9n6P,check,19
1210.2411,1AiffGv47c2kUNQVVcH4ZCC1VWXezPTosQirmqMo1G9n6P,check,19
1265.888,1AiffGv47c2kUNQVVcH4ZCC1VWXezPTosQirmqMo1G9n6P,check,19
1322.1989,1AiffGv47c2kUNQVVcH4ZCC1VWXezPTosQirmqMo1G9n6P,check,19
1384.7123,1AiffGv47c2kUNQVVcH4ZCC1VWXezPTosQirmqMo1G9n6P,check,19
1441.8572,1AiffGv47c2kUNQVVcH4ZCC1VWXezPTosQirmqMo1G9n6P,check,19
1504.4807,1AiffGv47c2kUNQVVcH4ZCC1VWXezPTosQirmqMo1G9n6P,check,19
1566.0629,1AiffGv47c2kUNQVVcH4ZCC1VWXezPTosQirmqMo1G9n6P,check,19
1630.8312,1AiffGv47c2kUNQVVcH4ZCC1VWXezPTosQirmqMo1G9n6P,check,19
1691.016,1AiffGv47c2kUNQVVcH4ZCC1VWXezPTosQirmqMo1G9n6P,check,17
1751.0037,1AiffGv47c2kUNQVVcH4ZCC1VWXezPTosQirmqMo1G9n6P,check,18
1811.0172,1AiffGv47c2kUNQVVcH4ZCC1VWXezPTosQirmqMo1G9n6P,check,15
1871.0066,1AiffGv47c2kUNQVVcH4ZCC1VWXezPTosQirmqMo1G9n6P,check,17
1931.0138,1AiffGv47c2kUNQVVcH4ZCC1VWXezPTosQirmqMo1G9n6P,check,17
1991.0062,1AiffGv47c2kUNQVVcH4ZCC1VWXezPTosQirmqMo1G9n6P,check,17
2051.0042,1AiffGv47c2kUNQVVcH4ZCC1VWXezPTosQirmqMo1G9n6P,check,18
2111.0051,1AiffGv47c2kUNQVVcH4ZCC1VWXezPTosQirmqMo1G9n6P,check,18
2171.0073,1AiffGv47c2kUNQVVcH4ZCC1VWXezPTosQirmqMo1G9n6P,check,18
2231.004,1AiffGv47c2kUNQVVcH4ZCC1VWXezPTosQirmqMo1G9n6P,check,17
2291.005,1AiffGv47c2kUNQVVcH4ZCC1VWXezPTosQirmqMo1G9n6P,check,18
2351.0042,1AiffGv47c2kUNQVVcH4ZCC1VWXezPTosQirmqMo1G9n6P,check,18
2411.0083,1AiffGv47c2kUNQVVcH4ZCC1VWXezPTosQirmqMo1G9n6P,check,18
2471.0154,1AiffGv47c2kUNQVVcH4ZCC1VWXezPTosQirmqMo1G9n6P,check,16
2531.0146,1AiffGv47c2kUNQVVcH4ZCC1VWXezPTosQirmqMo1G9n6P,check,15
2591.014,1AiffGv47c2kUNQVVcH4ZCC1VWXezPTosQirmqMo1G9n6P,check,16
2651.0115,1AiffGv47c2kUNQVVcH4ZCC1VWXezPTosQirmqMo1G9n6P,check,16
2711.006,1AiffGv47c2kUNQVVcH4ZCC1VWXezPTosQirmqMo1G9n6P,check,18
2771.003,1AiffGv47c2kUNQVVcH4ZCC1VWXezPTosQirmqMo1G9n6P,check,18
2831.0022,1AiffGv47c2kUNQVVcH4ZCC1VWXezPTosQirmqMo1G9n6P,check,18
2891.005,1AiffGv47c2kUNQVVcH4ZCC1VWXezPTosQirmqMo1G9n6P,check,18
2951.0027,1AiffGv47c2kUNQVVcH4ZCC1VWXezPTosQirmqMo1G9n6P,check,18
3011.0044,1AiffGv47c2kUNQVVcH4ZCC1VWXezPTosQirmqMo1G9n6P,check,18
3071.0068,1AiffGv47c2kUNQVVcH4ZCC1VWXezPTosQirmqMo1G9n6P,check,18
3131.0146,1AiffGv47c2kUNQVVcH4ZCC1VWXezPTosQirmqMo1G9n6P,check,17
3191.0085,1AiffGv47c2kUNQVVcH4ZCC1VWXezPTosQirmqMo1G9n6P,check,18
3251.0073,1AiffGv47c2kUNQVVcH4ZCC1VWXezPTosQirmqMo1G9n6P,check,18
3311.0146,1AiffGv47c2kUNQVVcH4ZCC1VWXezPTosQirmqMo1G9n6P,check,16
3371.0166,1AiffGv47c2kUNQVVcH4ZCC1VWXezPTosQirmqMo1G9n6P,check,16
3431.0168,1AiffGv47c2kUNQVVcH4ZCC1VWXezPTosQirmqMo1G9n6P,check,17
3491.0046,1AiffGv47c2kUNQVVcH4ZCC1VWXezPTosQirmqMo1G9n6P,check,18
3551.0059,1AiffGv47c2kUNQVVcH4ZCC1VWXezPTosQirmqMo1G9n6P,check,18
3611.004,1AiffGv47c2kUNQVVcH4ZCC1VWXezPTosQirmqMo1G9n6P,check,18
3671.0063,1AiffGv47c2kUNQVVcH4ZCC1VWXezPTosQirmqMo1G9n6P,check,18
3731.005,1AiffGv47c2kUNQVVcH4ZCC1VWXezPTosQirmqMo1G9n6P,check,18
3791.0037,1AiffGv47c2kUNQVVcH4ZCC1VWXezPTosQirmqMo1G9n6P,check,18
3851.005,1AiffGv47c2kUNQVVcH4ZCC1VWXezPTosQirmqMo1G9n6P,check,17
3911.0056,1AiffGv47c2kUNQVVcH4ZCC1VWXezPTosQirmqMo1G9n6P,check,18
3971.018,1AiffGv47c2kUNQVVcH4ZCC1VWXezPTosQirmqMo1G9n6P,check,17
4031.009,1AiffGv47c2kUNQVVcH4ZCC1VWXezPTosQirmqMo1G9n6P,check,17
4091.007,1AiffGv47c2kUNQVVcH4ZCC1VWXezPTosQirmqMo1G9n6P,check,17
4151.0054,1AiffGv47c2kUNQVVcH4ZCC1VWXezPTosQirmqMo1G9n6P,check,18
4211.01,1AiffGv47c2kUNQVVcH4ZCC1VWXezPTosQirmqMo1G9n6P,check,17
4271.004,1AiffGv47c2kUNQVVcH4ZCC1VWXezPTosQirmqMo1G9n6P,check,17
4331.0083,1AiffGv47c2kUNQVVcH4ZCC1VWXezPTosQirmqMo1G9n6P,check,18
4391.004,1AiffGv47c2kUNQVVcH4ZCC1VWXezPTosQirmqMo1G9n6P,check,18
4451.0063,1AiffGv47c2kUNQVVcH4ZCC1VWXezPTosQirmqMo1G9n6P,check,18
4511.0054,1AiffGv47c2kUNQVVcH4ZCC1VWXezPTosQirmqMo1G9n6P,check,18
4571.0024,1AiffGv47c2kUNQVVcH4ZCC1VWXezPTosQirmqMo1G9n6P,check,18
4631.006,1AiffGv47c2kUNQVVcH4ZCC1VWXezPTosQirmqMo1G9n6P,check,18
4691.006,1AiffGv47c2kUNQVVcH4ZCC1VWXezPTosQirmqMo1G9n6P,check,18
4751.0063,1AiffGv47c2kUNQVVcH4ZCC1VWXezPTosQirmqMo1G9n6P,check,18
4811.014,1AiffGv47c2kUNQVVcH4ZCC1VWXezPTosQirmqMo1G9n6P,check,17
4871.003,1AiffGv47c2kUNQVVcH4ZCC1VWXezPTosQirmqMo1G9n6P,check,18
4931.0054,1AiffGv47c2kUNQVVcH4ZCC1VWXezPTosQirmqMo1G9n6P,check,18
4991.004,1AiffGv47c2kUNQVVcH4ZCC1VWXezPTosQirmqMo1G9n6P,check,17
5051.0044,1AiffGv47c2kUNQVVcH4ZCC1VWXezPTosQirmqMo1G9n6P,check,18
5111.0093,1AiffGv47c2kUNQVVcH4ZCC1VWXezPTosQirmqMo1G9n6P,check,18
5171.0083,1AiffGv47c2kUNQVVcH4ZCC1VWXezPTosQirmqMo1G9n6P,check,18
5231.0024,1AiffGv47c2kUNQVVcH4ZCC1VWXezPTosQirmqMo1G9n6P,check,18
5291.004,1AiffGv47c2kUNQVVcH4ZCC1VWXezPTosQirmqMo1G9n6P,check,18
5351.005,1AiffGv47c2kUNQVVcH4ZCC1VWXezPTosQirmqMo1G9n6P,check,18
5411.0034,1AiffGv47c2kUNQVVcH4ZCC1VWXezPTosQirmqMo1G9n6P,check,18
5471.008,1AiffGv47c2kUNQVVcH4ZCC1VWXezPTosQirmqMo1G9n6P,check,16
5531.0156,1AiffGv47c2kUNQVVcH4ZCC1VWXezPTosQirmqMo1G9n6P,check,17
5591.0063,1AiffGv47c2kUNQVVcH4ZCC1VWXezPTosQirmqMo1G9n6P,check,17
5651.004,1AiffGv47c2kUNQVVcH4ZCC1VWXezPTosQirmqMo1G9n6P,check,18
5711.0054,1AiffGv47c2kUNQVVcH4ZCC1VWXezPTosQirmqMo1G9n6P,check,17
5771.0044,1AiffGv47c2kUNQVVcH4ZCC1VWXezPTosQirmqMo1G9n6P,check,16
5831.014,1AiffGv47c2kUNQVVcH4ZCC1VWXezPTosQirmqMo1G9n6P,check,17
5891.0054,1AiffGv47c2kUNQVVcH4ZCC1VWXezPTosQirmqMo1G9n6P,check,18
5951.0063,1AiffGv47c2kUNQVVcH4ZCC1VWXezPTosQirmqMo1G9n6P,check,18
6011.008,1AiffGv47c2kUNQVVcH4ZCC1VWXezPTosQirmqMo1G9n6P,check,17
6071.005,1AiffGv47c2kUNQVVcH4ZCC1VWXezPTosQirmqMo1G9n6P,check,18
6131.0054,1AiffGv47c2kUNQVVcH4ZCC1VWXezPTosQirmqMo1G9n6P,check,18
6191.004,1AiffGv47c2kUNQVVcH4ZCC1VWXezPTosQirmqMo1G9n6P,check,18
6251.005,1AiffGv47c2kUNQVVcH4ZCC1VWXezPTosQirmqMo1G9n6P,check,18
6311.0073,1AiffGv47c2kUNQVVcH4ZCC1VWXezPTosQirmqMo1G9n6P,check,18
6371.0034,1AiffGv47c2kUNQVVcH4ZCC1VWXezPTosQirmqMo1G9n6P,check,18
6431.0093,1AiffGv47c2kUNQVVcH4ZCC1VWXezPTosQirmqMo1G9n6P,check,18
6491.0073,1AiffGv47c2kUNQVVcH4ZCC1VWXezPTosQirmqMo1G9n6P,check,18
6551.005,1AiffGv47c2kUNQVVcH4ZCC1VWXezPTosQirmqMo1G9n6P,check,18
6611.006,1AiffGv47c2kUNQVVcH4ZCC1VWXezPTosQirmqMo1G9n6P,check,18
6671.0083,1AiffGv47c2kUNQVVcH4ZCC1VWXezPTosQirmqMo1G9n6P,check,18
6731.0044,1AiffGv47c2kUNQVVcH4ZCC1VWXezPTosQirmqMo1G9n6P,check,18
6791.006,1AiffGv47c2kUNQVVcH4ZCC1VWXezPTosQirmqMo1G9n6P,check,18
6851.004,1AiffGv47c2kUNQVVcH4ZCC1VWXezPTosQirmqMo1G9n6P,check,18
6911.009,1AiffGv47c2kUNQVVcH4ZCC1VWXezPTosQirmqMo1G9n6P,check,18
6971.004,1AiffGv47c2kUNQVVcH4ZCC1VWXezPTosQirmqMo1G9n6P,check,18
7031.005,1AiffGv47c2kUNQVVcH4ZCC1VWXezPTosQirmqMo1G9n6P,check,18
7091.016,1AiffGv47c2kUNQVVcH4ZCC1VWXezPTosQirmqMo1G9n6P,check,16
7151.0054,1AiffGv47c2kUNQVVcH4ZCC1VWXezPTosQirmqMo1G9n6P,check,18
7211.0063,1AiffGv47c2kUNQVVcH4ZCC1VWXezPTosQirmqMo1G9n6P,check,18
7271.009,1AiffGv47c2kUNQVVcH4ZCC1VWXezPTosQirmqMo1G9n6P,check,17
7331.0073,1AiffGv47c2kUNQVVcH4ZCC1VWXezPTosQirmqMo1G9n6P,check,18
7391.005,1AiffGv47c2kUNQVVcH4ZCC1VWXezPTosQirmqMo1G9n6P,check,18
7451.006,1AiffGv47c2kUNQVVcH4ZCC1VWXezPTosQirmqMo1G9n6P,check,18
7511.009,1AiffGv47c2kUNQVVcH4ZCC1VWXezPTosQirmqMo1G9n6P,check,18
7571.0083,1AiffGv47c2kUNQVVcH4ZCC1VWXezPTosQirmqMo1G9n6P,check,18
7631.0054,1AiffGv47c2kUNQVVcH4ZCC1VWXezPTosQirmqMo1G9n6P,check,18
7691.0044,1AiffGv47c2kUNQVVcH4ZCC1VWXezPTosQirmqMo1G9n6P,check,18
7751.0073,1AiffGv47c2kUNQVVcH4ZCC1VWXezPTosQirmqMo1G9n6P,check,18
7811.0054,1AiffGv47c2kUNQVVcH4ZCC1VWXezPTosQirmqMo1G9n6P,check,18
7871.0166,1AiffGv47c2kUNQVVcH4ZCC1VWXezPTosQirmqMo1G9n6P,check,16
7931.0166,1AiffGv47c2kUNQVVcH4ZCC1VWXezPTosQirmqMo1G9n6P,check,16
7991.0127,1AiffGv47c2kUNQVVcH4ZCC1VWXezPTosQirmqMo1G9n6P,check,14
8051.008,1AiffGv47c2kUNQVVcH4ZCC1VWXezPTosQirmqMo1G9n6P,check,16
8111.007,1AiffGv47c2kUNQVVcH4ZCC1VWXezPTosQirmqMo1G9n6P,check,18
8171.0063,1AiffGv47c2kUNQVVcH4ZCC1VWXezPTosQirmqMo1G9n6P,check,18
8231.005,1AiffGv47c2kUNQVVcH4ZCC1VWXezPTosQirmqMo1G9n6P,check,17
8291.007,1AiffGv47c2kUNQVVcH4ZCC1VWXezPTosQirmqMo1G9n6P,check,18
8351.004,1AiffGv47c2kUNQVVcH4ZCC1VWXezPTosQirmqMo1G9n6P,check,18
8411.006,1AiffGv47c2kUNQVVcH4ZCC1VWXezPTosQirmqMo1G9n6P,check,18
8471.005,1AiffGv47c2kUNQVVcH4ZCC1VWXezPTosQirmqMo1G9n6P,check,18
8531.004,1AiffGv47c2kUNQVVcH4ZCC1VWXezPTosQirmqMo1G9n6P,check,17
8591.004,1AiffGv47c2kUNQVVcH4ZCC1VWXezPTosQirmqMo1G9n6P,check,18
8651.005,1AiffGv47c2kUNQVVcH4ZCC1VWXezPTosQirmqMo1G9n6P,check,18
8711.005,1AiffGv47c2kUNQVVcH4ZCC1VWXezPTosQirmqMo1G9n6P,check,17
8771.014,1AiffGv47c2kUNQVVcH4ZCC1VWXezPTosQirmqMo1G9n6P,check,16
8831.016,1AiffGv47c2kUNQVVcH4ZCC1VWXezPTosQirmqMo1G9n6P,check,16
8891.006,1AiffGv47c2kUNQVVcH4ZCC1VWXezPTosQirmqMo1G9n6P,check,18
8951.007,1AiffGv47c2kUNQVVcH4ZCC1VWXezPTosQirmqMo1G9n6P,check,18
9011.006,1AiffGv47c2kUNQVVcH4ZCC1VWXezPTosQirmqMo1G9n6P,check,18
9071.007,1AiffGv47c2kUNQVVcH4ZCC1VWXezPTosQirmqMo1G9n6P,check,18
9131.02,1AiffGv47c2kUNQVVcH4ZCC1VWXezPTosQirmqMo1G9n6P,check,17
9191.02,1AiffGv47c2kUNQVVcH4ZCC1VWXezPTosQirmqMo1G9n6P,check,17
9251.007,1AiffGv47c2kUNQVVcH4ZCC1VWXezPTosQirmqMo1G9n6P,check,17
9311.003,1AiffGv47c2kUNQVVcH4ZCC1VWXezPTosQirmqMo1G9n6P,check,17
9371.017,1AiffGv47c2kUNQVVcH4ZCC1VWXezPTosQirmqMo1G9n6P,check,16
9431.013,1AiffGv47c2kUNQVVcH4ZCC1VWXezPTosQirmqMo1G9n6P,check,17
9491.017,1AiffGv47c2kUNQVVcH4ZCC1VWXezPTosQirmqMo1G9n6P,check,16
9551.005,1AiffGv47c2kUNQVVcH4ZCC1VWXezPTosQirmqMo1G9n6P,check,18
9611.016,1AiffGv47c2kUNQVVcH4ZCC1VWXezPTosQirmqMo1G9n6P,check,16
9671.009,1AiffGv47c2kUNQVVcH4ZCC1VWXezPTosQirmqMo1G9n6P,check,18
9731.006,1AiffGv47c2kUNQVVcH4ZCC1VWXezPTosQirmqMo1G9n6P,check,18
9791.004,1AiffGv47c2kUNQVVcH4ZCC1VWXezPTosQirmqMo1G9n6P,check,18
9851.006,1AiffGv47c2kUNQVVcH4ZCC1VWXezPTosQirmqMo1G9n6P,check,18
9911.006,1AiffGv47c2kUNQVVcH4ZCC1VWXezPTosQirmqMo1G9n6P,check,18
9971.0205,1AiffGv47c2kUNQVVcH4ZCC1VWXezPTosQirmqMo1G9n6P,check,16
10031.018,1AiffGv47c2kUNQVVcH4ZCC1VWXezPTosQirmqMo1G9n6P,check,16
10091.021,1AiffGv47c2kUNQVVcH4ZCC1VWXezPTosQirmqMo1G9n6P,check,16
10151.022,1AiffGv47c2kUNQVVcH4ZCC1VWXezPTosQirmqMo1G9n6P,check,16
10211.019,1AiffGv47c2kUNQVVcH4ZCC1VWXezPTosQirmqMo1G9n6P,check,15
10271.02,1AiffGv47c2kUNQVVcH4ZCC1VWXezPTosQirmqMo1G9n6P,check,13
10331.017,1AiffGv47c2kUNQVVcH4ZCC1VWXezPTosQirmqMo1G9n6P,check,13
10391.018,1AiffGv47c2kUNQVVcH4ZCC1VWXezPTosQirmqMo1G9n6P,check,13
10451.02,1AiffGv47c2kUNQVVcH4ZCC1VWXezPTosQirmqMo1G9n6P,check,17
10511.015,1AiffGv47c2kUNQVVcH4ZCC1VWXezPTosQirmqMo1G9n6P,check,17
10571.019,1AiffGv47c2kUNQVVcH4ZCC1VWXezPTosQirmqMo1G9n6P,check,17
10631.017,1AiffGv47c2kUNQVVcH4ZCC1VWXezPTosQirmqMo1G9n6P,check,17
10691.018,1AiffGv47c2kUNQVVcH4ZCC1VWXezPTosQirmqMo1G9n6P,check,17
10751.018,1AiffGv47c2kUNQVVcH4ZCC1VWXezPTosQirmqMo1G9n6P,check,17
10811.021,1AiffGv47c2kUNQVVcH4ZCC1VWXezPTosQirmqMo1G9n6P,check,17
10871.011,1AiffGv47c2kUNQVVcH4ZCC1VWXezPTosQirmqMo1G9n6P,check,17
10931.019,1AiffGv47c2kUNQVVcH4ZCC1VWXezPTosQirmqMo1G9n6P,check,17
10991.018,1AiffGv47c2kUNQVVcH4ZCC1VWXezPTosQirmqMo1G9n6P,check,16
11051.018,1AiffGv47c2kUNQVVcH4ZCC1VWXezPTosQirmqMo1G9n6P,check,16
11111.017,1AiffGv47c2kUNQVVcH4ZCC1VWXezPTosQirmqMo1G9n6P,check,17
11171.017,1AiffGv47c2kUNQVVcH4ZCC1VWXezPTosQirmqMo1G9n6P,check,14
11231.02,1AiffGv47c2kUNQVVcH4ZCC1VWXezPTosQirmqMo1G9n6P,check,17
11291.0205,1AiffGv47c2kUNQVVcH4ZCC1VWXezPTosQirmqMo1G9n6P,check,17
11351.013,1AiffGv47c2kUNQVVcH4ZCC1VWXezPTosQirmqMo1G9n6P,check,17
11411.008,1AiffGv47c2kUNQVVcH4ZCC1VWXezPTosQirmqMo1G9n6P,check,17
11471.009,1AiffGv47c2kUNQVVcH4ZCC1VWXezPTosQirmqMo1G9n6P,check,17
11531.007,1AiffGv47c2kUNQVVcH4ZCC1VWXezPTosQirmqMo1G9n6P,check,17
11591.009,1AiffGv47c2kUNQVVcH4ZCC1VWXezPTosQirmqMo1G9n6P,check,16
11651.02,1AiffGv47c2kUNQVVcH4ZCC1VWXezPTosQirmqMo1G9n6P,check,16
11711.017,1AiffGv47c2kUNQVVcH4ZCC1VWXezPTosQirmqMo1G9n6P,check,17
11771.02,1AiffGv47c2kUNQVVcH4ZCC1VWXezPTosQirmqMo1G9n6P,check,16
11831.018,1AiffGv47c2kUNQVVcH4ZCC1VWXezPTosQirmqMo1G9n6P,check,14
11891.018,1AiffGv47c2kUNQVVcH4ZCC1VWXezPTosQirmqMo1G9n6P,check,15
11951.017,1AiffGv47c2kUNQVVcH4ZCC1VWXezPTosQirmqMo1G9n6P,check,14
12011.017,1AiffGv47c2kUNQVVcH4ZCC1VWXezPTosQirmqMo1G9n6P,check,16
12071.02,1AiffGv47c2kUNQVVcH4ZCC1VWXezPTosQirmqMo1G9n6P,check,17
12131.0205,1AiffGv47c2kUNQVVcH4ZCC1VWXezPTosQirmqMo1G9n6P,check,17
12191.018,1AiffGv47c2kUNQVVcH4ZCC1VWXezPTosQirmqMo1G9n6P,check,17
12251.018,1AiffGv47c2kUNQVVcH4ZCC1VWXezPTosQirmqMo1G9n6P,check,17
12311.017,1AiffGv47c2kUNQVVcH4ZCC1VWXezPTosQirmqMo1G9n6P,check,17
12371.019,1AiffGv47c2kUNQVVcH4ZCC1VWXezPTosQirmqMo1G9n6P,check,17
12431.019,1AiffGv47c2kUNQVVcH4ZCC1VWXezPTosQirmqMo1G9n6P,check,17
12491.016,1AiffGv47c2kUNQVVcH4ZCC1VWXezPTosQirmqMo1G9n6P,check,17
12551.018,1AiffGv47c2kUNQVVcH4ZCC1VWXezPTosQirmqMo1G9n6P,check,15
12611.019,1AiffGv47c2kUNQVVcH4ZCC1VWXezPTosQirmqMo1G9n6P,check,17
12671.02,1AiffGv47c2kUNQVVcH4ZCC1VWXezPTosQirmqMo1G9n6P,check,15
12731.013,1AiffGv47c2kUNQVVcH4ZCC1VWXezPTosQirmqMo1G9n6P,check,16
12791.019,1AiffGv47c2kUNQVVcH4ZCC1VWXezPTosQirmqMo1G9n6P,check,17
12851.018,1AiffGv47c2kUNQVVcH4ZCC1VWXezPTosQirmqMo1G9n6P,check,16
12911.0205,1AiffGv47c2kUNQVVcH4ZCC1VWXezPTosQirmqMo1G9n6P,check,17
12971.0205,1AiffGv47c2kUNQVVcH4ZCC1VWXezPTosQirmqMo1G9n6P,check,17
13031.019,1AiffGv47c2kUNQVVcH4ZCC1VWXezPTosQirmqMo1G9n6P,check,17
13091.017,1AiffGv47c2kUNQVVcH4ZCC1VWXezPTosQirmqMo1G9n6P,check,17
13151.017,1AiffGv47c2kUNQVVcH4ZCC1VWXezPTosQirmqMo1G9n6P,check,16
13211.02,1AiffGv47c2kUNQVVcH4ZCC1VWXezPTosQirmqMo1G9n6P,check,17
13271.019,1AiffGv47c2kUNQVVcH4ZCC1VWXezPTosQirmqMo1G9n6P,check,15
13331.019,1AiffGv47c2kUNQVVcH4ZCC1VWXezPTosQirmqMo1G9n6P,check,16
13391.019,1AiffGv47c2kUNQVVcH4ZCC1VWXezPTosQirmqMo1G9n6P,check,15
13451.019,1AiffGv47c2kUNQVVcH4ZCC1VWXezPTosQirmqMo1G9n6P,check,17
13511.018,1AiffGv47c2kUNQVVcH4ZCC1VWXezPTosQirmqMo1G9n6P,check,17
13571.021,1AiffGv47c2kUNQVVcH4ZCC1VWXezPTosQirmqMo1G9n6P,check,17
13631.017,1AiffGv47c2kUNQVVcH4ZCC1VWXezPTosQirmqMo1G9n6P,check,17
13691.017,1AiffGv47c2kUNQVVcH4ZCC1VWXezPTosQirmqMo1G9n6P,check,16
13751.02,1AiffGv47c2kUNQVVcH4ZCC1VWXezPTosQirmqMo1G9n6P,check,17
13811.018,1AiffGv47c2kUNQVVcH4ZCC1VWXezPTosQirmqMo1G9n6P,check,16
13871.0205,1AiffGv47c2kUNQVVcH4ZCC1VWXezPTosQirmqMo1G9n6P,check,17
13931.017,1AiffGv47c2kUNQVVcH4ZCC1VWXezPTosQirmqMo1G9n6P,check,14
13991.019,1AiffGv47c2kUNQVVcH4ZCC1VWXezPTosQirmqMo1G9n6P,check,14
14051.017,1AiffGv47c2kUNQVVcH4ZCC1VWXezPTosQirmqMo1G9n6P,check,15
14111.017,1AiffGv47c2kUNQVVcH4ZCC1VWXezPTosQirmqMo1G9n6P,check,14
14171.019,1AiffGv47c2kUNQVVcH4ZCC1VWXezPTosQirmqMo1G9n6P,check,16
14231.018,1AiffGv47c2kUNQVVcH4ZCC1VWXezPTosQirmqMo1G9n6P,check,15
14291.017,1AiffGv47c2kUNQVVcH4ZCC1VWXezPTosQirmqMo1G9n6P,check,14
14351.02,1AiffGv47c2kUNQVVcH4ZCC1VWXezPTosQirmqMo1G9n6P,check,17
14411.021,1AiffGv47c2kUNQVVcH4ZCC1VWXezPTosQirmqMo1G9n6P,check,17
14471.02,1AiffGv47c2kUNQVVcH4ZCC1VWXezPTosQirmqMo1G9n6P,check,16
14531.018,1AiffGv47c2kUNQVVcH4ZCC1VWXezPTosQirmqMo1G9n6P,check,17
14591.015,1AiffGv47c2kUNQVVcH4ZCC1VWXezPTosQirmqMo1G9n6P,check,14
14651.018,1AiffGv47c2kUNQVVcH4ZCC1VWXezPTosQirmqMo1G9n6P,check,15
14711.018,1AiffGv47c2kUNQVVcH4ZCC1VWXezPTosQirmqMo1G9n6P,check,17
14771.019,1AiffGv47c2kUNQVVcH4ZCC1VWXezPTosQirmqMo1G9n6P,check,16
14831.018,1AiffGv47c2kUNQVVcH4ZCC1VWXezPTosQirmqMo1G9n6P,check,16
14891.017,1AiffGv47c2kUNQVVcH4ZCC1VWXezPTosQirmqMo1G9n6P,check,16
14951.018,1AiffGv47c2kUNQVVcH4ZCC1VWXezPTosQirmqMo1G9n6P,check,15
15011.02,1AiffGv47c2kUNQVVcH4ZCC1VWXezPTosQirmqMo1G9n6P,check,15
15071.019,1AiffGv47c2kUNQVVcH4ZCC1VWXezPTosQirmqMo1G9n6P,check,14
15131.018,1AiffGv47c2kUNQVVcH4ZCC1VWXezPTosQirmqMo1G9n6P,check,17
15191.019,1AiffGv47c2kUNQVVcH4ZCC1VWXezPTosQirmqMo1G9n6P,check,17
15251.02,1AiffGv47c2kUNQVVcH4ZCC1VWXezPTosQirmqMo1G9n6P,check,16
15311.018,1AiffGv47c2kUNQVVcH4ZCC1VWXezPTosQirmqMo1G9n6P,check,16
15371.019,1AiffGv47c2kUNQVVcH4ZCC1VWXezPTosQirmqMo1G9n6P,check,15
15431.019,1AiffGv47c2kUNQVVcH4ZCC1VWXezPTosQirmqMo1G9n6P,check,17
15491.018,1AiffGv47c2kUNQVVcH4ZCC1VWXezPTosQirmqMo1G9n6P,check,14
15551.019,1AiffGv47c2kUNQVVcH4ZCC1VWXezPTosQirmqMo1G9n6P,check,17
15611.021,1AiffGv47c2kUNQVVcH4ZCC1VWXezPTosQirmqMo1G9n6P,check,16
15671.019,1AiffGv47c2kUNQVVcH4ZCC1VWXezPTosQirmqMo1G9n6P,check,16
15731.018,1AiffGv47c2kUNQVVcH4ZCC1VWXezPTosQirmqMo1G9n6P,check,15
15791.018,1AiffGv47c2kUNQVVcH4ZCC1VWXezPTosQirmqMo1G9n6P,check,13
15851.017,1AiffGv47c2kUNQVVcH4ZCC1VWXezPTosQirmqMo1G9n6P,check,17
15911.018,1AiffGv47c2kUNQVVcH4ZCC1VWXezPTosQirmqMo1G9n6P,check,17
15971.02,1AiffGv47c2kUNQVVcH4ZCC1VWXezPTosQirmqMo1G9n6P,check,17
16031.018,1AiffGv47c2kUNQVVcH4ZCC1VWXezPTosQirmqMo1G9n6P,check,16
16091.018,1AiffGv47c2kUNQVVcH4ZCC1VWXezPTosQirmqMo1G9n6P,check,17
16151.019,1AiffGv47c2kUNQVVcH4ZCC1VWXezPTosQirmqMo1G9n6P,check,15
16211.017,1AiffGv47c2kUNQVVcH4ZCC1VWXezPTosQirmqMo1G9n6P,check,16
16271.021,1AiffGv47c2kUNQVVcH4ZCC1VWXezPTosQirmqMo1G9n6P,check,16
16331.0205,1AiffGv47c2kUNQVVcH4ZCC1VWXezPTosQirmqMo1G9n6P,check,16
16391.018,1AiffGv47c2kUNQVVcH4ZCC1VWXezPTosQirmqMo1G9n6P,check,15
16451.02,1AiffGv47c2kUNQVVcH4ZCC1VWXezPTosQirmqMo1G9n6P,check,14
16511.02,1AiffGv47c2kUNQVVcH4ZCC1VWXezPTosQirmqMo1G9n6P,check,13
16571.02,1AiffGv47c2kUNQVVcH4ZCC1VWXezPTosQirmqMo1G9n6P,check,13
16631.02,1AiffGv47c2kUNQVVcH4ZCC1VWXezPTosQirmqMo1G9n6P,check,15
16691.02,1AiffGv47c2kUNQVVcH4ZCC1VWXezPTosQirmqMo1G9n6P,check,15
16751.02,1AiffGv47c2kUNQVVcH4ZCC1VWXezPTosQirmqMo1G9n6P,check,17
16811.018,1AiffGv47c2kUNQVVcH4ZCC1VWXezPTosQirmqMo1G9n6P,check,16
16871.02,1AiffGv47c2kUNQVVcH4ZCC1VWXezPTosQirmqMo1G9n6P,check,15
16931.02,1AiffGv47c2kUNQVVcH4ZCC1VWXezPTosQirmqMo1G9n6P,check,17
16991.02,1AiffGv47c2kUNQVVcH4ZCC1VWXezPTosQirmqMo1G9n6P,check,16
17051.02,1AiffGv47c2kUNQVVcH4ZCC1VWXezPTosQirmqMo1G9n6P,check,16
17111.018,1AiffGv47c2kUNQVVcH4ZCC1VWXezPTosQirmqMo1G9n6P,check,14
17171.02,1AiffGv47c2kUNQVVcH4ZCC1VWXezPTosQirmqMo1G9n6P,check,14
17231.018,1AiffGv47c2kUNQVVcH4ZCC1VWXezPTosQirmqMo1G9n6P,check,14
17291.018,1AiffGv47c2kUNQVVcH4ZCC1VWXezPTosQirmqMo1G9n6P,check,15
17351.02,1AiffGv47c2kUNQVVcH4ZCC1VWXezPTosQirmqMo1G9n6P,check,16
17411.018,1AiffGv47c2kUNQVVcH4ZCC1VWXezPTosQirmqMo1G9n6P,check,15
17471.014,1AiffGv47c2kUNQVVcH4ZCC1VWXezPTosQirmqMo1G9n6P,check,17
17531.018,1AiffGv47c2kUNQVVcH4ZCC1VWXezPTosQirmqMo1G9n6P,check,17
17591.018,1AiffGv47c2kUNQVVcH4ZCC1VWXezPTosQirmqMo1G9n6P,check,16
17651.018,1AiffGv47c2kUNQVVcH4ZCC1VWXezPTosQirmqMo1G9n6P,check,17
17711.018,1AiffGv47c2kUNQVVcH4ZCC1VWXezPTosQirmqMo1G9n6P,check,17
17771.02,1AiffGv47c2kUNQVVcH4ZCC1VWXezPTosQirmqMo1G9n6P,check,16
17831.018,1AiffGv47c2kUNQVVcH4ZCC1VWXezPTosQirmqMo1G9n6P,check,15
17891.021,1AiffGv47c2kUNQVVcH4ZCC1VWXezPTosQirmqMo1G9n6P,check,17
17951.02,1AiffGv47c2kUNQVVcH4ZCC1VWXezPTosQirmqMo1G9n6P,check,15
18011.02,1AiffGv47c2kUNQVVcH4ZCC1VWXezPTosQirmqMo1G9n6P,check,16
18071.02,1AiffGv47c2kUNQVVcH4ZCC1VWXezPTosQirmqMo1G9n6P,check,14
18131.018,1AiffGv47c2kUNQVVcH4ZCC1VWXezPTosQirmqMo1G9n6P,check,13
18191.023,1AiffGv47c2kUNQVVcH4ZCC1VWXezPTosQirmqMo1G9n6P,check,15
18251.021,1AiffGv47c2kUNQVVcH4ZCC1VWXezPTosQirmqMo1G9n6P,check,15
18311.02,1AiffGv47c2kUNQVVcH4ZCC1VWXezPTosQirmqMo1G9n6P,check,16
18371.018,1AiffGv47c2kUNQVVcH4ZCC1VWXezPTosQirmqMo1G9n6P,check,17
18431.016,1AiffGv47c2kUNQVVcH4ZCC1VWXezPTosQirmqMo1G9n6P,check,17
18491.018,1AiffGv47c2kUNQVVcH4ZCC1VWXezPTosQirmqMo1G9n6P,check,17
18551.02,1AiffGv47c2kUNQVVcH4ZCC1VWXezPTosQirmqMo1G9n6P,check,17
18611.02,1AiffGv47c2kUNQVVcH4ZCC1VWXezPTosQirmqMo1G9n6P,check,17
18671.02,1AiffGv47c2kUNQVVcH4ZCC1VWXezPTosQirmqMo1G9n6P,check,17
18731.02,1AiffGv47c2kUNQVVcH4ZCC1VWXezPTosQirmqMo1G9n6P,check,17
18791.02,1AiffGv47c2kUNQVVcH4ZCC1VWXezPTosQirmqMo1G9n6P,check,16
18851.021,1AiffGv47c2kUNQVVcH4ZCC1VWXezPTosQirmqMo1G9n6P,check,15
18911.021,1AiffGv47c2kUNQVVcH4ZCC1VWXezPTosQirmqMo1G9n6P,check,16
18971.02,1AiffGv47c2kUNQVVcH4ZCC1VWXezPTosQirmqMo1G9n6P,check,17
19031.018,1AiffGv47c2kUNQVVcH4ZCC1VWXezPTosQirmqMo1G9n6P,check,17
19091.018,1AiffGv47c2kUNQVVcH4ZCC1VWXezPTosQirmqMo1G9n6P,check,17
19151.018,1AiffGv47c2kUNQVVcH4ZCC1VWXezPTosQirmqMo1G9n6P,check,17
19211.021,1AiffGv47c2kUNQVVcH4ZCC1VWXezPTosQirmqMo1G9n6P,check,17
19271.018,1AiffGv47c2kUNQVVcH4ZCC1VWXezPTosQirmqMo1G9n6P,check,17
19331.018,1AiffGv47c2kUNQVVcH4ZCC1VWXezPTosQirmqMo1G9n6P,check,16
19391.02,1AiffGv47c2kUNQVVcH4ZCC1VWXezPTosQirmqMo1G9n6P,check,17
19451.02,1AiffGv47c2kUNQVVcH4ZCC1VWXezPTosQirmqMo1G9n6P,check,15
19511.012,1AiffGv47c2kUNQVVcH4ZCC1VWXezPTosQirmqMo1G9n6P,check,16
19571.01,1AiffGv47c2kUNQVVcH4ZCC1VWXezPTosQirmqMo1G9n6P,check,14
19631.006,1AiffGv47c2kUNQVVcH4ZCC1VWXezPTosQirmqMo1G9n6P,check,17
19691.006,1AiffGv47c2kUNQVVcH4ZCC1VWXezPTosQirmqMo1G9n6P,check,14
19751.014,1AiffGv47c2kUNQVVcH4ZCC1VWXezPTosQirmqMo1G9n6P,check,17
19811.02,1AiffGv47c2kUNQVVcH4ZCC1VWXezPTosQirmqMo1G9n6P,check,17
19871.018,1AiffGv47c2kUNQVVcH4ZCC1VWXezPTosQirmqMo1G9n6P,check,14
19931.016,1AiffGv47c2kUNQVVcH4ZCC1VWXezPTosQirmqMo1G9n6P,check,17
19991.01,1AiffGv47c2kUNQVVcH4ZCC1VWXezPTosQirmqMo1G9n6P,check,16
20051.016,1AiffGv47c2kUNQVVcH4ZCC1VWXezPTosQirmqMo1G9n6P,check,17
20111.016,1AiffGv47c2kUNQVVcH4ZCC1VWXezPTosQirmqMo1G9n6P,check,17
20171.016,1AiffGv47c2kUNQVVcH4ZCC1VWXezPTosQirmqMo1G9n6P,check,17
20231.01,1AiffGv47c2kUNQVVcH4ZCC1VWXezPTosQirmqMo1G9n6P,check,16
20291.016,1AiffGv47c2kUNQVVcH4ZCC1VWXezPTosQirmqMo1G9n6P,check,16
20351.014,1AiffGv47c2kUNQVVcH4ZCC1VWXezPTosQirmqMo1G9n6P,check,16
20411.016,1AiffGv47c2kUNQVVcH4ZCC1VWXezPTosQirmqMo1G9n6P,check,17
20471.018,1AiffGv47c2kUNQVVcH4ZCC1VWXezPTosQirmqMo1G9n6P,check,16
20531.016,1AiffGv47c2kUNQVVcH4ZCC1VWXezPTosQirmqMo1G9n6P,check,17
20591.018,1AiffGv47c2kUNQVVcH4ZCC1VWXezPTosQirmqMo1G9n6P,check,17
20651.018,1AiffGv47c2kUNQVVcH4ZCC1VWXezPTosQirmqMo1G9n6P,check,17
20711.016,1AiffGv47c2kUNQVVcH4ZCC1VWXezPTosQirmqMo1G9n6P,check,17
20771.02,1AiffGv47c2kUNQVVcH4ZCC1VWXezPTosQirmqMo1G9n6P,check,17
20831.018,1AiffGv47c2kUNQVVcH4ZCC1VWXezPTosQirmqMo1G9n6P,check,16
20891.016,1AiffGv47c2kUNQVVcH4ZCC1VWXezPTosQirmqMo1G9n6P,check,16
20951.018,1AiffGv47c2kUNQVVcH4ZCC1VWXezPTosQirmqMo1G9n6P,check,15
21011.018,1AiffGv47c2kUNQVVcH4ZCC1VWXezPTosQirmqMo1G9n6P,check,14
21071.02,1AiffGv47c2kUNQVVcH4ZCC1VWXezPTosQirmqMo1G9n6P,check,15
21131.018,1AiffGv47c2kUNQVVcH4ZCC1VWXezPTosQirmqMo1G9n6P,check,15
21191.018,1AiffGv47c2kUNQVVcH4ZCC1VWXezPTosQirmqMo1G9n6P,check,12
21251.018,1AiffGv47c2kUNQVVcH4ZCC1VWXezPTosQirmqMo1G9n6P,check,13
21311.018,1AiffGv47c2kUNQVVcH4ZCC1VWXezPTosQirmqMo1G9n6P,check,16
21371.018,1AiffGv47c2kUNQVVcH4ZCC1VWXezPTosQirmqMo1G9n6P,check,16
21431.016,1AiffGv47c2kUNQVVcH4ZCC1VWXezPTosQirmqMo1G9n6P,check,16
21491.016,1AiffGv47c2kUNQVVcH4ZCC1VWXezPTosQirmqMo1G9n6P,check,16
21551.02,1AiffGv47c2kUNQVVcH4ZCC1VWXezPTosQirmqMo1G9n6P,check,16
21611.02,1AiffGv47c2kUNQVVcH4ZCC1VWXezPTosQirmqMo1G9n6P,check,16
21671.018,1AiffGv47c2kUNQVVcH4ZCC1VWXezPTosQirmqMo1G9n6P,check,15
21731.016,1AiffGv47c2kUNQVVcH4ZCC1VWXezPTosQirmqMo1G9n6P,check,15
21791.018,1AiffGv47c2kUNQVVcH4ZCC1VWXezPTosQirmqMo1G9n6P,check,15
21851.018,1AiffGv47c2kUNQVVcH4ZCC1VWXezPTosQirmqMo1G9n6P,check,16
21911.018,1AiffGv47c2kUNQVVcH4ZCC1VWXezPTosQirmqMo1G9n6P,check,14
21971.02,1AiffGv47c2kUNQVVcH4ZCC1VWXezPTosQirmqMo1G9n6P,check,15
22031.018,1AiffGv47c2kUNQVVcH4ZCC1VWXezPTosQirmqMo1G9n6P,check,12
22091.02,1AiffGv47c2kUNQVVcH4ZCC1VWXezPTosQirmqMo1G9n6P,check,16
22151.021,1AiffGv47c2kUNQVVcH4ZCC1VWXezPTosQirmqMo1G9n6P,check,16
22211.02,1AiffGv47c2kUNQVVcH4ZCC1VWXezPTosQirmqMo1G9n6P,check,16
22271.021,1AiffGv47c2kUNQVVcH4ZCC1VWXezPTosQirmqMo1G9n6P,check,16
22331.018,1AiffGv47c2kUNQVVcH4ZCC1VWXezPTosQirmqMo1G9n6P,check,16
22391.018,1AiffGv47c2kUNQVVcH4ZCC1VWXezPTosQirmqMo1G9n6P,check,16
22451.02,1AiffGv47c2kUNQVVcH4ZCC1VWXezPTosQirmqMo1G9n6P,check,16
22511.018,1AiffGv47c2kUNQVVcH4ZCC1VWXezPTosQirmqMo1G9n6P,check,16
22571.018,1AiffGv47c2kUNQVVcH4ZCC1VWXezPTosQirmqMo1G9n6P,check,16
22631.02,1AiffGv47c2kUNQVVcH4ZCC1VWXezPTosQirmqMo1G9n6P,check,16
22691.018,1AiffGv47c2kUNQVVcH4ZCC1VWXezPTosQirmqMo1G9n6P,check,16
22751.018,1AiffGv47c2kUNQVVcH4ZCC1VWXezPTosQirmqMo1G9n6P,check,14
22811.018,1AiffGv47c2kUNQVVcH4ZCC1VWXezPTosQirmqMo1G9n6P,check,14
22871.02,1AiffGv47c2kUNQVVcH4ZCC1VWXezPTosQirmqMo1G9n6P,check,16
22931.018,1AiffGv47c2kUNQVVcH4ZCC1VWXezPTosQirmqMo1G9n6P,check,15
22991.018,1AiffGv47c2kUNQVVcH4ZCC1VWXezPTosQirmqMo1G9n6P,check,13
23051.021,1AiffGv47c2kUNQVVcH4ZCC1VWXezPTosQirmqMo1G9n6P,check,16
23111.018,1AiffGv47c2kUNQVVcH4ZCC1VWXezPTosQirmqMo1G9n6P,check,14
23171.018,1AiffGv47c2kUNQVVcH4ZCC1VWXezPTosQirmqMo1G9n6P,check,14
23231.02,1AiffGv47c2kUNQVVcH4ZCC1VWXezPTosQirmqMo1G9n6P,check,16
23291.018,1AiffGv47c2kUNQVVcH4ZCC1VWXezPTosQirmqMo1G9n6P,check,12
23351.021,1AiffGv47c2kUNQVVcH4ZCC1VWXezPTosQirmqMo1G9n6P,check,12
23411.02,1AiffGv47c2kUNQVVcH4ZCC1VWXezPTosQirmqMo1G9n6P,check,14
23471.02,1AiffGv47c2kUNQVVcH4ZCC1VWXezPTosQirmqMo1G9n6P,check,14
23531.02,1AiffGv47c2kUNQVVcH4ZCC1VWXezPTosQirmqMo1G9n6P,check,13
23591.018,1AiffGv47c2kUNQVVcH4ZCC1VWXezPTosQirmqMo1G9n6P,check,12
23651.02,1AiffGv47c2kUNQVVcH4ZCC1VWXezPTosQirmqMo1G9n6P,check,16
23711.02,1AiffGv47c2kUNQVVcH4ZCC1VWXezPTosQirmqMo1G9n6P,check,16
23771.02,1AiffGv47c2kUNQVVcH4ZCC1VWXezPTosQirmqMo1G9n6P,check,16
23831.018,1AiffGv47c2kUNQVVcH4ZCC1VWXezPTosQirmqMo1G9n6P,check,16
23891.018,1AiffGv47c2kUNQVVcH4ZCC1VWXezPTosQirmqMo1G9n6P,check,16
23951.02,1AiffGv47c2kUNQVVcH4ZCC1VWXezPTosQirmqMo1G9n6P,check,16
24011.014,1AiffGv47c2kUNQVVcH4ZCC1VWXezPTosQirmqMo1G9n6P,check,16
24071.02,1AiffGv47c2kUNQVVcH4ZCC1VWXezPTosQirmqMo1G9n6P,check,16
24131.021,1AiffGv47c2kUNQVVcH4ZCC1VWXezPTosQirmqMo1G9n6P,check,15
24191.02,1AiffGv47c2kUNQVVcH4ZCC1VWXezPTosQirmqMo1G9n6P,check,16
24251.018,1AiffGv47c2kUNQVVcH4ZCC1VWXezPTosQirmqMo1G9n6P,check,15
24311.02,1AiffGv47c2kUNQVVcH4ZCC1VWXezPTosQirmqMo1G9n6P,check,15
24371.012,1AiffGv47c2kUNQVVcH4ZCC1VWXezPTosQirmqMo1G9n6P,check,15
24431.018,1AiffGv47c2kUNQVVcH4ZCC1VWXezPTosQirmqMo1G9n6P,check,16
24491.018,1AiffGv47c2kUNQVVcH4ZCC1VWXezPTosQirmqMo1G9n6P,check,16
24551.018,1AiffGv47c2kUNQVVcH4ZCC1VWXezPTosQirmqMo1G9n6P,check,16
24611.018,1AiffGv47c2kUNQVVcH4ZCC1VWXezPTosQirmqMo1G9n6P,check,16
24671.02,1AiffGv47c2kUNQVVcH4ZCC1VWXezPTosQirmqMo1G9n6P,check,16
24731.012,1AiffGv47c2kUNQVVcH4ZCC1VWXezPTosQirmqMo1G9n6P,check,16
24791.018,1AiffGv47c2kUNQVVcH4ZCC1VWXezPTosQirmqMo1G9n6P,check,16
24851.016,1AiffGv47c2kUNQVVcH4ZCC1VWXezPTosQirmqMo1G9n6P,check,16
24911.018,1AiffGv47c2kUNQVVcH4ZCC1VWXezPTosQirmqMo1G9n6P,check,15
24971.018,1AiffGv47c2kUNQVVcH4ZCC1VWXezPTosQirmqMo1G9n6P,check,15
25031.018,1AiffGv47c2kUNQVVcH4ZCC1VWXezPTosQirmqMo1G9n6P,check,15
25091.018,1AiffGv47c2kUNQVVcH4ZCC1VWXezPTosQirmqMo1G9n6P,check,14
25151.02,1AiffGv47c2kUNQVVcH4ZCC1VWXezPTosQirmqMo1G9n6P,check,16
25211.02,1AiffGv47c2kUNQVVcH4ZCC1VWXezPTosQirmqMo1G9n6P,check,14
25271.018,1AiffGv47c2kUNQVVcH4ZCC1VWXezPTosQirmqMo1G9n6P,check,15
25331.018,1AiffGv47c2kUNQVVcH4ZCC1VWXezPTosQirmqMo1G9n6P,check,16
25391.018,1AiffGv47c2kUNQVVcH4ZCC1VWXezPTosQirmqMo1G9n6P,check,15
25451.018,1AiffGv47c2kUNQVVcH4ZCC1VWXezPTosQirmqMo1G9n6P,check,13
25511.02,1AiffGv47c2kUNQVVcH4ZCC1VWXezPTosQirmqMo1G9n6P,check,15
25571.02,1AiffGv47c2kUNQVVcH4ZCC1VWXezPTosQirmqMo1G9n6P,check,15
25631.018,1AiffGv47c2kUNQVVcH4ZCC1VWXezPTosQirmqMo1G9n6P,check,14
25691.02,1AiffGv47c2kUNQVVcH4ZCC1VWXezPTosQirmqMo1G9n6P,check,12
25751.016,1AiffGv47c2kUNQVVcH4ZCC1VWXezPTosQirmqMo1G9n6P,check,14
25811.021,1AiffGv47c2kUNQVVcH4ZCC1VWXezPTosQirmqMo1G9n6P,check,14
25871.014,1AiffGv47c2kUNQVVcH4ZCC1VWXezPTosQirmqMo1G9n6P,check,14
25931.02,1AiffGv47c2kUNQVVcH4ZCC1VWXezPTosQirmqMo1G9n6P,check,13
25991.02,1AiffGv47c2kUNQVVcH4ZCC1VWXezPTosQirmqMo1G9n6P,check,14
26051.018,1AiffGv47c2kUNQVVcH4ZCC1VWXezPTosQirmqMo1G9n6P,check,15
26111.023,1AiffGv47c2kUNQVVcH4ZCC1VWXezPTosQirmqMo1G9n6P,check,15
26171.02,1AiffGv47c2kUNQVVcH4ZCC1VWXezPTosQirmqMo1G9n6P,check,16
26231.018,1AiffGv47c2kUNQVVcH4ZCC1VWXezPTosQirmqMo1G9n6P,check,15
26291.018,1AiffGv47c2kUNQVVcH4ZCC1VWXezPTosQirmqMo1G9n6P,check,15
26351.016,1AiffGv47c2kUNQVVcH4ZCC1VWXezPTosQirmqMo1G9n6P,check,13
26411.018,1AiffGv47c2kUNQVVcH4ZCC1VWXezPTosQirmqMo1G9n6P,check,12
26471.02,1AiffGv47c2kUNQVVcH4ZCC1VWXezPTosQirmqMo1G9n6P,check,12
26531.02,1AiffGv47c2kUNQVVcH4ZCC1VWXezPTosQirmqMo1G9n6P,check,12
26591.018,1AiffGv47c2kUNQVVcH4ZCC1VWXezPTosQirmqMo1G9n6P,check,12
26651.018,1AiffGv47c2kUNQVVcH4ZCC1VWXezPTosQirmqMo1G9n6P,check,12
26711.02,1AiffGv47c2kUNQVVcH4ZCC1VWXezPTosQirmqMo1G9n6P,check,12
26771.02,1AiffGv47c2kUNQVVcH4ZCC1VWXezPTosQirmqMo1G9n6P,check,14
26831.02,1AiffGv47c2kUNQVVcH4ZCC1VWXezPTosQirmqMo1G9n6P,check,16
26891.02,1AiffGv47c2kUNQVVcH4ZCC1VWXezPTosQirmqMo1G9n6P,check,16
26951.014,1AiffGv47c2kUNQVVcH4ZCC1VWXezPTosQirmqMo1G9n6P,check,16
27011.02,1AiffGv47c2kUNQVVcH4ZCC1VWXezPTosQirmqMo1G9n6P,check,15
27071.018,1AiffGv47c2kUNQVVcH4ZCC1VWXezPTosQirmqMo1G9n6P,check,14
27131.02,1AiffGv47c2kUNQVVcH4ZCC1VWXezPTosQirmqMo1G9n6P,check,16
27191.018,1AiffGv47c2kUNQVVcH4ZCC1VWXezPTosQirmqMo1G9n6P,check,14
27251.018,1AiffGv47c2kUNQVVcH4ZCC1VWXezPTosQirmqMo1G9n6P,check,15
27311.02,1AiffGv47c2kUNQVVcH4ZCC1VWXezPTosQirmqMo1G9n6P,check,15
27371.018,1AiffGv47c2kUNQVVcH4ZCC1VWXezPTosQirmqMo1G9n6P,check,15
27431.018,1AiffGv47c2kUNQVVcH4ZCC1VWXezPTosQirmqMo1G9n6P,check,14
27491.02,1AiffGv47c2kUNQVVcH4ZCC1VWXezPTosQirmqMo1G9n6P,check,16
27551.018,1AiffGv47c2kUNQVVcH4ZCC1VWXezPTosQirmqMo1G9n6P,check,16
27611.02,1AiffGv47c2kUNQVVcH4ZCC1VWXezPTosQirmqMo1G9n6P,check,16
27671.02,1AiffGv47c2kUNQVVcH4ZCC1VWXezPTosQirmqMo1G9n6P,check,16
27731.018,1AiffGv47c2kUNQVVcH4ZCC1VWXezPTosQirmqMo1G9n6P,check,16
27791.018,1AiffGv47c2kUNQVVcH4ZCC1VWXezPTosQirmqMo1G9n6P,check,16
27851.018,1AiffGv47c2kUNQVVcH4ZCC1VWXezPTosQirmqMo1G9n6P,check,16
27911.02,1AiffGv47c2kUNQVVcH4ZCC1VWXezPTosQirmqMo1G9n6P,check,15
27971.018,1AiffGv47c2kUNQVVcH4ZCC1VWXezPTosQirmqMo1G9n6P,check,15
28031.014,1AiffGv47c2kUNQVVcH4ZCC1VWXezPTosQirmqMo1G9n6P,check,16
28091.01,1AiffGv47c2kUNQVVcH4ZCC1VWXezPTosQirmqMo1G9n6P,check,15
28151.008,1AiffGv47c2kUNQVVcH4ZCC1VWXezPTosQirmqMo1G9n6P,check,15
28211.006,1AiffGv47c2kUNQVVcH4ZCC1VWXezPTosQirmqMo1G9n6P,check,15
28271.012,1AiffGv47c2kUNQVVcH4ZCC1VWXezPTosQirmqMo1G9n6P,check,16
28331.02,1AiffGv47c2kUNQVVcH4ZCC1VWXezPTosQirmqMo1G9n6P,check,15
28391.016,1AiffGv47c2kUNQVVcH4ZCC1VWXezPTosQirmqMo1G9n6P,check,16
28451.02,1AiffGv47c2kUNQVVcH4ZCC1VWXezPTosQirmqMo1G9n6P,check,16
28511.018,1AiffGv47c2kUNQVVcH4ZCC1VWXezPTosQirmqMo1G9n6P,check,15
28571.016,1AiffGv47c2kUNQVVcH4ZCC1VWXezPTosQirmqMo1G9n6P,check,16
28631.02,1AiffGv47c2kUNQVVcH4ZCC1VWXezPTosQirmqMo1G9n6P,check,16
28691.02,1AiffGv47c2kUNQVVcH4ZCC1VWXezPTosQirmqMo1G9n6P,check,16
28751.02,1AiffGv47c2kUNQVVcH4ZCC1VWXezPTosQirmqMo1G9n6P,check,15
28811.02,1AiffGv47c2kUNQVVcH4ZCC1VWXezPTosQirmqMo1G9n6P,check,14
28871.018,1AiffGv47c2kUNQVVcH4ZCC1VWXezPTosQirmqMo1G9n6P,check,15
28931.018,1AiffGv47c2kUNQVVcH4ZCC1VWXezPTosQirmqMo1G9n6P,check,15
28991.021,1AiffGv47c2kUNQVVcH4ZCC1VWXezPTosQirmqMo1G9n6P,check,15
29051.02,1AiffGv47c2kUNQVVcH4ZCC1VWXezPTosQirmqMo1G9n6P,check,15
29111.02,1AiffGv47c2kUNQVVcH4ZCC1VWXezPTosQirmqMo1G9n6P,check,16
29171.02,1AiffGv47c2kUNQVVcH4ZCC1VWXezPTosQirmqMo1G9n6P,check,16
29231.018,1AiffGv47c2kUNQVVcH4ZCC1VWXezPTosQirmqMo1G9n6P,check,16
29291.018,1AiffGv47c2kUNQVVcH4ZCC1VWXezPTosQirmqMo1G9n6P,check,16
29351.018,1AiffGv47c2kUNQVVcH4ZCC1VWXezPTosQirmqMo1G9n6P,check,16
29411.021,1AiffGv47c2kUNQVVcH4ZCC1VWXezPTosQirmqMo1G9n6P,check,16
29471.02,1AiffGv47c2kUNQVVcH4ZCC1VWXezPTosQirmqMo1G9n6P,check,16
29531.018,1AiffGv47c2kUNQVVcH4ZCC1VWXezPTosQirmqMo1G9n6P,check,12
29591.018,1AiffGv47c2kUNQVVcH4ZCC1VWXezPTosQirmqMo1G9n6P,check,14
29651.018,1AiffGv47c2kUNQVVcH4ZCC1VWXezPTosQirmqMo1G9n6P,check,12
29711.018,1AiffGv47c2kUNQVVcH4ZCC1VWXezPTosQirmqMo1G9n6P,check,12
29771.018,1AiffGv47c2kUNQVVcH4ZCC1VWXezPTosQirmqMo1G9n6P,check,12
29831.018,1AiffGv47c2kUNQVVcH4ZCC1VWXezPTosQirmqMo1G9n6P,check,14
29891.018,1AiffGv47c2kUNQVVcH4ZCC1VWXezPTosQirmqMo1G9n6P,check,16
29951.018,1AiffGv47c2kUNQVVcH4ZCC1VWXezPTosQirmqMo1G9n6P,check,16
30011.018,1AiffGv47c2kUNQVVcH4ZCC1VWXezPTosQirmqMo1G9n6P,check,16
30071.02,1AiffGv47c2kUNQVVcH4ZCC1VWXezPTosQirmqMo1G9n6P,check,16
30131.02,1AiffGv47c2kUNQVVcH4ZCC1VWXezPTosQirmqMo1G9n6P,check,16
30191.018,1AiffGv47c2kUNQVVcH4ZCC1VWXezPTosQirmqMo1G9n6P,check,15
30251.02,1AiffGv47c2kUNQVVcH4ZCC1VWXezPTosQirmqMo1G9n6P,check,15
30311.018,1AiffGv47c2kUNQVVcH4ZCC1VWXezPTosQirmqMo1G9n6P,check,15
30371.018,1AiffGv47c2kUNQVVcH4ZCC1VWXezPTosQirmqMo1G9n6P,check,14
30431.018,1AiffGv47c2kUNQVVcH4ZCC1VWXezPTosQirmqMo1G9n6P,check,15
30491.018,1AiffGv47c2kUNQVVcH4ZCC1VWXezPTosQirmqMo1G9n6P,check,15
30551.018,1AiffGv47c2kUNQVVcH4ZCC1VWXezPTosQirmqMo1G9n6P,check,16
30611.018,1AiffGv47c2kUNQVVcH4ZCC1VWXezPTosQirmqMo1G9n6P,check,16
30671.02,1AiffGv47c2kUNQVVcH4ZCC1VWXezPTosQirmqMo1G9n6P,check,16
30731.02,1AiffGv47c2kUNQVVcH4ZCC1VWXezPTosQirmqMo1G9n6P,check,16
30791.018,1AiffGv47c2kUNQVVcH4ZCC1VWXezPTosQirmqMo1G9n6P,check,16
30851.02,1AiffGv47c2kUNQVVcH4ZCC1VWXezPTosQirmqMo1G9n6P,check,16
30911.018,1AiffGv47c2kUNQVVcH4ZCC1VWXezPTosQirmqMo1G9n6P,check,16
30971.016,1AiffGv47c2kUNQVVcH4ZCC1VWXezPTosQirmqMo1G9n6P,check,16
31031.018,1AiffGv47c2kUNQVVcH4ZCC1VWXezPTosQirmqMo1G9n6P,check,15
31091.018,1AiffGv47c2kUNQVVcH4ZCC1VWXezPTosQirmqMo1G9n6P,check,15
31151.016,1AiffGv47c2kUNQVVcH4ZCC1VWXezPTosQirmqMo1G9n6P,check,16
31211.018,1AiffGv47c2kUNQVVcH4ZCC1VWXezPTosQirmqMo1G9n6P,check,16
31271.02,1AiffGv47c2kUNQVVcH4ZCC1VWXezPTosQirmqMo1G9n6P,check,16
31331.018,1AiffGv47c2kUNQVVcH4ZCC1VWXezPTosQirmqMo1G9n6P,check,16
31391.018,1AiffGv47c2kUNQVVcH4ZCC1VWXezPTosQirmqMo1G9n6P,check,16
31451.018,1AiffGv47c2kUNQVVcH4ZCC1VWXezPTosQirmqMo1G9n6P,check,16
31511.02,1AiffGv47c2kUNQVVcH4ZCC1VWXezPTosQirmqMo1G9n6P,check,16
31571.018,1AiffGv47c2kUNQVVcH4ZCC1VWXezPTosQirmqMo1G9n6P,check,16
31631.018,1AiffGv47c2kUNQVVcH4ZCC1VWXezPTosQirmqMo1G9n6P,check,16
31691.018,1AiffGv47c2kUNQVVcH4ZCC1VWXezPTosQirmqMo1G9n6P,check,16
31751.02,1AiffGv47c2kUNQVVcH4ZCC1VWXezPTosQirmqMo1G9n6P,check,15
31811.018,1AiffGv47c2kUNQVVcH4ZCC1VWXezPTosQirmqMo1G9n6P,check,16
31871.021,1AiffGv47c2kUNQVVcH4ZCC1VWXezPTosQirmqMo1G9n6P,check,16
31931.02,1AiffGv47c2kUNQVVcH4ZCC1VWXezPTosQirmqMo1G9n6P,check,16
31991.018,1AiffGv47c2kUNQVVcH4ZCC1VWXezPTosQirmqMo1G9n6P,check,16
32051.02,1AiffGv47c2kUNQVVcH4ZCC1VWXezPTosQirmqMo1G9n6P,check,14
32111.016,1AiffGv47c2kUNQVVcH4ZCC1VWXezPTosQirmqMo1G9n6P,check,16
32171.018,1AiffGv47c2kUNQVVcH4ZCC1VWXezPTosQirmqMo1G9n6P,check,16
32231.018,1AiffGv47c2kUNQVVcH4ZCC1VWXezPTosQirmqMo1G9n6P,check,16
32291.018,1AiffGv47c2kUNQVVcH4ZCC1VWXezPTosQirmqMo1G9n6P,check,16
32351.018,1AiffGv47c2kUNQVVcH4ZCC1VWXezPTosQirmqMo1G9n6P,check,16
32411.018,1AiffGv47c2kUNQVVcH4ZCC1VWXezPTosQirmqMo1G9n6P,check,16
32471.018,1AiffGv47c2kUNQVVcH4ZCC1VWXezPTosQirmqMo1G9n6P,check,16
32531.02,1AiffGv47c2kUNQVVcH4ZCC1VWXezPTosQirmqMo1G9n6P,check,16
32591.018,1AiffGv47c2kUNQVVcH4ZCC1VWXezPTosQirmqMo1G9n6P,check,14
32651.02,1AiffGv47c2kUNQVVcH4ZCC1VWXezPTosQirmqMo1G9n6P,check,16
32711.018,1AiffGv47c2kUNQVVcH4ZCC1VWXezPTosQirmqMo1G9n6P,check,15
32771.02,1AiffGv47c2kUNQVVcH4ZCC1VWXezPTosQirmqMo1G9n6P,check,16
32831.01,1AiffGv47c2kUNQVVcH4ZCC1VWXezPTosQirmqMo1G9n6P,check,16
32891.016,1AiffGv47c2kUNQVVcH4ZCC1VWXezPTosQirmqMo1G9n6P,check,15
32951.016,1AiffGv47c2kUNQVVcH4ZCC1VWXezPTosQirmqMo1G9n6P,check,16
33011.016,1AiffGv47c2kUNQVVcH4ZCC1VWXezPTosQirmqMo1G9n6P,check,16
33071.02,1AiffGv47c2kUNQVVcH4ZCC1VWXezPTosQirmqMo1G9n6P,check,16
33131.02,1AiffGv47c2kUNQVVcH4ZCC1VWXezPTosQirmqMo1G9n6P,check,16
33191.02,1AiffGv47c2kUNQVVcH4ZCC1VWXezPTosQirmqMo1G9n6P,check,16
33251.01,1AiffGv47c2kUNQVVcH4ZCC1VWXezPTosQirmqMo1G9n6P,check,16
33311.02,1AiffGv47c2kUNQVVcH4ZCC1VWXezPTosQirmqMo1G9n6P,check,16
33371.016,1AiffGv47c2kUNQVVcH4ZCC1VWXezPTosQirmqMo1G9n6P,check,16
33431.016,1AiffGv47c2kUNQVVcH4ZCC1VWXezPTosQirmqMo1G9n6P,check,13
33491.02,1AiffGv47c2kUNQVVcH4ZCC1VWXezPTosQirmqMo1G9n6P,check,16
33551.02,1AiffGv47c2kUNQVVcH4ZCC1VWXezPTosQirmqMo1G9n6P,check,15
33611.02,1AiffGv47c2kUNQVVcH4ZCC1VWXezPTosQirmqMo1G9n6P,check,16
33671.016,1AiffGv47c2kUNQVVcH4ZCC1VWXezPTosQirmqMo1G9n6P,check,15
33731.02,1AiffGv47c2kUNQVVcH4ZCC1VWXezPTosQirmqMo1G9n6P,check,16
33791.02,1AiffGv47c2kUNQVVcH4ZCC1VWXezPTosQirmqMo1G9n6P,check,16
33851.016,1AiffGv47c2kUNQVVcH4ZCC1VWXezPTosQirmqMo1G9n6P,check,16
33911.02,1AiffGv47c2kUNQVVcH4ZCC1VWXezPTosQirmqMo1G9n6P,check,16
33971.02,1AiffGv47c2kUNQVVcH4ZCC1VWXezPTosQirmqMo1G9n6P,check,16
34031.023,1AiffGv47c2kUNQVVcH4ZCC1VWXezPTosQirmqMo1G9n6P,check,16
34091.02,1AiffGv47c2kUNQVVcH4ZCC1VWXezPTosQirmqMo1G9n6P,check,16
34151.02,1AiffGv47c2kUNQVVcH4ZCC1VWXezPTosQirmqMo1G9n6P,check,15
34211.02,1AiffGv47c2kUNQVVcH4ZCC1VWXezPTosQirmqMo1G9n6P,check,16
34271.02,1AiffGv47c2kUNQVVcH4ZCC1VWXezPTosQirmqMo1G9n6P,check,15
34331.02,1AiffGv47c2kUNQVVcH4ZCC1VWXezPTosQirmqMo1G9n6P,check,16
34391.02,1AiffGv47c2kUNQVVcH4ZCC1VWXezPTosQirmqMo1G9n6P,check,16
34451.02,1AiffGv47c2kUNQVVcH4ZCC1VWXezPTosQirmqMo1G9n6P,check,16
34511.02,1AiffGv47c2kUNQVVcH4ZCC1VWXezPTosQirmqMo1G9n6P,check,16
34571.02,1AiffGv47c2kUNQVVcH4ZCC1VWXezPTosQirmqMo1G9n6P,check,16
34631.02,1AiffGv47c2kUNQVVcH4ZCC1VWXezPTosQirmqMo1G9n6P,check,16
34691.02,1AiffGv47c2kUNQVVcH4ZCC1VWXezPTosQirmqMo1G9n6P,check,16
34751.016,1AiffGv47c2kUNQVVcH4ZCC1VWXezPTosQirmqMo1G9n6P,check,16
34811.02,1AiffGv47c2kUNQVVcH4ZCC1VWXezPTosQirmqMo1G9n6P,check,16
34871.02,1AiffGv47c2kUNQVVcH4ZCC1VWXezPTosQirmqMo1G9n6P,check,16
34931.02,1AiffGv47c2kUNQVVcH4ZCC1VWXezPTosQirmqMo1G9n6P,check,16
34991.016,1AiffGv47c2kUNQVVcH4ZCC1VWXezPTosQirmqMo1G9n6P,check,16
35051.02,1AiffGv47c2kUNQVVcH4ZCC1VWXezPTosQirmqMo1G9n6P,check,16
35111.02,1AiffGv47c2kUNQVVcH4ZCC1VWXezPTosQirmqMo1G9n6P,check,16
35171.02,1AiffGv47c2kUNQVVcH4ZCC1VWXezPTosQirmqMo1G9n6P,check,15
35231.02,1AiffGv47c2kUNQVVcH4ZCC1VWXezPTosQirmqMo1G9n6P,check,14
35291.016,1AiffGv47c2kUNQVVcH4ZCC1VWXezPTosQirmqMo1G9n6P,check,15
35351.016,1AiffGv47c2kUNQVVcH4ZCC1VWXezPTosQirmqMo1G9n6P,check,11
35411.01,1AiffGv47c2kUNQVVcH4ZCC1VWXezPTosQirmqMo1G9n6P,check,15
35471.016,1AiffGv47c2kUNQVVcH4ZCC1VWXezPTosQirmqMo1G9n6P,check,15
35531.02,1AiffGv47c2kUNQVVcH4ZCC1VWXezPTosQirmqMo1G9n6P,check,15
35591.02,1AiffGv47c2kUNQVVcH4ZCC1VWXezPTosQirmqMo1G9n6P,check,15
35651.02,1AiffGv47c2kUNQVVcH4ZCC1VWXezPTosQirmqMo1G9n6P,check,15
35711.016,1AiffGv47c2kUNQVVcH4ZCC1VWXezPTosQirmqMo1G9n6P,check,15
35771.016,1AiffGv47c2kUNQVVcH4ZCC1VWXezPTosQirmqMo1G9n6P,check,15
35831.016,1AiffGv47c2kUNQVVcH4ZCC1VWXezPTosQirmqMo1G9n6P,check,15
35891.02,1AiffGv47c2kUNQVVcH4ZCC1VWXezPTosQirmqMo1G9n6P,check,14
35951.016,1AiffGv47c2kUNQVVcH4ZCC1VWXezPTosQirmqMo1G9n6P,check,14
36011.02,1AiffGv47c2kUNQVVcH4ZCC1VWXezPTosQirmqMo1G9n6P,check,15
36071.02,1AiffGv47c2kUNQVVcH4ZCC1VWXezPTosQirmqMo1G9n6P,check,15
36131.02,1AiffGv47c2kUNQVVcH4ZCC1VWXezPTosQirmqMo1G9n6P,check,15
36191.02,1AiffGv47c2kUNQVVcH4ZCC1VWXezPTosQirmqMo1G9n6P,check,15
36251.016,1AiffGv47c2kUNQVVcH4ZCC1VWXezPTosQirmqMo1G9n6P,check,15
36311.016,1AiffGv47c2kUNQVVcH4ZCC1VWXezPTosQirmqMo1G9n6P,check,15
36371.016,1AiffGv47c2kUNQVVcH4ZCC1VWXezPTosQirmqMo1G9n6P,check,15
36431.01,1AiffGv47c2kUNQVVcH4ZCC1VWXezPTosQirmqMo1G9n6P,check,15
36491.008,1AiffGv47c2kUNQVVcH4ZCC1VWXezPTosQirmqMo1G9n6P,check,15
36551.008,1AiffGv47c2kUNQVVcH4ZCC1VWXezPTosQirmqMo1G9n6P,check,15
36611.008,1AiffGv47c2kUNQVVcH4ZCC1VWXezPTosQirmqMo1G9n6P,check,15
36671.01,1AiffGv47c2kUNQVVcH4ZCC1VWXezPTosQirmqMo1G9n6P,check,14
36731.023,1AiffGv47c2kUNQVVcH4ZCC1VWXezPTosQirmqMo1G9n6P,check,15
36791.02,1AiffGv47c2kUNQVVcH4ZCC1VWXezPTosQirmqMo1G9n6P,check,14
36851.02,1AiffGv47c2kUNQVVcH4ZCC1VWXezPTosQirmqMo1G9n6P,check,15
36911.02,1AiffGv47c2kUNQVVcH4ZCC1VWXezPTosQirmqMo1G9n6P,check,14
36971.02,1AiffGv47c2kUNQVVcH4ZCC1VWXezPTosQirmqMo1G9n6P,check,15
37031.016,1AiffGv47c2kUNQVVcH4ZCC1VWXezPTosQirmqMo1G9n6P,check,15
37091.016,1AiffGv47c2kUNQVVcH4ZCC1VWXezPTosQirmqMo1G9n6P,check,15
37151.016,1AiffGv47c2kUNQVVcH4ZCC1VWXezPTosQirmqMo1G9n6P,check,15
37211.02,1AiffGv47c2kUNQVVcH4ZCC1VWXezPTosQirmqMo1G9n6P,check,15
37271.02,1AiffGv47c2kUNQVVcH4ZCC1VWXezPTosQirmqMo1G9n6P,check,14
37331.02,1AiffGv47c2kUNQVVcH4ZCC1VWXezPTosQirmqMo1G9n6P,check,15
37391.02,1AiffGv47c2kUNQVVcH4ZCC1VWXezPTosQirmqMo1G9n6P,check,15
37451.02,1AiffGv47c2kUNQVVcH4ZCC1VWXezPTosQirmqMo1G9n6P,check,15
37511.016,1AiffGv47c2kUNQVVcH4ZCC1VWXezPTosQirmqMo1G9n6P,check,12
37571.02,1AiffGv47c2kUNQVVcH4ZCC1VWXezPTosQirmqMo1G9n6P,check,14
37631.016,1AiffGv47c2kUNQVVcH4ZCC1VWXezPTosQirmqMo1G9n6P,check,15
37691.016,1AiffGv47c2kUNQVVcH4ZCC1VWXezPTosQirmqMo1G9n6P,check,15
37751.016,1AiffGv47c2kUNQVVcH4ZCC1VWXezPTosQirmqMo1G9n6P,check,15
37811.016,1AiffGv47c2kUNQVVcH4ZCC1VWXezPTosQirmqMo1G9n6P,check,15
37871.02,1AiffGv47c2kUNQVVcH4ZCC1VWXezPTosQirmqMo1G9n6P,check,15
37931.02,1AiffGv47c2kUNQVVcH4ZCC1VWXezPTosQirmqMo1G9n6P,check,15
37991.016,1AiffGv47c2kUNQVVcH4ZCC1VWXezPTosQirmqMo1G9n6P,check,15
38051.016,1AiffGv47c2kUNQVVcH4ZCC1VWXezPTosQirmqMo1G9n6P,check,15
38111.016,1AiffGv47c2kUNQVVcH4ZCC1VWXezPTosQirmqMo1G9n6P,check,15
38171.02,1AiffGv47c2kUNQVVcH4ZCC1VWXezPTosQirmqMo1G9n6P,check,15
38231.02,1AiffGv47c2kUNQVVcH4ZCC1VWXezPTosQirmqMo1G9n6P,check,15
38291.02,1AiffGv47c2kUNQVVcH4ZCC1VWXezPTosQirmqMo1G9n6P,check,15
38351.02,1AiffGv47c2kUNQVVcH4ZCC1VWXezPTosQirmqMo1G9n6P,check,15
38411.02,1AiffGv47c2kUNQVVcH4ZCC1VWXezPTosQirmqMo1G9n6P,check,15
38471.02,1AiffGv47c2kUNQVVcH4ZCC1VWXezPTosQirmqMo1G9n6P,check,15
38531.02,1AiffGv47c2kUNQVVcH4ZCC1VWXezPTosQirmqMo1G9n6P,check,15
38591.02,1AiffGv47c2kUNQVVcH4ZCC1VWXezPTosQirmqMo1G9n6P,check,15
38651.016,1AiffGv47c2kUNQVVcH4ZCC1VWXezPTosQirmqMo1G9n6P,check,15
38711.016,1AiffGv47c2kUNQVVcH4ZCC1VWXezPTosQirmqMo1G9n6P,check,15
38771.02,1AiffGv47c2kUNQVVcH4ZCC1VWXezPTosQirmqMo1G9n6P,check,15
38831.016,1AiffGv47c2kUNQVVcH4ZCC1VWXezPTosQirmqMo1G9n6P,check,15
38891.02,1AiffGv47c2kUNQVVcH4ZCC1VWXezPTosQirmqMo1G9n6P,check,15
38951.016,1AiffGv47c2kUNQVVcH4ZCC1VWXezPTosQirmqMo1G9n6P,check,15
39011.016,1AiffGv47c2kUNQVVcH4ZCC1VWXezPTosQirmqMo1G9n6P,check,15
39071.016,1AiffGv47c2kUNQVVcH4ZCC1VWXezPTosQirmqMo1G9n6P,check,14
39131.016,1AiffGv47c2kUNQVVcH4ZCC1VWXezPTosQirmqMo1G9n6P,check,15
39191.016,1AiffGv47c2kUNQVVcH4ZCC1VWXezPTosQirmqMo1G9n6P,check,15
39251.02,1AiffGv47c2kUNQVVcH4ZCC1VWXezPTosQirmqMo1G9n6P,check,15
39311.02,1AiffGv47c2kUNQVVcH4ZCC1VWXezPTosQirmqMo1G9n6P,check,15
39371.016,1AiffGv47c2kUNQVVcH4ZCC1VWXezPTosQirmqMo1G9n6P,check,15
39431.008,1AiffGv47c2kUNQVVcH4ZCC1VWXezPTosQirmqMo1G9n6P,check,15
39491.02,1AiffGv47c2kUNQVVcH4ZCC1VWXezPTosQirmqMo1G9n6P,check,15
39551.02,1AiffGv47c2kUNQVVcH4ZCC1VWXezPTosQirmqMo1G9n6P,check,15
39611.02,1AiffGv47c2kUNQVVcH4ZCC1VWXezPTosQirmqMo1G9n6P,check,15
39671.02,1AiffGv47c2kUNQVVcH4ZCC1VWXezPTosQirmqMo1G9n6P,check,15
39731.016,1AiffGv47c2kUNQVVcH4ZCC1VWXezPTosQirmqMo1G9n6P,check,15
39791.02,1AiffGv47c2kUNQVVcH4ZCC1VWXezPTosQirmqMo1G9n6P,check,15
39851.02,1AiffGv47c2kUNQVVcH4ZCC1VWXezPTosQirmqMo1G9n6P,check,15
39911.016,1AiffGv47c2kUNQVVcH4ZCC1VWXezPTosQirmqMo1G9n6P,check,15
39971.02,1AiffGv47c2kUNQVVcH4ZCC1VWXezPTosQirmqMo1G9n6P,check,15
40031.02,1AiffGv47c2kUNQVVcH4ZCC1VWXezPTosQirmqMo1G9n6P,check,15
40091.02,1AiffGv47c2kUNQVVcH4ZCC1VWXezPTosQirmqMo1G9n6P,check,15
40151.016,1AiffGv47c2kUNQVVcH4ZCC1VWXezPTosQirmqMo1G9n6P,check,15
40211.02,1AiffGv47c2kUNQVVcH4ZCC1VWXezPTosQirmqMo1G9n6P,check,15
40271.02,1AiffGv47c2kUNQVVcH4ZCC1VWXezPTosQirmqMo1G9n6P,check,15
40331.02,1AiffGv47c2kUNQVVcH4ZCC1VWXezPTosQirmqMo1G9n6P,check,15
40391.02,1AiffGv47c2kUNQVVcH4ZCC1VWXezPTosQirmqMo1G9n6P,check,15
40451.016,1AiffGv47c2kUNQVVcH4ZCC1VWXezPTosQirmqMo1G9n6P,check,15
40511.02,1AiffGv47c2kUNQVVcH4ZCC1VWXezPTosQirmqMo1G9n6P,check,15
40571.02,1AiffGv47c2kUNQVVcH4ZCC1VWXezPTosQirmqMo1G9n6P,check,15
40631.02,1AiffGv47c2kUNQVVcH4ZCC1VWXezPTosQirmqMo1G9n6P,check,15
40691.02,1AiffGv47c2kUNQVVcH4ZCC1VWXezPTosQirmqMo1G9n6P,check,15
40751.02,1AiffGv47c2kUNQVVcH4ZCC1VWXezPTosQirmqMo1G9n6P,check,14
40811.02,1AiffGv47c2kUNQVVcH4ZCC1VWXezPTosQirmqMo1G9n6P,check,15
40871.02,1AiffGv47c2kUNQVVcH4ZCC1VWXezPTosQirmqMo1G9n6P,check,15
40931.02,1AiffGv47c2kUNQVVcH4ZCC1VWXezPTosQirmqMo1G9n6P,check,15
40991.016,1AiffGv47c2kUNQVVcH4ZCC1VWXezPTosQirmqMo1G9n6P,check,15
41051.02,1AiffGv47c2kUNQVVcH4ZCC1VWXezPTosQirmqMo1G9n6P,check,15
41111.02,1AiffGv47c2kUNQVVcH4ZCC1VWXezPTosQirmqMo1G9n6P,check,13
41171.02,1AiffGv47c2kUNQVVcH4ZCC1VWXezPTosQirmqMo1G9n6P,check,14
41231.02,1AiffGv47c2kUNQVVcH4ZCC1VWXezPTosQirmqMo1G9n6P,check,15
41291.02,1AiffGv47c2kUNQVVcH4ZCC1VWXezPTosQirmqMo1G9n6P,check,15
41351.016,1AiffGv47c2kUNQVVcH4ZCC1VWXezPTosQirmqMo1G9n6P,check,15
41411.02,1AiffGv47c2kUNQVVcH4ZCC1VWXezPTosQirmqMo1G9n6P,check,15
41471.023,1AiffGv47c2kUNQVVcH4ZCC1VWXezPTosQirmqMo1G9n6P,check,15
41531.02,1AiffGv47c2kUNQVVcH4ZCC1VWXezPTosQirmqMo1G9n6P,check,15
41591.016,1AiffGv47c2kUNQVVcH4ZCC1VWXezPTosQirmqMo1G9n6P,check,15
41651.02,1AiffGv47c2kUNQVVcH4ZCC1VWXezPTosQirmqMo1G9n6P,check,15
41711.02,1AiffGv47c2kUNQVVcH4ZCC1VWXezPTosQirmqMo1G9n6P,check,15
41771.016,1AiffGv47c2kUNQVVcH4ZCC1VWXezPTosQirmqMo1G9n6P,check,14
41831.02,1AiffGv47c2kUNQVVcH4ZCC1VWXezPTosQirmqMo1G9n6P,check,15
41891.02,1AiffGv47c2kUNQVVcH4ZCC1VWXezPTosQirmqMo1G9n6P,check,14
41951.016,1AiffGv47c2kUNQVVcH4ZCC1VWXezPTosQirmqMo1G9n6P,check,15
42011.016,1AiffGv47c2kUNQVVcH4ZCC1VWXezPTosQirmqMo1G9n6P,check,15
42071.02,1AiffGv47c2kUNQVVcH4ZCC1VWXezPTosQirmqMo1G9n6P,check,15
42131.02,1AiffGv47c2kUNQVVcH4ZCC1VWXezPTosQirmqMo1G9n6P,check,15
42191.023,1AiffGv47c2kUNQVVcH4ZCC1VWXezPTosQirmqMo1G9n6P,check,15
42251.016,1AiffGv47c2kUNQVVcH4ZCC1VWXezPTosQirmqMo1G9n6P,check,15
42311.016,1AiffGv47c2kUNQVVcH4ZCC1VWXezPTosQirmqMo1G9n6P,check,15
42371.02,1AiffGv47c2kUNQVVcH4ZCC1VWXezPTosQirmqMo1G9n6P,check,15
42431.02,1AiffGv47c2kUNQVVcH4ZCC1VWXezPTosQirmqMo1G9n6P,check,15
42491.016,1AiffGv47c2kUNQVVcH4ZCC1VWXezPTosQirmqMo1G9n6P,check,14
42551.016,1AiffGv47c2kUNQVVcH4ZCC1VWXezPTosQirmqMo1G9n6P,check,15
42611.02,1AiffGv47c2kUNQVVcH4ZCC1VWXezPTosQirmqMo1G9n6P,check,14
42671.02,1AiffGv47c2kUNQVVcH4ZCC1VWXezPTosQirmqMo1G9n6P,check,14
42731.02,1AiffGv47c2kUNQVVcH4ZCC1VWXezPTosQirmqMo1G9n6P,check,15
42791.02,1AiffGv47c2kUNQVVcH4ZCC1VWXezPTosQirmqMo1G9n6P,check,15
42851.02,1AiffGv47c2kUNQVVcH4ZCC1VWXezPTosQirmqMo1G9n6P,check,15
42911.02,1AiffGv47c2kUNQVVcH4ZCC1VWXezPTosQirmqMo1G9n6P,check,15
42971.02,1AiffGv47c2kUNQVVcH4ZCC1VWXezPTosQirmqMo1G9n6P,check,15
43031.02,1AiffGv47c2kUNQVVcH4ZCC1VWXezPTosQirmqMo1G9n6P,check,15
43091.02,1AiffGv47c2kUNQVVcH4ZCC1VWXezPTosQirmqMo1G9n6P,check,15
43151.02,1AiffGv47c2kUNQVVcH4ZCC1VWXezPTosQirmqMo1G9n6P,check,15
43211.02,1AiffGv47c2kUNQVVcH4ZCC1VWXezPTosQirmqMo1G9n6P,check,14
43271.02,1AiffGv47c2kUNQVVcH4ZCC1VWXezPTosQirmqMo1G9n6P,check,14
43331.016,1AiffGv47c2kUNQVVcH4ZCC1VWXezPTosQirmqMo1G9n6P,check,15
43391.016,1AiffGv47c2kUNQVVcH4ZCC1VWXezPTosQirmqMo1G9n6P,check,15
43451.01,1AiffGv47c2kUNQVVcH4ZCC1VWXezPTosQirmqMo1G9n6P,check,15
43511.016,1AiffGv47c2kUNQVVcH4ZCC1VWXezPTosQirmqMo1G9n6P,check,15
43571.02,1AiffGv47c2kUNQVVcH4ZCC1VWXezPTosQirmqMo1G9n6P,check,14
43631.02,1AiffGv47c2kUNQVVcH4ZCC1VWXezPTosQirmqMo1G9n6P,check,15
43691.02,1AiffGv47c2kUNQVVcH4ZCC1VWXezPTosQirmqMo1G9n6P,check,13
43751.016,1AiffGv47c2kUNQVVcH4ZCC1VWXezPTosQirmqMo1G9n6P,check,14
43811.02,1AiffGv47c2kUNQVVcH4ZCC1VWXezPTosQirmqMo1G9n6P,check,15
43871.02,1AiffGv47c2kUNQVVcH4ZCC1VWXezPTosQirmqMo1G9n6P,check,15
43931.016,1AiffGv47c2kUNQVVcH4ZCC1VWXezPTosQirmqMo1G9n6P,check,15
43991.02,1AiffGv47c2kUNQVVcH4ZCC1VWXezPTosQirmqMo1G9n6P,check,14
44051.02,1AiffGv47c2kUNQVVcH4ZCC1VWXezPTosQirmqMo1G9n6P,check,15
44111.016,1AiffGv47c2kUNQVVcH4ZCC1VWXezPTosQirmqMo1G9n6P,check,15
44171.016,1AiffGv47c2kUNQVVcH4ZCC1VWXezPTosQirmqMo1G9n6P,check,15
44231.016,1AiffGv47c2kUNQVVcH4ZCC1VWXezPTosQirmqMo1G9n6P,check,15
44291.016,1AiffGv47c2kUNQVVcH4ZCC1VWXezPTosQirmqMo1G9n6P,check,13
44351.016,1AiffGv47c2kUNQVVcH4ZCC1VWXezPTosQirmqMo1G9n6P,check,15
44411.016,1AiffGv47c2kUNQVVcH4ZCC1VWXezPTosQirmqMo1G9n6P,check,15
44471.02,1AiffGv47c2kUNQVVcH4ZCC1VWXezPTosQirmqMo1G9n6P,check,15
44531.016,1AiffGv47c2kUNQVVcH4ZCC1VWXezPTosQirmqMo1G9n6P,check,15
44591.02,1AiffGv47c2kUNQVVcH4ZCC1VWXezPTosQirmqMo1G9n6P,check,15
44651.02,1AiffGv47c2kUNQVVcH4ZCC1VWXezPTosQirmqMo1G9n6P,check,15
44711.02,1AiffGv47c2kUNQVVcH4ZCC1VWXezPTosQirmqMo1G9n6P,check,13
44771.02,1AiffGv47c2kUNQVVcH4ZCC1VWXezPTosQirmqMo1G9n6P,check,15
44831.016,1AiffGv47c2kUNQVVcH4ZCC1VWXezPTosQirmqMo1G9n6P,check,15
44891.016,1AiffGv47c2kUNQVVcH4ZCC1VWXezPTosQirmqMo1G9n6P,check,14
44951.016,1AiffGv47c2kUNQVVcH4ZCC1VWXezPTosQirmqMo1G9n6P,check,15
45011.01,1AiffGv47c2kUNQVVcH4ZCC1VWXezPTosQirmqMo1G9n6P,check,15
45071.01,1AiffGv47c2kUNQVVcH4ZCC1VWXezPTosQirmqMo1G9n6P,check,15
45131.008,1AiffGv47c2kUNQVVcH4ZCC1VWXezPTosQirmqMo1G9n6P,check,15
45191.008,1AiffGv47c2kUNQVVcH4ZCC1VWXezPTosQirmqMo1G9n6P,check,15
45251.008,1AiffGv47c2kUNQVVcH4ZCC1VWXezPTosQirmqMo1G9n6P,check,13
45311.01,1AiffGv47c2kUNQVVcH4ZCC1VWXezPTosQirmqMo1G9n6P,check,14
45371.02,1AiffGv47c2kUNQVVcH4ZCC1VWXezPTosQirmqMo1G9n6P,check,14
45431.02,1AiffGv47c2kUNQVVcH4ZCC1VWXezPTosQirmqMo1G9n6P,check,14
45491.02,1AiffGv47c2kUNQVVcH4ZCC1VWXezPTosQirmqMo1G9n6P,check,14
45551.016,1AiffGv47c2kUNQVVcH4ZCC1VWXezPTosQirmqMo1G9n6P,check,14
45611.016,1AiffGv47c2kUNQVVcH4ZCC1VWXezPTosQirmqMo1G9n6P,check,14
45671.02,1AiffGv47c2kUNQVVcH4ZCC1VWXezPTosQirmqMo1G9n6P,check,14
45731.02,1AiffGv47c2kUNQVVcH4ZCC1VWXezPTosQirmqMo1G9n6P,check,14
45791.02,1AiffGv47c2kUNQVVcH4ZCC1VWXezPTosQirmqMo1G9n6P,check,14
45851.02,1AiffGv47c2kUNQVVcH4ZCC1VWXezPTosQirmqMo1G9n6P,check,14
45911.02,1AiffGv47c2kUNQVVcH4ZCC1VWXezPTosQirmqMo1G9n6P,check,14
45971.016,1AiffGv47c2kUNQVVcH4ZCC1VWXezPTosQirmqMo1G9n6P,check,14
46031.02,1AiffGv47c2kUNQVVcH4ZCC1VWXezPTosQirmqMo1G9n6P,check,14
46091.016,1AiffGv47c2kUNQVVcH4ZCC1VWXezPTosQirmqMo1G9n6P,check,14
46151.016,1AiffGv47c2kUNQVVcH4ZCC1VWXezPTosQirmqMo1G9n6P,check,14
46211.02,1AiffGv47c2kUNQVVcH4ZCC1VWXezPTosQirmqMo1G9n6P,check,14
46271.02,1AiffGv47c2kUNQVVcH4ZCC1VWXezPTosQirmqMo1G9n6P,check,14
46331.02,1AiffGv47c2kUNQVVcH4ZCC1VWXezPTosQirmqMo1G9n6P,check,14
46391.02,1AiffGv47c2kUNQVVcH4ZCC1VWXezPTosQirmqMo1G9n6P,check,14
46451.02,1AiffGv47c2kUNQVVcH4ZCC1VWXezPTosQirmqMo1G9n6P,check,14
46511.016,1AiffGv47c2kUNQVVcH4ZCC1VWXezPTosQirmqMo1G9n6P,check,14
46571.02,1AiffGv47c2kUNQVVcH4ZCC1VWXezPTosQirmqMo1G9n6P,check,14
46631.016,1AiffGv47c2kUNQVVcH4ZCC1VWXezPTosQirmqMo1G9n6P,check,14
46691.02,1AiffGv47c2kUNQVVcH4ZCC1VWXezPTosQirmqMo1G9n6P,check,14
46751.02,1AiffGv47c2kUNQVVcH4ZCC1VWXezPTosQirmqMo1G9n6P,check,14
46811.02,1AiffGv47c2kUNQVVcH4ZCC1VWXezPTosQirmqMo1G9n6P,check,14
46871.016,1AiffGv47c2kUNQVVcH4ZCC1VWXezPTosQirmqMo1G9n6P,check,14
46931.02,1AiffGv47c2kUNQVVcH4ZCC1VWXezPTosQirmqMo1G9n6P,check,14
46991.016,1AiffGv47c2kUNQVVcH4ZCC1VWXezPTosQirmqMo1G9n6P,check,14
47051.02,1AiffGv47c2kUNQVVcH4ZCC1VWXezPTosQirmqMo1G9n6P,check,14
47111.016,1AiffGv47c2kUNQVVcH4ZCC1VWXezPTosQirmqMo1G9n6P,check,14
47171.02,1AiffGv47c2kUNQVVcH4ZCC1VWXezPTosQirmqMo1G9n6P,check,14
47231.016,1AiffGv47c2kUNQVVcH4ZCC1VWXezPTosQirmqMo1G9n6P,check,14
47291.02,1AiffGv47c2kUNQVVcH4ZCC1VWXezPTosQirmqMo1G9n6P,check,14
47351.02,1AiffGv47c2kUNQVVcH4ZCC1VWXezPTosQirmqMo1G9n6P,check,14
47411.02,1AiffGv47c2kUNQVVcH4ZCC1VWXezPTosQirmqMo1G9n6P,check,14
47471.02,1AiffGv47c2kUNQVVcH4ZCC1VWXezPTosQirmqMo1G9n6P,check,14
47531.02,1AiffGv47c2kUNQVVcH4ZCC1VWXezPTosQirmqMo1G9n6P,check,13
47591.02,1AiffGv47c2kUNQVVcH4ZCC1VWXezPTosQirmqMo1G9n6P,check,14
47651.016,1AiffGv47c2kUNQVVcH4ZCC1VWXezPTosQirmqMo1G9n6P,check,13
47711.016,1AiffGv47c2kUNQVVcH4ZCC1VWXezPTosQirmqMo1G9n6P,check,14
47771.02,1AiffGv47c2kUNQVVcH4ZCC1VWXezPTosQirmqMo1G9n6P,check,14
47831.016,1AiffGv47c2kUNQVVcH4ZCC1VWXezPTosQirmqMo1G9n6P,check,14
47891.02,1AiffGv47c2kUNQVVcH4ZCC1VWXezPTosQirmqMo1G9n6P,check,14
47951.016,1AiffGv47c2kUNQVVcH4ZCC1VWXezPTosQirmqMo1G9n6P,check,14
48011.02,1AiffGv47c2kUNQVVcH4ZCC1VWXezPTosQirmqMo1G9n6P,check,14
48071.02,1AiffGv47c2kUNQVVcH4ZCC1VWXezPTosQirmqMo1G9n6P,check,14
48131.02,1AiffGv47c2kUNQVVcH4ZCC1VWXezPTosQirmqMo1G9n6P,check,14
48191.02,1AiffGv47c2kUNQVVcH4ZCC1VWXezPTosQirmqMo1G9n6P,check,14
48251.02,1AiffGv47c2kUNQVVcH4ZCC1VWXezPTosQirmqMo1G9n6P,check,14
48311.016,1AiffGv47c2kUNQVVcH4ZCC1VWXezPTosQirmqMo1G9n6P,check,14
48371.02,1AiffGv47c2kUNQVVcH4ZCC1VWXezPTosQirmqMo1G9n6P,check,14
48431.02,1AiffGv47c2kUNQVVcH4ZCC1VWXezPTosQirmqMo1G9n6P,check,14
48491.016,1AiffGv47c2kUNQVVcH4ZCC1VWXezPTosQirmqMo1G9n6P,check,14
48551.016,1AiffGv47c2kUNQVVcH4ZCC1VWXezPTosQirmqMo1G9n6P,check,14
48611.02,1AiffGv47c2kUNQVVcH4ZCC1VWXezPTosQirmqMo1G9n6P,check,13
48671.02,1AiffGv47c2kUNQVVcH4ZCC1VWXezPTosQirmqMo1G9n6P,check,14
48731.02,1AiffGv47c2kUNQVVcH4ZCC1VWXezPTosQirmqMo1G9n6P,check,14
48791.016,1AiffGv47c2kUNQVVcH4ZCC1VWXezPTosQirmqMo1G9n6P,check,14
48851.02,1AiffGv47c2kUNQVVcH4ZCC1VWXezPTosQirmqMo1G9n6P,check,14
48911.02,1AiffGv47c2kUNQVVcH4ZCC1VWXezPTosQirmqMo1G9n6P,check,14
48971.02,1AiffGv47c2kUNQVVcH4ZCC1VWXezPTosQirmqMo1G9n6P,check,14
49031.02,1AiffGv47c2kUNQVVcH4ZCC1VWXezPTosQirmqMo1G9n6P,check,14
49091.02,1AiffGv47c2kUNQVVcH4ZCC1VWXezPTosQirmqMo1G9n6P,check,14
49151.016,1AiffGv47c2kUNQVVcH4ZCC1VWXezPTosQirmqMo1G9n6P,check,14
49211.02,1AiffGv47c2kUNQVVcH4ZCC1VWXezPTosQirmqMo1G9n6P,check,14
49271.02,1AiffGv47c2kUNQVVcH4ZCC1VWXezPTosQirmqMo1G9n6P,check,14
49331.016,1AiffGv47c2kUNQVVcH4ZCC1VWXezPTosQirmqMo1G9n6P,check,14
49391.02,1AiffGv47c2kUNQVVcH4ZCC1VWXezPTosQirmqMo1G9n6P,check,13
49451.02,1AiffGv47c2kUNQVVcH4ZCC1VWXezPTosQirmqMo1G9n6P,check,14
49511.016,1AiffGv47c2kUNQVVcH4ZCC1VWXezPTosQirmqMo1G9n6P,check,14
49571.02,1AiffGv47c2kUNQVVcH4ZCC1VWXezPTosQirmqMo1G9n6P,check,14
49631.016,1AiffGv47c2kUNQVVcH4ZCC1VWXezPTosQirmqMo1G9n6P,check,14
49691.016,1AiffGv47c2kUNQVVcH4ZCC1VWXezPTosQirmqMo1G9n6P,check,14
49751.016,1AiffGv47c2kUNQVVcH4ZCC1VWXezPTosQirmqMo1G9n6P,check,14
49811.02,1AiffGv47c2kUNQVVcH4ZCC1VWXezPTosQirmqMo1G9n6P,check,14
49871.02,1AiffGv47c2kUNQVVcH4ZCC1VWXezPTosQirmqMo1G9n6P,check,14
49931.02,1AiffGv47c2kUNQVVcH4ZCC1VWXezPTosQirmqMo1G9n6P,check,14
49991.02,1AiffGv47c2kUNQVVcH4ZCC1VWXezPTosQirmqMo1G9n6P,check,13
50051.02,1AiffGv47c2kUNQVVcH4ZCC1VWXezPTosQirmqMo1G9n6P,check,14
50111.016,1AiffGv47c2kUNQVVcH4ZCC1VWXezPTosQirmqMo1G9n6P,check,13
50171.02,1AiffGv47c2kUNQVVcH4ZCC1VWXezPTosQirmqMo1G9n6P,check,14
50231.016,1AiffGv47c2kUNQVVcH4ZCC1VWXezPTosQirmqMo1G9n6P,check,14
50291.02,1AiffGv47c2kUNQVVcH4ZCC1VWXezPTosQirmqMo1G9n6P,check,14
50351.016,1AiffGv47c2kUNQVVcH4ZCC1VWXezPTosQirmqMo1G9n6P,check,14
50411.02,1AiffGv47c2kUNQVVcH4ZCC1VWXezPTosQirmqMo1G9n6P,check,14
50471.02,1AiffGv47c2kUNQVVcH4ZCC1VWXezPTosQirmqMo1G9n6P,check,14
50531.016,1AiffGv47c2kUNQVVcH4ZCC1VWXezPTosQirmqMo1G9n6P,check,14
50591.016,1AiffGv47c2kUNQVVcH4ZCC1VWXezPTosQirmqMo1G9n6P,check,13
50651.02,1AiffGv47c2kUNQVVcH4ZCC1VWXezPTosQirmqMo1G9n6P,check,14
50711.02,1AiffGv47c2kUNQVVcH4ZCC1VWXezPTosQirmqMo1G9n6P,check,14
50771.02,1AiffGv47c2kUNQVVcH4ZCC1VWXezPTosQirmqMo1G9n6P,check,14
50831.016,1AiffGv47c2kUNQVVcH4ZCC1VWXezPTosQirmqMo1G9n6P,check,14
50891.016,1AiffGv47c2kUNQVVcH4ZCC1VWXezPTosQirmqMo1G9n6P,check,14
50951.02,1AiffGv47c2kUNQVVcH4ZCC1VWXezPTosQirmqMo1G9n6P,check,14
51011.02,1AiffGv47c2kUNQVVcH4ZCC1VWXezPTosQirmqMo1G9n6P,check,14
51071.02,1AiffGv47c2kUNQVVcH4ZCC1VWXezPTosQirmqMo1G9n6P,check,14
51131.01,1AiffGv47c2kUNQVVcH4ZCC1VWXezPTosQirmqMo1G9n6P,check,14
51191.01,1AiffGv47c2kUNQVVcH4ZCC1VWXezPTosQirmqMo1G9n6P,check,14
51251.01,1AiffGv47c2kUNQVVcH4ZCC1VWXezPTosQirmqMo1G9n6P,check,15
51311.01,1AiffGv47c2kUNQVVcH4ZCC1VWXezPTosQirmqMo1G9n6P,check,15
51371.01,1AiffGv47c2kUNQVVcH4ZCC1VWXezPTosQirmqMo1G9n6P,check,15
51431.01,1AiffGv47c2kUNQVVcH4ZCC1VWXezPTosQirmqMo1G9n6P,check,15
51491.01,1AiffGv47c2kUNQVVcH4ZCC1VWXezPTosQirmqMo1G9n6P,check,15
51551.01,1AiffGv47c2kUNQVVcH4ZCC1VWXezPTosQirmqMo1G9n6P,check,15
51611.01,1AiffGv47c2kUNQVVcH4ZCC1VWXezPTosQirmqMo1G9n6P,check,15
51671.01,1AiffGv47c2kUNQVVcH4ZCC1VWXezPTosQirmqMo1G9n6P,check,15
51731.01,1AiffGv47c2kUNQVVcH4ZCC1VWXezPTosQirmqMo1G9n6P,check,15
51791.01,1AiffGv47c2kUNQVVcH4ZCC1VWXezPTosQirmqMo1G9n6P,check,15
51851.008,1AiffGv47c2kUNQVVcH4ZCC1VWXezPTosQirmqMo1G9n6P,check,15
51911.01,1AiffGv47c2kUNQVVcH4ZCC1VWXezPTosQirmqMo1G9n6P,check,15
51971.016,1AiffGv47c2kUNQVVcH4ZCC1VWXezPTosQirmqMo1G9n6P,check,15
52031.01,1AiffGv47c2kUNQVVcH4ZCC1VWXezPTosQirmqMo1G9n6P,check,15
52091.01,1AiffGv47c2kUNQVVcH4ZCC1VWXezPTosQirmqMo1G9n6P,check,15
52151.01,1AiffGv47c2kUNQVVcH4ZCC1VWXezPTosQirmqMo1G9n6P,check,15
52211.01,1AiffGv47c2kUNQVVcH4ZCC1VWXezPTosQirmqMo1G9n6P,check,15
52271.016,1AiffGv47c2kUNQVVcH4ZCC1VWXezPTosQirmqMo1G9n6P,check,15
52331.01,1AiffGv47c2kUNQVVcH4ZCC1VWXezPTosQirmqMo1G9n6P,check,15
52391.01,1AiffGv47c2kUNQVVcH4ZCC1VWXezPTosQirmqMo1G9n6P,check,15
52451.01,1AiffGv47c2kUNQVVcH4ZCC1VWXezPTosQirmqMo1G9n6P,check,14
52511.01,1AiffGv47c2kUNQVVcH4ZCC1VWXezPTosQirmqMo1G9n6P,check,15
52571.016,1AiffGv47c2kUNQVVcH4ZCC1VWXezPTosQirmqMo1G9n6P,check,15
52631.01,1AiffGv47c2kUNQVVcH4ZCC1VWXezPTosQirmqMo1G9n6P,check,15
52691.01,1AiffGv47c2kUNQVVcH4ZCC1VWXezPTosQirmqMo1G9n6P,check,15
52751.01,1AiffGv47c2kUNQVVcH4ZCC1VWXezPTosQirmqMo1G9n6P,check,15
52811.01,1AiffGv47c2kUNQVVcH4ZCC1VWXezPTosQirmqMo1G9n6P,check,15
52871.016,1AiffGv47c2kUNQVVcH4ZCC1VWXezPTosQirmqMo1G9n6P,check,15
52931.01,1AiffGv47c2kUNQVVcH4ZCC1VWXezPTosQirmqMo1G9n6P,check,15
52991.01,1AiffGv47c2kUNQVVcH4ZCC1VWXezPTosQirmqMo1G9n6P,check,15
53051.016,1AiffGv47c2kUNQVVcH4ZCC1VWXezPTosQirmqMo1G9n6P,check,14
53111.01,1AiffGv47c2kUNQVVcH4ZCC1VWXezPTosQirmqMo1G9n6P,check,15
53171.01,1AiffGv47c2kUNQVVcH4ZCC1VWXezPTosQirmqMo1G9n6P,check,15
53231.01,1AiffGv47c2kUNQVVcH4ZCC1VWXezPTosQirmqMo1G9n6P,check,15
53291.01,1AiffGv47c2kUNQVVcH4ZCC1VWXezPTosQirmqMo1G9n6P,check,15
53351.01,1AiffGv47c2kUNQVVcH4ZCC1VWXezPTosQirmqMo1G9n6P,check,15
53411.01,1AiffGv47c2kUNQVVcH4ZCC1VWXezPTosQirmqMo1G9n6P,check,15
53471.016,1AiffGv47c2kUNQVVcH4ZCC1VWXezPTosQirmqMo1G9n6P,check,15
53531.01,1AiffGv47c2kUNQVVcH4ZCC1VWXezPTosQirmqMo1G9n6P,check,15
53591.01,1AiffGv47c2kUNQVVcH4ZCC1VWXezPTosQirmqMo1G9n6P,check,15
53651.01,1AiffGv47c2kUNQVVcH4ZCC1VWXezPTosQirmqMo1G9n6P,check,15
53711.01,1AiffGv47c2kUNQVVcH4ZCC1VWXezPTosQirmqMo1G9n6P,check,15
53771.008,1AiffGv47c2kUNQVVcH4ZCC1VWXezPTosQirmqMo1G9n6P,check,15
53831.008,1AiffGv47c2kUNQVVcH4ZCC1VWXezPTosQirmqMo1G9n6P,check,14
53891.008,1AiffGv47c2kUNQVVcH4ZCC1VWXezPTosQirmqMo1G9n6P,check,15
53951.004,1AiffGv47c2kUNQVVcH4ZCC1VWXezPTosQirmqMo1G9n6P,check,15
54011.004,1AiffGv47c2kUNQVVcH4ZCC1VWXezPTosQirmqMo1G9n6P,check,15
54071.008,1AiffGv47c2kUNQVVcH4ZCC1VWXezPTosQirmqMo1G9n6P,check,15
54131.008,1AiffGv47c2kUNQVVcH4ZCC1VWXezPTosQirmqMo1G9n6P,check,15
54191.01,1AiffGv47c2kUNQVVcH4ZCC1VWXezPTosQirmqMo1G9n6P,check,15
54251.01,1AiffGv47c2kUNQVVcH4ZCC1VWXezPTosQirmqMo1G9n6P,check,15
54311.01,1AiffGv47c2kUNQVVcH4ZCC1VWXezPTosQirmqMo1G9n6P,check,15
54371.01,1AiffGv47c2kUNQVVcH4ZCC1VWXezPTosQirmqMo1G9n6P,check,15
54431.01,1AiffGv47c2kUNQVVcH4ZCC1VWXezPTosQirmqMo1G9n6P,check,15
54491.01,1AiffGv47c2kUNQVVcH4ZCC1VWXezPTosQirmqMo1G9n6P,check,15
54551.01,1AiffGv47c2kUNQVVcH4ZCC1VWXezPTosQirmqMo1G9n6P,check,15
54611.01,1AiffGv47c2kUNQVVcH4ZCC1VWXezPTosQirmqMo1G9n6P,check,15
54671.01,1AiffGv47c2kUNQVVcH4ZCC1VWXezPTosQirmqMo1G9n6P,check,15
54731.01,1AiffGv47c2kUNQVVcH4ZCC1VWXezPTosQirmqMo1G9n6P,check,15
54791.01,1AiffGv47c2kUNQVVcH4ZCC1VWXezPTosQirmqMo1G9n6P,check,15
54851.01,1AiffGv47c2kUNQVVcH4ZCC1VWXezPTosQirmqMo1G9n6P,check,15
54911.01,1AiffGv47c2kUNQVVcH4ZCC1VWXezPTosQirmqMo1G9n6P,check,15
54971.01,1AiffGv47c2kUNQVVcH4ZCC1VWXezPTosQirmqMo1G9n6P,check,15
55031.01,1AiffGv47c2kUNQVVcH4ZCC1VWXezPTosQirmqMo1G9n6P,check,15
55091.01,1AiffGv47c2kUNQVVcH4ZCC1VWXezPTosQirmqMo1G9n6P,check,15
55151.01,1AiffGv47c2kUNQVVcH4ZCC1VWXezPTosQirmqMo1G9n6P,check,15
55211.01,1AiffGv47c2kUNQVVcH4ZCC1VWXezPTosQirmqMo1G9n6P,check,15
55271.016,1AiffGv47c2kUNQVVcH4ZCC1VWXezPTosQirmqMo1G9n6P,check,15
55331.008,1AiffGv47c2kUNQVVcH4ZCC1VWXezPTosQirmqMo1G9n6P,check,15
55391.016,1AiffGv47c2kUNQVVcH4ZCC1VWXezPTosQirmqMo1G9n6P,check,13
55451.01,1AiffGv47c2kUNQVVcH4ZCC1VWXezPTosQirmqMo1G9n6P,check,15
55511.02,1AiffGv47c2kUNQVVcH4ZCC1VWXezPTosQirmqMo1G9n6P,check,14
55571.02,1AiffGv47c2kUNQVVcH4ZCC1VWXezPTosQirmqMo1G9n6P,check,14
55631.016,1AiffGv47c2kUNQVVcH4ZCC1VWXezPTosQirmqMo1G9n6P,check,14
55691.02,1AiffGv47c2kUNQVVcH4ZCC1VWXezPTosQirmqMo1G9n6P,check,14
55751.016,1AiffGv47c2kUNQVVcH4ZCC1VWXezPTosQirmqMo1G9n6P,check,14
55811.02,1AiffGv47c2kUNQVVcH4ZCC1VWXezPTosQirmqMo1G9n6P,check,14
55871.02,1AiffGv47c2kUNQVVcH4ZCC1VWXezPTosQirmqMo1G9n6P,check,14
55931.02,1AiffGv47c2kUNQVVcH4ZCC1VWXezPTosQirmqMo1G9n6P,check,13
55991.016,1AiffGv47c2kUNQVVcH4ZCC1VWXezPTosQirmqMo1G9n6P,check,14
56051.02,1AiffGv47c2kUNQVVcH4ZCC1VWXezPTosQirmqMo1G9n6P,check,13
56111.02,1AiffGv47c2kUNQVVcH4ZCC1VWXezPTosQirmqMo1G9n6P,check,14
56171.02,1AiffGv47c2kUNQVVcH4ZCC1VWXezPTosQirmqMo1G9n6P,check,12
56231.02,1AiffGv47c2kUNQVVcH4ZCC1VWXezPTosQirmqMo1G9n6P,check,14
56291.02,1AiffGv47c2kUNQVVcH4ZCC1VWXezPTosQirmqMo1G9n6P,check,14
56351.01,1AiffGv47c2kUNQVVcH4ZCC1VWXezPTosQirmqMo1G9n6P,check,14
56411.01,1AiffGv47c2kUNQVVcH4ZCC1VWXezPTosQirmqMo1G9n6P,check,14
56471.016,1AiffGv47c2kUNQVVcH4ZCC1VWXezPTosQirmqMo1G9n6P,check,14
56531.01,1AiffGv47c2kUNQVVcH4ZCC1VWXezPTosQirmqMo1G9n6P,check,14
56591.01,1AiffGv47c2kUNQVVcH4ZCC1VWXezPTosQirmqMo1G9n6P,check,14
56651.01,1AiffGv47c2kUNQVVcH4ZCC1VWXezPTosQirmqMo1G9n6P,check,14
56711.01,1AiffGv47c2kUNQVVcH4ZCC1VWXezPTosQirmqMo1G9n6P,check,13
56771.01,1AiffGv47c2kUNQVVcH4ZCC1VWXezPTosQirmqMo1G9n6P,check,14
56831.01,1AiffGv47c2kUNQVVcH4ZCC1VWXezPTosQirmqMo1G9n6P,check,14
56891.01,1AiffGv47c2kUNQVVcH4ZCC1VWXezPTosQirmqMo1G9n6P,check,14
56951.008,1AiffGv47c2kUNQVVcH4ZCC1VWXezPTosQirmqMo1G9n6P,check,14
57011.016,1AiffGv47c2kUNQVVcH4ZCC1VWXezPTosQirmqMo1G9n6P,check,14
57071.01,1AiffGv47c2kUNQVVcH4ZCC1VWXezPTosQirmqMo1G9n6P,check,14
57131.01,1AiffGv47c2kUNQVVcH4ZCC1VWXezPTosQirmqMo1G9n6P,check,14
57191.01,1AiffGv47c2kUNQVVcH4ZCC1VWXezPTosQirmqMo1G9n6P,check,14
57251.01,1AiffGv47c2kUNQVVcH4ZCC1VWXezPTosQirmqMo1G9n6P,check,14
57311.01,1AiffGv47c2kUNQVVcH4ZCC1VWXezPTosQirmqMo1G9n6P,check,14
57371.01,1AiffGv47c2kUNQVVcH4ZCC1VWXezPTosQirmqMo1G9n6P,check,14
57431.01,1AiffGv47c2kUNQVVcH4ZCC1VWXezPTosQirmqMo1G9n6P,check,14
57491.01,1AiffGv47c2kUNQVVcH4ZCC1VWXezPTosQirmqMo1G9n6P,check,14
57551.01,1AiffGv47c2kUNQVVcH4ZCC1VWXezPTosQirmqMo1G9n6P,check,14
57611.01,1AiffGv47c2kUNQVVcH4ZCC1VWXezPTosQirmqMo1G9n6P,check,14
57671.01,1AiffGv47c2kUNQVVcH4ZCC1VWXezPTosQirmqMo1G9n6P,check,14
57731.01,1AiffGv47c2kUNQVVcH4ZCC1VWXezPTosQirmqMo1G9n6P,check,14
57791.01,1AiffGv47c2kUNQVVcH4ZCC1VWXezPTosQirmqMo1G9n6P,check,14
57851.01,1AiffGv47c2kUNQVVcH4ZCC1VWXezPTosQirmqMo1G9n6P,check,14
57911.01,1AiffGv47c2kUNQVVcH4ZCC1VWXezPTosQirmqMo1G9n6P,check,14
57971.016,1AiffGv47c2kUNQVVcH4ZCC1VWXezPTosQirmqMo1G9n6P,check,14
58031.01,1AiffGv47c2kUNQVVcH4ZCC1VWXezPTosQirmqMo1G9n6P,check,14
58091.01,1AiffGv47c2kUNQVVcH4ZCC1VWXezPTosQirmqMo1G9n6P,check,14
58151.01,1AiffGv47c2kUNQVVcH4ZCC1VWXezPTosQirmqMo1G9n6P,check,14
58211.01,1AiffGv47c2kUNQVVcH4ZCC1VWXezPTosQirmqMo1G9n6P,check,14
58271.016,1AiffGv47c2kUNQVVcH4ZCC1VWXezPTosQirmqMo1G9n6P,check,14
58331.01,1AiffGv47c2kUNQVVcH4ZCC1VWXezPTosQirmqMo1G9n6P,check,14
58391.01,1AiffGv47c2kUNQVVcH4ZCC1VWXezPTosQirmqMo1G9n6P,check,14
58451.016,1AiffGv47c2kUNQVVcH4ZCC1VWXezPTosQirmqMo1G9n6P,check,13
58511.01,1AiffGv47c2kUNQVVcH4ZCC1VWXezPTosQirmqMo1G9n6P,check,14
58571.01,1AiffGv47c2kUNQVVcH4ZCC1VWXezPTosQirmqMo1G9n6P,check,14
58631.01,1AiffGv47c2kUNQVVcH4ZCC1VWXezPTosQirmqMo1G9n6P,check,14
58691.01,1AiffGv47c2kUNQVVcH4ZCC1VWXezPTosQirmqMo1G9n6P,check,14
58751.01,1AiffGv47c2kUNQVVcH4ZCC1VWXezPTosQirmqMo1G9n6P,check,14
58811.016,1AiffGv47c2kUNQVVcH4ZCC1VWXezPTosQirmqMo1G9n6P,check,14
58871.01,1AiffGv47c2kUNQVVcH4ZCC1VWXezPTosQirmqMo1G9n6P,check,14
58931.01,1AiffGv47c2kUNQVVcH4ZCC1VWXezPTosQirmqMo1G9n6P,check,14
58991.01,1AiffGv47c2kUNQVVcH4ZCC1VWXezPTosQirmqMo1G9n6P,check,14
59051.01,1AiffGv47c2kUNQVVcH4ZCC1VWXezPTosQirmqMo1G9n6P,check,14
59111.01,1AiffGv47c2kUNQVVcH4ZCC1VWXezPTosQirmqMo1G9n6P,check,14
59171.01,1AiffGv47c2kUNQVVcH4ZCC1VWXezPTosQirmqMo1G9n6P,check,13
59231.01,1AiffGv47c2kUNQVVcH4ZCC1VWXezPTosQirmqMo1G9n6P,check,14
59291.01,1AiffGv47c2kUNQVVcH4ZCC1VWXezPTosQirmqMo1G9n6P,check,14
59351.01,1AiffGv47c2kUNQVVcH4ZCC1VWXezPTosQirmqMo1G9n6P,check,14
59411.016,1AiffGv47c2kUNQVVcH4ZCC1VWXezPTosQirmqMo1G9n6P,check,14
59471.01,1AiffGv47c2kUNQVVcH4ZCC1VWXezPTosQirmqMo1G9n6P,check,14
59531.01,1AiffGv47c2kUNQVVcH4ZCC1VWXezPTosQirmqMo1G9n6P,check,14
59591.01,1AiffGv47c2kUNQVVcH4ZCC1VWXezPTosQirmqMo1G9n6P,check,14
59651.01,1AiffGv47c2kUNQVVcH4ZCC1VWXezPTosQirmqMo1G9n6P,check,14
59711.01,1AiffGv47c2kUNQVVcH4ZCC1VWXezPTosQirmqMo1G9n6P,check,14
59771.01,1AiffGv47c2kUNQVVcH4ZCC1VWXezPTosQirmqMo1G9n6P,check,14
59831.01,1AiffGv47c2kUNQVVcH4ZCC1VWXezPTosQirmqMo1G9n6P,check,14
59891.01,1AiffGv47c2kUNQVVcH4ZCC1VWXezPTosQirmqMo1G9n6P,check,14
59951.01,1AiffGv47c2kUNQVVcH4ZCC1VWXezPTosQirmqMo1G9n6P,check,14
60011.01,1AiffGv47c2kUNQVVcH4ZCC1VWXezPTosQirmqMo1G9n6P,check,14
60071.016,1AiffGv47c2kUNQVVcH4ZCC1VWXezPTosQirmqMo1G9n6P,check,14
60131.01,1AiffGv47c2kUNQVVcH4ZCC1VWXezPTosQirmqMo1G9n6P,check,14
60191.01,1AiffGv47c2kUNQVVcH4ZCC1VWXezPTosQirmqMo1G9n6P,check,14
60251.01,1AiffGv47c2kUNQVVcH4ZCC1VWXezPTosQirmqMo1G9n6P,check,14
60311.01,1AiffGv47c2kUNQVVcH4ZCC1VWXezPTosQirmqMo1G9n6P,check,14
60371.01,1AiffGv47c2kUNQVVcH4ZCC1VWXezPTosQirmqMo1G9n6P,check,14
60431.01,1AiffGv47c2kUNQVVcH4ZCC1VWXezPTosQirmqMo1G9n6P,check,14
60491.01,1AiffGv47c2kUNQVVcH4ZCC1VWXezPTosQirmqMo1G9n6P,check,14
60551.01,1AiffGv47c2kUNQVVcH4ZCC1VWXezPTosQirmqMo1G9n6P,check,13
60611.01,1AiffGv47c2kUNQVVcH4ZCC1VWXezPTosQirmqMo1G9n6P,check,14
60671.01,1AiffGv47c2kUNQVVcH4ZCC1VWXezPTosQirmqMo1G9n6P,check,14
60731.01,1AiffGv47c2kUNQVVcH4ZCC1VWXezPTosQirmqMo1G9n6P,check,14
60791.01,1AiffGv47c2kUNQVVcH4ZCC1VWXezPTosQirmqMo1G9n6P,check,14
60851.016,1AiffGv47c2kUNQVVcH4ZCC1VWXezPTosQirmqMo1G9n6P,check,14
60911.01,1AiffGv47c2kUNQVVcH4ZCC1VWXezPTosQirmqMo1G9n6P,check,14
60971.008,1AiffGv47c2kUNQVVcH4ZCC1VWXezPTosQirmqMo1G9n6P,check,14
61031.01,1AiffGv47c2kUNQVVcH4ZCC1VWXezPTosQirmqMo1G9n6P,check,14
61091.01,1AiffGv47c2kUNQVVcH4ZCC1VWXezPTosQirmqMo1G9n6P,check,14
61151.01,1AiffGv47c2kUNQVVcH4ZCC1VWXezPTosQirmqMo1G9n6P,check,14
61211.01,1AiffGv47c2kUNQVVcH4ZCC1VWXezPTosQirmqMo1G9n6P,check,14
61271.016,1AiffGv47c2kUNQVVcH4ZCC1VWXezPTosQirmqMo1G9n6P,check,14
61331.01,1AiffGv47c2kUNQVVcH4ZCC1VWXezPTosQirmqMo1G9n6P,check,14
61391.01,1AiffGv47c2kUNQVVcH4ZCC1VWXezPTosQirmqMo1G9n6P,check,14
61451.01,1AiffGv47c2kUNQVVcH4ZCC1VWXezPTosQirmqMo1G9n6P,check,14
61511.01,1AiffGv47c2kUNQVVcH4ZCC1VWXezPTosQirmqMo1G9n6P,check,14
61571.01,1AiffGv47c2kUNQVVcH4ZCC1VWXezPTosQirmqMo1G9n6P,check,14
61631.01,1AiffGv47c2kUNQVVcH4ZCC1VWXezPTosQirmqMo1G9n6P,check,14
61691.01,1AiffGv47c2kUNQVVcH4ZCC1VWXezPTosQirmqMo1G9n6P,check,14
61751.01,1AiffGv47c2kUNQVVcH4ZCC1VWXezPTosQirmqMo1G9n6P,check,14
61811.01,1AiffGv47c2kUNQVVcH4ZCC1VWXezPTosQirmqMo1G9n6P,check,14
61871.016,1AiffGv47c2kUNQVVcH4ZCC1VWXezPTosQirmqMo1G9n6P,check,14
61931.01,1AiffGv47c2kUNQVVcH4ZCC1VWXezPTosQirmqMo1G9n6P,check,12
61991.016,1AiffGv47c2kUNQVVcH4ZCC1VWXezPTosQirmqMo1G9n6P,check,14
62051.01,1AiffGv47c2kUNQVVcH4ZCC1VWXezPTosQirmqMo1G9n6P,check,14
62111.01,1AiffGv47c2kUNQVVcH4ZCC1VWXezPTosQirmqMo1G9n6P,check,14
62171.01,1AiffGv47c2kUNQVVcH4ZCC1VWXezPTosQirmqMo1G9n6P,check,14
62231.01,1AiffGv47c2kUNQVVcH4ZCC1VWXezPTosQirmqMo1G9n6P,check,14
62291.01,1AiffGv47c2kUNQVVcH4ZCC1VWXezPTosQirmqMo1G9n6P,check,14
62351.01,1AiffGv47c2kUNQVVcH4ZCC1VWXezPTosQirmqMo1G9n6P,check,13
62411.01,1AiffGv47c2kUNQVVcH4ZCC1VWXezPTosQirmqMo1G9n6P,check,14
62471.01,1AiffGv47c2kUNQVVcH4ZCC1VWXezPTosQirmqMo1G9n6P,check,14
62531.01,1AiffGv47c2kUNQVVcH4ZCC1VWXezPTosQirmqMo1G9n6P,check,14
62591.01,1AiffGv47c2kUNQVVcH4ZCC1VWXezPTosQirmqMo1G9n6P,check,14
62651.008,1AiffGv47c2kUNQVVcH4ZCC1VWXezPTosQirmqMo1G9n6P,check,14
62711.008,1AiffGv47c2kUNQVVcH4ZCC1VWXezPTosQirmqMo1G9n6P,check,14
62771.004,1AiffGv47c2kUNQVVcH4ZCC1VWXezPTosQirmqMo1G9n6P,check,14
62831.004,1AiffGv47c2kUNQVVcH4ZCC1VWXezPTosQirmqMo1G9n6P,check,14
62891.008,1AiffGv47c2kUNQVVcH4ZCC1VWXezPTosQirmqMo1G9n6P,check,14
62951.01,1AiffGv47c2kUNQVVcH4ZCC1VWXezPTosQirmqMo1G9n6P,check,14
63011.01,1AiffGv47c2kUNQVVcH4ZCC1VWXezPTosQirmqMo1G9n6P,check,14
63071.01,1AiffGv47c2kUNQVVcH4ZCC1VWXezPTosQirmqMo1G9n6P,check,14
63131.01,1AiffGv47c2kUNQVVcH4ZCC1VWXezPTosQirmqMo1G9n6P,check,14
63191.01,1AiffGv47c2kUNQVVcH4ZCC1VWXezPTosQirmqMo1G9n6P,check,14
63251.01,1AiffGv47c2kUNQVVcH4ZCC1VWXezPTosQirmqMo1G9n6P,check,14
63311.016,1AiffGv47c2kUNQVVcH4ZCC1VWXezPTosQirmqMo1G9n6P,check,14
63371.01,1AiffGv47c2kUNQVVcH4ZCC1VWXezPTosQirmqMo1G9n6P,check,14
63431.01,1AiffGv47c2kUNQVVcH4ZCC1VWXezPTosQirmqMo1G9n6P,check,14
63491.01,1AiffGv47c2kUNQVVcH4ZCC1VWXezPTosQirmqMo1G9n6P,check,14
63551.01,1AiffGv47c2kUNQVVcH4ZCC1VWXezPTosQirmqMo1G9n6P,check,14
63611.01,1AiffGv47c2kUNQVVcH4ZCC1VWXezPTosQirmqMo1G9n6P,check,14
63671.01,1AiffGv47c2kUNQVVcH4ZCC1VWXezPTosQirmqMo1G9n6P,check,14
63731.016,1AiffGv47c2kUNQVVcH4ZCC1VWXezPTosQirmqMo1G9n6P,check,13
63791.016,1AiffGv47c2kUNQVVcH4ZCC1VWXezPTosQirmqMo1G9n6P,check,14
63851.01,1AiffGv47c2kUNQVVcH4ZCC1VWXezPTosQirmqMo1G9n6P,check,13
63911.016,1AiffGv47c2kUNQVVcH4ZCC1VWXezPTosQirmqMo1G9n6P,check,14
63971.01,1AiffGv47c2kUNQVVcH4ZCC1VWXezPTosQirmqMo1G9n6P,check,14
64031.01,1AiffGv47c2kUNQVVcH4ZCC1VWXezPTosQirmqMo1G9n6P,check,14
64091.01,1AiffGv47c2kUNQVVcH4ZCC1VWXezPTosQirmqMo1G9n6P,check,14
64151.01,1AiffGv47c2kUNQVVcH4ZCC1VWXezPTosQirmqMo1G9n6P,check,14
64211.01,1AiffGv47c2kUNQVVcH4ZCC1VWXezPTosQirmqMo1G9n6P,check,14
64271.01,1AiffGv47c2kUNQVVcH4ZCC1VWXezPTosQirmqMo1G9n6P,check,14
64331.01,1AiffGv47c2kUNQVVcH4ZCC1VWXezPTosQirmqMo1G9n6P,check,14
64391.01,1AiffGv47c2kUNQVVcH4ZCC1VWXezPTosQirmqMo1G9n6P,check,14
64451.01,1AiffGv47c2kUNQVVcH4ZCC1VWXezPTosQirmqMo1G9n6P,check,14
64511.01,1AiffGv47c2kUNQVVcH4ZCC1VWXezPTosQirmqMo1G9n6P,check,14
64571.01,1AiffGv47c2kUNQVVcH4ZCC1VWXezPTosQirmqMo1G9n6P,check,14
64631.01,1AiffGv47c2kUNQVVcH4ZCC1VWXezPTosQirmqMo1G9n6P,check,14
64691.016,1AiffGv47c2kUNQVVcH4ZCC1VWXezPTosQirmqMo1G9n6P,check,12
64751.01,1AiffGv47c2kUNQVVcH4ZCC1VWXezPTosQirmqMo1G9n6P,check,14
64811.01,1AiffGv47c2kUNQVVcH4ZCC1VWXezPTosQirmqMo1G9n6P,check,14
64871.01,1AiffGv47c2kUNQVVcH4ZCC1VWXezPTosQirmqMo1G9n6P,check,14
64931.016,1AiffGv47c2kUNQVVcH4ZCC1VWXezPTosQirmqMo1G9n6P,check,14
64991.01,1AiffGv47c2kUNQVVcH4ZCC1VWXezPTosQirmqMo1G9n6P,check,14
65051.01,1AiffGv47c2kUNQVVcH4ZCC1VWXezPTosQirmqMo1G9n6P,check,14
65111.01,1AiffGv47c2kUNQVVcH4ZCC1VWXezPTosQirmqMo1G9n6P,check,14
65171.01,1AiffGv47c2kUNQVVcH4ZCC1VWXezPTosQirmqMo1G9n6P,check,14
65231.01,1AiffGv47c2kUNQVVcH4ZCC1VWXezPTosQirmqMo1G9n6P,check,14
65291.01,1AiffGv47c2kUNQVVcH4ZCC1VWXezPTosQirmqMo1G9n6P,check,14
65351.008,1AiffGv47c2kUNQVVcH4ZCC1VWXezPTosQirmqMo1G9n6P,check,14
65411.01,1AiffGv47c2kUNQVVcH4ZCC1VWXezPTosQirmqMo1G9n6P,check,14
65471.01,1AiffGv47c2kUNQVVcH4ZCC1VWXezPTosQirmqMo1G9n6P,check,14
65531.01,1AiffGv47c2kUNQVVcH4ZCC1VWXezPTosQirmqMo1G9n6P,check,14
65591.016,1AiffGv47c2kUNQVVcH4ZCC1VWXezPTosQirmqMo1G9n6P,check,14
65651.016,1AiffGv47c2kUNQVVcH4ZCC1VWXezPTosQirmqMo1G9n6P,check,14
65711.016,1AiffGv47c2kUNQVVcH4ZCC1VWXezPTosQirmqMo1G9n6P,check,14
65771.016,1AiffGv47c2kUNQVVcH4ZCC1VWXezPTosQirmqMo1G9n6P,check,14
65831.016,1AiffGv47c2kUNQVVcH4ZCC1VWXezPTosQirmqMo1G9n6P,check,14
65891.01,1AiffGv47c2kUNQVVcH4ZCC1VWXezPTosQirmqMo1G9n6P,check,14
65951.016,1AiffGv47c2kUNQVVcH4ZCC1VWXezPTosQirmqMo1G9n6P,check,14
66011.016,1AiffGv47c2kUNQVVcH4ZCC1VWXezPTosQirmqMo1G9n6P,check,14
66071.016,1AiffGv47c2kUNQVVcH4ZCC1VWXezPTosQirmqMo1G9n6P,check,14
66131.01,1AiffGv47c2kUNQVVcH4ZCC1VWXezPTosQirmqMo1G9n6P,check,14
66191.016,1AiffGv47c2kUNQVVcH4ZCC1VWXezPTosQirmqMo1G9n6P,check,13
66251.016,1AiffGv47c2kUNQVVcH4ZCC1VWXezPTosQirmqMo1G9n6P,check,14
66311.016,1AiffGv47c2kUNQVVcH4ZCC1VWXezPTosQirmqMo1G9n6P,check,14
66371.016,1AiffGv47c2kUNQVVcH4ZCC1VWXezPTosQirmqMo1G9n6P,check,14
66431.016,1AiffGv47c2kUNQVVcH4ZCC1VWXezPTosQirmqMo1G9n6P,check,14
66491.016,1AiffGv47c2kUNQVVcH4ZCC1VWXezPTosQirmqMo1G9n6P,check,14
66551.016,1AiffGv47c2kUNQVVcH4ZCC1VWXezPTosQirmqMo1G9n6P,check,14
66611.016,1AiffGv47c2kUNQVVcH4ZCC1VWXezPTosQirmqMo1G9n6P,check,14
66671.016,1AiffGv47c2kUNQVVcH4ZCC1VWXezPTosQirmqMo1G9n6P,check,14
66731.016,1AiffGv47c2kUNQVVcH4ZCC1VWXezPTosQirmqMo1G9n6P,check,14
66791.016,1AiffGv47c2kUNQVVcH4ZCC1VWXezPTosQirmqMo1G9n6P,check,14
66851.016,1AiffGv47c2kUNQVVcH4ZCC1VWXezPTosQirmqMo1G9n6P,check,14
66911.016,1AiffGv47c2kUNQVVcH4ZCC1VWXezPTosQirmqMo1G9n6P,check,13
66971.016,1AiffGv47c2kUNQVVcH4ZCC1VWXezPTosQirmqMo1G9n6P,check,12
67031.016,1AiffGv47c2kUNQVVcH4ZCC1VWXezPTosQirmqMo1G9n6P,check,11
67091.01,1AiffGv47c2kUNQVVcH4ZCC1VWXezPTosQirmqMo1G9n6P,check,14
67151.016,1AiffGv47c2kUNQVVcH4ZCC1VWXezPTosQirmqMo1G9n6P,check,14
67211.01,1AiffGv47c2kUNQVVcH4ZCC1VWXezPTosQirmqMo1G9n6P,check,14
67271.016,1AiffGv47c2kUNQVVcH4ZCC1VWXezPTosQirmqMo1G9n6P,check,14
67331.016,1AiffGv47c2kUNQVVcH4ZCC1VWXezPTosQirmqMo1G9n6P,check,14
67391.016,1AiffGv47c2kUNQVVcH4ZCC1VWXezPTosQirmqMo1G9n6P,check,14
67451.016,1AiffGv47c2kUNQVVcH4ZCC1VWXezPTosQirmqMo1G9n6P,check,14
67511.016,1AiffGv47c2kUNQVVcH4ZCC1VWXezPTosQirmqMo1G9n6P,check,14
67571.01,1AiffGv47c2kUNQVVcH4ZCC1VWXezPTosQirmqMo1G9n6P,check,13
67631.016,1AiffGv47c2kUNQVVcH4ZCC1VWXezPTosQirmqMo1G9n6P,check,14
67691.016,1AiffGv47c2kUNQVVcH4ZCC1VWXezPTosQirmqMo1G9n6P,check,13
67751.016,1AiffGv47c2kUNQVVcH4ZCC1VWXezPTosQirmqMo1G9n6P,check,14
67811.016,1AiffGv47c2kUNQVVcH4ZCC1VWXezPTosQirmqMo1G9n6P,check,14
67871.016,1AiffGv47c2kUNQVVcH4ZCC1VWXezPTosQirmqMo1G9n6P,check,14
67931.016,1AiffGv47c2kUNQVVcH4ZCC1VWXezPTosQirmqMo1G9n6P,check,12
67991.01,1AiffGv47c2kUNQVVcH4ZCC1VWXezPTosQirmqMo1G9n6P,check,14
68051.016,1AiffGv47c2kUNQVVcH4ZCC1VWXezPTosQirmqMo1G9n6P,check,14
68111.016,1AiffGv47c2kUNQVVcH4ZCC1VWXezPTosQirmqMo1G9n6P,check,14
68171.016,1AiffGv47c2kUNQVVcH4ZCC1VWXezPTosQirmqMo1G9n6P,check,14
68231.016,1AiffGv47c2kUNQVVcH4ZCC1VWXezPTosQirmqMo1G9n6P,check,11
68291.016,1AiffGv47c2kUNQVVcH4ZCC1VWXezPTosQirmqMo1G9n6P,check,10
68351.016,1AiffGv47c2kUNQVVcH4ZCC1VWXezPTosQirmqMo1G9n6P,check,10
68411.016,1AiffGv47c2kUNQVVcH4ZCC1VWXezPTosQirmqMo1G9n6P,check,10
68471.016,1AiffGv47c2kUNQVVcH4ZCC1VWXezPTosQirmqMo1G9n6P,check,10
68531.016,1AiffGv47c2kUNQVVcH4ZCC1VWXezPTosQirmqMo1G9n6P,check,10
68591.016,1AiffGv47c2kUNQVVcH4ZCC1VWXezPTosQirmqMo1G9n6P,check,10
68651.016,1AiffGv47c2kUNQVVcH4ZCC1VWXezPTosQirmqMo1G9n6P,check,14
68711.016,1AiffGv47c2kUNQVVcH4ZCC1VWXezPTosQirmqMo1G9n6P,check,10
68771.016,1AiffGv47c2kUNQVVcH4ZCC1VWXezPTosQirmqMo1G9n6P,check,10
68831.016,1AiffGv47c2kUNQVVcH4ZCC1VWXezPTosQirmqMo1G9n6P,check,13
68891.016,1AiffGv47c2kUNQVVcH4ZCC1VWXezPTosQirmqMo1G9n6P,check,13
68951.016,1AiffGv47c2kUNQVVcH4ZCC1VWXezPTosQirmqMo1G9n6P,check,14
69011.016,1AiffGv47c2kUNQVVcH4ZCC1VWXezPTosQirmqMo1G9n6P,check,14
69071.01,1AiffGv47c2kUNQVVcH4ZCC1VWXezPTosQirmqMo1G9n6P,check,14
69131.016,1AiffGv47c2kUNQVVcH4ZCC1VWXezPTosQirmqMo1G9n6P,check,13
69191.016,1AiffGv47c2kUNQVVcH4ZCC1VWXezPTosQirmqMo1G9n6P,check,13
69251.016,1AiffGv47c2kUNQVVcH4ZCC1VWXezPTosQirmqMo1G9n6P,check,13
69311.016,1AiffGv47c2kUNQVVcH4ZCC1VWXezPTosQirmqMo1G9n6P,check,13
69371.016,1AiffGv47c2kUNQVVcH4ZCC1VWXezPTosQirmqMo1G9n6P,check,14
69431.016,1AiffGv47c2kUNQVVcH4ZCC1VWXezPTosQirmqMo1G9n6P,check,14
69491.01,1AiffGv47c2kUNQVVcH4ZCC1VWXezPTosQirmqMo1G9n6P,check,14
69551.016,1AiffGv47c2kUNQVVcH4ZCC1VWXezPTosQirmqMo1G9n6P,check,14
69611.016,1AiffGv47c2kUNQVVcH4ZCC1VWXezPTosQirmqMo1G9n6P,check,14
69671.016,1AiffGv47c2kUNQVVcH4ZCC1VWXezPTosQirmqMo1G9n6P,check,14
69731.016,1AiffGv47c2kUNQVVcH4ZCC1VWXezPTosQirmqMo1G9n6P,check,14
69791.016,1AiffGv47c2kUNQVVcH4ZCC1VWXezPTosQirmqMo1G9n6P,check,14
69851.016,1AiffGv47c2kUNQVVcH4ZCC1VWXezPTosQirmqMo1G9n6P,check,14
69911.016,1AiffGv47c2kUNQVVcH4ZCC1VWXezPTosQirmqMo1G9n6P,check,14
69971.016,1AiffGv47c2kUNQVVcH4ZCC1VWXezPTosQirmqMo1G9n6P,check,13
70031.016,1AiffGv47c2kUNQVVcH4ZCC1VWXezPTosQirmqMo1G9n6P,check,14
70091.016,1AiffGv47c2kUNQVVcH4ZCC1VWXezPTosQirmqMo1G9n6P,check,12
70151.016,1AiffGv47c2kUNQVVcH4ZCC1VWXezPTosQirmqMo1G9n6P,check,11
70211.01,1AiffGv47c2kUNQVVcH4ZCC1VWXezPTosQirmqMo1G9n6P,check,12
70271.016,1AiffGv47c2kUNQVVcH4ZCC1VWXezPTosQirmqMo1G9n6P,check,13
70331.016,1AiffGv47c2kUNQVVcH4ZCC1VWXezPTosQirmqMo1G9n6P,check,13
70391.016,1AiffGv47c2kUNQVVcH4ZCC1VWXezPTosQirmqMo1G9n6P,check,14
70451.016,1AiffGv47c2kUNQVVcH4ZCC1VWXezPTosQirmqMo1G9n6P,check,11
70511.01,1AiffGv47c2kUNQVVcH4ZCC1VWXezPTosQirmqMo1G9n6P,check,14
70571.016,1AiffGv47c2kUNQVVcH4ZCC1VWXezPTosQirmqMo1G9n6P,check,12
70631.016,1AiffGv47c2kUNQVVcH4ZCC1VWXezPTosQirmqMo1G9n6P,check,10
70691.016,1AiffGv47c2kUNQVVcH4ZCC1VWXezPTosQirmqMo1G9n6P,check,10
70751.016,1AiffGv47c2kUNQVVcH4ZCC1VWXezPTosQirmqMo1G9n6P,check,10
70811.016,1AiffGv47c2kUNQVVcH4ZCC1VWXezPTosQirmqMo1G9n6P,check,10
70871.016,1AiffGv47c2kUNQVVcH4ZCC1VWXezPTosQirmqMo1G9n6P,check,10
70931.016,1AiffGv47c2kUNQVVcH4ZCC1VWXezPTosQirmqMo1G9n6P,check,10
70991.016,1AiffGv47c2kUNQVVcH4ZCC1VWXezPTosQirmqMo1G9n6P,check,14
71051.016,1AiffGv47c2kUNQVVcH4ZCC1VWXezPTosQirmqMo1G9n6P,check,13
71111.016,1AiffGv47c2kUNQVVcH4ZCC1VWXezPTosQirmqMo1G9n6P,check,13
71171.016,1AiffGv47c2kUNQVVcH4ZCC1VWXezPTosQirmqMo1G9n6P,check,13
71231.01,1AiffGv47c2kUNQVVcH4ZCC1VWXezPTosQirmqMo1G9n6P,check,12
71291.01,1AiffGv47c2kUNQVVcH4ZCC1VWXezPTosQirmqMo1G9n6P,check,14
71351.01,1AiffGv47c2kUNQVVcH4ZCC1VWXezPTosQirmqMo1G9n6P,check,12
71411.01,1AiffGv47c2kUNQVVcH4ZCC1VWXezPTosQirmqMo1G9n6P,check,13
71471.016,1AiffGv47c2kUNQVVcH4ZCC1VWXezPTosQirmqMo1G9n6P,check,12
71531.016,1AiffGv47c2kUNQVVcH4ZCC1VWXezPTosQirmqMo1G9n6P,check,12
71591.016,1AiffGv47c2kUNQVVcH4ZCC1VWXezPTosQirmqMo1G9n6P,check,11
71651.016,1AiffGv47c2kUNQVVcH4ZCC1VWXezPTosQirmqMo1G9n6P,check,13
71711.016,1AiffGv47c2kUNQVVcH4ZCC1VWXezPTosQirmqMo1G9n6P,check,12
71771.016,1AiffGv47c2kUNQVVcH4ZCC1VWXezPTosQirmqMo1G9n6P,check,14
71831.016,1AiffGv47c2kUNQVVcH4ZCC1VWXezPTosQirmqMo1G9n6P,check,14
71891.016,1AiffGv47c2kUNQVVcH4ZCC1VWXezPTosQirmqMo1G9n6P,check,13
71951.016,1AiffGv47c2kUNQVVcH4ZCC1VWXezPTosQirmqMo1G9n6P,check,14
