71.01056,1AjxC4eZxmbWmPW8m383Uakyz7YHaeEhrJdJmUEnjxfJgP,check,18
128.04848,1AjxC4eZxmbWmPW8m383Uakyz7YHaeEhrJdJmUEnjxfJgP,check,20
183.56276,1AjxC4eZxmbWmPW8m383Uakyz7YHaeEhrJdJmUEnjxfJgP,check,20
248.36281,1AjxC4eZxmbWmPW8m383Uakyz7YHaeEhrJdJmUEnjxfJgP,check,19
302.6785,1AjxC4eZxmbWmPW8m383Uakyz7YHaeEhrJdJmUEnjxfJgP,check,20
371.0086,1AjxC4eZxmbWmPW8m383Uakyz7YHaeEhrJdJmUEnjxfJgP,check,19
422.60834,1AjxC4eZxmbWmPW8m383Uakyz7YHaeEhrJdJmUEnjxfJgP,check,20
482.49277,1AjxC4eZxmbWmPW8m383Uakyz7YHaeEhrJdJmUEnjxfJgP,check,20
543.0154,1AjxC4eZxmbWmPW8m383Uakyz7YHaeEhrJdJmUEnjxfJgP,check,20
604.4938,1AjxC4eZxmbWmPW8m383Uakyz7YHaeEhrJdJmUEnjxfJgP,check,20
671.0056,1AjxC4eZxmbWmPW8m383Uakyz7YHaeEhrJdJmUEnjxfJgP,check,18
731.0115,1AjxC4eZxmbWmPW8m383Uakyz7YHaeEhrJdJmUEnjxfJgP,check,18
791.0088,1AjxC4eZxmbWmPW8m383Uakyz7YHaeEhrJdJmUEnjxfJgP,check,19
851.0081,1AjxC4eZxmbWmPW8m383Uakyz7YHaeEhrJdJmUEnjxfJgP,check,18
904.9043,1AjxC4eZxmbWmPW8m383Uakyz7YHaeEhrJdJmUEnjxfJgP,check,20
961.95325,1AjxC4eZxmbWmPW8m383Uakyz7YHaeEhrJdJmUEnjxfJgP,check,20
1031.0045,1AjxC4eZxmbWmPW8m383Uakyz7YHaeEhrJdJmUEnjxfJgP,check,19
1083.115,1AjxC4eZxmbWmPW8m383Uakyz7YHaeEhrJdJmUEnjxfJgP,check,20
1151.0035,1AjxC4eZxmbWmPW8m383Uakyz7YHaeEhrJdJmUEnjxfJgP,check,19
1211.0016,1AjxC4eZxmbWmPW8m383Uakyz7YHaeEhrJdJmUEnjxfJgP,check,19
1271.0027,1AjxC4eZxmbWmPW8m383Uakyz7YHaeEhrJdJmUEnjxfJgP,check,19
1331.0052,1AjxC4eZxmbWmPW8m383Uakyz7YHaeEhrJdJmUEnjxfJgP,check,19
1391.0061,1AjxC4eZxmbWmPW8m383Uakyz7YHaeEhrJdJmUEnjxfJgP,check,19
1451.007,1AjxC4eZxmbWmPW8m383Uakyz7YHaeEhrJdJmUEnjxfJgP,check,18
1511.0068,1AjxC4eZxmbWmPW8m383Uakyz7YHaeEhrJdJmUEnjxfJgP,check,19
1571.0098,1AjxC4eZxmbWmPW8m383Uakyz7YHaeEhrJdJmUEnjxfJgP,check,17
1631.0022,1AjxC4eZxmbWmPW8m383Uakyz7YHaeEhrJdJmUEnjxfJgP,check,19
1691.0085,1AjxC4eZxmbWmPW8m383Uakyz7YHaeEhrJdJmUEnjxfJgP,check,19
1751.0054,1AjxC4eZxmbWmPW8m383Uakyz7YHaeEhrJdJmUEnjxfJgP,check,19
1811.0056,1AjxC4eZxmbWmPW8m383Uakyz7YHaeEhrJdJmUEnjxfJgP,check,19
1871.0043,1AjxC4eZxmbWmPW8m383Uakyz7YHaeEhrJdJmUEnjxfJgP,check,19
1931.007,1AjxC4eZxmbWmPW8m383Uakyz7YHaeEhrJdJmUEnjxfJgP,check,19
1991.004,1AjxC4eZxmbWmPW8m383Uakyz7YHaeEhrJdJmUEnjxfJgP,check,19
2051.003,1AjxC4eZxmbWmPW8m383Uakyz7YHaeEhrJdJmUEnjxfJgP,check,19
2111.0078,1AjxC4eZxmbWmPW8m383Uakyz7YHaeEhrJdJmUEnjxfJgP,check,18
2171.005,1AjxC4eZxmbWmPW8m383Uakyz7YHaeEhrJdJmUEnjxfJgP,check,19
2231.0068,1AjxC4eZxmbWmPW8m383Uakyz7YHaeEhrJdJmUEnjxfJgP,check,19
2291.0078,1AjxC4eZxmbWmPW8m383Uakyz7YHaeEhrJdJmUEnjxfJgP,check,19
2351.0056,1AjxC4eZxmbWmPW8m383Uakyz7YHaeEhrJdJmUEnjxfJgP,check,18
2411.0032,1AjxC4eZxmbWmPW8m383Uakyz7YHaeEhrJdJmUEnjxfJgP,check,19
2471.0046,1AjxC4eZxmbWmPW8m383Uakyz7YHaeEhrJdJmUEnjxfJgP,check,18
2531.011,1AjxC4eZxmbWmPW8m383Uakyz7YHaeEhrJdJmUEnjxfJgP,check,19
2591.0059,1AjxC4eZxmbWmPW8m383Uakyz7YHaeEhrJdJmUEnjxfJgP,check,17
2651.0044,1AjxC4eZxmbWmPW8m383Uakyz7YHaeEhrJdJmUEnjxfJgP,check,19
2711.0056,1AjxC4eZxmbWmPW8m383Uakyz7YHaeEhrJdJmUEnjxfJgP,check,19
2771.0078,1AjxC4eZxmbWmPW8m383Uakyz7YHaeEhrJdJmUEnjxfJgP,check,19
2831.0083,1AjxC4eZxmbWmPW8m383Uakyz7YHaeEhrJdJmUEnjxfJgP,check,19
2891.0059,1AjxC4eZxmbWmPW8m383Uakyz7YHaeEhrJdJmUEnjxfJgP,check,18
2951.0068,1AjxC4eZxmbWmPW8m383Uakyz7YHaeEhrJdJmUEnjxfJgP,check,19
3011.0085,1AjxC4eZxmbWmPW8m383Uakyz7YHaeEhrJdJmUEnjxfJgP,check,18
3071.0076,1AjxC4eZxmbWmPW8m383Uakyz7YHaeEhrJdJmUEnjxfJgP,check,19
3131.0042,1AjxC4eZxmbWmPW8m383Uakyz7YHaeEhrJdJmUEnjxfJgP,check,19
3191.0093,1AjxC4eZxmbWmPW8m383Uakyz7YHaeEhrJdJmUEnjxfJgP,check,19
3251.0068,1AjxC4eZxmbWmPW8m383Uakyz7YHaeEhrJdJmUEnjxfJgP,check,19
3311.0073,1AjxC4eZxmbWmPW8m383Uakyz7YHaeEhrJdJmUEnjxfJgP,check,19
3371.0083,1AjxC4eZxmbWmPW8m383Uakyz7YHaeEhrJdJmUEnjxfJgP,check,19
3431.004,1AjxC4eZxmbWmPW8m383Uakyz7YHaeEhrJdJmUEnjxfJgP,check,19
3491.0056,1AjxC4eZxmbWmPW8m383Uakyz7YHaeEhrJdJmUEnjxfJgP,check,19
3551.0088,1AjxC4eZxmbWmPW8m383Uakyz7YHaeEhrJdJmUEnjxfJgP,check,19
3611.0046,1AjxC4eZxmbWmPW8m383Uakyz7YHaeEhrJdJmUEnjxfJgP,check,19
3671.006,1AjxC4eZxmbWmPW8m383Uakyz7YHaeEhrJdJmUEnjxfJgP,check,19
3731.0056,1AjxC4eZxmbWmPW8m383Uakyz7YHaeEhrJdJmUEnjxfJgP,check,19
3791.0034,1AjxC4eZxmbWmPW8m383Uakyz7YHaeEhrJdJmUEnjxfJgP,check,19
3851.0078,1AjxC4eZxmbWmPW8m383Uakyz7YHaeEhrJdJmUEnjxfJgP,check,18
3911.0073,1AjxC4eZxmbWmPW8m383Uakyz7YHaeEhrJdJmUEnjxfJgP,check,18
3971.0073,1AjxC4eZxmbWmPW8m383Uakyz7YHaeEhrJdJmUEnjxfJgP,check,19
4031.0044,1AjxC4eZxmbWmPW8m383Uakyz7YHaeEhrJdJmUEnjxfJgP,check,19
4091.0042,1AjxC4eZxmbWmPW8m383Uakyz7YHaeEhrJdJmUEnjxfJgP,check,19
4151.0054,1AjxC4eZxmbWmPW8m383Uakyz7YHaeEhrJdJmUEnjxfJgP,check,19
4211.0054,1AjxC4eZxmbWmPW8m383Uakyz7YHaeEhrJdJmUEnjxfJgP,check,19
4271.006,1AjxC4eZxmbWmPW8m383Uakyz7YHaeEhrJdJmUEnjxfJgP,check,19
4331.0024,1AjxC4eZxmbWmPW8m383Uakyz7YHaeEhrJdJmUEnjxfJgP,check,19
4391.0044,1AjxC4eZxmbWmPW8m383Uakyz7YHaeEhrJdJmUEnjxfJgP,check,19
4451.004,1AjxC4eZxmbWmPW8m383Uakyz7YHaeEhrJdJmUEnjxfJgP,check,18
4511.004,1AjxC4eZxmbWmPW8m383Uakyz7YHaeEhrJdJmUEnjxfJgP,check,19
4571.0034,1AjxC4eZxmbWmPW8m383Uakyz7YHaeEhrJdJmUEnjxfJgP,check,19
4631.0073,1AjxC4eZxmbWmPW8m383Uakyz7YHaeEhrJdJmUEnjxfJgP,check,18
4691.0137,1AjxC4eZxmbWmPW8m383Uakyz7YHaeEhrJdJmUEnjxfJgP,check,19
4751.0024,1AjxC4eZxmbWmPW8m383Uakyz7YHaeEhrJdJmUEnjxfJgP,check,19
4811.0117,1AjxC4eZxmbWmPW8m383Uakyz7YHaeEhrJdJmUEnjxfJgP,check,18
4871.006,1AjxC4eZxmbWmPW8m383Uakyz7YHaeEhrJdJmUEnjxfJgP,check,19
4931.0225,1AjxC4eZxmbWmPW8m383Uakyz7YHaeEhrJdJmUEnjxfJgP,check,18
4991.0083,1AjxC4eZxmbWmPW8m383Uakyz7YHaeEhrJdJmUEnjxfJgP,check,19
5051.0024,1AjxC4eZxmbWmPW8m383Uakyz7YHaeEhrJdJmUEnjxfJgP,check,19
5111.0034,1AjxC4eZxmbWmPW8m383Uakyz7YHaeEhrJdJmUEnjxfJgP,check,19
5171.01,1AjxC4eZxmbWmPW8m383Uakyz7YHaeEhrJdJmUEnjxfJgP,check,18
5231.0225,1AjxC4eZxmbWmPW8m383Uakyz7YHaeEhrJdJmUEnjxfJgP,check,17
5291.0117,1AjxC4eZxmbWmPW8m383Uakyz7YHaeEhrJdJmUEnjxfJgP,check,18
5351.011,1AjxC4eZxmbWmPW8m383Uakyz7YHaeEhrJdJmUEnjxfJgP,check,18
5411.022,1AjxC4eZxmbWmPW8m383Uakyz7YHaeEhrJdJmUEnjxfJgP,check,16
5471.022,1AjxC4eZxmbWmPW8m383Uakyz7YHaeEhrJdJmUEnjxfJgP,check,18
5531.022,1AjxC4eZxmbWmPW8m383Uakyz7YHaeEhrJdJmUEnjxfJgP,check,18
5591.011,1AjxC4eZxmbWmPW8m383Uakyz7YHaeEhrJdJmUEnjxfJgP,check,17
5651.0117,1AjxC4eZxmbWmPW8m383Uakyz7YHaeEhrJdJmUEnjxfJgP,check,18
5711.012,1AjxC4eZxmbWmPW8m383Uakyz7YHaeEhrJdJmUEnjxfJgP,check,18
5771.021,1AjxC4eZxmbWmPW8m383Uakyz7YHaeEhrJdJmUEnjxfJgP,check,18
5831.0117,1AjxC4eZxmbWmPW8m383Uakyz7YHaeEhrJdJmUEnjxfJgP,check,18
5891.011,1AjxC4eZxmbWmPW8m383Uakyz7YHaeEhrJdJmUEnjxfJgP,check,18
5951.0117,1AjxC4eZxmbWmPW8m383Uakyz7YHaeEhrJdJmUEnjxfJgP,check,18
6011.0215,1AjxC4eZxmbWmPW8m383Uakyz7YHaeEhrJdJmUEnjxfJgP,check,18
6071.0205,1AjxC4eZxmbWmPW8m383Uakyz7YHaeEhrJdJmUEnjxfJgP,check,18
6131.0225,1AjxC4eZxmbWmPW8m383Uakyz7YHaeEhrJdJmUEnjxfJgP,check,18
6191.0117,1AjxC4eZxmbWmPW8m383Uakyz7YHaeEhrJdJmUEnjxfJgP,check,17
6251.0103,1AjxC4eZxmbWmPW8m383Uakyz7YHaeEhrJdJmUEnjxfJgP,check,17
6311.0103,1AjxC4eZxmbWmPW8m383Uakyz7YHaeEhrJdJmUEnjxfJgP,check,18
6371.012,1AjxC4eZxmbWmPW8m383Uakyz7YHaeEhrJdJmUEnjxfJgP,check,18
6431.0103,1AjxC4eZxmbWmPW8m383Uakyz7YHaeEhrJdJmUEnjxfJgP,check,16
6491.0107,1AjxC4eZxmbWmPW8m383Uakyz7YHaeEhrJdJmUEnjxfJgP,check,18
6551.023,1AjxC4eZxmbWmPW8m383Uakyz7YHaeEhrJdJmUEnjxfJgP,check,18
6611.023,1AjxC4eZxmbWmPW8m383Uakyz7YHaeEhrJdJmUEnjxfJgP,check,18
6671.008,1AjxC4eZxmbWmPW8m383Uakyz7YHaeEhrJdJmUEnjxfJgP,check,18
6731.0225,1AjxC4eZxmbWmPW8m383Uakyz7YHaeEhrJdJmUEnjxfJgP,check,18
6791.0127,1AjxC4eZxmbWmPW8m383Uakyz7YHaeEhrJdJmUEnjxfJgP,check,17
6851.0107,1AjxC4eZxmbWmPW8m383Uakyz7YHaeEhrJdJmUEnjxfJgP,check,18
6911.0225,1AjxC4eZxmbWmPW8m383Uakyz7YHaeEhrJdJmUEnjxfJgP,check,18
6971.022,1AjxC4eZxmbWmPW8m383Uakyz7YHaeEhrJdJmUEnjxfJgP,check,18
7031.0083,1AjxC4eZxmbWmPW8m383Uakyz7YHaeEhrJdJmUEnjxfJgP,check,18
7091.0225,1AjxC4eZxmbWmPW8m383Uakyz7YHaeEhrJdJmUEnjxfJgP,check,18
7151.021,1AjxC4eZxmbWmPW8m383Uakyz7YHaeEhrJdJmUEnjxfJgP,check,18
7211.0225,1AjxC4eZxmbWmPW8m383Uakyz7YHaeEhrJdJmUEnjxfJgP,check,18
7271.0225,1AjxC4eZxmbWmPW8m383Uakyz7YHaeEhrJdJmUEnjxfJgP,check,18
7331.0215,1AjxC4eZxmbWmPW8m383Uakyz7YHaeEhrJdJmUEnjxfJgP,check,18
7391.0103,1AjxC4eZxmbWmPW8m383Uakyz7YHaeEhrJdJmUEnjxfJgP,check,18
7451.023,1AjxC4eZxmbWmPW8m383Uakyz7YHaeEhrJdJmUEnjxfJgP,check,18
7511.02,1AjxC4eZxmbWmPW8m383Uakyz7YHaeEhrJdJmUEnjxfJgP,check,18
7571.011,1AjxC4eZxmbWmPW8m383Uakyz7YHaeEhrJdJmUEnjxfJgP,check,18
7631.01,1AjxC4eZxmbWmPW8m383Uakyz7YHaeEhrJdJmUEnjxfJgP,check,17
7691.011,1AjxC4eZxmbWmPW8m383Uakyz7YHaeEhrJdJmUEnjxfJgP,check,16
7751.0117,1AjxC4eZxmbWmPW8m383Uakyz7YHaeEhrJdJmUEnjxfJgP,check,17
7811.0117,1AjxC4eZxmbWmPW8m383Uakyz7YHaeEhrJdJmUEnjxfJgP,check,17
7871.0234,1AjxC4eZxmbWmPW8m383Uakyz7YHaeEhrJdJmUEnjxfJgP,check,18
7931.0215,1AjxC4eZxmbWmPW8m383Uakyz7YHaeEhrJdJmUEnjxfJgP,check,18
7991.011,1AjxC4eZxmbWmPW8m383Uakyz7YHaeEhrJdJmUEnjxfJgP,check,18
8051.0093,1AjxC4eZxmbWmPW8m383Uakyz7YHaeEhrJdJmUEnjxfJgP,check,18
8111.0117,1AjxC4eZxmbWmPW8m383Uakyz7YHaeEhrJdJmUEnjxfJgP,check,18
8171.021,1AjxC4eZxmbWmPW8m383Uakyz7YHaeEhrJdJmUEnjxfJgP,check,18
8231.012,1AjxC4eZxmbWmPW8m383Uakyz7YHaeEhrJdJmUEnjxfJgP,check,18
8291.011,1AjxC4eZxmbWmPW8m383Uakyz7YHaeEhrJdJmUEnjxfJgP,check,18
8351.012,1AjxC4eZxmbWmPW8m383Uakyz7YHaeEhrJdJmUEnjxfJgP,check,18
8411.012,1AjxC4eZxmbWmPW8m383Uakyz7YHaeEhrJdJmUEnjxfJgP,check,17
8471.022,1AjxC4eZxmbWmPW8m383Uakyz7YHaeEhrJdJmUEnjxfJgP,check,18
8531.012,1AjxC4eZxmbWmPW8m383Uakyz7YHaeEhrJdJmUEnjxfJgP,check,18
8591.01,1AjxC4eZxmbWmPW8m383Uakyz7YHaeEhrJdJmUEnjxfJgP,check,18
8651.009,1AjxC4eZxmbWmPW8m383Uakyz7YHaeEhrJdJmUEnjxfJgP,check,18
8711.007,1AjxC4eZxmbWmPW8m383Uakyz7YHaeEhrJdJmUEnjxfJgP,check,19
8771.009,1AjxC4eZxmbWmPW8m383Uakyz7YHaeEhrJdJmUEnjxfJgP,check,19
8831.012,1AjxC4eZxmbWmPW8m383Uakyz7YHaeEhrJdJmUEnjxfJgP,check,18
8891.007,1AjxC4eZxmbWmPW8m383Uakyz7YHaeEhrJdJmUEnjxfJgP,check,19
8951.007,1AjxC4eZxmbWmPW8m383Uakyz7YHaeEhrJdJmUEnjxfJgP,check,19
9011.012,1AjxC4eZxmbWmPW8m383Uakyz7YHaeEhrJdJmUEnjxfJgP,check,18
9071.023,1AjxC4eZxmbWmPW8m383Uakyz7YHaeEhrJdJmUEnjxfJgP,check,18
9131.011,1AjxC4eZxmbWmPW8m383Uakyz7YHaeEhrJdJmUEnjxfJgP,check,18
9191.021,1AjxC4eZxmbWmPW8m383Uakyz7YHaeEhrJdJmUEnjxfJgP,check,17
9251.013,1AjxC4eZxmbWmPW8m383Uakyz7YHaeEhrJdJmUEnjxfJgP,check,18
9311.012,1AjxC4eZxmbWmPW8m383Uakyz7YHaeEhrJdJmUEnjxfJgP,check,17
9371.021,1AjxC4eZxmbWmPW8m383Uakyz7YHaeEhrJdJmUEnjxfJgP,check,16
9431.023,1AjxC4eZxmbWmPW8m383Uakyz7YHaeEhrJdJmUEnjxfJgP,check,16
9491.01,1AjxC4eZxmbWmPW8m383Uakyz7YHaeEhrJdJmUEnjxfJgP,check,19
9551.011,1AjxC4eZxmbWmPW8m383Uakyz7YHaeEhrJdJmUEnjxfJgP,check,19
9611.01,1AjxC4eZxmbWmPW8m383Uakyz7YHaeEhrJdJmUEnjxfJgP,check,19
9671.009,1AjxC4eZxmbWmPW8m383Uakyz7YHaeEhrJdJmUEnjxfJgP,check,18
9731.006,1AjxC4eZxmbWmPW8m383Uakyz7YHaeEhrJdJmUEnjxfJgP,check,19
9791.003,1AjxC4eZxmbWmPW8m383Uakyz7YHaeEhrJdJmUEnjxfJgP,check,17
9851.004,1AjxC4eZxmbWmPW8m383Uakyz7YHaeEhrJdJmUEnjxfJgP,check,17
9911.004,1AjxC4eZxmbWmPW8m383Uakyz7YHaeEhrJdJmUEnjxfJgP,check,18
9971.003,1AjxC4eZxmbWmPW8m383Uakyz7YHaeEhrJdJmUEnjxfJgP,check,18
10031.01,1AjxC4eZxmbWmPW8m383Uakyz7YHaeEhrJdJmUEnjxfJgP,check,18
10091.009,1AjxC4eZxmbWmPW8m383Uakyz7YHaeEhrJdJmUEnjxfJgP,check,18
10151.023,1AjxC4eZxmbWmPW8m383Uakyz7YHaeEhrJdJmUEnjxfJgP,check,16
10211.022,1AjxC4eZxmbWmPW8m383Uakyz7YHaeEhrJdJmUEnjxfJgP,check,18
10271.022,1AjxC4eZxmbWmPW8m383Uakyz7YHaeEhrJdJmUEnjxfJgP,check,18
10331.022,1AjxC4eZxmbWmPW8m383Uakyz7YHaeEhrJdJmUEnjxfJgP,check,18
10391.012,1AjxC4eZxmbWmPW8m383Uakyz7YHaeEhrJdJmUEnjxfJgP,check,18
10451.023,1AjxC4eZxmbWmPW8m383Uakyz7YHaeEhrJdJmUEnjxfJgP,check,18
10511.011,1AjxC4eZxmbWmPW8m383Uakyz7YHaeEhrJdJmUEnjxfJgP,check,18
10571.021,1AjxC4eZxmbWmPW8m383Uakyz7YHaeEhrJdJmUEnjxfJgP,check,18
10631.011,1AjxC4eZxmbWmPW8m383Uakyz7YHaeEhrJdJmUEnjxfJgP,check,17
10691.012,1AjxC4eZxmbWmPW8m383Uakyz7YHaeEhrJdJmUEnjxfJgP,check,17
10751.023,1AjxC4eZxmbWmPW8m383Uakyz7YHaeEhrJdJmUEnjxfJgP,check,17
10811.011,1AjxC4eZxmbWmPW8m383Uakyz7YHaeEhrJdJmUEnjxfJgP,check,17
10871.022,1AjxC4eZxmbWmPW8m383Uakyz7YHaeEhrJdJmUEnjxfJgP,check,17
10931.012,1AjxC4eZxmbWmPW8m383Uakyz7YHaeEhrJdJmUEnjxfJgP,check,18
10991.009,1AjxC4eZxmbWmPW8m383Uakyz7YHaeEhrJdJmUEnjxfJgP,check,18
11051.012,1AjxC4eZxmbWmPW8m383Uakyz7YHaeEhrJdJmUEnjxfJgP,check,18
11111.01,1AjxC4eZxmbWmPW8m383Uakyz7YHaeEhrJdJmUEnjxfJgP,check,18
11171.012,1AjxC4eZxmbWmPW8m383Uakyz7YHaeEhrJdJmUEnjxfJgP,check,18
11231.011,1AjxC4eZxmbWmPW8m383Uakyz7YHaeEhrJdJmUEnjxfJgP,check,18
11291.011,1AjxC4eZxmbWmPW8m383Uakyz7YHaeEhrJdJmUEnjxfJgP,check,18
11351.008,1AjxC4eZxmbWmPW8m383Uakyz7YHaeEhrJdJmUEnjxfJgP,check,18
11411.012,1AjxC4eZxmbWmPW8m383Uakyz7YHaeEhrJdJmUEnjxfJgP,check,18
11471.012,1AjxC4eZxmbWmPW8m383Uakyz7YHaeEhrJdJmUEnjxfJgP,check,18
11531.011,1AjxC4eZxmbWmPW8m383Uakyz7YHaeEhrJdJmUEnjxfJgP,check,18
11591.012,1AjxC4eZxmbWmPW8m383Uakyz7YHaeEhrJdJmUEnjxfJgP,check,18
11651.022,1AjxC4eZxmbWmPW8m383Uakyz7YHaeEhrJdJmUEnjxfJgP,check,18
11711.023,1AjxC4eZxmbWmPW8m383Uakyz7YHaeEhrJdJmUEnjxfJgP,check,17
11771.021,1AjxC4eZxmbWmPW8m383Uakyz7YHaeEhrJdJmUEnjxfJgP,check,18
11831.012,1AjxC4eZxmbWmPW8m383Uakyz7YHaeEhrJdJmUEnjxfJgP,check,18
11891.012,1AjxC4eZxmbWmPW8m383Uakyz7YHaeEhrJdJmUEnjxfJgP,check,17
11951.011,1AjxC4eZxmbWmPW8m383Uakyz7YHaeEhrJdJmUEnjxfJgP,check,18
12011.023,1AjxC4eZxmbWmPW8m383Uakyz7YHaeEhrJdJmUEnjxfJgP,check,18
12071.023,1AjxC4eZxmbWmPW8m383Uakyz7YHaeEhrJdJmUEnjxfJgP,check,18
12131.022,1AjxC4eZxmbWmPW8m383Uakyz7YHaeEhrJdJmUEnjxfJgP,check,18
12191.012,1AjxC4eZxmbWmPW8m383Uakyz7YHaeEhrJdJmUEnjxfJgP,check,17
12251.011,1AjxC4eZxmbWmPW8m383Uakyz7YHaeEhrJdJmUEnjxfJgP,check,18
12311.022,1AjxC4eZxmbWmPW8m383Uakyz7YHaeEhrJdJmUEnjxfJgP,check,18
12371.022,1AjxC4eZxmbWmPW8m383Uakyz7YHaeEhrJdJmUEnjxfJgP,check,18
12431.012,1AjxC4eZxmbWmPW8m383Uakyz7YHaeEhrJdJmUEnjxfJgP,check,17
12491.011,1AjxC4eZxmbWmPW8m383Uakyz7YHaeEhrJdJmUEnjxfJgP,check,16
12551.022,1AjxC4eZxmbWmPW8m383Uakyz7YHaeEhrJdJmUEnjxfJgP,check,18
12611.023,1AjxC4eZxmbWmPW8m383Uakyz7YHaeEhrJdJmUEnjxfJgP,check,18
12671.021,1AjxC4eZxmbWmPW8m383Uakyz7YHaeEhrJdJmUEnjxfJgP,check,18
12731.012,1AjxC4eZxmbWmPW8m383Uakyz7YHaeEhrJdJmUEnjxfJgP,check,18
12791.023,1AjxC4eZxmbWmPW8m383Uakyz7YHaeEhrJdJmUEnjxfJgP,check,18
12851.01,1AjxC4eZxmbWmPW8m383Uakyz7YHaeEhrJdJmUEnjxfJgP,check,18
12911.012,1AjxC4eZxmbWmPW8m383Uakyz7YHaeEhrJdJmUEnjxfJgP,check,18
12971.012,1AjxC4eZxmbWmPW8m383Uakyz7YHaeEhrJdJmUEnjxfJgP,check,18
13031.022,1AjxC4eZxmbWmPW8m383Uakyz7YHaeEhrJdJmUEnjxfJgP,check,17
13091.012,1AjxC4eZxmbWmPW8m383Uakyz7YHaeEhrJdJmUEnjxfJgP,check,17
13151.012,1AjxC4eZxmbWmPW8m383Uakyz7YHaeEhrJdJmUEnjxfJgP,check,18
13211.01,1AjxC4eZxmbWmPW8m383Uakyz7YHaeEhrJdJmUEnjxfJgP,check,17
13271.023,1AjxC4eZxmbWmPW8m383Uakyz7YHaeEhrJdJmUEnjxfJgP,check,17
13331.0205,1AjxC4eZxmbWmPW8m383Uakyz7YHaeEhrJdJmUEnjxfJgP,check,18
13391.011,1AjxC4eZxmbWmPW8m383Uakyz7YHaeEhrJdJmUEnjxfJgP,check,18
13451.011,1AjxC4eZxmbWmPW8m383Uakyz7YHaeEhrJdJmUEnjxfJgP,check,18
13511.012,1AjxC4eZxmbWmPW8m383Uakyz7YHaeEhrJdJmUEnjxfJgP,check,18
13571.011,1AjxC4eZxmbWmPW8m383Uakyz7YHaeEhrJdJmUEnjxfJgP,check,18
13631.021,1AjxC4eZxmbWmPW8m383Uakyz7YHaeEhrJdJmUEnjxfJgP,check,18
13691.012,1AjxC4eZxmbWmPW8m383Uakyz7YHaeEhrJdJmUEnjxfJgP,check,18
13751.021,1AjxC4eZxmbWmPW8m383Uakyz7YHaeEhrJdJmUEnjxfJgP,check,16
13811.012,1AjxC4eZxmbWmPW8m383Uakyz7YHaeEhrJdJmUEnjxfJgP,check,18
13871.021,1AjxC4eZxmbWmPW8m383Uakyz7YHaeEhrJdJmUEnjxfJgP,check,17
13931.012,1AjxC4eZxmbWmPW8m383Uakyz7YHaeEhrJdJmUEnjxfJgP,check,16
13991.012,1AjxC4eZxmbWmPW8m383Uakyz7YHaeEhrJdJmUEnjxfJgP,check,16
14051.012,1AjxC4eZxmbWmPW8m383Uakyz7YHaeEhrJdJmUEnjxfJgP,check,17
14111.012,1AjxC4eZxmbWmPW8m383Uakyz7YHaeEhrJdJmUEnjxfJgP,check,17
14171.0205,1AjxC4eZxmbWmPW8m383Uakyz7YHaeEhrJdJmUEnjxfJgP,check,18
14231.022,1AjxC4eZxmbWmPW8m383Uakyz7YHaeEhrJdJmUEnjxfJgP,check,17
14291.011,1AjxC4eZxmbWmPW8m383Uakyz7YHaeEhrJdJmUEnjxfJgP,check,18
14351.012,1AjxC4eZxmbWmPW8m383Uakyz7YHaeEhrJdJmUEnjxfJgP,check,18
14411.011,1AjxC4eZxmbWmPW8m383Uakyz7YHaeEhrJdJmUEnjxfJgP,check,18
14471.022,1AjxC4eZxmbWmPW8m383Uakyz7YHaeEhrJdJmUEnjxfJgP,check,17
14531.012,1AjxC4eZxmbWmPW8m383Uakyz7YHaeEhrJdJmUEnjxfJgP,check,16
14591.011,1AjxC4eZxmbWmPW8m383Uakyz7YHaeEhrJdJmUEnjxfJgP,check,16
14651.012,1AjxC4eZxmbWmPW8m383Uakyz7YHaeEhrJdJmUEnjxfJgP,check,16
14711.021,1AjxC4eZxmbWmPW8m383Uakyz7YHaeEhrJdJmUEnjxfJgP,check,18
14771.011,1AjxC4eZxmbWmPW8m383Uakyz7YHaeEhrJdJmUEnjxfJgP,check,17
14831.012,1AjxC4eZxmbWmPW8m383Uakyz7YHaeEhrJdJmUEnjxfJgP,check,17
14891.011,1AjxC4eZxmbWmPW8m383Uakyz7YHaeEhrJdJmUEnjxfJgP,check,18
14951.011,1AjxC4eZxmbWmPW8m383Uakyz7YHaeEhrJdJmUEnjxfJgP,check,18
15011.021,1AjxC4eZxmbWmPW8m383Uakyz7YHaeEhrJdJmUEnjxfJgP,check,18
15071.021,1AjxC4eZxmbWmPW8m383Uakyz7YHaeEhrJdJmUEnjxfJgP,check,17
15131.012,1AjxC4eZxmbWmPW8m383Uakyz7YHaeEhrJdJmUEnjxfJgP,check,18
15191.012,1AjxC4eZxmbWmPW8m383Uakyz7YHaeEhrJdJmUEnjxfJgP,check,18
15251.012,1AjxC4eZxmbWmPW8m383Uakyz7YHaeEhrJdJmUEnjxfJgP,check,18
15311.007,1AjxC4eZxmbWmPW8m383Uakyz7YHaeEhrJdJmUEnjxfJgP,check,19
15371.008,1AjxC4eZxmbWmPW8m383Uakyz7YHaeEhrJdJmUEnjxfJgP,check,19
15431.008,1AjxC4eZxmbWmPW8m383Uakyz7YHaeEhrJdJmUEnjxfJgP,check,18
15491.009,1AjxC4eZxmbWmPW8m383Uakyz7YHaeEhrJdJmUEnjxfJgP,check,17
15551.007,1AjxC4eZxmbWmPW8m383Uakyz7YHaeEhrJdJmUEnjxfJgP,check,18
15611.006,1AjxC4eZxmbWmPW8m383Uakyz7YHaeEhrJdJmUEnjxfJgP,check,19
15671.022,1AjxC4eZxmbWmPW8m383Uakyz7YHaeEhrJdJmUEnjxfJgP,check,17
15731.008,1AjxC4eZxmbWmPW8m383Uakyz7YHaeEhrJdJmUEnjxfJgP,check,19
15791.007,1AjxC4eZxmbWmPW8m383Uakyz7YHaeEhrJdJmUEnjxfJgP,check,18
15851.011,1AjxC4eZxmbWmPW8m383Uakyz7YHaeEhrJdJmUEnjxfJgP,check,18
15911.007,1AjxC4eZxmbWmPW8m383Uakyz7YHaeEhrJdJmUEnjxfJgP,check,19
15971.01,1AjxC4eZxmbWmPW8m383Uakyz7YHaeEhrJdJmUEnjxfJgP,check,19
16031.009,1AjxC4eZxmbWmPW8m383Uakyz7YHaeEhrJdJmUEnjxfJgP,check,19
16091.009,1AjxC4eZxmbWmPW8m383Uakyz7YHaeEhrJdJmUEnjxfJgP,check,18
16151.01,1AjxC4eZxmbWmPW8m383Uakyz7YHaeEhrJdJmUEnjxfJgP,check,17
16211.009,1AjxC4eZxmbWmPW8m383Uakyz7YHaeEhrJdJmUEnjxfJgP,check,17
16271.01,1AjxC4eZxmbWmPW8m383Uakyz7YHaeEhrJdJmUEnjxfJgP,check,17
16331.01,1AjxC4eZxmbWmPW8m383Uakyz7YHaeEhrJdJmUEnjxfJgP,check,18
16391.008,1AjxC4eZxmbWmPW8m383Uakyz7YHaeEhrJdJmUEnjxfJgP,check,18
16451.01,1AjxC4eZxmbWmPW8m383Uakyz7YHaeEhrJdJmUEnjxfJgP,check,17
16511.008,1AjxC4eZxmbWmPW8m383Uakyz7YHaeEhrJdJmUEnjxfJgP,check,19
16571.01,1AjxC4eZxmbWmPW8m383Uakyz7YHaeEhrJdJmUEnjxfJgP,check,17
16631.01,1AjxC4eZxmbWmPW8m383Uakyz7YHaeEhrJdJmUEnjxfJgP,check,19
16691.008,1AjxC4eZxmbWmPW8m383Uakyz7YHaeEhrJdJmUEnjxfJgP,check,19
16751.008,1AjxC4eZxmbWmPW8m383Uakyz7YHaeEhrJdJmUEnjxfJgP,check,18
16811.008,1AjxC4eZxmbWmPW8m383Uakyz7YHaeEhrJdJmUEnjxfJgP,check,19
16871.008,1AjxC4eZxmbWmPW8m383Uakyz7YHaeEhrJdJmUEnjxfJgP,check,19
16931.01,1AjxC4eZxmbWmPW8m383Uakyz7YHaeEhrJdJmUEnjxfJgP,check,17
16991.01,1AjxC4eZxmbWmPW8m383Uakyz7YHaeEhrJdJmUEnjxfJgP,check,18
17051.01,1AjxC4eZxmbWmPW8m383Uakyz7YHaeEhrJdJmUEnjxfJgP,check,18
17111.01,1AjxC4eZxmbWmPW8m383Uakyz7YHaeEhrJdJmUEnjxfJgP,check,18
17171.01,1AjxC4eZxmbWmPW8m383Uakyz7YHaeEhrJdJmUEnjxfJgP,check,19
17231.01,1AjxC4eZxmbWmPW8m383Uakyz7YHaeEhrJdJmUEnjxfJgP,check,18
17291.008,1AjxC4eZxmbWmPW8m383Uakyz7YHaeEhrJdJmUEnjxfJgP,check,19
17351.01,1AjxC4eZxmbWmPW8m383Uakyz7YHaeEhrJdJmUEnjxfJgP,check,19
17411.01,1AjxC4eZxmbWmPW8m383Uakyz7YHaeEhrJdJmUEnjxfJgP,check,19
17471.01,1AjxC4eZxmbWmPW8m383Uakyz7YHaeEhrJdJmUEnjxfJgP,check,19
17531.008,1AjxC4eZxmbWmPW8m383Uakyz7YHaeEhrJdJmUEnjxfJgP,check,19
17591.008,1AjxC4eZxmbWmPW8m383Uakyz7YHaeEhrJdJmUEnjxfJgP,check,17
17651.01,1AjxC4eZxmbWmPW8m383Uakyz7YHaeEhrJdJmUEnjxfJgP,check,17
17711.01,1AjxC4eZxmbWmPW8m383Uakyz7YHaeEhrJdJmUEnjxfJgP,check,19
17771.01,1AjxC4eZxmbWmPW8m383Uakyz7YHaeEhrJdJmUEnjxfJgP,check,18
17831.01,1AjxC4eZxmbWmPW8m383Uakyz7YHaeEhrJdJmUEnjxfJgP,check,17
17891.01,1AjxC4eZxmbWmPW8m383Uakyz7YHaeEhrJdJmUEnjxfJgP,check,18
17951.006,1AjxC4eZxmbWmPW8m383Uakyz7YHaeEhrJdJmUEnjxfJgP,check,18
18011.004,1AjxC4eZxmbWmPW8m383Uakyz7YHaeEhrJdJmUEnjxfJgP,check,18
18071.004,1AjxC4eZxmbWmPW8m383Uakyz7YHaeEhrJdJmUEnjxfJgP,check,19
18131.004,1AjxC4eZxmbWmPW8m383Uakyz7YHaeEhrJdJmUEnjxfJgP,check,19
18191.004,1AjxC4eZxmbWmPW8m383Uakyz7YHaeEhrJdJmUEnjxfJgP,check,19
18251.002,1AjxC4eZxmbWmPW8m383Uakyz7YHaeEhrJdJmUEnjxfJgP,check,19
18311.012,1AjxC4eZxmbWmPW8m383Uakyz7YHaeEhrJdJmUEnjxfJgP,check,19
18371.01,1AjxC4eZxmbWmPW8m383Uakyz7YHaeEhrJdJmUEnjxfJgP,check,19
18431.004,1AjxC4eZxmbWmPW8m383Uakyz7YHaeEhrJdJmUEnjxfJgP,check,19
18491.008,1AjxC4eZxmbWmPW8m383Uakyz7YHaeEhrJdJmUEnjxfJgP,check,18
18551.006,1AjxC4eZxmbWmPW8m383Uakyz7YHaeEhrJdJmUEnjxfJgP,check,19
18611.01,1AjxC4eZxmbWmPW8m383Uakyz7YHaeEhrJdJmUEnjxfJgP,check,18
18671.006,1AjxC4eZxmbWmPW8m383Uakyz7YHaeEhrJdJmUEnjxfJgP,check,19
18731.008,1AjxC4eZxmbWmPW8m383Uakyz7YHaeEhrJdJmUEnjxfJgP,check,19
18791.004,1AjxC4eZxmbWmPW8m383Uakyz7YHaeEhrJdJmUEnjxfJgP,check,19
18851.006,1AjxC4eZxmbWmPW8m383Uakyz7YHaeEhrJdJmUEnjxfJgP,check,19
18911.006,1AjxC4eZxmbWmPW8m383Uakyz7YHaeEhrJdJmUEnjxfJgP,check,19
18971.008,1AjxC4eZxmbWmPW8m383Uakyz7YHaeEhrJdJmUEnjxfJgP,check,19
19031.006,1AjxC4eZxmbWmPW8m383Uakyz7YHaeEhrJdJmUEnjxfJgP,check,19
19091.012,1AjxC4eZxmbWmPW8m383Uakyz7YHaeEhrJdJmUEnjxfJgP,check,18
19151.008,1AjxC4eZxmbWmPW8m383Uakyz7YHaeEhrJdJmUEnjxfJgP,check,19
19211.01,1AjxC4eZxmbWmPW8m383Uakyz7YHaeEhrJdJmUEnjxfJgP,check,18
19271.008,1AjxC4eZxmbWmPW8m383Uakyz7YHaeEhrJdJmUEnjxfJgP,check,18
19331.008,1AjxC4eZxmbWmPW8m383Uakyz7YHaeEhrJdJmUEnjxfJgP,check,18
19391.008,1AjxC4eZxmbWmPW8m383Uakyz7YHaeEhrJdJmUEnjxfJgP,check,18
19451.008,1AjxC4eZxmbWmPW8m383Uakyz7YHaeEhrJdJmUEnjxfJgP,check,19
19511.008,1AjxC4eZxmbWmPW8m383Uakyz7YHaeEhrJdJmUEnjxfJgP,check,19
19571.008,1AjxC4eZxmbWmPW8m383Uakyz7YHaeEhrJdJmUEnjxfJgP,check,19
19631.006,1AjxC4eZxmbWmPW8m383Uakyz7YHaeEhrJdJmUEnjxfJgP,check,18
19691.004,1AjxC4eZxmbWmPW8m383Uakyz7YHaeEhrJdJmUEnjxfJgP,check,19
19751.008,1AjxC4eZxmbWmPW8m383Uakyz7YHaeEhrJdJmUEnjxfJgP,check,19
19811.006,1AjxC4eZxmbWmPW8m383Uakyz7YHaeEhrJdJmUEnjxfJgP,check,19
19871.008,1AjxC4eZxmbWmPW8m383Uakyz7YHaeEhrJdJmUEnjxfJgP,check,19
19931.008,1AjxC4eZxmbWmPW8m383Uakyz7YHaeEhrJdJmUEnjxfJgP,check,19
19991.004,1AjxC4eZxmbWmPW8m383Uakyz7YHaeEhrJdJmUEnjxfJgP,check,19
20051.006,1AjxC4eZxmbWmPW8m383Uakyz7YHaeEhrJdJmUEnjxfJgP,check,19
20111.006,1AjxC4eZxmbWmPW8m383Uakyz7YHaeEhrJdJmUEnjxfJgP,check,18
20171.01,1AjxC4eZxmbWmPW8m383Uakyz7YHaeEhrJdJmUEnjxfJgP,check,17
20231.008,1AjxC4eZxmbWmPW8m383Uakyz7YHaeEhrJdJmUEnjxfJgP,check,19
20291.01,1AjxC4eZxmbWmPW8m383Uakyz7YHaeEhrJdJmUEnjxfJgP,check,19
20351.008,1AjxC4eZxmbWmPW8m383Uakyz7YHaeEhrJdJmUEnjxfJgP,check,19
20411.012,1AjxC4eZxmbWmPW8m383Uakyz7YHaeEhrJdJmUEnjxfJgP,check,19
20471.008,1AjxC4eZxmbWmPW8m383Uakyz7YHaeEhrJdJmUEnjxfJgP,check,19
20531.008,1AjxC4eZxmbWmPW8m383Uakyz7YHaeEhrJdJmUEnjxfJgP,check,19
20591.008,1AjxC4eZxmbWmPW8m383Uakyz7YHaeEhrJdJmUEnjxfJgP,check,19
20651.008,1AjxC4eZxmbWmPW8m383Uakyz7YHaeEhrJdJmUEnjxfJgP,check,18
20711.006,1AjxC4eZxmbWmPW8m383Uakyz7YHaeEhrJdJmUEnjxfJgP,check,19
20771.006,1AjxC4eZxmbWmPW8m383Uakyz7YHaeEhrJdJmUEnjxfJgP,check,19
20831.006,1AjxC4eZxmbWmPW8m383Uakyz7YHaeEhrJdJmUEnjxfJgP,check,19
20891.008,1AjxC4eZxmbWmPW8m383Uakyz7YHaeEhrJdJmUEnjxfJgP,check,19
20951.008,1AjxC4eZxmbWmPW8m383Uakyz7YHaeEhrJdJmUEnjxfJgP,check,18
21011.01,1AjxC4eZxmbWmPW8m383Uakyz7YHaeEhrJdJmUEnjxfJgP,check,17
21071.006,1AjxC4eZxmbWmPW8m383Uakyz7YHaeEhrJdJmUEnjxfJgP,check,19
21131.006,1AjxC4eZxmbWmPW8m383Uakyz7YHaeEhrJdJmUEnjxfJgP,check,19
21191.006,1AjxC4eZxmbWmPW8m383Uakyz7YHaeEhrJdJmUEnjxfJgP,check,19
21251.008,1AjxC4eZxmbWmPW8m383Uakyz7YHaeEhrJdJmUEnjxfJgP,check,19
21311.006,1AjxC4eZxmbWmPW8m383Uakyz7YHaeEhrJdJmUEnjxfJgP,check,19
21371.008,1AjxC4eZxmbWmPW8m383Uakyz7YHaeEhrJdJmUEnjxfJgP,check,19
21431.006,1AjxC4eZxmbWmPW8m383Uakyz7YHaeEhrJdJmUEnjxfJgP,check,19
21491.006,1AjxC4eZxmbWmPW8m383Uakyz7YHaeEhrJdJmUEnjxfJgP,check,19
21551.006,1AjxC4eZxmbWmPW8m383Uakyz7YHaeEhrJdJmUEnjxfJgP,check,19
21611.006,1AjxC4eZxmbWmPW8m383Uakyz7YHaeEhrJdJmUEnjxfJgP,check,18
21671.006,1AjxC4eZxmbWmPW8m383Uakyz7YHaeEhrJdJmUEnjxfJgP,check,18
21731.012,1AjxC4eZxmbWmPW8m383Uakyz7YHaeEhrJdJmUEnjxfJgP,check,17
21791.008,1AjxC4eZxmbWmPW8m383Uakyz7YHaeEhrJdJmUEnjxfJgP,check,19
21851.008,1AjxC4eZxmbWmPW8m383Uakyz7YHaeEhrJdJmUEnjxfJgP,check,18
21911.008,1AjxC4eZxmbWmPW8m383Uakyz7YHaeEhrJdJmUEnjxfJgP,check,19
21971.008,1AjxC4eZxmbWmPW8m383Uakyz7YHaeEhrJdJmUEnjxfJgP,check,19
22031.008,1AjxC4eZxmbWmPW8m383Uakyz7YHaeEhrJdJmUEnjxfJgP,check,19
22091.008,1AjxC4eZxmbWmPW8m383Uakyz7YHaeEhrJdJmUEnjxfJgP,check,19
22151.01,1AjxC4eZxmbWmPW8m383Uakyz7YHaeEhrJdJmUEnjxfJgP,check,19
22211.01,1AjxC4eZxmbWmPW8m383Uakyz7YHaeEhrJdJmUEnjxfJgP,check,19
22271.008,1AjxC4eZxmbWmPW8m383Uakyz7YHaeEhrJdJmUEnjxfJgP,check,19
22331.008,1AjxC4eZxmbWmPW8m383Uakyz7YHaeEhrJdJmUEnjxfJgP,check,18
22391.01,1AjxC4eZxmbWmPW8m383Uakyz7YHaeEhrJdJmUEnjxfJgP,check,18
22451.01,1AjxC4eZxmbWmPW8m383Uakyz7YHaeEhrJdJmUEnjxfJgP,check,18
22511.008,1AjxC4eZxmbWmPW8m383Uakyz7YHaeEhrJdJmUEnjxfJgP,check,19
22571.01,1AjxC4eZxmbWmPW8m383Uakyz7YHaeEhrJdJmUEnjxfJgP,check,17
22631.01,1AjxC4eZxmbWmPW8m383Uakyz7YHaeEhrJdJmUEnjxfJgP,check,18
22691.008,1AjxC4eZxmbWmPW8m383Uakyz7YHaeEhrJdJmUEnjxfJgP,check,19
22751.01,1AjxC4eZxmbWmPW8m383Uakyz7YHaeEhrJdJmUEnjxfJgP,check,18
22811.01,1AjxC4eZxmbWmPW8m383Uakyz7YHaeEhrJdJmUEnjxfJgP,check,19
22871.01,1AjxC4eZxmbWmPW8m383Uakyz7YHaeEhrJdJmUEnjxfJgP,check,18
22931.01,1AjxC4eZxmbWmPW8m383Uakyz7YHaeEhrJdJmUEnjxfJgP,check,18
22991.008,1AjxC4eZxmbWmPW8m383Uakyz7YHaeEhrJdJmUEnjxfJgP,check,18
23051.01,1AjxC4eZxmbWmPW8m383Uakyz7YHaeEhrJdJmUEnjxfJgP,check,17
23111.008,1AjxC4eZxmbWmPW8m383Uakyz7YHaeEhrJdJmUEnjxfJgP,check,18
23171.01,1AjxC4eZxmbWmPW8m383Uakyz7YHaeEhrJdJmUEnjxfJgP,check,17
23231.01,1AjxC4eZxmbWmPW8m383Uakyz7YHaeEhrJdJmUEnjxfJgP,check,18
23291.01,1AjxC4eZxmbWmPW8m383Uakyz7YHaeEhrJdJmUEnjxfJgP,check,19
23351.01,1AjxC4eZxmbWmPW8m383Uakyz7YHaeEhrJdJmUEnjxfJgP,check,17
23411.008,1AjxC4eZxmbWmPW8m383Uakyz7YHaeEhrJdJmUEnjxfJgP,check,19
23471.008,1AjxC4eZxmbWmPW8m383Uakyz7YHaeEhrJdJmUEnjxfJgP,check,19
23531.008,1AjxC4eZxmbWmPW8m383Uakyz7YHaeEhrJdJmUEnjxfJgP,check,19
23591.008,1AjxC4eZxmbWmPW8m383Uakyz7YHaeEhrJdJmUEnjxfJgP,check,19
23651.008,1AjxC4eZxmbWmPW8m383Uakyz7YHaeEhrJdJmUEnjxfJgP,check,19
23711.008,1AjxC4eZxmbWmPW8m383Uakyz7YHaeEhrJdJmUEnjxfJgP,check,19
23771.01,1AjxC4eZxmbWmPW8m383Uakyz7YHaeEhrJdJmUEnjxfJgP,check,18
23831.008,1AjxC4eZxmbWmPW8m383Uakyz7YHaeEhrJdJmUEnjxfJgP,check,19
23891.01,1AjxC4eZxmbWmPW8m383Uakyz7YHaeEhrJdJmUEnjxfJgP,check,19
23951.008,1AjxC4eZxmbWmPW8m383Uakyz7YHaeEhrJdJmUEnjxfJgP,check,19
24011.01,1AjxC4eZxmbWmPW8m383Uakyz7YHaeEhrJdJmUEnjxfJgP,check,18
24071.01,1AjxC4eZxmbWmPW8m383Uakyz7YHaeEhrJdJmUEnjxfJgP,check,19
24131.008,1AjxC4eZxmbWmPW8m383Uakyz7YHaeEhrJdJmUEnjxfJgP,check,19
24191.008,1AjxC4eZxmbWmPW8m383Uakyz7YHaeEhrJdJmUEnjxfJgP,check,19
24251.008,1AjxC4eZxmbWmPW8m383Uakyz7YHaeEhrJdJmUEnjxfJgP,check,19
24311.008,1AjxC4eZxmbWmPW8m383Uakyz7YHaeEhrJdJmUEnjxfJgP,check,19
24371.01,1AjxC4eZxmbWmPW8m383Uakyz7YHaeEhrJdJmUEnjxfJgP,check,19
24431.008,1AjxC4eZxmbWmPW8m383Uakyz7YHaeEhrJdJmUEnjxfJgP,check,19
24491.008,1AjxC4eZxmbWmPW8m383Uakyz7YHaeEhrJdJmUEnjxfJgP,check,19
24551.008,1AjxC4eZxmbWmPW8m383Uakyz7YHaeEhrJdJmUEnjxfJgP,check,18
24611.004,1AjxC4eZxmbWmPW8m383Uakyz7YHaeEhrJdJmUEnjxfJgP,check,19
24671.01,1AjxC4eZxmbWmPW8m383Uakyz7YHaeEhrJdJmUEnjxfJgP,check,19
24731.01,1AjxC4eZxmbWmPW8m383Uakyz7YHaeEhrJdJmUEnjxfJgP,check,18
24791.008,1AjxC4eZxmbWmPW8m383Uakyz7YHaeEhrJdJmUEnjxfJgP,check,19
24851.008,1AjxC4eZxmbWmPW8m383Uakyz7YHaeEhrJdJmUEnjxfJgP,check,19
24911.008,1AjxC4eZxmbWmPW8m383Uakyz7YHaeEhrJdJmUEnjxfJgP,check,18
24971.004,1AjxC4eZxmbWmPW8m383Uakyz7YHaeEhrJdJmUEnjxfJgP,check,19
25031.008,1AjxC4eZxmbWmPW8m383Uakyz7YHaeEhrJdJmUEnjxfJgP,check,19
25091.01,1AjxC4eZxmbWmPW8m383Uakyz7YHaeEhrJdJmUEnjxfJgP,check,18
25151.008,1AjxC4eZxmbWmPW8m383Uakyz7YHaeEhrJdJmUEnjxfJgP,check,19
25211.008,1AjxC4eZxmbWmPW8m383Uakyz7YHaeEhrJdJmUEnjxfJgP,check,19
25271.01,1AjxC4eZxmbWmPW8m383Uakyz7YHaeEhrJdJmUEnjxfJgP,check,17
25331.01,1AjxC4eZxmbWmPW8m383Uakyz7YHaeEhrJdJmUEnjxfJgP,check,18
25391.01,1AjxC4eZxmbWmPW8m383Uakyz7YHaeEhrJdJmUEnjxfJgP,check,18
25451.012,1AjxC4eZxmbWmPW8m383Uakyz7YHaeEhrJdJmUEnjxfJgP,check,17
25511.01,1AjxC4eZxmbWmPW8m383Uakyz7YHaeEhrJdJmUEnjxfJgP,check,18
25571.01,1AjxC4eZxmbWmPW8m383Uakyz7YHaeEhrJdJmUEnjxfJgP,check,16
25631.01,1AjxC4eZxmbWmPW8m383Uakyz7YHaeEhrJdJmUEnjxfJgP,check,17
25691.01,1AjxC4eZxmbWmPW8m383Uakyz7YHaeEhrJdJmUEnjxfJgP,check,17
25751.01,1AjxC4eZxmbWmPW8m383Uakyz7YHaeEhrJdJmUEnjxfJgP,check,18
25811.008,1AjxC4eZxmbWmPW8m383Uakyz7YHaeEhrJdJmUEnjxfJgP,check,19
25871.008,1AjxC4eZxmbWmPW8m383Uakyz7YHaeEhrJdJmUEnjxfJgP,check,19
25931.01,1AjxC4eZxmbWmPW8m383Uakyz7YHaeEhrJdJmUEnjxfJgP,check,19
25991.008,1AjxC4eZxmbWmPW8m383Uakyz7YHaeEhrJdJmUEnjxfJgP,check,19
26051.01,1AjxC4eZxmbWmPW8m383Uakyz7YHaeEhrJdJmUEnjxfJgP,check,18
26111.01,1AjxC4eZxmbWmPW8m383Uakyz7YHaeEhrJdJmUEnjxfJgP,check,17
26171.021,1AjxC4eZxmbWmPW8m383Uakyz7YHaeEhrJdJmUEnjxfJgP,check,17
26231.008,1AjxC4eZxmbWmPW8m383Uakyz7YHaeEhrJdJmUEnjxfJgP,check,17
26291.008,1AjxC4eZxmbWmPW8m383Uakyz7YHaeEhrJdJmUEnjxfJgP,check,17
26351.008,1AjxC4eZxmbWmPW8m383Uakyz7YHaeEhrJdJmUEnjxfJgP,check,17
26411.008,1AjxC4eZxmbWmPW8m383Uakyz7YHaeEhrJdJmUEnjxfJgP,check,17
26471.004,1AjxC4eZxmbWmPW8m383Uakyz7YHaeEhrJdJmUEnjxfJgP,check,17
26531.002,1AjxC4eZxmbWmPW8m383Uakyz7YHaeEhrJdJmUEnjxfJgP,check,19
26591.004,1AjxC4eZxmbWmPW8m383Uakyz7YHaeEhrJdJmUEnjxfJgP,check,19
26651.006,1AjxC4eZxmbWmPW8m383Uakyz7YHaeEhrJdJmUEnjxfJgP,check,18
26711.002,1AjxC4eZxmbWmPW8m383Uakyz7YHaeEhrJdJmUEnjxfJgP,check,19
26771.008,1AjxC4eZxmbWmPW8m383Uakyz7YHaeEhrJdJmUEnjxfJgP,check,19
26831.006,1AjxC4eZxmbWmPW8m383Uakyz7YHaeEhrJdJmUEnjxfJgP,check,19
26891.006,1AjxC4eZxmbWmPW8m383Uakyz7YHaeEhrJdJmUEnjxfJgP,check,19
26951.008,1AjxC4eZxmbWmPW8m383Uakyz7YHaeEhrJdJmUEnjxfJgP,check,19
27011.01,1AjxC4eZxmbWmPW8m383Uakyz7YHaeEhrJdJmUEnjxfJgP,check,17
27071.01,1AjxC4eZxmbWmPW8m383Uakyz7YHaeEhrJdJmUEnjxfJgP,check,17
27131.008,1AjxC4eZxmbWmPW8m383Uakyz7YHaeEhrJdJmUEnjxfJgP,check,19
27191.008,1AjxC4eZxmbWmPW8m383Uakyz7YHaeEhrJdJmUEnjxfJgP,check,17
27251.008,1AjxC4eZxmbWmPW8m383Uakyz7YHaeEhrJdJmUEnjxfJgP,check,19
27311.008,1AjxC4eZxmbWmPW8m383Uakyz7YHaeEhrJdJmUEnjxfJgP,check,19
27371.01,1AjxC4eZxmbWmPW8m383Uakyz7YHaeEhrJdJmUEnjxfJgP,check,19
27431.008,1AjxC4eZxmbWmPW8m383Uakyz7YHaeEhrJdJmUEnjxfJgP,check,19
27491.008,1AjxC4eZxmbWmPW8m383Uakyz7YHaeEhrJdJmUEnjxfJgP,check,19
27551.006,1AjxC4eZxmbWmPW8m383Uakyz7YHaeEhrJdJmUEnjxfJgP,check,19
27611.008,1AjxC4eZxmbWmPW8m383Uakyz7YHaeEhrJdJmUEnjxfJgP,check,19
27671.008,1AjxC4eZxmbWmPW8m383Uakyz7YHaeEhrJdJmUEnjxfJgP,check,19
27731.008,1AjxC4eZxmbWmPW8m383Uakyz7YHaeEhrJdJmUEnjxfJgP,check,18
27791.01,1AjxC4eZxmbWmPW8m383Uakyz7YHaeEhrJdJmUEnjxfJgP,check,18
27851.01,1AjxC4eZxmbWmPW8m383Uakyz7YHaeEhrJdJmUEnjxfJgP,check,19
27911.006,1AjxC4eZxmbWmPW8m383Uakyz7YHaeEhrJdJmUEnjxfJgP,check,18
27971.01,1AjxC4eZxmbWmPW8m383Uakyz7YHaeEhrJdJmUEnjxfJgP,check,18
28031.008,1AjxC4eZxmbWmPW8m383Uakyz7YHaeEhrJdJmUEnjxfJgP,check,19
28091.01,1AjxC4eZxmbWmPW8m383Uakyz7YHaeEhrJdJmUEnjxfJgP,check,18
28151.008,1AjxC4eZxmbWmPW8m383Uakyz7YHaeEhrJdJmUEnjxfJgP,check,19
28211.008,1AjxC4eZxmbWmPW8m383Uakyz7YHaeEhrJdJmUEnjxfJgP,check,19
28271.008,1AjxC4eZxmbWmPW8m383Uakyz7YHaeEhrJdJmUEnjxfJgP,check,19
28331.01,1AjxC4eZxmbWmPW8m383Uakyz7YHaeEhrJdJmUEnjxfJgP,check,19
28391.012,1AjxC4eZxmbWmPW8m383Uakyz7YHaeEhrJdJmUEnjxfJgP,check,19
28451.006,1AjxC4eZxmbWmPW8m383Uakyz7YHaeEhrJdJmUEnjxfJgP,check,17
28511.01,1AjxC4eZxmbWmPW8m383Uakyz7YHaeEhrJdJmUEnjxfJgP,check,18
28571.012,1AjxC4eZxmbWmPW8m383Uakyz7YHaeEhrJdJmUEnjxfJgP,check,17
28631.01,1AjxC4eZxmbWmPW8m383Uakyz7YHaeEhrJdJmUEnjxfJgP,check,18
28691.01,1AjxC4eZxmbWmPW8m383Uakyz7YHaeEhrJdJmUEnjxfJgP,check,18
28751.021,1AjxC4eZxmbWmPW8m383Uakyz7YHaeEhrJdJmUEnjxfJgP,check,17
28811.008,1AjxC4eZxmbWmPW8m383Uakyz7YHaeEhrJdJmUEnjxfJgP,check,19
28871.008,1AjxC4eZxmbWmPW8m383Uakyz7YHaeEhrJdJmUEnjxfJgP,check,19
28931.008,1AjxC4eZxmbWmPW8m383Uakyz7YHaeEhrJdJmUEnjxfJgP,check,19
28991.008,1AjxC4eZxmbWmPW8m383Uakyz7YHaeEhrJdJmUEnjxfJgP,check,19
29051.01,1AjxC4eZxmbWmPW8m383Uakyz7YHaeEhrJdJmUEnjxfJgP,check,19
29111.01,1AjxC4eZxmbWmPW8m383Uakyz7YHaeEhrJdJmUEnjxfJgP,check,19
29171.01,1AjxC4eZxmbWmPW8m383Uakyz7YHaeEhrJdJmUEnjxfJgP,check,19
29231.008,1AjxC4eZxmbWmPW8m383Uakyz7YHaeEhrJdJmUEnjxfJgP,check,18
29291.008,1AjxC4eZxmbWmPW8m383Uakyz7YHaeEhrJdJmUEnjxfJgP,check,18
29351.008,1AjxC4eZxmbWmPW8m383Uakyz7YHaeEhrJdJmUEnjxfJgP,check,18
29411.01,1AjxC4eZxmbWmPW8m383Uakyz7YHaeEhrJdJmUEnjxfJgP,check,17
29471.01,1AjxC4eZxmbWmPW8m383Uakyz7YHaeEhrJdJmUEnjxfJgP,check,17
29531.012,1AjxC4eZxmbWmPW8m383Uakyz7YHaeEhrJdJmUEnjxfJgP,check,17
29591.01,1AjxC4eZxmbWmPW8m383Uakyz7YHaeEhrJdJmUEnjxfJgP,check,19
29651.006,1AjxC4eZxmbWmPW8m383Uakyz7YHaeEhrJdJmUEnjxfJgP,check,19
29711.008,1AjxC4eZxmbWmPW8m383Uakyz7YHaeEhrJdJmUEnjxfJgP,check,19
29771.008,1AjxC4eZxmbWmPW8m383Uakyz7YHaeEhrJdJmUEnjxfJgP,check,19
29831.008,1AjxC4eZxmbWmPW8m383Uakyz7YHaeEhrJdJmUEnjxfJgP,check,19
29891.008,1AjxC4eZxmbWmPW8m383Uakyz7YHaeEhrJdJmUEnjxfJgP,check,19
29951.008,1AjxC4eZxmbWmPW8m383Uakyz7YHaeEhrJdJmUEnjxfJgP,check,18
30011.01,1AjxC4eZxmbWmPW8m383Uakyz7YHaeEhrJdJmUEnjxfJgP,check,18
30071.008,1AjxC4eZxmbWmPW8m383Uakyz7YHaeEhrJdJmUEnjxfJgP,check,18
30131.006,1AjxC4eZxmbWmPW8m383Uakyz7YHaeEhrJdJmUEnjxfJgP,check,18
30191.008,1AjxC4eZxmbWmPW8m383Uakyz7YHaeEhrJdJmUEnjxfJgP,check,18
30251.01,1AjxC4eZxmbWmPW8m383Uakyz7YHaeEhrJdJmUEnjxfJgP,check,18
30311.008,1AjxC4eZxmbWmPW8m383Uakyz7YHaeEhrJdJmUEnjxfJgP,check,19
30371.012,1AjxC4eZxmbWmPW8m383Uakyz7YHaeEhrJdJmUEnjxfJgP,check,19
30431.008,1AjxC4eZxmbWmPW8m383Uakyz7YHaeEhrJdJmUEnjxfJgP,check,19
30491.004,1AjxC4eZxmbWmPW8m383Uakyz7YHaeEhrJdJmUEnjxfJgP,check,19
30551.008,1AjxC4eZxmbWmPW8m383Uakyz7YHaeEhrJdJmUEnjxfJgP,check,19
30611.01,1AjxC4eZxmbWmPW8m383Uakyz7YHaeEhrJdJmUEnjxfJgP,check,19
30671.008,1AjxC4eZxmbWmPW8m383Uakyz7YHaeEhrJdJmUEnjxfJgP,check,19
30731.01,1AjxC4eZxmbWmPW8m383Uakyz7YHaeEhrJdJmUEnjxfJgP,check,19
30791.008,1AjxC4eZxmbWmPW8m383Uakyz7YHaeEhrJdJmUEnjxfJgP,check,19
30851.004,1AjxC4eZxmbWmPW8m383Uakyz7YHaeEhrJdJmUEnjxfJgP,check,19
30911.01,1AjxC4eZxmbWmPW8m383Uakyz7YHaeEhrJdJmUEnjxfJgP,check,19
30971.01,1AjxC4eZxmbWmPW8m383Uakyz7YHaeEhrJdJmUEnjxfJgP,check,19
31031.008,1AjxC4eZxmbWmPW8m383Uakyz7YHaeEhrJdJmUEnjxfJgP,check,19
31091.008,1AjxC4eZxmbWmPW8m383Uakyz7YHaeEhrJdJmUEnjxfJgP,check,18
31151.01,1AjxC4eZxmbWmPW8m383Uakyz7YHaeEhrJdJmUEnjxfJgP,check,19
31211.004,1AjxC4eZxmbWmPW8m383Uakyz7YHaeEhrJdJmUEnjxfJgP,check,19
31271.008,1AjxC4eZxmbWmPW8m383Uakyz7YHaeEhrJdJmUEnjxfJgP,check,18
31331.008,1AjxC4eZxmbWmPW8m383Uakyz7YHaeEhrJdJmUEnjxfJgP,check,19
31391.008,1AjxC4eZxmbWmPW8m383Uakyz7YHaeEhrJdJmUEnjxfJgP,check,19
31451.01,1AjxC4eZxmbWmPW8m383Uakyz7YHaeEhrJdJmUEnjxfJgP,check,19
31511.006,1AjxC4eZxmbWmPW8m383Uakyz7YHaeEhrJdJmUEnjxfJgP,check,19
31571.01,1AjxC4eZxmbWmPW8m383Uakyz7YHaeEhrJdJmUEnjxfJgP,check,19
31631.01,1AjxC4eZxmbWmPW8m383Uakyz7YHaeEhrJdJmUEnjxfJgP,check,19
31691.008,1AjxC4eZxmbWmPW8m383Uakyz7YHaeEhrJdJmUEnjxfJgP,check,19
31751.01,1AjxC4eZxmbWmPW8m383Uakyz7YHaeEhrJdJmUEnjxfJgP,check,19
31811.008,1AjxC4eZxmbWmPW8m383Uakyz7YHaeEhrJdJmUEnjxfJgP,check,19
31871.01,1AjxC4eZxmbWmPW8m383Uakyz7YHaeEhrJdJmUEnjxfJgP,check,19
31931.008,1AjxC4eZxmbWmPW8m383Uakyz7YHaeEhrJdJmUEnjxfJgP,check,19
31991.008,1AjxC4eZxmbWmPW8m383Uakyz7YHaeEhrJdJmUEnjxfJgP,check,19
32051.008,1AjxC4eZxmbWmPW8m383Uakyz7YHaeEhrJdJmUEnjxfJgP,check,19
32111.008,1AjxC4eZxmbWmPW8m383Uakyz7YHaeEhrJdJmUEnjxfJgP,check,19
32171.01,1AjxC4eZxmbWmPW8m383Uakyz7YHaeEhrJdJmUEnjxfJgP,check,19
32231.008,1AjxC4eZxmbWmPW8m383Uakyz7YHaeEhrJdJmUEnjxfJgP,check,19
32291.008,1AjxC4eZxmbWmPW8m383Uakyz7YHaeEhrJdJmUEnjxfJgP,check,19
32351.008,1AjxC4eZxmbWmPW8m383Uakyz7YHaeEhrJdJmUEnjxfJgP,check,19
32411.021,1AjxC4eZxmbWmPW8m383Uakyz7YHaeEhrJdJmUEnjxfJgP,check,18
32471.008,1AjxC4eZxmbWmPW8m383Uakyz7YHaeEhrJdJmUEnjxfJgP,check,19
32531.008,1AjxC4eZxmbWmPW8m383Uakyz7YHaeEhrJdJmUEnjxfJgP,check,19
32591.008,1AjxC4eZxmbWmPW8m383Uakyz7YHaeEhrJdJmUEnjxfJgP,check,19
32651.008,1AjxC4eZxmbWmPW8m383Uakyz7YHaeEhrJdJmUEnjxfJgP,check,19
32711.006,1AjxC4eZxmbWmPW8m383Uakyz7YHaeEhrJdJmUEnjxfJgP,check,19
32771.01,1AjxC4eZxmbWmPW8m383Uakyz7YHaeEhrJdJmUEnjxfJgP,check,18
32831.008,1AjxC4eZxmbWmPW8m383Uakyz7YHaeEhrJdJmUEnjxfJgP,check,19
32891.008,1AjxC4eZxmbWmPW8m383Uakyz7YHaeEhrJdJmUEnjxfJgP,check,19
32951.008,1AjxC4eZxmbWmPW8m383Uakyz7YHaeEhrJdJmUEnjxfJgP,check,19
33011.008,1AjxC4eZxmbWmPW8m383Uakyz7YHaeEhrJdJmUEnjxfJgP,check,19
33071.008,1AjxC4eZxmbWmPW8m383Uakyz7YHaeEhrJdJmUEnjxfJgP,check,19
33131.01,1AjxC4eZxmbWmPW8m383Uakyz7YHaeEhrJdJmUEnjxfJgP,check,18
33191.008,1AjxC4eZxmbWmPW8m383Uakyz7YHaeEhrJdJmUEnjxfJgP,check,19
33251.008,1AjxC4eZxmbWmPW8m383Uakyz7YHaeEhrJdJmUEnjxfJgP,check,18
33311.008,1AjxC4eZxmbWmPW8m383Uakyz7YHaeEhrJdJmUEnjxfJgP,check,19
33371.023,1AjxC4eZxmbWmPW8m383Uakyz7YHaeEhrJdJmUEnjxfJgP,check,17
33431.01,1AjxC4eZxmbWmPW8m383Uakyz7YHaeEhrJdJmUEnjxfJgP,check,18
33491.008,1AjxC4eZxmbWmPW8m383Uakyz7YHaeEhrJdJmUEnjxfJgP,check,19
33551.008,1AjxC4eZxmbWmPW8m383Uakyz7YHaeEhrJdJmUEnjxfJgP,check,19
33611.008,1AjxC4eZxmbWmPW8m383Uakyz7YHaeEhrJdJmUEnjxfJgP,check,19
33671.008,1AjxC4eZxmbWmPW8m383Uakyz7YHaeEhrJdJmUEnjxfJgP,check,19
33731.01,1AjxC4eZxmbWmPW8m383Uakyz7YHaeEhrJdJmUEnjxfJgP,check,19
33791.004,1AjxC4eZxmbWmPW8m383Uakyz7YHaeEhrJdJmUEnjxfJgP,check,19
33851.008,1AjxC4eZxmbWmPW8m383Uakyz7YHaeEhrJdJmUEnjxfJgP,check,19
33911.008,1AjxC4eZxmbWmPW8m383Uakyz7YHaeEhrJdJmUEnjxfJgP,check,15
33971.01,1AjxC4eZxmbWmPW8m383Uakyz7YHaeEhrJdJmUEnjxfJgP,check,19
34031.008,1AjxC4eZxmbWmPW8m383Uakyz7YHaeEhrJdJmUEnjxfJgP,check,19
34091.01,1AjxC4eZxmbWmPW8m383Uakyz7YHaeEhrJdJmUEnjxfJgP,check,19
34151.008,1AjxC4eZxmbWmPW8m383Uakyz7YHaeEhrJdJmUEnjxfJgP,check,19
34211.008,1AjxC4eZxmbWmPW8m383Uakyz7YHaeEhrJdJmUEnjxfJgP,check,19
34271.01,1AjxC4eZxmbWmPW8m383Uakyz7YHaeEhrJdJmUEnjxfJgP,check,18
34331.008,1AjxC4eZxmbWmPW8m383Uakyz7YHaeEhrJdJmUEnjxfJgP,check,19
34391.008,1AjxC4eZxmbWmPW8m383Uakyz7YHaeEhrJdJmUEnjxfJgP,check,18
34451.01,1AjxC4eZxmbWmPW8m383Uakyz7YHaeEhrJdJmUEnjxfJgP,check,19
34511.008,1AjxC4eZxmbWmPW8m383Uakyz7YHaeEhrJdJmUEnjxfJgP,check,19
34571.008,1AjxC4eZxmbWmPW8m383Uakyz7YHaeEhrJdJmUEnjxfJgP,check,19
34631.008,1AjxC4eZxmbWmPW8m383Uakyz7YHaeEhrJdJmUEnjxfJgP,check,19
34691.008,1AjxC4eZxmbWmPW8m383Uakyz7YHaeEhrJdJmUEnjxfJgP,check,19
34751.01,1AjxC4eZxmbWmPW8m383Uakyz7YHaeEhrJdJmUEnjxfJgP,check,19
34811.008,1AjxC4eZxmbWmPW8m383Uakyz7YHaeEhrJdJmUEnjxfJgP,check,19
34871.008,1AjxC4eZxmbWmPW8m383Uakyz7YHaeEhrJdJmUEnjxfJgP,check,19
34931.004,1AjxC4eZxmbWmPW8m383Uakyz7YHaeEhrJdJmUEnjxfJgP,check,19
34991.004,1AjxC4eZxmbWmPW8m383Uakyz7YHaeEhrJdJmUEnjxfJgP,check,19
35051.004,1AjxC4eZxmbWmPW8m383Uakyz7YHaeEhrJdJmUEnjxfJgP,check,19
35111.004,1AjxC4eZxmbWmPW8m383Uakyz7YHaeEhrJdJmUEnjxfJgP,check,19
35171.01,1AjxC4eZxmbWmPW8m383Uakyz7YHaeEhrJdJmUEnjxfJgP,check,17
35231.008,1AjxC4eZxmbWmPW8m383Uakyz7YHaeEhrJdJmUEnjxfJgP,check,19
35291.008,1AjxC4eZxmbWmPW8m383Uakyz7YHaeEhrJdJmUEnjxfJgP,check,19
35351.008,1AjxC4eZxmbWmPW8m383Uakyz7YHaeEhrJdJmUEnjxfJgP,check,19
35411.01,1AjxC4eZxmbWmPW8m383Uakyz7YHaeEhrJdJmUEnjxfJgP,check,19
35471.008,1AjxC4eZxmbWmPW8m383Uakyz7YHaeEhrJdJmUEnjxfJgP,check,19
35531.008,1AjxC4eZxmbWmPW8m383Uakyz7YHaeEhrJdJmUEnjxfJgP,check,19
35591.008,1AjxC4eZxmbWmPW8m383Uakyz7YHaeEhrJdJmUEnjxfJgP,check,19
35651.008,1AjxC4eZxmbWmPW8m383Uakyz7YHaeEhrJdJmUEnjxfJgP,check,19
35711.008,1AjxC4eZxmbWmPW8m383Uakyz7YHaeEhrJdJmUEnjxfJgP,check,19
35771.008,1AjxC4eZxmbWmPW8m383Uakyz7YHaeEhrJdJmUEnjxfJgP,check,19
35831.008,1AjxC4eZxmbWmPW8m383Uakyz7YHaeEhrJdJmUEnjxfJgP,check,19
35891.008,1AjxC4eZxmbWmPW8m383Uakyz7YHaeEhrJdJmUEnjxfJgP,check,19
35951.008,1AjxC4eZxmbWmPW8m383Uakyz7YHaeEhrJdJmUEnjxfJgP,check,19
36011.01,1AjxC4eZxmbWmPW8m383Uakyz7YHaeEhrJdJmUEnjxfJgP,check,19
36071.008,1AjxC4eZxmbWmPW8m383Uakyz7YHaeEhrJdJmUEnjxfJgP,check,19
36131.008,1AjxC4eZxmbWmPW8m383Uakyz7YHaeEhrJdJmUEnjxfJgP,check,19
36191.008,1AjxC4eZxmbWmPW8m383Uakyz7YHaeEhrJdJmUEnjxfJgP,check,19
36251.008,1AjxC4eZxmbWmPW8m383Uakyz7YHaeEhrJdJmUEnjxfJgP,check,18
36311.008,1AjxC4eZxmbWmPW8m383Uakyz7YHaeEhrJdJmUEnjxfJgP,check,19
36371.008,1AjxC4eZxmbWmPW8m383Uakyz7YHaeEhrJdJmUEnjxfJgP,check,17
36431.01,1AjxC4eZxmbWmPW8m383Uakyz7YHaeEhrJdJmUEnjxfJgP,check,18
36491.008,1AjxC4eZxmbWmPW8m383Uakyz7YHaeEhrJdJmUEnjxfJgP,check,18
36551.008,1AjxC4eZxmbWmPW8m383Uakyz7YHaeEhrJdJmUEnjxfJgP,check,18
36611.008,1AjxC4eZxmbWmPW8m383Uakyz7YHaeEhrJdJmUEnjxfJgP,check,19
36671.008,1AjxC4eZxmbWmPW8m383Uakyz7YHaeEhrJdJmUEnjxfJgP,check,19
36731.01,1AjxC4eZxmbWmPW8m383Uakyz7YHaeEhrJdJmUEnjxfJgP,check,19
36791.01,1AjxC4eZxmbWmPW8m383Uakyz7YHaeEhrJdJmUEnjxfJgP,check,19
36851.008,1AjxC4eZxmbWmPW8m383Uakyz7YHaeEhrJdJmUEnjxfJgP,check,19
36911.008,1AjxC4eZxmbWmPW8m383Uakyz7YHaeEhrJdJmUEnjxfJgP,check,19
36971.008,1AjxC4eZxmbWmPW8m383Uakyz7YHaeEhrJdJmUEnjxfJgP,check,19
37031.008,1AjxC4eZxmbWmPW8m383Uakyz7YHaeEhrJdJmUEnjxfJgP,check,19
37091.008,1AjxC4eZxmbWmPW8m383Uakyz7YHaeEhrJdJmUEnjxfJgP,check,19
37151.008,1AjxC4eZxmbWmPW8m383Uakyz7YHaeEhrJdJmUEnjxfJgP,check,17
37211.01,1AjxC4eZxmbWmPW8m383Uakyz7YHaeEhrJdJmUEnjxfJgP,check,18
37271.008,1AjxC4eZxmbWmPW8m383Uakyz7YHaeEhrJdJmUEnjxfJgP,check,19
37331.008,1AjxC4eZxmbWmPW8m383Uakyz7YHaeEhrJdJmUEnjxfJgP,check,19
37391.008,1AjxC4eZxmbWmPW8m383Uakyz7YHaeEhrJdJmUEnjxfJgP,check,19
37451.004,1AjxC4eZxmbWmPW8m383Uakyz7YHaeEhrJdJmUEnjxfJgP,check,19
37511.008,1AjxC4eZxmbWmPW8m383Uakyz7YHaeEhrJdJmUEnjxfJgP,check,19
37571.008,1AjxC4eZxmbWmPW8m383Uakyz7YHaeEhrJdJmUEnjxfJgP,check,19
37631.008,1AjxC4eZxmbWmPW8m383Uakyz7YHaeEhrJdJmUEnjxfJgP,check,19
37691.008,1AjxC4eZxmbWmPW8m383Uakyz7YHaeEhrJdJmUEnjxfJgP,check,19
37751.008,1AjxC4eZxmbWmPW8m383Uakyz7YHaeEhrJdJmUEnjxfJgP,check,19
37811.004,1AjxC4eZxmbWmPW8m383Uakyz7YHaeEhrJdJmUEnjxfJgP,check,19
37871.008,1AjxC4eZxmbWmPW8m383Uakyz7YHaeEhrJdJmUEnjxfJgP,check,19
37931.008,1AjxC4eZxmbWmPW8m383Uakyz7YHaeEhrJdJmUEnjxfJgP,check,19
37991.008,1AjxC4eZxmbWmPW8m383Uakyz7YHaeEhrJdJmUEnjxfJgP,check,18
38051.008,1AjxC4eZxmbWmPW8m383Uakyz7YHaeEhrJdJmUEnjxfJgP,check,19
38111.008,1AjxC4eZxmbWmPW8m383Uakyz7YHaeEhrJdJmUEnjxfJgP,check,19
38171.01,1AjxC4eZxmbWmPW8m383Uakyz7YHaeEhrJdJmUEnjxfJgP,check,18
38231.008,1AjxC4eZxmbWmPW8m383Uakyz7YHaeEhrJdJmUEnjxfJgP,check,19
38291.008,1AjxC4eZxmbWmPW8m383Uakyz7YHaeEhrJdJmUEnjxfJgP,check,18
38351.008,1AjxC4eZxmbWmPW8m383Uakyz7YHaeEhrJdJmUEnjxfJgP,check,19
38411.008,1AjxC4eZxmbWmPW8m383Uakyz7YHaeEhrJdJmUEnjxfJgP,check,19
38471.008,1AjxC4eZxmbWmPW8m383Uakyz7YHaeEhrJdJmUEnjxfJgP,check,19
38531.008,1AjxC4eZxmbWmPW8m383Uakyz7YHaeEhrJdJmUEnjxfJgP,check,19
38591.008,1AjxC4eZxmbWmPW8m383Uakyz7YHaeEhrJdJmUEnjxfJgP,check,19
38651.008,1AjxC4eZxmbWmPW8m383Uakyz7YHaeEhrJdJmUEnjxfJgP,check,19
38711.008,1AjxC4eZxmbWmPW8m383Uakyz7YHaeEhrJdJmUEnjxfJgP,check,19
38771.01,1AjxC4eZxmbWmPW8m383Uakyz7YHaeEhrJdJmUEnjxfJgP,check,19
38831.008,1AjxC4eZxmbWmPW8m383Uakyz7YHaeEhrJdJmUEnjxfJgP,check,19
38891.008,1AjxC4eZxmbWmPW8m383Uakyz7YHaeEhrJdJmUEnjxfJgP,check,19
38951.008,1AjxC4eZxmbWmPW8m383Uakyz7YHaeEhrJdJmUEnjxfJgP,check,19
39011.008,1AjxC4eZxmbWmPW8m383Uakyz7YHaeEhrJdJmUEnjxfJgP,check,19
39071.008,1AjxC4eZxmbWmPW8m383Uakyz7YHaeEhrJdJmUEnjxfJgP,check,19
39131.008,1AjxC4eZxmbWmPW8m383Uakyz7YHaeEhrJdJmUEnjxfJgP,check,19
39191.008,1AjxC4eZxmbWmPW8m383Uakyz7YHaeEhrJdJmUEnjxfJgP,check,19
39251.008,1AjxC4eZxmbWmPW8m383Uakyz7YHaeEhrJdJmUEnjxfJgP,check,19
39311.008,1AjxC4eZxmbWmPW8m383Uakyz7YHaeEhrJdJmUEnjxfJgP,check,19
39371.008,1AjxC4eZxmbWmPW8m383Uakyz7YHaeEhrJdJmUEnjxfJgP,check,19
39431.008,1AjxC4eZxmbWmPW8m383Uakyz7YHaeEhrJdJmUEnjxfJgP,check,18
39491.01,1AjxC4eZxmbWmPW8m383Uakyz7YHaeEhrJdJmUEnjxfJgP,check,19
39551.01,1AjxC4eZxmbWmPW8m383Uakyz7YHaeEhrJdJmUEnjxfJgP,check,19
39611.008,1AjxC4eZxmbWmPW8m383Uakyz7YHaeEhrJdJmUEnjxfJgP,check,19
39671.008,1AjxC4eZxmbWmPW8m383Uakyz7YHaeEhrJdJmUEnjxfJgP,check,19
39731.008,1AjxC4eZxmbWmPW8m383Uakyz7YHaeEhrJdJmUEnjxfJgP,check,19
39791.008,1AjxC4eZxmbWmPW8m383Uakyz7YHaeEhrJdJmUEnjxfJgP,check,19
39851.008,1AjxC4eZxmbWmPW8m383Uakyz7YHaeEhrJdJmUEnjxfJgP,check,19
39911.008,1AjxC4eZxmbWmPW8m383Uakyz7YHaeEhrJdJmUEnjxfJgP,check,19
39971.01,1AjxC4eZxmbWmPW8m383Uakyz7YHaeEhrJdJmUEnjxfJgP,check,19
40031.004,1AjxC4eZxmbWmPW8m383Uakyz7YHaeEhrJdJmUEnjxfJgP,check,19
40091.008,1AjxC4eZxmbWmPW8m383Uakyz7YHaeEhrJdJmUEnjxfJgP,check,19
40151.01,1AjxC4eZxmbWmPW8m383Uakyz7YHaeEhrJdJmUEnjxfJgP,check,18
40211.008,1AjxC4eZxmbWmPW8m383Uakyz7YHaeEhrJdJmUEnjxfJgP,check,19
40271.008,1AjxC4eZxmbWmPW8m383Uakyz7YHaeEhrJdJmUEnjxfJgP,check,19
40331.008,1AjxC4eZxmbWmPW8m383Uakyz7YHaeEhrJdJmUEnjxfJgP,check,19
40391.004,1AjxC4eZxmbWmPW8m383Uakyz7YHaeEhrJdJmUEnjxfJgP,check,19
40451.008,1AjxC4eZxmbWmPW8m383Uakyz7YHaeEhrJdJmUEnjxfJgP,check,19
40511.008,1AjxC4eZxmbWmPW8m383Uakyz7YHaeEhrJdJmUEnjxfJgP,check,19
40571.008,1AjxC4eZxmbWmPW8m383Uakyz7YHaeEhrJdJmUEnjxfJgP,check,19
40631.008,1AjxC4eZxmbWmPW8m383Uakyz7YHaeEhrJdJmUEnjxfJgP,check,19
40691.008,1AjxC4eZxmbWmPW8m383Uakyz7YHaeEhrJdJmUEnjxfJgP,check,19
40751.008,1AjxC4eZxmbWmPW8m383Uakyz7YHaeEhrJdJmUEnjxfJgP,check,19
40811.008,1AjxC4eZxmbWmPW8m383Uakyz7YHaeEhrJdJmUEnjxfJgP,check,19
40871.008,1AjxC4eZxmbWmPW8m383Uakyz7YHaeEhrJdJmUEnjxfJgP,check,18
40931.008,1AjxC4eZxmbWmPW8m383Uakyz7YHaeEhrJdJmUEnjxfJgP,check,19
40991.008,1AjxC4eZxmbWmPW8m383Uakyz7YHaeEhrJdJmUEnjxfJgP,check,19
41051.008,1AjxC4eZxmbWmPW8m383Uakyz7YHaeEhrJdJmUEnjxfJgP,check,19
41111.008,1AjxC4eZxmbWmPW8m383Uakyz7YHaeEhrJdJmUEnjxfJgP,check,19
41171.008,1AjxC4eZxmbWmPW8m383Uakyz7YHaeEhrJdJmUEnjxfJgP,check,19
41231.008,1AjxC4eZxmbWmPW8m383Uakyz7YHaeEhrJdJmUEnjxfJgP,check,19
41291.008,1AjxC4eZxmbWmPW8m383Uakyz7YHaeEhrJdJmUEnjxfJgP,check,19
41351.008,1AjxC4eZxmbWmPW8m383Uakyz7YHaeEhrJdJmUEnjxfJgP,check,19
41411.008,1AjxC4eZxmbWmPW8m383Uakyz7YHaeEhrJdJmUEnjxfJgP,check,19
41471.008,1AjxC4eZxmbWmPW8m383Uakyz7YHaeEhrJdJmUEnjxfJgP,check,19
41531.008,1AjxC4eZxmbWmPW8m383Uakyz7YHaeEhrJdJmUEnjxfJgP,check,19
41591.008,1AjxC4eZxmbWmPW8m383Uakyz7YHaeEhrJdJmUEnjxfJgP,check,19
41651.008,1AjxC4eZxmbWmPW8m383Uakyz7YHaeEhrJdJmUEnjxfJgP,check,19
41711.008,1AjxC4eZxmbWmPW8m383Uakyz7YHaeEhrJdJmUEnjxfJgP,check,19
41771.008,1AjxC4eZxmbWmPW8m383Uakyz7YHaeEhrJdJmUEnjxfJgP,check,19
41831.008,1AjxC4eZxmbWmPW8m383Uakyz7YHaeEhrJdJmUEnjxfJgP,check,19
41891.008,1AjxC4eZxmbWmPW8m383Uakyz7YHaeEhrJdJmUEnjxfJgP,check,19
41951.008,1AjxC4eZxmbWmPW8m383Uakyz7YHaeEhrJdJmUEnjxfJgP,check,18
42011.023,1AjxC4eZxmbWmPW8m383Uakyz7YHaeEhrJdJmUEnjxfJgP,check,18
42071.008,1AjxC4eZxmbWmPW8m383Uakyz7YHaeEhrJdJmUEnjxfJgP,check,19
42131.008,1AjxC4eZxmbWmPW8m383Uakyz7YHaeEhrJdJmUEnjxfJgP,check,19
42191.008,1AjxC4eZxmbWmPW8m383Uakyz7YHaeEhrJdJmUEnjxfJgP,check,19
42251.008,1AjxC4eZxmbWmPW8m383Uakyz7YHaeEhrJdJmUEnjxfJgP,check,19
42311.008,1AjxC4eZxmbWmPW8m383Uakyz7YHaeEhrJdJmUEnjxfJgP,check,19
42371.008,1AjxC4eZxmbWmPW8m383Uakyz7YHaeEhrJdJmUEnjxfJgP,check,19
42431.008,1AjxC4eZxmbWmPW8m383Uakyz7YHaeEhrJdJmUEnjxfJgP,check,19
42491.008,1AjxC4eZxmbWmPW8m383Uakyz7YHaeEhrJdJmUEnjxfJgP,check,19
42551.008,1AjxC4eZxmbWmPW8m383Uakyz7YHaeEhrJdJmUEnjxfJgP,check,19
42611.008,1AjxC4eZxmbWmPW8m383Uakyz7YHaeEhrJdJmUEnjxfJgP,check,18
42671.023,1AjxC4eZxmbWmPW8m383Uakyz7YHaeEhrJdJmUEnjxfJgP,check,18
42731.023,1AjxC4eZxmbWmPW8m383Uakyz7YHaeEhrJdJmUEnjxfJgP,check,18
42791.023,1AjxC4eZxmbWmPW8m383Uakyz7YHaeEhrJdJmUEnjxfJgP,check,18
42851.01,1AjxC4eZxmbWmPW8m383Uakyz7YHaeEhrJdJmUEnjxfJgP,check,18
42911.01,1AjxC4eZxmbWmPW8m383Uakyz7YHaeEhrJdJmUEnjxfJgP,check,18
42971.01,1AjxC4eZxmbWmPW8m383Uakyz7YHaeEhrJdJmUEnjxfJgP,check,18
43031.01,1AjxC4eZxmbWmPW8m383Uakyz7YHaeEhrJdJmUEnjxfJgP,check,18
43091.01,1AjxC4eZxmbWmPW8m383Uakyz7YHaeEhrJdJmUEnjxfJgP,check,18
43151.023,1AjxC4eZxmbWmPW8m383Uakyz7YHaeEhrJdJmUEnjxfJgP,check,18
43211.008,1AjxC4eZxmbWmPW8m383Uakyz7YHaeEhrJdJmUEnjxfJgP,check,18
43271.01,1AjxC4eZxmbWmPW8m383Uakyz7YHaeEhrJdJmUEnjxfJgP,check,18
43331.023,1AjxC4eZxmbWmPW8m383Uakyz7YHaeEhrJdJmUEnjxfJgP,check,18
43391.01,1AjxC4eZxmbWmPW8m383Uakyz7YHaeEhrJdJmUEnjxfJgP,check,18
43451.008,1AjxC4eZxmbWmPW8m383Uakyz7YHaeEhrJdJmUEnjxfJgP,check,18
43511.008,1AjxC4eZxmbWmPW8m383Uakyz7YHaeEhrJdJmUEnjxfJgP,check,18
43571.008,1AjxC4eZxmbWmPW8m383Uakyz7YHaeEhrJdJmUEnjxfJgP,check,18
43631.008,1AjxC4eZxmbWmPW8m383Uakyz7YHaeEhrJdJmUEnjxfJgP,check,18
43691.004,1AjxC4eZxmbWmPW8m383Uakyz7YHaeEhrJdJmUEnjxfJgP,check,18
43751.008,1AjxC4eZxmbWmPW8m383Uakyz7YHaeEhrJdJmUEnjxfJgP,check,18
43811.01,1AjxC4eZxmbWmPW8m383Uakyz7YHaeEhrJdJmUEnjxfJgP,check,18
43871.023,1AjxC4eZxmbWmPW8m383Uakyz7YHaeEhrJdJmUEnjxfJgP,check,18
43931.008,1AjxC4eZxmbWmPW8m383Uakyz7YHaeEhrJdJmUEnjxfJgP,check,18
43991.01,1AjxC4eZxmbWmPW8m383Uakyz7YHaeEhrJdJmUEnjxfJgP,check,18
44051.01,1AjxC4eZxmbWmPW8m383Uakyz7YHaeEhrJdJmUEnjxfJgP,check,18
44111.01,1AjxC4eZxmbWmPW8m383Uakyz7YHaeEhrJdJmUEnjxfJgP,check,18
44171.01,1AjxC4eZxmbWmPW8m383Uakyz7YHaeEhrJdJmUEnjxfJgP,check,18
44231.023,1AjxC4eZxmbWmPW8m383Uakyz7YHaeEhrJdJmUEnjxfJgP,check,18
44291.01,1AjxC4eZxmbWmPW8m383Uakyz7YHaeEhrJdJmUEnjxfJgP,check,18
44351.01,1AjxC4eZxmbWmPW8m383Uakyz7YHaeEhrJdJmUEnjxfJgP,check,18
44411.02,1AjxC4eZxmbWmPW8m383Uakyz7YHaeEhrJdJmUEnjxfJgP,check,18
44471.023,1AjxC4eZxmbWmPW8m383Uakyz7YHaeEhrJdJmUEnjxfJgP,check,18
44531.023,1AjxC4eZxmbWmPW8m383Uakyz7YHaeEhrJdJmUEnjxfJgP,check,18
44591.023,1AjxC4eZxmbWmPW8m383Uakyz7YHaeEhrJdJmUEnjxfJgP,check,18
44651.008,1AjxC4eZxmbWmPW8m383Uakyz7YHaeEhrJdJmUEnjxfJgP,check,18
44711.01,1AjxC4eZxmbWmPW8m383Uakyz7YHaeEhrJdJmUEnjxfJgP,check,18
44771.023,1AjxC4eZxmbWmPW8m383Uakyz7YHaeEhrJdJmUEnjxfJgP,check,18
44831.023,1AjxC4eZxmbWmPW8m383Uakyz7YHaeEhrJdJmUEnjxfJgP,check,18
44891.01,1AjxC4eZxmbWmPW8m383Uakyz7YHaeEhrJdJmUEnjxfJgP,check,18
44951.023,1AjxC4eZxmbWmPW8m383Uakyz7YHaeEhrJdJmUEnjxfJgP,check,18
45011.023,1AjxC4eZxmbWmPW8m383Uakyz7YHaeEhrJdJmUEnjxfJgP,check,18
45071.023,1AjxC4eZxmbWmPW8m383Uakyz7YHaeEhrJdJmUEnjxfJgP,check,18
45131.02,1AjxC4eZxmbWmPW8m383Uakyz7YHaeEhrJdJmUEnjxfJgP,check,18
45191.01,1AjxC4eZxmbWmPW8m383Uakyz7YHaeEhrJdJmUEnjxfJgP,check,18
45251.01,1AjxC4eZxmbWmPW8m383Uakyz7YHaeEhrJdJmUEnjxfJgP,check,18
45311.023,1AjxC4eZxmbWmPW8m383Uakyz7YHaeEhrJdJmUEnjxfJgP,check,18
45371.01,1AjxC4eZxmbWmPW8m383Uakyz7YHaeEhrJdJmUEnjxfJgP,check,18
45431.023,1AjxC4eZxmbWmPW8m383Uakyz7YHaeEhrJdJmUEnjxfJgP,check,18
45491.02,1AjxC4eZxmbWmPW8m383Uakyz7YHaeEhrJdJmUEnjxfJgP,check,18
45551.023,1AjxC4eZxmbWmPW8m383Uakyz7YHaeEhrJdJmUEnjxfJgP,check,18
45611.023,1AjxC4eZxmbWmPW8m383Uakyz7YHaeEhrJdJmUEnjxfJgP,check,17
45671.023,1AjxC4eZxmbWmPW8m383Uakyz7YHaeEhrJdJmUEnjxfJgP,check,18
45731.01,1AjxC4eZxmbWmPW8m383Uakyz7YHaeEhrJdJmUEnjxfJgP,check,18
45791.01,1AjxC4eZxmbWmPW8m383Uakyz7YHaeEhrJdJmUEnjxfJgP,check,18
45851.02,1AjxC4eZxmbWmPW8m383Uakyz7YHaeEhrJdJmUEnjxfJgP,check,18
45911.023,1AjxC4eZxmbWmPW8m383Uakyz7YHaeEhrJdJmUEnjxfJgP,check,18
45971.01,1AjxC4eZxmbWmPW8m383Uakyz7YHaeEhrJdJmUEnjxfJgP,check,18
46031.01,1AjxC4eZxmbWmPW8m383Uakyz7YHaeEhrJdJmUEnjxfJgP,check,18
46091.01,1AjxC4eZxmbWmPW8m383Uakyz7YHaeEhrJdJmUEnjxfJgP,check,18
46151.023,1AjxC4eZxmbWmPW8m383Uakyz7YHaeEhrJdJmUEnjxfJgP,check,18
46211.01,1AjxC4eZxmbWmPW8m383Uakyz7YHaeEhrJdJmUEnjxfJgP,check,18
46271.023,1AjxC4eZxmbWmPW8m383Uakyz7YHaeEhrJdJmUEnjxfJgP,check,18
46331.023,1AjxC4eZxmbWmPW8m383Uakyz7YHaeEhrJdJmUEnjxfJgP,check,18
46391.023,1AjxC4eZxmbWmPW8m383Uakyz7YHaeEhrJdJmUEnjxfJgP,check,18
46451.01,1AjxC4eZxmbWmPW8m383Uakyz7YHaeEhrJdJmUEnjxfJgP,check,18
46511.023,1AjxC4eZxmbWmPW8m383Uakyz7YHaeEhrJdJmUEnjxfJgP,check,18
46571.01,1AjxC4eZxmbWmPW8m383Uakyz7YHaeEhrJdJmUEnjxfJgP,check,18
46631.023,1AjxC4eZxmbWmPW8m383Uakyz7YHaeEhrJdJmUEnjxfJgP,check,18
46691.01,1AjxC4eZxmbWmPW8m383Uakyz7YHaeEhrJdJmUEnjxfJgP,check,18
46751.01,1AjxC4eZxmbWmPW8m383Uakyz7YHaeEhrJdJmUEnjxfJgP,check,18
46811.01,1AjxC4eZxmbWmPW8m383Uakyz7YHaeEhrJdJmUEnjxfJgP,check,18
46871.01,1AjxC4eZxmbWmPW8m383Uakyz7YHaeEhrJdJmUEnjxfJgP,check,18
46931.02,1AjxC4eZxmbWmPW8m383Uakyz7YHaeEhrJdJmUEnjxfJgP,check,18
46991.01,1AjxC4eZxmbWmPW8m383Uakyz7YHaeEhrJdJmUEnjxfJgP,check,18
47051.01,1AjxC4eZxmbWmPW8m383Uakyz7YHaeEhrJdJmUEnjxfJgP,check,18
47111.023,1AjxC4eZxmbWmPW8m383Uakyz7YHaeEhrJdJmUEnjxfJgP,check,18
47171.023,1AjxC4eZxmbWmPW8m383Uakyz7YHaeEhrJdJmUEnjxfJgP,check,18
47231.01,1AjxC4eZxmbWmPW8m383Uakyz7YHaeEhrJdJmUEnjxfJgP,check,18
47291.01,1AjxC4eZxmbWmPW8m383Uakyz7YHaeEhrJdJmUEnjxfJgP,check,18
47351.01,1AjxC4eZxmbWmPW8m383Uakyz7YHaeEhrJdJmUEnjxfJgP,check,18
47411.023,1AjxC4eZxmbWmPW8m383Uakyz7YHaeEhrJdJmUEnjxfJgP,check,17
47471.023,1AjxC4eZxmbWmPW8m383Uakyz7YHaeEhrJdJmUEnjxfJgP,check,18
47531.01,1AjxC4eZxmbWmPW8m383Uakyz7YHaeEhrJdJmUEnjxfJgP,check,18
47591.023,1AjxC4eZxmbWmPW8m383Uakyz7YHaeEhrJdJmUEnjxfJgP,check,18
47651.01,1AjxC4eZxmbWmPW8m383Uakyz7YHaeEhrJdJmUEnjxfJgP,check,18
47711.01,1AjxC4eZxmbWmPW8m383Uakyz7YHaeEhrJdJmUEnjxfJgP,check,16
47771.01,1AjxC4eZxmbWmPW8m383Uakyz7YHaeEhrJdJmUEnjxfJgP,check,18
47831.01,1AjxC4eZxmbWmPW8m383Uakyz7YHaeEhrJdJmUEnjxfJgP,check,18
47891.023,1AjxC4eZxmbWmPW8m383Uakyz7YHaeEhrJdJmUEnjxfJgP,check,18
47951.023,1AjxC4eZxmbWmPW8m383Uakyz7YHaeEhrJdJmUEnjxfJgP,check,18
48011.023,1AjxC4eZxmbWmPW8m383Uakyz7YHaeEhrJdJmUEnjxfJgP,check,17
48071.01,1AjxC4eZxmbWmPW8m383Uakyz7YHaeEhrJdJmUEnjxfJgP,check,18
48131.023,1AjxC4eZxmbWmPW8m383Uakyz7YHaeEhrJdJmUEnjxfJgP,check,18
48191.023,1AjxC4eZxmbWmPW8m383Uakyz7YHaeEhrJdJmUEnjxfJgP,check,18
48251.023,1AjxC4eZxmbWmPW8m383Uakyz7YHaeEhrJdJmUEnjxfJgP,check,18
48311.023,1AjxC4eZxmbWmPW8m383Uakyz7YHaeEhrJdJmUEnjxfJgP,check,18
48371.023,1AjxC4eZxmbWmPW8m383Uakyz7YHaeEhrJdJmUEnjxfJgP,check,18
48431.023,1AjxC4eZxmbWmPW8m383Uakyz7YHaeEhrJdJmUEnjxfJgP,check,18
48491.023,1AjxC4eZxmbWmPW8m383Uakyz7YHaeEhrJdJmUEnjxfJgP,check,18
48551.023,1AjxC4eZxmbWmPW8m383Uakyz7YHaeEhrJdJmUEnjxfJgP,check,18
48611.01,1AjxC4eZxmbWmPW8m383Uakyz7YHaeEhrJdJmUEnjxfJgP,check,18
48671.008,1AjxC4eZxmbWmPW8m383Uakyz7YHaeEhrJdJmUEnjxfJgP,check,18
48731.023,1AjxC4eZxmbWmPW8m383Uakyz7YHaeEhrJdJmUEnjxfJgP,check,18
48791.023,1AjxC4eZxmbWmPW8m383Uakyz7YHaeEhrJdJmUEnjxfJgP,check,18
48851.01,1AjxC4eZxmbWmPW8m383Uakyz7YHaeEhrJdJmUEnjxfJgP,check,18
48911.01,1AjxC4eZxmbWmPW8m383Uakyz7YHaeEhrJdJmUEnjxfJgP,check,18
48971.023,1AjxC4eZxmbWmPW8m383Uakyz7YHaeEhrJdJmUEnjxfJgP,check,18
49031.023,1AjxC4eZxmbWmPW8m383Uakyz7YHaeEhrJdJmUEnjxfJgP,check,18
49091.01,1AjxC4eZxmbWmPW8m383Uakyz7YHaeEhrJdJmUEnjxfJgP,check,18
49151.01,1AjxC4eZxmbWmPW8m383Uakyz7YHaeEhrJdJmUEnjxfJgP,check,18
49211.01,1AjxC4eZxmbWmPW8m383Uakyz7YHaeEhrJdJmUEnjxfJgP,check,18
49271.023,1AjxC4eZxmbWmPW8m383Uakyz7YHaeEhrJdJmUEnjxfJgP,check,18
49331.01,1AjxC4eZxmbWmPW8m383Uakyz7YHaeEhrJdJmUEnjxfJgP,check,18
49391.01,1AjxC4eZxmbWmPW8m383Uakyz7YHaeEhrJdJmUEnjxfJgP,check,18
49451.01,1AjxC4eZxmbWmPW8m383Uakyz7YHaeEhrJdJmUEnjxfJgP,check,18
49511.01,1AjxC4eZxmbWmPW8m383Uakyz7YHaeEhrJdJmUEnjxfJgP,check,18
49571.023,1AjxC4eZxmbWmPW8m383Uakyz7YHaeEhrJdJmUEnjxfJgP,check,18
49631.01,1AjxC4eZxmbWmPW8m383Uakyz7YHaeEhrJdJmUEnjxfJgP,check,18
49691.01,1AjxC4eZxmbWmPW8m383Uakyz7YHaeEhrJdJmUEnjxfJgP,check,18
49751.01,1AjxC4eZxmbWmPW8m383Uakyz7YHaeEhrJdJmUEnjxfJgP,check,18
49811.01,1AjxC4eZxmbWmPW8m383Uakyz7YHaeEhrJdJmUEnjxfJgP,check,18
49871.023,1AjxC4eZxmbWmPW8m383Uakyz7YHaeEhrJdJmUEnjxfJgP,check,18
49931.023,1AjxC4eZxmbWmPW8m383Uakyz7YHaeEhrJdJmUEnjxfJgP,check,18
49991.01,1AjxC4eZxmbWmPW8m383Uakyz7YHaeEhrJdJmUEnjxfJgP,check,18
50051.01,1AjxC4eZxmbWmPW8m383Uakyz7YHaeEhrJdJmUEnjxfJgP,check,18
50111.023,1AjxC4eZxmbWmPW8m383Uakyz7YHaeEhrJdJmUEnjxfJgP,check,18
50171.01,1AjxC4eZxmbWmPW8m383Uakyz7YHaeEhrJdJmUEnjxfJgP,check,18
50231.023,1AjxC4eZxmbWmPW8m383Uakyz7YHaeEhrJdJmUEnjxfJgP,check,18
50291.01,1AjxC4eZxmbWmPW8m383Uakyz7YHaeEhrJdJmUEnjxfJgP,check,18
50351.023,1AjxC4eZxmbWmPW8m383Uakyz7YHaeEhrJdJmUEnjxfJgP,check,18
50411.023,1AjxC4eZxmbWmPW8m383Uakyz7YHaeEhrJdJmUEnjxfJgP,check,18
50471.023,1AjxC4eZxmbWmPW8m383Uakyz7YHaeEhrJdJmUEnjxfJgP,check,18
50531.023,1AjxC4eZxmbWmPW8m383Uakyz7YHaeEhrJdJmUEnjxfJgP,check,18
50591.023,1AjxC4eZxmbWmPW8m383Uakyz7YHaeEhrJdJmUEnjxfJgP,check,18
50651.023,1AjxC4eZxmbWmPW8m383Uakyz7YHaeEhrJdJmUEnjxfJgP,check,18
50711.023,1AjxC4eZxmbWmPW8m383Uakyz7YHaeEhrJdJmUEnjxfJgP,check,18
50771.01,1AjxC4eZxmbWmPW8m383Uakyz7YHaeEhrJdJmUEnjxfJgP,check,18
50831.01,1AjxC4eZxmbWmPW8m383Uakyz7YHaeEhrJdJmUEnjxfJgP,check,18
50891.023,1AjxC4eZxmbWmPW8m383Uakyz7YHaeEhrJdJmUEnjxfJgP,check,18
50951.023,1AjxC4eZxmbWmPW8m383Uakyz7YHaeEhrJdJmUEnjxfJgP,check,18
51011.023,1AjxC4eZxmbWmPW8m383Uakyz7YHaeEhrJdJmUEnjxfJgP,check,18
51071.01,1AjxC4eZxmbWmPW8m383Uakyz7YHaeEhrJdJmUEnjxfJgP,check,18
51131.023,1AjxC4eZxmbWmPW8m383Uakyz7YHaeEhrJdJmUEnjxfJgP,check,18
51191.01,1AjxC4eZxmbWmPW8m383Uakyz7YHaeEhrJdJmUEnjxfJgP,check,18
51251.01,1AjxC4eZxmbWmPW8m383Uakyz7YHaeEhrJdJmUEnjxfJgP,check,18
51311.01,1AjxC4eZxmbWmPW8m383Uakyz7YHaeEhrJdJmUEnjxfJgP,check,18
51371.01,1AjxC4eZxmbWmPW8m383Uakyz7YHaeEhrJdJmUEnjxfJgP,check,18
51431.023,1AjxC4eZxmbWmPW8m383Uakyz7YHaeEhrJdJmUEnjxfJgP,check,18
51491.01,1AjxC4eZxmbWmPW8m383Uakyz7YHaeEhrJdJmUEnjxfJgP,check,18
51551.023,1AjxC4eZxmbWmPW8m383Uakyz7YHaeEhrJdJmUEnjxfJgP,check,18
51611.008,1AjxC4eZxmbWmPW8m383Uakyz7YHaeEhrJdJmUEnjxfJgP,check,18
51671.023,1AjxC4eZxmbWmPW8m383Uakyz7YHaeEhrJdJmUEnjxfJgP,check,18
51731.01,1AjxC4eZxmbWmPW8m383Uakyz7YHaeEhrJdJmUEnjxfJgP,check,18
51791.01,1AjxC4eZxmbWmPW8m383Uakyz7YHaeEhrJdJmUEnjxfJgP,check,18
51851.023,1AjxC4eZxmbWmPW8m383Uakyz7YHaeEhrJdJmUEnjxfJgP,check,18
51911.01,1AjxC4eZxmbWmPW8m383Uakyz7YHaeEhrJdJmUEnjxfJgP,check,18
51971.01,1AjxC4eZxmbWmPW8m383Uakyz7YHaeEhrJdJmUEnjxfJgP,check,18
52031.023,1AjxC4eZxmbWmPW8m383Uakyz7YHaeEhrJdJmUEnjxfJgP,check,18
52091.008,1AjxC4eZxmbWmPW8m383Uakyz7YHaeEhrJdJmUEnjxfJgP,check,18
52151.008,1AjxC4eZxmbWmPW8m383Uakyz7YHaeEhrJdJmUEnjxfJgP,check,18
52211.008,1AjxC4eZxmbWmPW8m383Uakyz7YHaeEhrJdJmUEnjxfJgP,check,18
52271.008,1AjxC4eZxmbWmPW8m383Uakyz7YHaeEhrJdJmUEnjxfJgP,check,18
52331.004,1AjxC4eZxmbWmPW8m383Uakyz7YHaeEhrJdJmUEnjxfJgP,check,18
52391.008,1AjxC4eZxmbWmPW8m383Uakyz7YHaeEhrJdJmUEnjxfJgP,check,18
52451.02,1AjxC4eZxmbWmPW8m383Uakyz7YHaeEhrJdJmUEnjxfJgP,check,18
52511.023,1AjxC4eZxmbWmPW8m383Uakyz7YHaeEhrJdJmUEnjxfJgP,check,18
52571.01,1AjxC4eZxmbWmPW8m383Uakyz7YHaeEhrJdJmUEnjxfJgP,check,18
52631.01,1AjxC4eZxmbWmPW8m383Uakyz7YHaeEhrJdJmUEnjxfJgP,check,18
52691.01,1AjxC4eZxmbWmPW8m383Uakyz7YHaeEhrJdJmUEnjxfJgP,check,18
52751.01,1AjxC4eZxmbWmPW8m383Uakyz7YHaeEhrJdJmUEnjxfJgP,check,18
52811.02,1AjxC4eZxmbWmPW8m383Uakyz7YHaeEhrJdJmUEnjxfJgP,check,18
52871.023,1AjxC4eZxmbWmPW8m383Uakyz7YHaeEhrJdJmUEnjxfJgP,check,18
52931.023,1AjxC4eZxmbWmPW8m383Uakyz7YHaeEhrJdJmUEnjxfJgP,check,18
52991.01,1AjxC4eZxmbWmPW8m383Uakyz7YHaeEhrJdJmUEnjxfJgP,check,18
53051.01,1AjxC4eZxmbWmPW8m383Uakyz7YHaeEhrJdJmUEnjxfJgP,check,18
53111.023,1AjxC4eZxmbWmPW8m383Uakyz7YHaeEhrJdJmUEnjxfJgP,check,18
53171.01,1AjxC4eZxmbWmPW8m383Uakyz7YHaeEhrJdJmUEnjxfJgP,check,18
53231.023,1AjxC4eZxmbWmPW8m383Uakyz7YHaeEhrJdJmUEnjxfJgP,check,18
53291.01,1AjxC4eZxmbWmPW8m383Uakyz7YHaeEhrJdJmUEnjxfJgP,check,18
53351.023,1AjxC4eZxmbWmPW8m383Uakyz7YHaeEhrJdJmUEnjxfJgP,check,18
53411.023,1AjxC4eZxmbWmPW8m383Uakyz7YHaeEhrJdJmUEnjxfJgP,check,18
53471.023,1AjxC4eZxmbWmPW8m383Uakyz7YHaeEhrJdJmUEnjxfJgP,check,18
53531.023,1AjxC4eZxmbWmPW8m383Uakyz7YHaeEhrJdJmUEnjxfJgP,check,18
53591.01,1AjxC4eZxmbWmPW8m383Uakyz7YHaeEhrJdJmUEnjxfJgP,check,18
53651.023,1AjxC4eZxmbWmPW8m383Uakyz7YHaeEhrJdJmUEnjxfJgP,check,18
53711.01,1AjxC4eZxmbWmPW8m383Uakyz7YHaeEhrJdJmUEnjxfJgP,check,18
53771.01,1AjxC4eZxmbWmPW8m383Uakyz7YHaeEhrJdJmUEnjxfJgP,check,18
53831.023,1AjxC4eZxmbWmPW8m383Uakyz7YHaeEhrJdJmUEnjxfJgP,check,18
53891.01,1AjxC4eZxmbWmPW8m383Uakyz7YHaeEhrJdJmUEnjxfJgP,check,18
53951.023,1AjxC4eZxmbWmPW8m383Uakyz7YHaeEhrJdJmUEnjxfJgP,check,18
54011.01,1AjxC4eZxmbWmPW8m383Uakyz7YHaeEhrJdJmUEnjxfJgP,check,18
54071.023,1AjxC4eZxmbWmPW8m383Uakyz7YHaeEhrJdJmUEnjxfJgP,check,18
54131.01,1AjxC4eZxmbWmPW8m383Uakyz7YHaeEhrJdJmUEnjxfJgP,check,18
54191.01,1AjxC4eZxmbWmPW8m383Uakyz7YHaeEhrJdJmUEnjxfJgP,check,18
54251.01,1AjxC4eZxmbWmPW8m383Uakyz7YHaeEhrJdJmUEnjxfJgP,check,18
54311.01,1AjxC4eZxmbWmPW8m383Uakyz7YHaeEhrJdJmUEnjxfJgP,check,18
54371.01,1AjxC4eZxmbWmPW8m383Uakyz7YHaeEhrJdJmUEnjxfJgP,check,18
54431.023,1AjxC4eZxmbWmPW8m383Uakyz7YHaeEhrJdJmUEnjxfJgP,check,18
54491.01,1AjxC4eZxmbWmPW8m383Uakyz7YHaeEhrJdJmUEnjxfJgP,check,18
54551.01,1AjxC4eZxmbWmPW8m383Uakyz7YHaeEhrJdJmUEnjxfJgP,check,18
54611.01,1AjxC4eZxmbWmPW8m383Uakyz7YHaeEhrJdJmUEnjxfJgP,check,18
54671.023,1AjxC4eZxmbWmPW8m383Uakyz7YHaeEhrJdJmUEnjxfJgP,check,18
54731.023,1AjxC4eZxmbWmPW8m383Uakyz7YHaeEhrJdJmUEnjxfJgP,check,18
54791.01,1AjxC4eZxmbWmPW8m383Uakyz7YHaeEhrJdJmUEnjxfJgP,check,18
54851.01,1AjxC4eZxmbWmPW8m383Uakyz7YHaeEhrJdJmUEnjxfJgP,check,18
54911.01,1AjxC4eZxmbWmPW8m383Uakyz7YHaeEhrJdJmUEnjxfJgP,check,18
54971.01,1AjxC4eZxmbWmPW8m383Uakyz7YHaeEhrJdJmUEnjxfJgP,check,18
55031.01,1AjxC4eZxmbWmPW8m383Uakyz7YHaeEhrJdJmUEnjxfJgP,check,18
55091.01,1AjxC4eZxmbWmPW8m383Uakyz7YHaeEhrJdJmUEnjxfJgP,check,18
55151.023,1AjxC4eZxmbWmPW8m383Uakyz7YHaeEhrJdJmUEnjxfJgP,check,18
55211.01,1AjxC4eZxmbWmPW8m383Uakyz7YHaeEhrJdJmUEnjxfJgP,check,18
55271.01,1AjxC4eZxmbWmPW8m383Uakyz7YHaeEhrJdJmUEnjxfJgP,check,18
55331.01,1AjxC4eZxmbWmPW8m383Uakyz7YHaeEhrJdJmUEnjxfJgP,check,18
55391.01,1AjxC4eZxmbWmPW8m383Uakyz7YHaeEhrJdJmUEnjxfJgP,check,18
55451.023,1AjxC4eZxmbWmPW8m383Uakyz7YHaeEhrJdJmUEnjxfJgP,check,18
55511.01,1AjxC4eZxmbWmPW8m383Uakyz7YHaeEhrJdJmUEnjxfJgP,check,18
55571.01,1AjxC4eZxmbWmPW8m383Uakyz7YHaeEhrJdJmUEnjxfJgP,check,18
55631.01,1AjxC4eZxmbWmPW8m383Uakyz7YHaeEhrJdJmUEnjxfJgP,check,18
55691.01,1AjxC4eZxmbWmPW8m383Uakyz7YHaeEhrJdJmUEnjxfJgP,check,18
55751.01,1AjxC4eZxmbWmPW8m383Uakyz7YHaeEhrJdJmUEnjxfJgP,check,18
55811.01,1AjxC4eZxmbWmPW8m383Uakyz7YHaeEhrJdJmUEnjxfJgP,check,18
55871.023,1AjxC4eZxmbWmPW8m383Uakyz7YHaeEhrJdJmUEnjxfJgP,check,18
55931.01,1AjxC4eZxmbWmPW8m383Uakyz7YHaeEhrJdJmUEnjxfJgP,check,18
55991.01,1AjxC4eZxmbWmPW8m383Uakyz7YHaeEhrJdJmUEnjxfJgP,check,18
56051.01,1AjxC4eZxmbWmPW8m383Uakyz7YHaeEhrJdJmUEnjxfJgP,check,18
56111.023,1AjxC4eZxmbWmPW8m383Uakyz7YHaeEhrJdJmUEnjxfJgP,check,18
56171.01,1AjxC4eZxmbWmPW8m383Uakyz7YHaeEhrJdJmUEnjxfJgP,check,18
56231.01,1AjxC4eZxmbWmPW8m383Uakyz7YHaeEhrJdJmUEnjxfJgP,check,18
56291.01,1AjxC4eZxmbWmPW8m383Uakyz7YHaeEhrJdJmUEnjxfJgP,check,18
56351.01,1AjxC4eZxmbWmPW8m383Uakyz7YHaeEhrJdJmUEnjxfJgP,check,18
56411.023,1AjxC4eZxmbWmPW8m383Uakyz7YHaeEhrJdJmUEnjxfJgP,check,18
56471.023,1AjxC4eZxmbWmPW8m383Uakyz7YHaeEhrJdJmUEnjxfJgP,check,18
56531.023,1AjxC4eZxmbWmPW8m383Uakyz7YHaeEhrJdJmUEnjxfJgP,check,18
56591.01,1AjxC4eZxmbWmPW8m383Uakyz7YHaeEhrJdJmUEnjxfJgP,check,18
56651.023,1AjxC4eZxmbWmPW8m383Uakyz7YHaeEhrJdJmUEnjxfJgP,check,18
56711.008,1AjxC4eZxmbWmPW8m383Uakyz7YHaeEhrJdJmUEnjxfJgP,check,18
56771.01,1AjxC4eZxmbWmPW8m383Uakyz7YHaeEhrJdJmUEnjxfJgP,check,18
56831.01,1AjxC4eZxmbWmPW8m383Uakyz7YHaeEhrJdJmUEnjxfJgP,check,18
56891.01,1AjxC4eZxmbWmPW8m383Uakyz7YHaeEhrJdJmUEnjxfJgP,check,18
56951.01,1AjxC4eZxmbWmPW8m383Uakyz7YHaeEhrJdJmUEnjxfJgP,check,18
57011.023,1AjxC4eZxmbWmPW8m383Uakyz7YHaeEhrJdJmUEnjxfJgP,check,18
57071.008,1AjxC4eZxmbWmPW8m383Uakyz7YHaeEhrJdJmUEnjxfJgP,check,18
57131.01,1AjxC4eZxmbWmPW8m383Uakyz7YHaeEhrJdJmUEnjxfJgP,check,18
57191.01,1AjxC4eZxmbWmPW8m383Uakyz7YHaeEhrJdJmUEnjxfJgP,check,18
57251.023,1AjxC4eZxmbWmPW8m383Uakyz7YHaeEhrJdJmUEnjxfJgP,check,18
57311.023,1AjxC4eZxmbWmPW8m383Uakyz7YHaeEhrJdJmUEnjxfJgP,check,18
57371.02,1AjxC4eZxmbWmPW8m383Uakyz7YHaeEhrJdJmUEnjxfJgP,check,18
57431.008,1AjxC4eZxmbWmPW8m383Uakyz7YHaeEhrJdJmUEnjxfJgP,check,18
57491.023,1AjxC4eZxmbWmPW8m383Uakyz7YHaeEhrJdJmUEnjxfJgP,check,18
57551.023,1AjxC4eZxmbWmPW8m383Uakyz7YHaeEhrJdJmUEnjxfJgP,check,18
57611.01,1AjxC4eZxmbWmPW8m383Uakyz7YHaeEhrJdJmUEnjxfJgP,check,18
57671.023,1AjxC4eZxmbWmPW8m383Uakyz7YHaeEhrJdJmUEnjxfJgP,check,18
57731.01,1AjxC4eZxmbWmPW8m383Uakyz7YHaeEhrJdJmUEnjxfJgP,check,18
57791.01,1AjxC4eZxmbWmPW8m383Uakyz7YHaeEhrJdJmUEnjxfJgP,check,18
57851.01,1AjxC4eZxmbWmPW8m383Uakyz7YHaeEhrJdJmUEnjxfJgP,check,18
57911.01,1AjxC4eZxmbWmPW8m383Uakyz7YHaeEhrJdJmUEnjxfJgP,check,18
57971.023,1AjxC4eZxmbWmPW8m383Uakyz7YHaeEhrJdJmUEnjxfJgP,check,18
58031.023,1AjxC4eZxmbWmPW8m383Uakyz7YHaeEhrJdJmUEnjxfJgP,check,18
58091.023,1AjxC4eZxmbWmPW8m383Uakyz7YHaeEhrJdJmUEnjxfJgP,check,18
58151.01,1AjxC4eZxmbWmPW8m383Uakyz7YHaeEhrJdJmUEnjxfJgP,check,18
58211.01,1AjxC4eZxmbWmPW8m383Uakyz7YHaeEhrJdJmUEnjxfJgP,check,18
58271.023,1AjxC4eZxmbWmPW8m383Uakyz7YHaeEhrJdJmUEnjxfJgP,check,18
58331.01,1AjxC4eZxmbWmPW8m383Uakyz7YHaeEhrJdJmUEnjxfJgP,check,18
58391.01,1AjxC4eZxmbWmPW8m383Uakyz7YHaeEhrJdJmUEnjxfJgP,check,18
58451.023,1AjxC4eZxmbWmPW8m383Uakyz7YHaeEhrJdJmUEnjxfJgP,check,18
58511.01,1AjxC4eZxmbWmPW8m383Uakyz7YHaeEhrJdJmUEnjxfJgP,check,18
58571.023,1AjxC4eZxmbWmPW8m383Uakyz7YHaeEhrJdJmUEnjxfJgP,check,18
58631.01,1AjxC4eZxmbWmPW8m383Uakyz7YHaeEhrJdJmUEnjxfJgP,check,18
58691.01,1AjxC4eZxmbWmPW8m383Uakyz7YHaeEhrJdJmUEnjxfJgP,check,18
58751.01,1AjxC4eZxmbWmPW8m383Uakyz7YHaeEhrJdJmUEnjxfJgP,check,18
58811.023,1AjxC4eZxmbWmPW8m383Uakyz7YHaeEhrJdJmUEnjxfJgP,check,18
58871.023,1AjxC4eZxmbWmPW8m383Uakyz7YHaeEhrJdJmUEnjxfJgP,check,18
58931.023,1AjxC4eZxmbWmPW8m383Uakyz7YHaeEhrJdJmUEnjxfJgP,check,17
58991.01,1AjxC4eZxmbWmPW8m383Uakyz7YHaeEhrJdJmUEnjxfJgP,check,18
59051.023,1AjxC4eZxmbWmPW8m383Uakyz7YHaeEhrJdJmUEnjxfJgP,check,18
59111.023,1AjxC4eZxmbWmPW8m383Uakyz7YHaeEhrJdJmUEnjxfJgP,check,18
59171.023,1AjxC4eZxmbWmPW8m383Uakyz7YHaeEhrJdJmUEnjxfJgP,check,18
59231.023,1AjxC4eZxmbWmPW8m383Uakyz7YHaeEhrJdJmUEnjxfJgP,check,18
59291.01,1AjxC4eZxmbWmPW8m383Uakyz7YHaeEhrJdJmUEnjxfJgP,check,18
59351.01,1AjxC4eZxmbWmPW8m383Uakyz7YHaeEhrJdJmUEnjxfJgP,check,18
59411.01,1AjxC4eZxmbWmPW8m383Uakyz7YHaeEhrJdJmUEnjxfJgP,check,18
59471.023,1AjxC4eZxmbWmPW8m383Uakyz7YHaeEhrJdJmUEnjxfJgP,check,18
59531.023,1AjxC4eZxmbWmPW8m383Uakyz7YHaeEhrJdJmUEnjxfJgP,check,18
59591.023,1AjxC4eZxmbWmPW8m383Uakyz7YHaeEhrJdJmUEnjxfJgP,check,18
59651.01,1AjxC4eZxmbWmPW8m383Uakyz7YHaeEhrJdJmUEnjxfJgP,check,18
59711.01,1AjxC4eZxmbWmPW8m383Uakyz7YHaeEhrJdJmUEnjxfJgP,check,18
59771.01,1AjxC4eZxmbWmPW8m383Uakyz7YHaeEhrJdJmUEnjxfJgP,check,18
59831.023,1AjxC4eZxmbWmPW8m383Uakyz7YHaeEhrJdJmUEnjxfJgP,check,18
59891.01,1AjxC4eZxmbWmPW8m383Uakyz7YHaeEhrJdJmUEnjxfJgP,check,18
59951.023,1AjxC4eZxmbWmPW8m383Uakyz7YHaeEhrJdJmUEnjxfJgP,check,18
60011.023,1AjxC4eZxmbWmPW8m383Uakyz7YHaeEhrJdJmUEnjxfJgP,check,18
60071.023,1AjxC4eZxmbWmPW8m383Uakyz7YHaeEhrJdJmUEnjxfJgP,check,18
60131.023,1AjxC4eZxmbWmPW8m383Uakyz7YHaeEhrJdJmUEnjxfJgP,check,18
60191.01,1AjxC4eZxmbWmPW8m383Uakyz7YHaeEhrJdJmUEnjxfJgP,check,18
60251.01,1AjxC4eZxmbWmPW8m383Uakyz7YHaeEhrJdJmUEnjxfJgP,check,18
60311.023,1AjxC4eZxmbWmPW8m383Uakyz7YHaeEhrJdJmUEnjxfJgP,check,17
60371.01,1AjxC4eZxmbWmPW8m383Uakyz7YHaeEhrJdJmUEnjxfJgP,check,17
60431.01,1AjxC4eZxmbWmPW8m383Uakyz7YHaeEhrJdJmUEnjxfJgP,check,17
60491.01,1AjxC4eZxmbWmPW8m383Uakyz7YHaeEhrJdJmUEnjxfJgP,check,18
60551.023,1AjxC4eZxmbWmPW8m383Uakyz7YHaeEhrJdJmUEnjxfJgP,check,17
60611.01,1AjxC4eZxmbWmPW8m383Uakyz7YHaeEhrJdJmUEnjxfJgP,check,18
60671.023,1AjxC4eZxmbWmPW8m383Uakyz7YHaeEhrJdJmUEnjxfJgP,check,18
60731.008,1AjxC4eZxmbWmPW8m383Uakyz7YHaeEhrJdJmUEnjxfJgP,check,18
60791.01,1AjxC4eZxmbWmPW8m383Uakyz7YHaeEhrJdJmUEnjxfJgP,check,18
60851.01,1AjxC4eZxmbWmPW8m383Uakyz7YHaeEhrJdJmUEnjxfJgP,check,18
60911.008,1AjxC4eZxmbWmPW8m383Uakyz7YHaeEhrJdJmUEnjxfJgP,check,18
60971.008,1AjxC4eZxmbWmPW8m383Uakyz7YHaeEhrJdJmUEnjxfJgP,check,18
61031.008,1AjxC4eZxmbWmPW8m383Uakyz7YHaeEhrJdJmUEnjxfJgP,check,18
61091.008,1AjxC4eZxmbWmPW8m383Uakyz7YHaeEhrJdJmUEnjxfJgP,check,18
61151.008,1AjxC4eZxmbWmPW8m383Uakyz7YHaeEhrJdJmUEnjxfJgP,check,18
61211.004,1AjxC4eZxmbWmPW8m383Uakyz7YHaeEhrJdJmUEnjxfJgP,check,18
61271.008,1AjxC4eZxmbWmPW8m383Uakyz7YHaeEhrJdJmUEnjxfJgP,check,17
61331.023,1AjxC4eZxmbWmPW8m383Uakyz7YHaeEhrJdJmUEnjxfJgP,check,18
61391.01,1AjxC4eZxmbWmPW8m383Uakyz7YHaeEhrJdJmUEnjxfJgP,check,18
61451.008,1AjxC4eZxmbWmPW8m383Uakyz7YHaeEhrJdJmUEnjxfJgP,check,18
61511.023,1AjxC4eZxmbWmPW8m383Uakyz7YHaeEhrJdJmUEnjxfJgP,check,18
61571.023,1AjxC4eZxmbWmPW8m383Uakyz7YHaeEhrJdJmUEnjxfJgP,check,18
61631.023,1AjxC4eZxmbWmPW8m383Uakyz7YHaeEhrJdJmUEnjxfJgP,check,18
61691.01,1AjxC4eZxmbWmPW8m383Uakyz7YHaeEhrJdJmUEnjxfJgP,check,18
61751.023,1AjxC4eZxmbWmPW8m383Uakyz7YHaeEhrJdJmUEnjxfJgP,check,18
61811.008,1AjxC4eZxmbWmPW8m383Uakyz7YHaeEhrJdJmUEnjxfJgP,check,18
61871.023,1AjxC4eZxmbWmPW8m383Uakyz7YHaeEhrJdJmUEnjxfJgP,check,18
61931.023,1AjxC4eZxmbWmPW8m383Uakyz7YHaeEhrJdJmUEnjxfJgP,check,18
61991.023,1AjxC4eZxmbWmPW8m383Uakyz7YHaeEhrJdJmUEnjxfJgP,check,18
62051.023,1AjxC4eZxmbWmPW8m383Uakyz7YHaeEhrJdJmUEnjxfJgP,check,18
62111.02,1AjxC4eZxmbWmPW8m383Uakyz7YHaeEhrJdJmUEnjxfJgP,check,18
62171.01,1AjxC4eZxmbWmPW8m383Uakyz7YHaeEhrJdJmUEnjxfJgP,check,18
62231.01,1AjxC4eZxmbWmPW8m383Uakyz7YHaeEhrJdJmUEnjxfJgP,check,18
62291.01,1AjxC4eZxmbWmPW8m383Uakyz7YHaeEhrJdJmUEnjxfJgP,check,18
62351.01,1AjxC4eZxmbWmPW8m383Uakyz7YHaeEhrJdJmUEnjxfJgP,check,18
62411.01,1AjxC4eZxmbWmPW8m383Uakyz7YHaeEhrJdJmUEnjxfJgP,check,18
62471.023,1AjxC4eZxmbWmPW8m383Uakyz7YHaeEhrJdJmUEnjxfJgP,check,18
62531.008,1AjxC4eZxmbWmPW8m383Uakyz7YHaeEhrJdJmUEnjxfJgP,check,18
62591.01,1AjxC4eZxmbWmPW8m383Uakyz7YHaeEhrJdJmUEnjxfJgP,check,18
62651.01,1AjxC4eZxmbWmPW8m383Uakyz7YHaeEhrJdJmUEnjxfJgP,check,18
62711.023,1AjxC4eZxmbWmPW8m383Uakyz7YHaeEhrJdJmUEnjxfJgP,check,18
62771.01,1AjxC4eZxmbWmPW8m383Uakyz7YHaeEhrJdJmUEnjxfJgP,check,18
62831.01,1AjxC4eZxmbWmPW8m383Uakyz7YHaeEhrJdJmUEnjxfJgP,check,17
62891.023,1AjxC4eZxmbWmPW8m383Uakyz7YHaeEhrJdJmUEnjxfJgP,check,18
62951.01,1AjxC4eZxmbWmPW8m383Uakyz7YHaeEhrJdJmUEnjxfJgP,check,18
63011.02,1AjxC4eZxmbWmPW8m383Uakyz7YHaeEhrJdJmUEnjxfJgP,check,18
63071.01,1AjxC4eZxmbWmPW8m383Uakyz7YHaeEhrJdJmUEnjxfJgP,check,18
63131.01,1AjxC4eZxmbWmPW8m383Uakyz7YHaeEhrJdJmUEnjxfJgP,check,18
63191.01,1AjxC4eZxmbWmPW8m383Uakyz7YHaeEhrJdJmUEnjxfJgP,check,18
63251.01,1AjxC4eZxmbWmPW8m383Uakyz7YHaeEhrJdJmUEnjxfJgP,check,18
63311.02,1AjxC4eZxmbWmPW8m383Uakyz7YHaeEhrJdJmUEnjxfJgP,check,18
63371.02,1AjxC4eZxmbWmPW8m383Uakyz7YHaeEhrJdJmUEnjxfJgP,check,18
63431.01,1AjxC4eZxmbWmPW8m383Uakyz7YHaeEhrJdJmUEnjxfJgP,check,18
63491.01,1AjxC4eZxmbWmPW8m383Uakyz7YHaeEhrJdJmUEnjxfJgP,check,18
63551.01,1AjxC4eZxmbWmPW8m383Uakyz7YHaeEhrJdJmUEnjxfJgP,check,17
63611.023,1AjxC4eZxmbWmPW8m383Uakyz7YHaeEhrJdJmUEnjxfJgP,check,18
63671.023,1AjxC4eZxmbWmPW8m383Uakyz7YHaeEhrJdJmUEnjxfJgP,check,18
63731.01,1AjxC4eZxmbWmPW8m383Uakyz7YHaeEhrJdJmUEnjxfJgP,check,18
63791.01,1AjxC4eZxmbWmPW8m383Uakyz7YHaeEhrJdJmUEnjxfJgP,check,18
63851.01,1AjxC4eZxmbWmPW8m383Uakyz7YHaeEhrJdJmUEnjxfJgP,check,18
63911.01,1AjxC4eZxmbWmPW8m383Uakyz7YHaeEhrJdJmUEnjxfJgP,check,18
63971.01,1AjxC4eZxmbWmPW8m383Uakyz7YHaeEhrJdJmUEnjxfJgP,check,18
64031.01,1AjxC4eZxmbWmPW8m383Uakyz7YHaeEhrJdJmUEnjxfJgP,check,18
64091.01,1AjxC4eZxmbWmPW8m383Uakyz7YHaeEhrJdJmUEnjxfJgP,check,18
64151.01,1AjxC4eZxmbWmPW8m383Uakyz7YHaeEhrJdJmUEnjxfJgP,check,18
64211.023,1AjxC4eZxmbWmPW8m383Uakyz7YHaeEhrJdJmUEnjxfJgP,check,18
64271.023,1AjxC4eZxmbWmPW8m383Uakyz7YHaeEhrJdJmUEnjxfJgP,check,18
64331.01,1AjxC4eZxmbWmPW8m383Uakyz7YHaeEhrJdJmUEnjxfJgP,check,17
64391.023,1AjxC4eZxmbWmPW8m383Uakyz7YHaeEhrJdJmUEnjxfJgP,check,18
64451.01,1AjxC4eZxmbWmPW8m383Uakyz7YHaeEhrJdJmUEnjxfJgP,check,18
64511.023,1AjxC4eZxmbWmPW8m383Uakyz7YHaeEhrJdJmUEnjxfJgP,check,18
64571.01,1AjxC4eZxmbWmPW8m383Uakyz7YHaeEhrJdJmUEnjxfJgP,check,18
64631.01,1AjxC4eZxmbWmPW8m383Uakyz7YHaeEhrJdJmUEnjxfJgP,check,18
64691.01,1AjxC4eZxmbWmPW8m383Uakyz7YHaeEhrJdJmUEnjxfJgP,check,18
64751.01,1AjxC4eZxmbWmPW8m383Uakyz7YHaeEhrJdJmUEnjxfJgP,check,18
64811.023,1AjxC4eZxmbWmPW8m383Uakyz7YHaeEhrJdJmUEnjxfJgP,check,18
64871.01,1AjxC4eZxmbWmPW8m383Uakyz7YHaeEhrJdJmUEnjxfJgP,check,18
64931.02,1AjxC4eZxmbWmPW8m383Uakyz7YHaeEhrJdJmUEnjxfJgP,check,18
64991.01,1AjxC4eZxmbWmPW8m383Uakyz7YHaeEhrJdJmUEnjxfJgP,check,18
65051.023,1AjxC4eZxmbWmPW8m383Uakyz7YHaeEhrJdJmUEnjxfJgP,check,18
65111.01,1AjxC4eZxmbWmPW8m383Uakyz7YHaeEhrJdJmUEnjxfJgP,check,17
65171.023,1AjxC4eZxmbWmPW8m383Uakyz7YHaeEhrJdJmUEnjxfJgP,check,18
65231.01,1AjxC4eZxmbWmPW8m383Uakyz7YHaeEhrJdJmUEnjxfJgP,check,18
65291.01,1AjxC4eZxmbWmPW8m383Uakyz7YHaeEhrJdJmUEnjxfJgP,check,18
65351.023,1AjxC4eZxmbWmPW8m383Uakyz7YHaeEhrJdJmUEnjxfJgP,check,18
65411.01,1AjxC4eZxmbWmPW8m383Uakyz7YHaeEhrJdJmUEnjxfJgP,check,18
65471.008,1AjxC4eZxmbWmPW8m383Uakyz7YHaeEhrJdJmUEnjxfJgP,check,18
65531.01,1AjxC4eZxmbWmPW8m383Uakyz7YHaeEhrJdJmUEnjxfJgP,check,18
65591.01,1AjxC4eZxmbWmPW8m383Uakyz7YHaeEhrJdJmUEnjxfJgP,check,18
65651.01,1AjxC4eZxmbWmPW8m383Uakyz7YHaeEhrJdJmUEnjxfJgP,check,18
65711.016,1AjxC4eZxmbWmPW8m383Uakyz7YHaeEhrJdJmUEnjxfJgP,check,18
65771.016,1AjxC4eZxmbWmPW8m383Uakyz7YHaeEhrJdJmUEnjxfJgP,check,18
65831.01,1AjxC4eZxmbWmPW8m383Uakyz7YHaeEhrJdJmUEnjxfJgP,check,18
65891.01,1AjxC4eZxmbWmPW8m383Uakyz7YHaeEhrJdJmUEnjxfJgP,check,18
65951.02,1AjxC4eZxmbWmPW8m383Uakyz7YHaeEhrJdJmUEnjxfJgP,check,17
66011.02,1AjxC4eZxmbWmPW8m383Uakyz7YHaeEhrJdJmUEnjxfJgP,check,18
66071.02,1AjxC4eZxmbWmPW8m383Uakyz7YHaeEhrJdJmUEnjxfJgP,check,17
66131.02,1AjxC4eZxmbWmPW8m383Uakyz7YHaeEhrJdJmUEnjxfJgP,check,18
66191.02,1AjxC4eZxmbWmPW8m383Uakyz7YHaeEhrJdJmUEnjxfJgP,check,18
66251.02,1AjxC4eZxmbWmPW8m383Uakyz7YHaeEhrJdJmUEnjxfJgP,check,18
66311.02,1AjxC4eZxmbWmPW8m383Uakyz7YHaeEhrJdJmUEnjxfJgP,check,18
66371.02,1AjxC4eZxmbWmPW8m383Uakyz7YHaeEhrJdJmUEnjxfJgP,check,18
66431.016,1AjxC4eZxmbWmPW8m383Uakyz7YHaeEhrJdJmUEnjxfJgP,check,17
66491.01,1AjxC4eZxmbWmPW8m383Uakyz7YHaeEhrJdJmUEnjxfJgP,check,18
66551.01,1AjxC4eZxmbWmPW8m383Uakyz7YHaeEhrJdJmUEnjxfJgP,check,18
66611.02,1AjxC4eZxmbWmPW8m383Uakyz7YHaeEhrJdJmUEnjxfJgP,check,18
66671.01,1AjxC4eZxmbWmPW8m383Uakyz7YHaeEhrJdJmUEnjxfJgP,check,18
66731.016,1AjxC4eZxmbWmPW8m383Uakyz7YHaeEhrJdJmUEnjxfJgP,check,18
66791.02,1AjxC4eZxmbWmPW8m383Uakyz7YHaeEhrJdJmUEnjxfJgP,check,17
66851.01,1AjxC4eZxmbWmPW8m383Uakyz7YHaeEhrJdJmUEnjxfJgP,check,18
66911.016,1AjxC4eZxmbWmPW8m383Uakyz7YHaeEhrJdJmUEnjxfJgP,check,18
66971.01,1AjxC4eZxmbWmPW8m383Uakyz7YHaeEhrJdJmUEnjxfJgP,check,18
67031.02,1AjxC4eZxmbWmPW8m383Uakyz7YHaeEhrJdJmUEnjxfJgP,check,18
67091.02,1AjxC4eZxmbWmPW8m383Uakyz7YHaeEhrJdJmUEnjxfJgP,check,18
67151.01,1AjxC4eZxmbWmPW8m383Uakyz7YHaeEhrJdJmUEnjxfJgP,check,18
67211.02,1AjxC4eZxmbWmPW8m383Uakyz7YHaeEhrJdJmUEnjxfJgP,check,18
67271.02,1AjxC4eZxmbWmPW8m383Uakyz7YHaeEhrJdJmUEnjxfJgP,check,18
67331.01,1AjxC4eZxmbWmPW8m383Uakyz7YHaeEhrJdJmUEnjxfJgP,check,17
67391.02,1AjxC4eZxmbWmPW8m383Uakyz7YHaeEhrJdJmUEnjxfJgP,check,18
67451.016,1AjxC4eZxmbWmPW8m383Uakyz7YHaeEhrJdJmUEnjxfJgP,check,18
67511.02,1AjxC4eZxmbWmPW8m383Uakyz7YHaeEhrJdJmUEnjxfJgP,check,18
67571.02,1AjxC4eZxmbWmPW8m383Uakyz7YHaeEhrJdJmUEnjxfJgP,check,18
67631.02,1AjxC4eZxmbWmPW8m383Uakyz7YHaeEhrJdJmUEnjxfJgP,check,18
67691.01,1AjxC4eZxmbWmPW8m383Uakyz7YHaeEhrJdJmUEnjxfJgP,check,17
67751.01,1AjxC4eZxmbWmPW8m383Uakyz7YHaeEhrJdJmUEnjxfJgP,check,18
67811.01,1AjxC4eZxmbWmPW8m383Uakyz7YHaeEhrJdJmUEnjxfJgP,check,18
67871.02,1AjxC4eZxmbWmPW8m383Uakyz7YHaeEhrJdJmUEnjxfJgP,check,18
67931.02,1AjxC4eZxmbWmPW8m383Uakyz7YHaeEhrJdJmUEnjxfJgP,check,18
67991.02,1AjxC4eZxmbWmPW8m383Uakyz7YHaeEhrJdJmUEnjxfJgP,check,16
68051.016,1AjxC4eZxmbWmPW8m383Uakyz7YHaeEhrJdJmUEnjxfJgP,check,16
68111.02,1AjxC4eZxmbWmPW8m383Uakyz7YHaeEhrJdJmUEnjxfJgP,check,16
68171.02,1AjxC4eZxmbWmPW8m383Uakyz7YHaeEhrJdJmUEnjxfJgP,check,16
68231.01,1AjxC4eZxmbWmPW8m383Uakyz7YHaeEhrJdJmUEnjxfJgP,check,16
68291.02,1AjxC4eZxmbWmPW8m383Uakyz7YHaeEhrJdJmUEnjxfJgP,check,16
68351.02,1AjxC4eZxmbWmPW8m383Uakyz7YHaeEhrJdJmUEnjxfJgP,check,16
68411.016,1AjxC4eZxmbWmPW8m383Uakyz7YHaeEhrJdJmUEnjxfJgP,check,18
68471.02,1AjxC4eZxmbWmPW8m383Uakyz7YHaeEhrJdJmUEnjxfJgP,check,17
68531.02,1AjxC4eZxmbWmPW8m383Uakyz7YHaeEhrJdJmUEnjxfJgP,check,16
68591.016,1AjxC4eZxmbWmPW8m383Uakyz7YHaeEhrJdJmUEnjxfJgP,check,18
68651.02,1AjxC4eZxmbWmPW8m383Uakyz7YHaeEhrJdJmUEnjxfJgP,check,17
68711.01,1AjxC4eZxmbWmPW8m383Uakyz7YHaeEhrJdJmUEnjxfJgP,check,17
68771.02,1AjxC4eZxmbWmPW8m383Uakyz7YHaeEhrJdJmUEnjxfJgP,check,17
68831.01,1AjxC4eZxmbWmPW8m383Uakyz7YHaeEhrJdJmUEnjxfJgP,check,18
68891.01,1AjxC4eZxmbWmPW8m383Uakyz7YHaeEhrJdJmUEnjxfJgP,check,17
68951.01,1AjxC4eZxmbWmPW8m383Uakyz7YHaeEhrJdJmUEnjxfJgP,check,18
69011.01,1AjxC4eZxmbWmPW8m383Uakyz7YHaeEhrJdJmUEnjxfJgP,check,16
69071.02,1AjxC4eZxmbWmPW8m383Uakyz7YHaeEhrJdJmUEnjxfJgP,check,17
69131.02,1AjxC4eZxmbWmPW8m383Uakyz7YHaeEhrJdJmUEnjxfJgP,check,18
69191.01,1AjxC4eZxmbWmPW8m383Uakyz7YHaeEhrJdJmUEnjxfJgP,check,18
69251.01,1AjxC4eZxmbWmPW8m383Uakyz7YHaeEhrJdJmUEnjxfJgP,check,18
69311.01,1AjxC4eZxmbWmPW8m383Uakyz7YHaeEhrJdJmUEnjxfJgP,check,18
69371.016,1AjxC4eZxmbWmPW8m383Uakyz7YHaeEhrJdJmUEnjxfJgP,check,18
69431.01,1AjxC4eZxmbWmPW8m383Uakyz7YHaeEhrJdJmUEnjxfJgP,check,18
69491.01,1AjxC4eZxmbWmPW8m383Uakyz7YHaeEhrJdJmUEnjxfJgP,check,18
69551.01,1AjxC4eZxmbWmPW8m383Uakyz7YHaeEhrJdJmUEnjxfJgP,check,18
69611.01,1AjxC4eZxmbWmPW8m383Uakyz7YHaeEhrJdJmUEnjxfJgP,check,18
69671.01,1AjxC4eZxmbWmPW8m383Uakyz7YHaeEhrJdJmUEnjxfJgP,check,18
69731.01,1AjxC4eZxmbWmPW8m383Uakyz7YHaeEhrJdJmUEnjxfJgP,check,17
69791.01,1AjxC4eZxmbWmPW8m383Uakyz7YHaeEhrJdJmUEnjxfJgP,check,17
69851.01,1AjxC4eZxmbWmPW8m383Uakyz7YHaeEhrJdJmUEnjxfJgP,check,17
69911.01,1AjxC4eZxmbWmPW8m383Uakyz7YHaeEhrJdJmUEnjxfJgP,check,17
69971.02,1AjxC4eZxmbWmPW8m383Uakyz7YHaeEhrJdJmUEnjxfJgP,check,16
70031.02,1AjxC4eZxmbWmPW8m383Uakyz7YHaeEhrJdJmUEnjxfJgP,check,18
70091.02,1AjxC4eZxmbWmPW8m383Uakyz7YHaeEhrJdJmUEnjxfJgP,check,18
70151.016,1AjxC4eZxmbWmPW8m383Uakyz7YHaeEhrJdJmUEnjxfJgP,check,17
70211.02,1AjxC4eZxmbWmPW8m383Uakyz7YHaeEhrJdJmUEnjxfJgP,check,17
70271.02,1AjxC4eZxmbWmPW8m383Uakyz7YHaeEhrJdJmUEnjxfJgP,check,17
70331.02,1AjxC4eZxmbWmPW8m383Uakyz7YHaeEhrJdJmUEnjxfJgP,check,16
70391.02,1AjxC4eZxmbWmPW8m383Uakyz7YHaeEhrJdJmUEnjxfJgP,check,16
70451.016,1AjxC4eZxmbWmPW8m383Uakyz7YHaeEhrJdJmUEnjxfJgP,check,16
70511.02,1AjxC4eZxmbWmPW8m383Uakyz7YHaeEhrJdJmUEnjxfJgP,check,16
70571.02,1AjxC4eZxmbWmPW8m383Uakyz7YHaeEhrJdJmUEnjxfJgP,check,16
70631.016,1AjxC4eZxmbWmPW8m383Uakyz7YHaeEhrJdJmUEnjxfJgP,check,16
70691.02,1AjxC4eZxmbWmPW8m383Uakyz7YHaeEhrJdJmUEnjxfJgP,check,16
70751.02,1AjxC4eZxmbWmPW8m383Uakyz7YHaeEhrJdJmUEnjxfJgP,check,18
70811.016,1AjxC4eZxmbWmPW8m383Uakyz7YHaeEhrJdJmUEnjxfJgP,check,18
70871.02,1AjxC4eZxmbWmPW8m383Uakyz7YHaeEhrJdJmUEnjxfJgP,check,18
70931.02,1AjxC4eZxmbWmPW8m383Uakyz7YHaeEhrJdJmUEnjxfJgP,check,18
70991.016,1AjxC4eZxmbWmPW8m383Uakyz7YHaeEhrJdJmUEnjxfJgP,check,18
71051.01,1AjxC4eZxmbWmPW8m383Uakyz7YHaeEhrJdJmUEnjxfJgP,check,18
71111.01,1AjxC4eZxmbWmPW8m383Uakyz7YHaeEhrJdJmUEnjxfJgP,check,18
71171.016,1AjxC4eZxmbWmPW8m383Uakyz7YHaeEhrJdJmUEnjxfJgP,check,17
71231.016,1AjxC4eZxmbWmPW8m383Uakyz7YHaeEhrJdJmUEnjxfJgP,check,17
71291.016,1AjxC4eZxmbWmPW8m383Uakyz7YHaeEhrJdJmUEnjxfJgP,check,17
71351.02,1AjxC4eZxmbWmPW8m383Uakyz7YHaeEhrJdJmUEnjxfJgP,check,18
71411.01,1AjxC4eZxmbWmPW8m383Uakyz7YHaeEhrJdJmUEnjxfJgP,check,16
71471.02,1AjxC4eZxmbWmPW8m383Uakyz7YHaeEhrJdJmUEnjxfJgP,check,17
71531.016,1AjxC4eZxmbWmPW8m383Uakyz7YHaeEhrJdJmUEnjxfJgP,check,18
71591.016,1AjxC4eZxmbWmPW8m383Uakyz7YHaeEhrJdJmUEnjxfJgP,check,18
71651.016,1AjxC4eZxmbWmPW8m383Uakyz7YHaeEhrJdJmUEnjxfJgP,check,18
71711.016,1AjxC4eZxmbWmPW8m383Uakyz7YHaeEhrJdJmUEnjxfJgP,check,18
71771.016,1AjxC4eZxmbWmPW8m383Uakyz7YHaeEhrJdJmUEnjxfJgP,check,18
71831.016,1AjxC4eZxmbWmPW8m383Uakyz7YHaeEhrJdJmUEnjxfJgP,check,18
71891.016,1AjxC4eZxmbWmPW8m383Uakyz7YHaeEhrJdJmUEnjxfJgP,check,18
71951.01,1AjxC4eZxmbWmPW8m383Uakyz7YHaeEhrJdJmUEnjxfJgP,check,18
