71.02422,1AZFxu4SVDtZu6QBa4zPB5jYsFReeMfBgLHPtdtXtie81U,check,18
131.02368,1AZFxu4SVDtZu6QBa4zPB5jYsFReeMfBgLHPtdtXtie81U,check,19
191.02332,1AZFxu4SVDtZu6QBa4zPB5jYsFReeMfBgLHPtdtXtie81U,check,19
251.00769,1AZFxu4SVDtZu6QBa4zPB5jYsFReeMfBgLHPtdtXtie81U,check,18
311.02298,1AZFxu4SVDtZu6QBa4zPB5jYsFReeMfBgLHPtdtXtie81U,check,19
371.02475,1AZFxu4SVDtZu6QBa4zPB5jYsFReeMfBgLHPtdtXtie81U,check,19
428.15652,1AZFxu4SVDtZu6QBa4zPB5jYsFReeMfBgLHPtdtXtie81U,check,20
491.0232,1AZFxu4SVDtZu6QBa4zPB5jYsFReeMfBgLHPtdtXtie81U,check,18
551.0219,1AZFxu4SVDtZu6QBa4zPB5jYsFReeMfBgLHPtdtXtie81U,check,15
611.0247,1AZFxu4SVDtZu6QBa4zPB5jYsFReeMfBgLHPtdtXtie81U,check,16
671.0237,1AZFxu4SVDtZu6QBa4zPB5jYsFReeMfBgLHPtdtXtie81U,check,16
724.2514,1AZFxu4SVDtZu6QBa4zPB5jYsFReeMfBgLHPtdtXtie81U,check,20
788.11566,1AZFxu4SVDtZu6QBa4zPB5jYsFReeMfBgLHPtdtXtie81U,check,20
851.02374,1AZFxu4SVDtZu6QBa4zPB5jYsFReeMfBgLHPtdtXtie81U,check,19
902.7627,1AZFxu4SVDtZu6QBa4zPB5jYsFReeMfBgLHPtdtXtie81U,check,20
971.0243,1AZFxu4SVDtZu6QBa4zPB5jYsFReeMfBgLHPtdtXtie81U,check,19
1031.024,1AZFxu4SVDtZu6QBa4zPB5jYsFReeMfBgLHPtdtXtie81U,check,19
1091.0243,1AZFxu4SVDtZu6QBa4zPB5jYsFReeMfBgLHPtdtXtie81U,check,19
1151.0222,1AZFxu4SVDtZu6QBa4zPB5jYsFReeMfBgLHPtdtXtie81U,check,19
1211.0245,1AZFxu4SVDtZu6QBa4zPB5jYsFReeMfBgLHPtdtXtie81U,check,18
1271.0251,1AZFxu4SVDtZu6QBa4zPB5jYsFReeMfBgLHPtdtXtie81U,check,17
1331.0239,1AZFxu4SVDtZu6QBa4zPB5jYsFReeMfBgLHPtdtXtie81U,check,18
1391.0247,1AZFxu4SVDtZu6QBa4zPB5jYsFReeMfBgLHPtdtXtie81U,check,18
1451.0073,1AZFxu4SVDtZu6QBa4zPB5jYsFReeMfBgLHPtdtXtie81U,check,19
1511.0226,1AZFxu4SVDtZu6QBa4zPB5jYsFReeMfBgLHPtdtXtie81U,check,19
1571.0236,1AZFxu4SVDtZu6QBa4zPB5jYsFReeMfBgLHPtdtXtie81U,check,19
1631.0227,1AZFxu4SVDtZu6QBa4zPB5jYsFReeMfBgLHPtdtXtie81U,check,19
1691.025,1AZFxu4SVDtZu6QBa4zPB5jYsFReeMfBgLHPtdtXtie81U,check,19
1751.0253,1AZFxu4SVDtZu6QBa4zPB5jYsFReeMfBgLHPtdtXtie81U,check,19
1811.0237,1AZFxu4SVDtZu6QBa4zPB5jYsFReeMfBgLHPtdtXtie81U,check,19
1871.023,1AZFxu4SVDtZu6QBa4zPB5jYsFReeMfBgLHPtdtXtie81U,check,19
1931.0233,1AZFxu4SVDtZu6QBa4zPB5jYsFReeMfBgLHPtdtXtie81U,check,19
1991.0231,1AZFxu4SVDtZu6QBa4zPB5jYsFReeMfBgLHPtdtXtie81U,check,19
2045.0791,1AZFxu4SVDtZu6QBa4zPB5jYsFReeMfBgLHPtdtXtie81U,check,20
2111.0269,1AZFxu4SVDtZu6QBa4zPB5jYsFReeMfBgLHPtdtXtie81U,check,17
2171.0237,1AZFxu4SVDtZu6QBa4zPB5jYsFReeMfBgLHPtdtXtie81U,check,18
2231.0066,1AZFxu4SVDtZu6QBa4zPB5jYsFReeMfBgLHPtdtXtie81U,check,19
2291.025,1AZFxu4SVDtZu6QBa4zPB5jYsFReeMfBgLHPtdtXtie81U,check,19
2351.0242,1AZFxu4SVDtZu6QBa4zPB5jYsFReeMfBgLHPtdtXtie81U,check,18
2411.0056,1AZFxu4SVDtZu6QBa4zPB5jYsFReeMfBgLHPtdtXtie81U,check,19
2471.0059,1AZFxu4SVDtZu6QBa4zPB5jYsFReeMfBgLHPtdtXtie81U,check,19
2531.0059,1AZFxu4SVDtZu6QBa4zPB5jYsFReeMfBgLHPtdtXtie81U,check,19
2591.0054,1AZFxu4SVDtZu6QBa4zPB5jYsFReeMfBgLHPtdtXtie81U,check,19
2651.0051,1AZFxu4SVDtZu6QBa4zPB5jYsFReeMfBgLHPtdtXtie81U,check,19
2711.0037,1AZFxu4SVDtZu6QBa4zPB5jYsFReeMfBgLHPtdtXtie81U,check,19
2771.0234,1AZFxu4SVDtZu6QBa4zPB5jYsFReeMfBgLHPtdtXtie81U,check,18
2831.0098,1AZFxu4SVDtZu6QBa4zPB5jYsFReeMfBgLHPtdtXtie81U,check,17
2891.0078,1AZFxu4SVDtZu6QBa4zPB5jYsFReeMfBgLHPtdtXtie81U,check,18
2951.007,1AZFxu4SVDtZu6QBa4zPB5jYsFReeMfBgLHPtdtXtie81U,check,18
3011.0254,1AZFxu4SVDtZu6QBa4zPB5jYsFReeMfBgLHPtdtXtie81U,check,16
3071.0059,1AZFxu4SVDtZu6QBa4zPB5jYsFReeMfBgLHPtdtXtie81U,check,19
3131.0217,1AZFxu4SVDtZu6QBa4zPB5jYsFReeMfBgLHPtdtXtie81U,check,18
3191.0234,1AZFxu4SVDtZu6QBa4zPB5jYsFReeMfBgLHPtdtXtie81U,check,17
3251.0198,1AZFxu4SVDtZu6QBa4zPB5jYsFReeMfBgLHPtdtXtie81U,check,18
3311.0208,1AZFxu4SVDtZu6QBa4zPB5jYsFReeMfBgLHPtdtXtie81U,check,18
3371.0232,1AZFxu4SVDtZu6QBa4zPB5jYsFReeMfBgLHPtdtXtie81U,check,18
3431.0037,1AZFxu4SVDtZu6QBa4zPB5jYsFReeMfBgLHPtdtXtie81U,check,18
3491.0054,1AZFxu4SVDtZu6QBa4zPB5jYsFReeMfBgLHPtdtXtie81U,check,16
3551.0073,1AZFxu4SVDtZu6QBa4zPB5jYsFReeMfBgLHPtdtXtie81U,check,18
3611.0203,1AZFxu4SVDtZu6QBa4zPB5jYsFReeMfBgLHPtdtXtie81U,check,17
3671.0242,1AZFxu4SVDtZu6QBa4zPB5jYsFReeMfBgLHPtdtXtie81U,check,17
3731.023,1AZFxu4SVDtZu6QBa4zPB5jYsFReeMfBgLHPtdtXtie81U,check,17
3791.0237,1AZFxu4SVDtZu6QBa4zPB5jYsFReeMfBgLHPtdtXtie81U,check,17
3851.0164,1AZFxu4SVDtZu6QBa4zPB5jYsFReeMfBgLHPtdtXtie81U,check,14
3911.0227,1AZFxu4SVDtZu6QBa4zPB5jYsFReeMfBgLHPtdtXtie81U,check,18
3971.015,1AZFxu4SVDtZu6QBa4zPB5jYsFReeMfBgLHPtdtXtie81U,check,18
4031.015,1AZFxu4SVDtZu6QBa4zPB5jYsFReeMfBgLHPtdtXtie81U,check,18
4091.0251,1AZFxu4SVDtZu6QBa4zPB5jYsFReeMfBgLHPtdtXtie81U,check,17
4151.018,1AZFxu4SVDtZu6QBa4zPB5jYsFReeMfBgLHPtdtXtie81U,check,18
4211.021,1AZFxu4SVDtZu6QBa4zPB5jYsFReeMfBgLHPtdtXtie81U,check,17
4271.0244,1AZFxu4SVDtZu6QBa4zPB5jYsFReeMfBgLHPtdtXtie81U,check,18
4331.015,1AZFxu4SVDtZu6QBa4zPB5jYsFReeMfBgLHPtdtXtie81U,check,16
4391.0254,1AZFxu4SVDtZu6QBa4zPB5jYsFReeMfBgLHPtdtXtie81U,check,16
4451.0166,1AZFxu4SVDtZu6QBa4zPB5jYsFReeMfBgLHPtdtXtie81U,check,17
4511.0234,1AZFxu4SVDtZu6QBa4zPB5jYsFReeMfBgLHPtdtXtie81U,check,17
4571.0205,1AZFxu4SVDtZu6QBa4zPB5jYsFReeMfBgLHPtdtXtie81U,check,16
4631.0244,1AZFxu4SVDtZu6QBa4zPB5jYsFReeMfBgLHPtdtXtie81U,check,18
4691.024,1AZFxu4SVDtZu6QBa4zPB5jYsFReeMfBgLHPtdtXtie81U,check,18
4751.0234,1AZFxu4SVDtZu6QBa4zPB5jYsFReeMfBgLHPtdtXtie81U,check,16
4811.023,1AZFxu4SVDtZu6QBa4zPB5jYsFReeMfBgLHPtdtXtie81U,check,18
4871.024,1AZFxu4SVDtZu6QBa4zPB5jYsFReeMfBgLHPtdtXtie81U,check,18
4931.0244,1AZFxu4SVDtZu6QBa4zPB5jYsFReeMfBgLHPtdtXtie81U,check,18
4991.008,1AZFxu4SVDtZu6QBa4zPB5jYsFReeMfBgLHPtdtXtie81U,check,18
5051.0225,1AZFxu4SVDtZu6QBa4zPB5jYsFReeMfBgLHPtdtXtie81U,check,17
5111.024,1AZFxu4SVDtZu6QBa4zPB5jYsFReeMfBgLHPtdtXtie81U,check,18
5171.023,1AZFxu4SVDtZu6QBa4zPB5jYsFReeMfBgLHPtdtXtie81U,check,16
5231.024,1AZFxu4SVDtZu6QBa4zPB5jYsFReeMfBgLHPtdtXtie81U,check,16
5291.0244,1AZFxu4SVDtZu6QBa4zPB5jYsFReeMfBgLHPtdtXtie81U,check,15
5351.023,1AZFxu4SVDtZu6QBa4zPB5jYsFReeMfBgLHPtdtXtie81U,check,17
5411.024,1AZFxu4SVDtZu6QBa4zPB5jYsFReeMfBgLHPtdtXtie81U,check,18
5471.0244,1AZFxu4SVDtZu6QBa4zPB5jYsFReeMfBgLHPtdtXtie81U,check,18
5531.0234,1AZFxu4SVDtZu6QBa4zPB5jYsFReeMfBgLHPtdtXtie81U,check,17
5591.0225,1AZFxu4SVDtZu6QBa4zPB5jYsFReeMfBgLHPtdtXtie81U,check,18
5651.0244,1AZFxu4SVDtZu6QBa4zPB5jYsFReeMfBgLHPtdtXtie81U,check,18
5711.024,1AZFxu4SVDtZu6QBa4zPB5jYsFReeMfBgLHPtdtXtie81U,check,18
5771.025,1AZFxu4SVDtZu6QBa4zPB5jYsFReeMfBgLHPtdtXtie81U,check,18
5831.0244,1AZFxu4SVDtZu6QBa4zPB5jYsFReeMfBgLHPtdtXtie81U,check,18
5891.0244,1AZFxu4SVDtZu6QBa4zPB5jYsFReeMfBgLHPtdtXtie81U,check,18
5951.023,1AZFxu4SVDtZu6QBa4zPB5jYsFReeMfBgLHPtdtXtie81U,check,18
6011.026,1AZFxu4SVDtZu6QBa4zPB5jYsFReeMfBgLHPtdtXtie81U,check,18
6071.023,1AZFxu4SVDtZu6QBa4zPB5jYsFReeMfBgLHPtdtXtie81U,check,17
6131.0234,1AZFxu4SVDtZu6QBa4zPB5jYsFReeMfBgLHPtdtXtie81U,check,18
6191.0234,1AZFxu4SVDtZu6QBa4zPB5jYsFReeMfBgLHPtdtXtie81U,check,17
6251.0264,1AZFxu4SVDtZu6QBa4zPB5jYsFReeMfBgLHPtdtXtie81U,check,17
6311.0234,1AZFxu4SVDtZu6QBa4zPB5jYsFReeMfBgLHPtdtXtie81U,check,18
6371.023,1AZFxu4SVDtZu6QBa4zPB5jYsFReeMfBgLHPtdtXtie81U,check,18
6431.0244,1AZFxu4SVDtZu6QBa4zPB5jYsFReeMfBgLHPtdtXtie81U,check,18
6491.0244,1AZFxu4SVDtZu6QBa4zPB5jYsFReeMfBgLHPtdtXtie81U,check,18
6551.0234,1AZFxu4SVDtZu6QBa4zPB5jYsFReeMfBgLHPtdtXtie81U,check,17
6611.023,1AZFxu4SVDtZu6QBa4zPB5jYsFReeMfBgLHPtdtXtie81U,check,18
6671.0234,1AZFxu4SVDtZu6QBa4zPB5jYsFReeMfBgLHPtdtXtie81U,check,17
6731.024,1AZFxu4SVDtZu6QBa4zPB5jYsFReeMfBgLHPtdtXtie81U,check,17
6791.0225,1AZFxu4SVDtZu6QBa4zPB5jYsFReeMfBgLHPtdtXtie81U,check,17
6851.0254,1AZFxu4SVDtZu6QBa4zPB5jYsFReeMfBgLHPtdtXtie81U,check,18
6911.0244,1AZFxu4SVDtZu6QBa4zPB5jYsFReeMfBgLHPtdtXtie81U,check,17
6971.0244,1AZFxu4SVDtZu6QBa4zPB5jYsFReeMfBgLHPtdtXtie81U,check,18
7031.024,1AZFxu4SVDtZu6QBa4zPB5jYsFReeMfBgLHPtdtXtie81U,check,18
7091.025,1AZFxu4SVDtZu6QBa4zPB5jYsFReeMfBgLHPtdtXtie81U,check,18
7151.024,1AZFxu4SVDtZu6QBa4zPB5jYsFReeMfBgLHPtdtXtie81U,check,18
7211.0244,1AZFxu4SVDtZu6QBa4zPB5jYsFReeMfBgLHPtdtXtie81U,check,18
7271.0234,1AZFxu4SVDtZu6QBa4zPB5jYsFReeMfBgLHPtdtXtie81U,check,18
7331.0244,1AZFxu4SVDtZu6QBa4zPB5jYsFReeMfBgLHPtdtXtie81U,check,17
7391.0244,1AZFxu4SVDtZu6QBa4zPB5jYsFReeMfBgLHPtdtXtie81U,check,18
7451.025,1AZFxu4SVDtZu6QBa4zPB5jYsFReeMfBgLHPtdtXtie81U,check,17
7511.024,1AZFxu4SVDtZu6QBa4zPB5jYsFReeMfBgLHPtdtXtie81U,check,17
7571.018,1AZFxu4SVDtZu6QBa4zPB5jYsFReeMfBgLHPtdtXtie81U,check,16
7631.0225,1AZFxu4SVDtZu6QBa4zPB5jYsFReeMfBgLHPtdtXtie81U,check,18
7691.026,1AZFxu4SVDtZu6QBa4zPB5jYsFReeMfBgLHPtdtXtie81U,check,18
7751.0234,1AZFxu4SVDtZu6QBa4zPB5jYsFReeMfBgLHPtdtXtie81U,check,18
7811.0234,1AZFxu4SVDtZu6QBa4zPB5jYsFReeMfBgLHPtdtXtie81U,check,18
7871.023,1AZFxu4SVDtZu6QBa4zPB5jYsFReeMfBgLHPtdtXtie81U,check,18
7931.0186,1AZFxu4SVDtZu6QBa4zPB5jYsFReeMfBgLHPtdtXtie81U,check,18
7991.0244,1AZFxu4SVDtZu6QBa4zPB5jYsFReeMfBgLHPtdtXtie81U,check,18
8051.0225,1AZFxu4SVDtZu6QBa4zPB5jYsFReeMfBgLHPtdtXtie81U,check,18
8111.024,1AZFxu4SVDtZu6QBa4zPB5jYsFReeMfBgLHPtdtXtie81U,check,18
8171.009,1AZFxu4SVDtZu6QBa4zPB5jYsFReeMfBgLHPtdtXtie81U,check,18
8231.021,1AZFxu4SVDtZu6QBa4zPB5jYsFReeMfBgLHPtdtXtie81U,check,17
8291.022,1AZFxu4SVDtZu6QBa4zPB5jYsFReeMfBgLHPtdtXtie81U,check,18
8351.025,1AZFxu4SVDtZu6QBa4zPB5jYsFReeMfBgLHPtdtXtie81U,check,15
8411.024,1AZFxu4SVDtZu6QBa4zPB5jYsFReeMfBgLHPtdtXtie81U,check,14
8471.023,1AZFxu4SVDtZu6QBa4zPB5jYsFReeMfBgLHPtdtXtie81U,check,18
8531.023,1AZFxu4SVDtZu6QBa4zPB5jYsFReeMfBgLHPtdtXtie81U,check,17
8591.024,1AZFxu4SVDtZu6QBa4zPB5jYsFReeMfBgLHPtdtXtie81U,check,18
8651.021,1AZFxu4SVDtZu6QBa4zPB5jYsFReeMfBgLHPtdtXtie81U,check,17
8711.022,1AZFxu4SVDtZu6QBa4zPB5jYsFReeMfBgLHPtdtXtie81U,check,18
8771.024,1AZFxu4SVDtZu6QBa4zPB5jYsFReeMfBgLHPtdtXtie81U,check,17
8831.023,1AZFxu4SVDtZu6QBa4zPB5jYsFReeMfBgLHPtdtXtie81U,check,18
8891.025,1AZFxu4SVDtZu6QBa4zPB5jYsFReeMfBgLHPtdtXtie81U,check,18
8951.018,1AZFxu4SVDtZu6QBa4zPB5jYsFReeMfBgLHPtdtXtie81U,check,17
9011.023,1AZFxu4SVDtZu6QBa4zPB5jYsFReeMfBgLHPtdtXtie81U,check,18
9071.024,1AZFxu4SVDtZu6QBa4zPB5jYsFReeMfBgLHPtdtXtie81U,check,16
9131.024,1AZFxu4SVDtZu6QBa4zPB5jYsFReeMfBgLHPtdtXtie81U,check,15
9191.025,1AZFxu4SVDtZu6QBa4zPB5jYsFReeMfBgLHPtdtXtie81U,check,12
9251.025,1AZFxu4SVDtZu6QBa4zPB5jYsFReeMfBgLHPtdtXtie81U,check,18
9311.023,1AZFxu4SVDtZu6QBa4zPB5jYsFReeMfBgLHPtdtXtie81U,check,15
9371.023,1AZFxu4SVDtZu6QBa4zPB5jYsFReeMfBgLHPtdtXtie81U,check,18
9431.025,1AZFxu4SVDtZu6QBa4zPB5jYsFReeMfBgLHPtdtXtie81U,check,17
9491.025,1AZFxu4SVDtZu6QBa4zPB5jYsFReeMfBgLHPtdtXtie81U,check,18
9551.025,1AZFxu4SVDtZu6QBa4zPB5jYsFReeMfBgLHPtdtXtie81U,check,15
9611.024,1AZFxu4SVDtZu6QBa4zPB5jYsFReeMfBgLHPtdtXtie81U,check,16
9671.025,1AZFxu4SVDtZu6QBa4zPB5jYsFReeMfBgLHPtdtXtie81U,check,16
9731.022,1AZFxu4SVDtZu6QBa4zPB5jYsFReeMfBgLHPtdtXtie81U,check,15
9791.017,1AZFxu4SVDtZu6QBa4zPB5jYsFReeMfBgLHPtdtXtie81U,check,15
9851.026,1AZFxu4SVDtZu6QBa4zPB5jYsFReeMfBgLHPtdtXtie81U,check,12
9911.024,1AZFxu4SVDtZu6QBa4zPB5jYsFReeMfBgLHPtdtXtie81U,check,13
9971.024,1AZFxu4SVDtZu6QBa4zPB5jYsFReeMfBgLHPtdtXtie81U,check,12
10031.023,1AZFxu4SVDtZu6QBa4zPB5jYsFReeMfBgLHPtdtXtie81U,check,18
10091.02,1AZFxu4SVDtZu6QBa4zPB5jYsFReeMfBgLHPtdtXtie81U,check,16
10151.008,1AZFxu4SVDtZu6QBa4zPB5jYsFReeMfBgLHPtdtXtie81U,check,18
10211.024,1AZFxu4SVDtZu6QBa4zPB5jYsFReeMfBgLHPtdtXtie81U,check,17
10271.023,1AZFxu4SVDtZu6QBa4zPB5jYsFReeMfBgLHPtdtXtie81U,check,18
10331.023,1AZFxu4SVDtZu6QBa4zPB5jYsFReeMfBgLHPtdtXtie81U,check,18
10391.023,1AZFxu4SVDtZu6QBa4zPB5jYsFReeMfBgLHPtdtXtie81U,check,18
10451.021,1AZFxu4SVDtZu6QBa4zPB5jYsFReeMfBgLHPtdtXtie81U,check,16
10511.023,1AZFxu4SVDtZu6QBa4zPB5jYsFReeMfBgLHPtdtXtie81U,check,17
10571.024,1AZFxu4SVDtZu6QBa4zPB5jYsFReeMfBgLHPtdtXtie81U,check,17
10631.025,1AZFxu4SVDtZu6QBa4zPB5jYsFReeMfBgLHPtdtXtie81U,check,17
10691.027,1AZFxu4SVDtZu6QBa4zPB5jYsFReeMfBgLHPtdtXtie81U,check,16
10751.024,1AZFxu4SVDtZu6QBa4zPB5jYsFReeMfBgLHPtdtXtie81U,check,16
10811.025,1AZFxu4SVDtZu6QBa4zPB5jYsFReeMfBgLHPtdtXtie81U,check,18
10871.024,1AZFxu4SVDtZu6QBa4zPB5jYsFReeMfBgLHPtdtXtie81U,check,18
10931.016,1AZFxu4SVDtZu6QBa4zPB5jYsFReeMfBgLHPtdtXtie81U,check,18
10991.027,1AZFxu4SVDtZu6QBa4zPB5jYsFReeMfBgLHPtdtXtie81U,check,18
11051.017,1AZFxu4SVDtZu6QBa4zPB5jYsFReeMfBgLHPtdtXtie81U,check,18
11111.023,1AZFxu4SVDtZu6QBa4zPB5jYsFReeMfBgLHPtdtXtie81U,check,18
11171.024,1AZFxu4SVDtZu6QBa4zPB5jYsFReeMfBgLHPtdtXtie81U,check,18
11231.024,1AZFxu4SVDtZu6QBa4zPB5jYsFReeMfBgLHPtdtXtie81U,check,18
11291.025,1AZFxu4SVDtZu6QBa4zPB5jYsFReeMfBgLHPtdtXtie81U,check,15
11351.025,1AZFxu4SVDtZu6QBa4zPB5jYsFReeMfBgLHPtdtXtie81U,check,17
11411.024,1AZFxu4SVDtZu6QBa4zPB5jYsFReeMfBgLHPtdtXtie81U,check,15
11471.025,1AZFxu4SVDtZu6QBa4zPB5jYsFReeMfBgLHPtdtXtie81U,check,16
11531.024,1AZFxu4SVDtZu6QBa4zPB5jYsFReeMfBgLHPtdtXtie81U,check,13
11591.026,1AZFxu4SVDtZu6QBa4zPB5jYsFReeMfBgLHPtdtXtie81U,check,17
11651.024,1AZFxu4SVDtZu6QBa4zPB5jYsFReeMfBgLHPtdtXtie81U,check,17
11711.018,1AZFxu4SVDtZu6QBa4zPB5jYsFReeMfBgLHPtdtXtie81U,check,18
11771.026,1AZFxu4SVDtZu6QBa4zPB5jYsFReeMfBgLHPtdtXtie81U,check,18
11831.023,1AZFxu4SVDtZu6QBa4zPB5jYsFReeMfBgLHPtdtXtie81U,check,18
11891.0205,1AZFxu4SVDtZu6QBa4zPB5jYsFReeMfBgLHPtdtXtie81U,check,18
11951.018,1AZFxu4SVDtZu6QBa4zPB5jYsFReeMfBgLHPtdtXtie81U,check,16
12011.009,1AZFxu4SVDtZu6QBa4zPB5jYsFReeMfBgLHPtdtXtie81U,check,16
12071.008,1AZFxu4SVDtZu6QBa4zPB5jYsFReeMfBgLHPtdtXtie81U,check,17
12131.008,1AZFxu4SVDtZu6QBa4zPB5jYsFReeMfBgLHPtdtXtie81U,check,17
12191.0205,1AZFxu4SVDtZu6QBa4zPB5jYsFReeMfBgLHPtdtXtie81U,check,14
12251.026,1AZFxu4SVDtZu6QBa4zPB5jYsFReeMfBgLHPtdtXtie81U,check,12
12311.018,1AZFxu4SVDtZu6QBa4zPB5jYsFReeMfBgLHPtdtXtie81U,check,13
12371.023,1AZFxu4SVDtZu6QBa4zPB5jYsFReeMfBgLHPtdtXtie81U,check,14
12431.024,1AZFxu4SVDtZu6QBa4zPB5jYsFReeMfBgLHPtdtXtie81U,check,15
12491.023,1AZFxu4SVDtZu6QBa4zPB5jYsFReeMfBgLHPtdtXtie81U,check,17
12551.024,1AZFxu4SVDtZu6QBa4zPB5jYsFReeMfBgLHPtdtXtie81U,check,17
12611.024,1AZFxu4SVDtZu6QBa4zPB5jYsFReeMfBgLHPtdtXtie81U,check,17
12671.021,1AZFxu4SVDtZu6QBa4zPB5jYsFReeMfBgLHPtdtXtie81U,check,17
12731.025,1AZFxu4SVDtZu6QBa4zPB5jYsFReeMfBgLHPtdtXtie81U,check,17
12791.023,1AZFxu4SVDtZu6QBa4zPB5jYsFReeMfBgLHPtdtXtie81U,check,17
12851.023,1AZFxu4SVDtZu6QBa4zPB5jYsFReeMfBgLHPtdtXtie81U,check,16
12911.022,1AZFxu4SVDtZu6QBa4zPB5jYsFReeMfBgLHPtdtXtie81U,check,16
12971.025,1AZFxu4SVDtZu6QBa4zPB5jYsFReeMfBgLHPtdtXtie81U,check,14
13031.024,1AZFxu4SVDtZu6QBa4zPB5jYsFReeMfBgLHPtdtXtie81U,check,14
13091.025,1AZFxu4SVDtZu6QBa4zPB5jYsFReeMfBgLHPtdtXtie81U,check,13
13151.023,1AZFxu4SVDtZu6QBa4zPB5jYsFReeMfBgLHPtdtXtie81U,check,16
13211.024,1AZFxu4SVDtZu6QBa4zPB5jYsFReeMfBgLHPtdtXtie81U,check,17
13271.023,1AZFxu4SVDtZu6QBa4zPB5jYsFReeMfBgLHPtdtXtie81U,check,17
13331.021,1AZFxu4SVDtZu6QBa4zPB5jYsFReeMfBgLHPtdtXtie81U,check,17
13391.022,1AZFxu4SVDtZu6QBa4zPB5jYsFReeMfBgLHPtdtXtie81U,check,14
13451.023,1AZFxu4SVDtZu6QBa4zPB5jYsFReeMfBgLHPtdtXtie81U,check,15
13511.023,1AZFxu4SVDtZu6QBa4zPB5jYsFReeMfBgLHPtdtXtie81U,check,16
13571.024,1AZFxu4SVDtZu6QBa4zPB5jYsFReeMfBgLHPtdtXtie81U,check,14
13631.024,1AZFxu4SVDtZu6QBa4zPB5jYsFReeMfBgLHPtdtXtie81U,check,14
13691.024,1AZFxu4SVDtZu6QBa4zPB5jYsFReeMfBgLHPtdtXtie81U,check,13
13751.024,1AZFxu4SVDtZu6QBa4zPB5jYsFReeMfBgLHPtdtXtie81U,check,12
13811.024,1AZFxu4SVDtZu6QBa4zPB5jYsFReeMfBgLHPtdtXtie81U,check,13
13871.024,1AZFxu4SVDtZu6QBa4zPB5jYsFReeMfBgLHPtdtXtie81U,check,13
13931.025,1AZFxu4SVDtZu6QBa4zPB5jYsFReeMfBgLHPtdtXtie81U,check,16
13991.023,1AZFxu4SVDtZu6QBa4zPB5jYsFReeMfBgLHPtdtXtie81U,check,17
14051.022,1AZFxu4SVDtZu6QBa4zPB5jYsFReeMfBgLHPtdtXtie81U,check,17
14111.023,1AZFxu4SVDtZu6QBa4zPB5jYsFReeMfBgLHPtdtXtie81U,check,15
14171.023,1AZFxu4SVDtZu6QBa4zPB5jYsFReeMfBgLHPtdtXtie81U,check,17
14231.022,1AZFxu4SVDtZu6QBa4zPB5jYsFReeMfBgLHPtdtXtie81U,check,13
14291.025,1AZFxu4SVDtZu6QBa4zPB5jYsFReeMfBgLHPtdtXtie81U,check,13
14351.024,1AZFxu4SVDtZu6QBa4zPB5jYsFReeMfBgLHPtdtXtie81U,check,16
14411.024,1AZFxu4SVDtZu6QBa4zPB5jYsFReeMfBgLHPtdtXtie81U,check,15
14471.024,1AZFxu4SVDtZu6QBa4zPB5jYsFReeMfBgLHPtdtXtie81U,check,12
14531.023,1AZFxu4SVDtZu6QBa4zPB5jYsFReeMfBgLHPtdtXtie81U,check,14
14591.024,1AZFxu4SVDtZu6QBa4zPB5jYsFReeMfBgLHPtdtXtie81U,check,15
14651.025,1AZFxu4SVDtZu6QBa4zPB5jYsFReeMfBgLHPtdtXtie81U,check,15
14711.023,1AZFxu4SVDtZu6QBa4zPB5jYsFReeMfBgLHPtdtXtie81U,check,17
14771.024,1AZFxu4SVDtZu6QBa4zPB5jYsFReeMfBgLHPtdtXtie81U,check,17
14831.024,1AZFxu4SVDtZu6QBa4zPB5jYsFReeMfBgLHPtdtXtie81U,check,16
14891.025,1AZFxu4SVDtZu6QBa4zPB5jYsFReeMfBgLHPtdtXtie81U,check,17
14951.022,1AZFxu4SVDtZu6QBa4zPB5jYsFReeMfBgLHPtdtXtie81U,check,14
15011.023,1AZFxu4SVDtZu6QBa4zPB5jYsFReeMfBgLHPtdtXtie81U,check,16
15071.023,1AZFxu4SVDtZu6QBa4zPB5jYsFReeMfBgLHPtdtXtie81U,check,17
15131.024,1AZFxu4SVDtZu6QBa4zPB5jYsFReeMfBgLHPtdtXtie81U,check,14
15191.024,1AZFxu4SVDtZu6QBa4zPB5jYsFReeMfBgLHPtdtXtie81U,check,16
15251.023,1AZFxu4SVDtZu6QBa4zPB5jYsFReeMfBgLHPtdtXtie81U,check,15
15311.025,1AZFxu4SVDtZu6QBa4zPB5jYsFReeMfBgLHPtdtXtie81U,check,15
15371.024,1AZFxu4SVDtZu6QBa4zPB5jYsFReeMfBgLHPtdtXtie81U,check,12
15431.023,1AZFxu4SVDtZu6QBa4zPB5jYsFReeMfBgLHPtdtXtie81U,check,13
15491.023,1AZFxu4SVDtZu6QBa4zPB5jYsFReeMfBgLHPtdtXtie81U,check,17
15551.023,1AZFxu4SVDtZu6QBa4zPB5jYsFReeMfBgLHPtdtXtie81U,check,17
15611.023,1AZFxu4SVDtZu6QBa4zPB5jYsFReeMfBgLHPtdtXtie81U,check,16
15671.023,1AZFxu4SVDtZu6QBa4zPB5jYsFReeMfBgLHPtdtXtie81U,check,16
15731.023,1AZFxu4SVDtZu6QBa4zPB5jYsFReeMfBgLHPtdtXtie81U,check,13
15791.024,1AZFxu4SVDtZu6QBa4zPB5jYsFReeMfBgLHPtdtXtie81U,check,15
15851.023,1AZFxu4SVDtZu6QBa4zPB5jYsFReeMfBgLHPtdtXtie81U,check,15
15911.024,1AZFxu4SVDtZu6QBa4zPB5jYsFReeMfBgLHPtdtXtie81U,check,14
15971.022,1AZFxu4SVDtZu6QBa4zPB5jYsFReeMfBgLHPtdtXtie81U,check,14
16031.025,1AZFxu4SVDtZu6QBa4zPB5jYsFReeMfBgLHPtdtXtie81U,check,11
16091.025,1AZFxu4SVDtZu6QBa4zPB5jYsFReeMfBgLHPtdtXtie81U,check,12
16151.026,1AZFxu4SVDtZu6QBa4zPB5jYsFReeMfBgLHPtdtXtie81U,check,12
16211.023,1AZFxu4SVDtZu6QBa4zPB5jYsFReeMfBgLHPtdtXtie81U,check,11
16271.024,1AZFxu4SVDtZu6QBa4zPB5jYsFReeMfBgLHPtdtXtie81U,check,15
16331.025,1AZFxu4SVDtZu6QBa4zPB5jYsFReeMfBgLHPtdtXtie81U,check,17
16391.025,1AZFxu4SVDtZu6QBa4zPB5jYsFReeMfBgLHPtdtXtie81U,check,14
16451.025,1AZFxu4SVDtZu6QBa4zPB5jYsFReeMfBgLHPtdtXtie81U,check,16
16511.025,1AZFxu4SVDtZu6QBa4zPB5jYsFReeMfBgLHPtdtXtie81U,check,17
16571.023,1AZFxu4SVDtZu6QBa4zPB5jYsFReeMfBgLHPtdtXtie81U,check,16
16631.023,1AZFxu4SVDtZu6QBa4zPB5jYsFReeMfBgLHPtdtXtie81U,check,15
16691.02,1AZFxu4SVDtZu6QBa4zPB5jYsFReeMfBgLHPtdtXtie81U,check,14
16751.025,1AZFxu4SVDtZu6QBa4zPB5jYsFReeMfBgLHPtdtXtie81U,check,14
16811.025,1AZFxu4SVDtZu6QBa4zPB5jYsFReeMfBgLHPtdtXtie81U,check,14
16871.023,1AZFxu4SVDtZu6QBa4zPB5jYsFReeMfBgLHPtdtXtie81U,check,14
16931.023,1AZFxu4SVDtZu6QBa4zPB5jYsFReeMfBgLHPtdtXtie81U,check,14
16991.023,1AZFxu4SVDtZu6QBa4zPB5jYsFReeMfBgLHPtdtXtie81U,check,12
17051.018,1AZFxu4SVDtZu6QBa4zPB5jYsFReeMfBgLHPtdtXtie81U,check,16
17111.023,1AZFxu4SVDtZu6QBa4zPB5jYsFReeMfBgLHPtdtXtie81U,check,17
17171.023,1AZFxu4SVDtZu6QBa4zPB5jYsFReeMfBgLHPtdtXtie81U,check,15
17231.027,1AZFxu4SVDtZu6QBa4zPB5jYsFReeMfBgLHPtdtXtie81U,check,17
17291.025,1AZFxu4SVDtZu6QBa4zPB5jYsFReeMfBgLHPtdtXtie81U,check,17
17351.025,1AZFxu4SVDtZu6QBa4zPB5jYsFReeMfBgLHPtdtXtie81U,check,13
17411.023,1AZFxu4SVDtZu6QBa4zPB5jYsFReeMfBgLHPtdtXtie81U,check,15
17471.023,1AZFxu4SVDtZu6QBa4zPB5jYsFReeMfBgLHPtdtXtie81U,check,16
17531.023,1AZFxu4SVDtZu6QBa4zPB5jYsFReeMfBgLHPtdtXtie81U,check,13
17591.021,1AZFxu4SVDtZu6QBa4zPB5jYsFReeMfBgLHPtdtXtie81U,check,12
17651.025,1AZFxu4SVDtZu6QBa4zPB5jYsFReeMfBgLHPtdtXtie81U,check,11
17711.023,1AZFxu4SVDtZu6QBa4zPB5jYsFReeMfBgLHPtdtXtie81U,check,13
17771.025,1AZFxu4SVDtZu6QBa4zPB5jYsFReeMfBgLHPtdtXtie81U,check,15
17831.023,1AZFxu4SVDtZu6QBa4zPB5jYsFReeMfBgLHPtdtXtie81U,check,16
17891.023,1AZFxu4SVDtZu6QBa4zPB5jYsFReeMfBgLHPtdtXtie81U,check,17
17951.023,1AZFxu4SVDtZu6QBa4zPB5jYsFReeMfBgLHPtdtXtie81U,check,14
18011.023,1AZFxu4SVDtZu6QBa4zPB5jYsFReeMfBgLHPtdtXtie81U,check,17
18071.021,1AZFxu4SVDtZu6QBa4zPB5jYsFReeMfBgLHPtdtXtie81U,check,17
18131.025,1AZFxu4SVDtZu6QBa4zPB5jYsFReeMfBgLHPtdtXtie81U,check,16
18191.023,1AZFxu4SVDtZu6QBa4zPB5jYsFReeMfBgLHPtdtXtie81U,check,17
18251.025,1AZFxu4SVDtZu6QBa4zPB5jYsFReeMfBgLHPtdtXtie81U,check,16
18311.023,1AZFxu4SVDtZu6QBa4zPB5jYsFReeMfBgLHPtdtXtie81U,check,16
18371.023,1AZFxu4SVDtZu6QBa4zPB5jYsFReeMfBgLHPtdtXtie81U,check,16
18431.025,1AZFxu4SVDtZu6QBa4zPB5jYsFReeMfBgLHPtdtXtie81U,check,14
18491.023,1AZFxu4SVDtZu6QBa4zPB5jYsFReeMfBgLHPtdtXtie81U,check,17
18551.023,1AZFxu4SVDtZu6QBa4zPB5jYsFReeMfBgLHPtdtXtie81U,check,17
18611.025,1AZFxu4SVDtZu6QBa4zPB5jYsFReeMfBgLHPtdtXtie81U,check,17
18671.025,1AZFxu4SVDtZu6QBa4zPB5jYsFReeMfBgLHPtdtXtie81U,check,17
18731.023,1AZFxu4SVDtZu6QBa4zPB5jYsFReeMfBgLHPtdtXtie81U,check,17
18791.023,1AZFxu4SVDtZu6QBa4zPB5jYsFReeMfBgLHPtdtXtie81U,check,15
18851.023,1AZFxu4SVDtZu6QBa4zPB5jYsFReeMfBgLHPtdtXtie81U,check,17
18911.023,1AZFxu4SVDtZu6QBa4zPB5jYsFReeMfBgLHPtdtXtie81U,check,17
18971.025,1AZFxu4SVDtZu6QBa4zPB5jYsFReeMfBgLHPtdtXtie81U,check,13
19031.023,1AZFxu4SVDtZu6QBa4zPB5jYsFReeMfBgLHPtdtXtie81U,check,15
19091.025,1AZFxu4SVDtZu6QBa4zPB5jYsFReeMfBgLHPtdtXtie81U,check,15
19151.023,1AZFxu4SVDtZu6QBa4zPB5jYsFReeMfBgLHPtdtXtie81U,check,12
19211.018,1AZFxu4SVDtZu6QBa4zPB5jYsFReeMfBgLHPtdtXtie81U,check,16
19271.023,1AZFxu4SVDtZu6QBa4zPB5jYsFReeMfBgLHPtdtXtie81U,check,14
19331.023,1AZFxu4SVDtZu6QBa4zPB5jYsFReeMfBgLHPtdtXtie81U,check,17
19391.023,1AZFxu4SVDtZu6QBa4zPB5jYsFReeMfBgLHPtdtXtie81U,check,17
19451.023,1AZFxu4SVDtZu6QBa4zPB5jYsFReeMfBgLHPtdtXtie81U,check,17
19511.025,1AZFxu4SVDtZu6QBa4zPB5jYsFReeMfBgLHPtdtXtie81U,check,17
19571.023,1AZFxu4SVDtZu6QBa4zPB5jYsFReeMfBgLHPtdtXtie81U,check,17
19631.025,1AZFxu4SVDtZu6QBa4zPB5jYsFReeMfBgLHPtdtXtie81U,check,17
19691.025,1AZFxu4SVDtZu6QBa4zPB5jYsFReeMfBgLHPtdtXtie81U,check,17
19751.025,1AZFxu4SVDtZu6QBa4zPB5jYsFReeMfBgLHPtdtXtie81U,check,17
19811.023,1AZFxu4SVDtZu6QBa4zPB5jYsFReeMfBgLHPtdtXtie81U,check,17
19871.023,1AZFxu4SVDtZu6QBa4zPB5jYsFReeMfBgLHPtdtXtie81U,check,17
19931.018,1AZFxu4SVDtZu6QBa4zPB5jYsFReeMfBgLHPtdtXtie81U,check,15
19991.025,1AZFxu4SVDtZu6QBa4zPB5jYsFReeMfBgLHPtdtXtie81U,check,16
20051.02,1AZFxu4SVDtZu6QBa4zPB5jYsFReeMfBgLHPtdtXtie81U,check,16
20111.02,1AZFxu4SVDtZu6QBa4zPB5jYsFReeMfBgLHPtdtXtie81U,check,17
20171.008,1AZFxu4SVDtZu6QBa4zPB5jYsFReeMfBgLHPtdtXtie81U,check,16
20231.008,1AZFxu4SVDtZu6QBa4zPB5jYsFReeMfBgLHPtdtXtie81U,check,17
20291.006,1AZFxu4SVDtZu6QBa4zPB5jYsFReeMfBgLHPtdtXtie81U,check,17
20351.006,1AZFxu4SVDtZu6QBa4zPB5jYsFReeMfBgLHPtdtXtie81U,check,17
20411.023,1AZFxu4SVDtZu6QBa4zPB5jYsFReeMfBgLHPtdtXtie81U,check,17
20471.023,1AZFxu4SVDtZu6QBa4zPB5jYsFReeMfBgLHPtdtXtie81U,check,17
20531.023,1AZFxu4SVDtZu6QBa4zPB5jYsFReeMfBgLHPtdtXtie81U,check,16
20591.023,1AZFxu4SVDtZu6QBa4zPB5jYsFReeMfBgLHPtdtXtie81U,check,16
20651.02,1AZFxu4SVDtZu6QBa4zPB5jYsFReeMfBgLHPtdtXtie81U,check,15
20711.025,1AZFxu4SVDtZu6QBa4zPB5jYsFReeMfBgLHPtdtXtie81U,check,15
20771.025,1AZFxu4SVDtZu6QBa4zPB5jYsFReeMfBgLHPtdtXtie81U,check,15
20831.025,1AZFxu4SVDtZu6QBa4zPB5jYsFReeMfBgLHPtdtXtie81U,check,11
20891.027,1AZFxu4SVDtZu6QBa4zPB5jYsFReeMfBgLHPtdtXtie81U,check,17
20951.023,1AZFxu4SVDtZu6QBa4zPB5jYsFReeMfBgLHPtdtXtie81U,check,17
21011.02,1AZFxu4SVDtZu6QBa4zPB5jYsFReeMfBgLHPtdtXtie81U,check,17
21071.023,1AZFxu4SVDtZu6QBa4zPB5jYsFReeMfBgLHPtdtXtie81U,check,17
21131.023,1AZFxu4SVDtZu6QBa4zPB5jYsFReeMfBgLHPtdtXtie81U,check,17
21191.023,1AZFxu4SVDtZu6QBa4zPB5jYsFReeMfBgLHPtdtXtie81U,check,17
21251.01,1AZFxu4SVDtZu6QBa4zPB5jYsFReeMfBgLHPtdtXtie81U,check,17
21311.023,1AZFxu4SVDtZu6QBa4zPB5jYsFReeMfBgLHPtdtXtie81U,check,15
21371.02,1AZFxu4SVDtZu6QBa4zPB5jYsFReeMfBgLHPtdtXtie81U,check,17
21431.023,1AZFxu4SVDtZu6QBa4zPB5jYsFReeMfBgLHPtdtXtie81U,check,16
21491.027,1AZFxu4SVDtZu6QBa4zPB5jYsFReeMfBgLHPtdtXtie81U,check,16
21551.023,1AZFxu4SVDtZu6QBa4zPB5jYsFReeMfBgLHPtdtXtie81U,check,17
21611.023,1AZFxu4SVDtZu6QBa4zPB5jYsFReeMfBgLHPtdtXtie81U,check,14
21671.023,1AZFxu4SVDtZu6QBa4zPB5jYsFReeMfBgLHPtdtXtie81U,check,17
21731.018,1AZFxu4SVDtZu6QBa4zPB5jYsFReeMfBgLHPtdtXtie81U,check,17
21791.021,1AZFxu4SVDtZu6QBa4zPB5jYsFReeMfBgLHPtdtXtie81U,check,17
21851.025,1AZFxu4SVDtZu6QBa4zPB5jYsFReeMfBgLHPtdtXtie81U,check,17
21911.023,1AZFxu4SVDtZu6QBa4zPB5jYsFReeMfBgLHPtdtXtie81U,check,16
21971.023,1AZFxu4SVDtZu6QBa4zPB5jYsFReeMfBgLHPtdtXtie81U,check,17
22031.025,1AZFxu4SVDtZu6QBa4zPB5jYsFReeMfBgLHPtdtXtie81U,check,17
22091.023,1AZFxu4SVDtZu6QBa4zPB5jYsFReeMfBgLHPtdtXtie81U,check,16
22151.025,1AZFxu4SVDtZu6QBa4zPB5jYsFReeMfBgLHPtdtXtie81U,check,17
22211.025,1AZFxu4SVDtZu6QBa4zPB5jYsFReeMfBgLHPtdtXtie81U,check,16
22271.023,1AZFxu4SVDtZu6QBa4zPB5jYsFReeMfBgLHPtdtXtie81U,check,14
22331.025,1AZFxu4SVDtZu6QBa4zPB5jYsFReeMfBgLHPtdtXtie81U,check,14
22391.023,1AZFxu4SVDtZu6QBa4zPB5jYsFReeMfBgLHPtdtXtie81U,check,13
22451.023,1AZFxu4SVDtZu6QBa4zPB5jYsFReeMfBgLHPtdtXtie81U,check,17
22511.021,1AZFxu4SVDtZu6QBa4zPB5jYsFReeMfBgLHPtdtXtie81U,check,13
22571.025,1AZFxu4SVDtZu6QBa4zPB5jYsFReeMfBgLHPtdtXtie81U,check,14
22631.027,1AZFxu4SVDtZu6QBa4zPB5jYsFReeMfBgLHPtdtXtie81U,check,17
22691.023,1AZFxu4SVDtZu6QBa4zPB5jYsFReeMfBgLHPtdtXtie81U,check,16
22751.023,1AZFxu4SVDtZu6QBa4zPB5jYsFReeMfBgLHPtdtXtie81U,check,14
22811.023,1AZFxu4SVDtZu6QBa4zPB5jYsFReeMfBgLHPtdtXtie81U,check,14
22871.023,1AZFxu4SVDtZu6QBa4zPB5jYsFReeMfBgLHPtdtXtie81U,check,14
22931.023,1AZFxu4SVDtZu6QBa4zPB5jYsFReeMfBgLHPtdtXtie81U,check,13
22991.008,1AZFxu4SVDtZu6QBa4zPB5jYsFReeMfBgLHPtdtXtie81U,check,12
23051.025,1AZFxu4SVDtZu6QBa4zPB5jYsFReeMfBgLHPtdtXtie81U,check,12
23111.025,1AZFxu4SVDtZu6QBa4zPB5jYsFReeMfBgLHPtdtXtie81U,check,13
23171.025,1AZFxu4SVDtZu6QBa4zPB5jYsFReeMfBgLHPtdtXtie81U,check,13
23231.025,1AZFxu4SVDtZu6QBa4zPB5jYsFReeMfBgLHPtdtXtie81U,check,17
23291.025,1AZFxu4SVDtZu6QBa4zPB5jYsFReeMfBgLHPtdtXtie81U,check,17
23351.025,1AZFxu4SVDtZu6QBa4zPB5jYsFReeMfBgLHPtdtXtie81U,check,17
23411.025,1AZFxu4SVDtZu6QBa4zPB5jYsFReeMfBgLHPtdtXtie81U,check,17
23471.023,1AZFxu4SVDtZu6QBa4zPB5jYsFReeMfBgLHPtdtXtie81U,check,17
23531.023,1AZFxu4SVDtZu6QBa4zPB5jYsFReeMfBgLHPtdtXtie81U,check,17
23591.018,1AZFxu4SVDtZu6QBa4zPB5jYsFReeMfBgLHPtdtXtie81U,check,16
23651.023,1AZFxu4SVDtZu6QBa4zPB5jYsFReeMfBgLHPtdtXtie81U,check,16
23711.027,1AZFxu4SVDtZu6QBa4zPB5jYsFReeMfBgLHPtdtXtie81U,check,17
23771.025,1AZFxu4SVDtZu6QBa4zPB5jYsFReeMfBgLHPtdtXtie81U,check,17
23831.025,1AZFxu4SVDtZu6QBa4zPB5jYsFReeMfBgLHPtdtXtie81U,check,14
23891.025,1AZFxu4SVDtZu6QBa4zPB5jYsFReeMfBgLHPtdtXtie81U,check,16
23951.018,1AZFxu4SVDtZu6QBa4zPB5jYsFReeMfBgLHPtdtXtie81U,check,14
24011.025,1AZFxu4SVDtZu6QBa4zPB5jYsFReeMfBgLHPtdtXtie81U,check,17
24071.025,1AZFxu4SVDtZu6QBa4zPB5jYsFReeMfBgLHPtdtXtie81U,check,17
24131.023,1AZFxu4SVDtZu6QBa4zPB5jYsFReeMfBgLHPtdtXtie81U,check,17
24191.025,1AZFxu4SVDtZu6QBa4zPB5jYsFReeMfBgLHPtdtXtie81U,check,17
24251.023,1AZFxu4SVDtZu6QBa4zPB5jYsFReeMfBgLHPtdtXtie81U,check,16
24311.023,1AZFxu4SVDtZu6QBa4zPB5jYsFReeMfBgLHPtdtXtie81U,check,17
24371.023,1AZFxu4SVDtZu6QBa4zPB5jYsFReeMfBgLHPtdtXtie81U,check,17
24431.023,1AZFxu4SVDtZu6QBa4zPB5jYsFReeMfBgLHPtdtXtie81U,check,17
24491.025,1AZFxu4SVDtZu6QBa4zPB5jYsFReeMfBgLHPtdtXtie81U,check,16
24551.023,1AZFxu4SVDtZu6QBa4zPB5jYsFReeMfBgLHPtdtXtie81U,check,14
24611.025,1AZFxu4SVDtZu6QBa4zPB5jYsFReeMfBgLHPtdtXtie81U,check,15
24671.023,1AZFxu4SVDtZu6QBa4zPB5jYsFReeMfBgLHPtdtXtie81U,check,16
24731.025,1AZFxu4SVDtZu6QBa4zPB5jYsFReeMfBgLHPtdtXtie81U,check,13
24791.025,1AZFxu4SVDtZu6QBa4zPB5jYsFReeMfBgLHPtdtXtie81U,check,16
24851.025,1AZFxu4SVDtZu6QBa4zPB5jYsFReeMfBgLHPtdtXtie81U,check,16
24911.025,1AZFxu4SVDtZu6QBa4zPB5jYsFReeMfBgLHPtdtXtie81U,check,15
24971.025,1AZFxu4SVDtZu6QBa4zPB5jYsFReeMfBgLHPtdtXtie81U,check,15
25031.023,1AZFxu4SVDtZu6QBa4zPB5jYsFReeMfBgLHPtdtXtie81U,check,13
25091.025,1AZFxu4SVDtZu6QBa4zPB5jYsFReeMfBgLHPtdtXtie81U,check,16
25151.025,1AZFxu4SVDtZu6QBa4zPB5jYsFReeMfBgLHPtdtXtie81U,check,15
25211.023,1AZFxu4SVDtZu6QBa4zPB5jYsFReeMfBgLHPtdtXtie81U,check,14
25271.023,1AZFxu4SVDtZu6QBa4zPB5jYsFReeMfBgLHPtdtXtie81U,check,13
25331.023,1AZFxu4SVDtZu6QBa4zPB5jYsFReeMfBgLHPtdtXtie81U,check,12
25391.025,1AZFxu4SVDtZu6QBa4zPB5jYsFReeMfBgLHPtdtXtie81U,check,13
25451.018,1AZFxu4SVDtZu6QBa4zPB5jYsFReeMfBgLHPtdtXtie81U,check,12
25511.025,1AZFxu4SVDtZu6QBa4zPB5jYsFReeMfBgLHPtdtXtie81U,check,12
25571.023,1AZFxu4SVDtZu6QBa4zPB5jYsFReeMfBgLHPtdtXtie81U,check,15
25631.023,1AZFxu4SVDtZu6QBa4zPB5jYsFReeMfBgLHPtdtXtie81U,check,15
25691.025,1AZFxu4SVDtZu6QBa4zPB5jYsFReeMfBgLHPtdtXtie81U,check,16
25751.023,1AZFxu4SVDtZu6QBa4zPB5jYsFReeMfBgLHPtdtXtie81U,check,15
25811.023,1AZFxu4SVDtZu6QBa4zPB5jYsFReeMfBgLHPtdtXtie81U,check,14
25871.023,1AZFxu4SVDtZu6QBa4zPB5jYsFReeMfBgLHPtdtXtie81U,check,15
25931.021,1AZFxu4SVDtZu6QBa4zPB5jYsFReeMfBgLHPtdtXtie81U,check,16
25991.023,1AZFxu4SVDtZu6QBa4zPB5jYsFReeMfBgLHPtdtXtie81U,check,13
26051.023,1AZFxu4SVDtZu6QBa4zPB5jYsFReeMfBgLHPtdtXtie81U,check,11
26111.023,1AZFxu4SVDtZu6QBa4zPB5jYsFReeMfBgLHPtdtXtie81U,check,10
26171.023,1AZFxu4SVDtZu6QBa4zPB5jYsFReeMfBgLHPtdtXtie81U,check,11
26231.023,1AZFxu4SVDtZu6QBa4zPB5jYsFReeMfBgLHPtdtXtie81U,check,11
26291.023,1AZFxu4SVDtZu6QBa4zPB5jYsFReeMfBgLHPtdtXtie81U,check,11
26351.025,1AZFxu4SVDtZu6QBa4zPB5jYsFReeMfBgLHPtdtXtie81U,check,14
26411.023,1AZFxu4SVDtZu6QBa4zPB5jYsFReeMfBgLHPtdtXtie81U,check,16
26471.023,1AZFxu4SVDtZu6QBa4zPB5jYsFReeMfBgLHPtdtXtie81U,check,14
26531.025,1AZFxu4SVDtZu6QBa4zPB5jYsFReeMfBgLHPtdtXtie81U,check,16
26591.021,1AZFxu4SVDtZu6QBa4zPB5jYsFReeMfBgLHPtdtXtie81U,check,15
26651.023,1AZFxu4SVDtZu6QBa4zPB5jYsFReeMfBgLHPtdtXtie81U,check,15
26711.023,1AZFxu4SVDtZu6QBa4zPB5jYsFReeMfBgLHPtdtXtie81U,check,15
26771.023,1AZFxu4SVDtZu6QBa4zPB5jYsFReeMfBgLHPtdtXtie81U,check,16
26831.023,1AZFxu4SVDtZu6QBa4zPB5jYsFReeMfBgLHPtdtXtie81U,check,16
26891.023,1AZFxu4SVDtZu6QBa4zPB5jYsFReeMfBgLHPtdtXtie81U,check,15
26951.023,1AZFxu4SVDtZu6QBa4zPB5jYsFReeMfBgLHPtdtXtie81U,check,13
27011.023,1AZFxu4SVDtZu6QBa4zPB5jYsFReeMfBgLHPtdtXtie81U,check,15
27071.025,1AZFxu4SVDtZu6QBa4zPB5jYsFReeMfBgLHPtdtXtie81U,check,13
27131.025,1AZFxu4SVDtZu6QBa4zPB5jYsFReeMfBgLHPtdtXtie81U,check,16
27191.023,1AZFxu4SVDtZu6QBa4zPB5jYsFReeMfBgLHPtdtXtie81U,check,16
27251.023,1AZFxu4SVDtZu6QBa4zPB5jYsFReeMfBgLHPtdtXtie81U,check,15
27311.023,1AZFxu4SVDtZu6QBa4zPB5jYsFReeMfBgLHPtdtXtie81U,check,16
27371.025,1AZFxu4SVDtZu6QBa4zPB5jYsFReeMfBgLHPtdtXtie81U,check,16
27431.025,1AZFxu4SVDtZu6QBa4zPB5jYsFReeMfBgLHPtdtXtie81U,check,15
27491.025,1AZFxu4SVDtZu6QBa4zPB5jYsFReeMfBgLHPtdtXtie81U,check,15
27551.025,1AZFxu4SVDtZu6QBa4zPB5jYsFReeMfBgLHPtdtXtie81U,check,16
27611.023,1AZFxu4SVDtZu6QBa4zPB5jYsFReeMfBgLHPtdtXtie81U,check,16
27671.025,1AZFxu4SVDtZu6QBa4zPB5jYsFReeMfBgLHPtdtXtie81U,check,15
27731.025,1AZFxu4SVDtZu6QBa4zPB5jYsFReeMfBgLHPtdtXtie81U,check,15
27791.023,1AZFxu4SVDtZu6QBa4zPB5jYsFReeMfBgLHPtdtXtie81U,check,15
27851.025,1AZFxu4SVDtZu6QBa4zPB5jYsFReeMfBgLHPtdtXtie81U,check,15
27911.023,1AZFxu4SVDtZu6QBa4zPB5jYsFReeMfBgLHPtdtXtie81U,check,15
27971.025,1AZFxu4SVDtZu6QBa4zPB5jYsFReeMfBgLHPtdtXtie81U,check,16
28031.023,1AZFxu4SVDtZu6QBa4zPB5jYsFReeMfBgLHPtdtXtie81U,check,16
28091.025,1AZFxu4SVDtZu6QBa4zPB5jYsFReeMfBgLHPtdtXtie81U,check,16
28151.023,1AZFxu4SVDtZu6QBa4zPB5jYsFReeMfBgLHPtdtXtie81U,check,15
28211.03,1AZFxu4SVDtZu6QBa4zPB5jYsFReeMfBgLHPtdtXtie81U,check,16
28271.023,1AZFxu4SVDtZu6QBa4zPB5jYsFReeMfBgLHPtdtXtie81U,check,16
28331.025,1AZFxu4SVDtZu6QBa4zPB5jYsFReeMfBgLHPtdtXtie81U,check,14
28391.025,1AZFxu4SVDtZu6QBa4zPB5jYsFReeMfBgLHPtdtXtie81U,check,14
28451.025,1AZFxu4SVDtZu6QBa4zPB5jYsFReeMfBgLHPtdtXtie81U,check,16
28511.025,1AZFxu4SVDtZu6QBa4zPB5jYsFReeMfBgLHPtdtXtie81U,check,14
28571.023,1AZFxu4SVDtZu6QBa4zPB5jYsFReeMfBgLHPtdtXtie81U,check,13
28631.02,1AZFxu4SVDtZu6QBa4zPB5jYsFReeMfBgLHPtdtXtie81U,check,14
28691.02,1AZFxu4SVDtZu6QBa4zPB5jYsFReeMfBgLHPtdtXtie81U,check,16
28751.008,1AZFxu4SVDtZu6QBa4zPB5jYsFReeMfBgLHPtdtXtie81U,check,16
28811.008,1AZFxu4SVDtZu6QBa4zPB5jYsFReeMfBgLHPtdtXtie81U,check,16
28871.006,1AZFxu4SVDtZu6QBa4zPB5jYsFReeMfBgLHPtdtXtie81U,check,15
28931.02,1AZFxu4SVDtZu6QBa4zPB5jYsFReeMfBgLHPtdtXtie81U,check,16
28991.021,1AZFxu4SVDtZu6QBa4zPB5jYsFReeMfBgLHPtdtXtie81U,check,14
29051.025,1AZFxu4SVDtZu6QBa4zPB5jYsFReeMfBgLHPtdtXtie81U,check,14
29111.02,1AZFxu4SVDtZu6QBa4zPB5jYsFReeMfBgLHPtdtXtie81U,check,11
29171.025,1AZFxu4SVDtZu6QBa4zPB5jYsFReeMfBgLHPtdtXtie81U,check,14
29231.023,1AZFxu4SVDtZu6QBa4zPB5jYsFReeMfBgLHPtdtXtie81U,check,15
29291.023,1AZFxu4SVDtZu6QBa4zPB5jYsFReeMfBgLHPtdtXtie81U,check,12
29351.023,1AZFxu4SVDtZu6QBa4zPB5jYsFReeMfBgLHPtdtXtie81U,check,13
29411.025,1AZFxu4SVDtZu6QBa4zPB5jYsFReeMfBgLHPtdtXtie81U,check,15
29471.025,1AZFxu4SVDtZu6QBa4zPB5jYsFReeMfBgLHPtdtXtie81U,check,16
29531.023,1AZFxu4SVDtZu6QBa4zPB5jYsFReeMfBgLHPtdtXtie81U,check,15
29591.025,1AZFxu4SVDtZu6QBa4zPB5jYsFReeMfBgLHPtdtXtie81U,check,16
29651.023,1AZFxu4SVDtZu6QBa4zPB5jYsFReeMfBgLHPtdtXtie81U,check,16
29711.025,1AZFxu4SVDtZu6QBa4zPB5jYsFReeMfBgLHPtdtXtie81U,check,16
29771.021,1AZFxu4SVDtZu6QBa4zPB5jYsFReeMfBgLHPtdtXtie81U,check,15
29831.025,1AZFxu4SVDtZu6QBa4zPB5jYsFReeMfBgLHPtdtXtie81U,check,14
29891.023,1AZFxu4SVDtZu6QBa4zPB5jYsFReeMfBgLHPtdtXtie81U,check,15
29951.023,1AZFxu4SVDtZu6QBa4zPB5jYsFReeMfBgLHPtdtXtie81U,check,15
30011.025,1AZFxu4SVDtZu6QBa4zPB5jYsFReeMfBgLHPtdtXtie81U,check,16
30071.023,1AZFxu4SVDtZu6QBa4zPB5jYsFReeMfBgLHPtdtXtie81U,check,16
30131.025,1AZFxu4SVDtZu6QBa4zPB5jYsFReeMfBgLHPtdtXtie81U,check,14
30191.027,1AZFxu4SVDtZu6QBa4zPB5jYsFReeMfBgLHPtdtXtie81U,check,16
30251.023,1AZFxu4SVDtZu6QBa4zPB5jYsFReeMfBgLHPtdtXtie81U,check,15
30311.025,1AZFxu4SVDtZu6QBa4zPB5jYsFReeMfBgLHPtdtXtie81U,check,16
30371.023,1AZFxu4SVDtZu6QBa4zPB5jYsFReeMfBgLHPtdtXtie81U,check,16
30431.025,1AZFxu4SVDtZu6QBa4zPB5jYsFReeMfBgLHPtdtXtie81U,check,16
30491.025,1AZFxu4SVDtZu6QBa4zPB5jYsFReeMfBgLHPtdtXtie81U,check,16
30551.023,1AZFxu4SVDtZu6QBa4zPB5jYsFReeMfBgLHPtdtXtie81U,check,16
30611.025,1AZFxu4SVDtZu6QBa4zPB5jYsFReeMfBgLHPtdtXtie81U,check,16
30671.023,1AZFxu4SVDtZu6QBa4zPB5jYsFReeMfBgLHPtdtXtie81U,check,16
30731.023,1AZFxu4SVDtZu6QBa4zPB5jYsFReeMfBgLHPtdtXtie81U,check,16
30791.025,1AZFxu4SVDtZu6QBa4zPB5jYsFReeMfBgLHPtdtXtie81U,check,16
30851.023,1AZFxu4SVDtZu6QBa4zPB5jYsFReeMfBgLHPtdtXtie81U,check,16
30911.025,1AZFxu4SVDtZu6QBa4zPB5jYsFReeMfBgLHPtdtXtie81U,check,14
30971.023,1AZFxu4SVDtZu6QBa4zPB5jYsFReeMfBgLHPtdtXtie81U,check,16
31031.025,1AZFxu4SVDtZu6QBa4zPB5jYsFReeMfBgLHPtdtXtie81U,check,16
31091.023,1AZFxu4SVDtZu6QBa4zPB5jYsFReeMfBgLHPtdtXtie81U,check,16
31151.023,1AZFxu4SVDtZu6QBa4zPB5jYsFReeMfBgLHPtdtXtie81U,check,15
31211.031,1AZFxu4SVDtZu6QBa4zPB5jYsFReeMfBgLHPtdtXtie81U,check,16
31271.023,1AZFxu4SVDtZu6QBa4zPB5jYsFReeMfBgLHPtdtXtie81U,check,16
31331.023,1AZFxu4SVDtZu6QBa4zPB5jYsFReeMfBgLHPtdtXtie81U,check,16
31391.025,1AZFxu4SVDtZu6QBa4zPB5jYsFReeMfBgLHPtdtXtie81U,check,16
31451.025,1AZFxu4SVDtZu6QBa4zPB5jYsFReeMfBgLHPtdtXtie81U,check,14
31511.023,1AZFxu4SVDtZu6QBa4zPB5jYsFReeMfBgLHPtdtXtie81U,check,16
31571.025,1AZFxu4SVDtZu6QBa4zPB5jYsFReeMfBgLHPtdtXtie81U,check,16
31631.025,1AZFxu4SVDtZu6QBa4zPB5jYsFReeMfBgLHPtdtXtie81U,check,16
31691.023,1AZFxu4SVDtZu6QBa4zPB5jYsFReeMfBgLHPtdtXtie81U,check,16
31751.023,1AZFxu4SVDtZu6QBa4zPB5jYsFReeMfBgLHPtdtXtie81U,check,16
31811.023,1AZFxu4SVDtZu6QBa4zPB5jYsFReeMfBgLHPtdtXtie81U,check,16
31871.023,1AZFxu4SVDtZu6QBa4zPB5jYsFReeMfBgLHPtdtXtie81U,check,16
31931.025,1AZFxu4SVDtZu6QBa4zPB5jYsFReeMfBgLHPtdtXtie81U,check,16
31991.025,1AZFxu4SVDtZu6QBa4zPB5jYsFReeMfBgLHPtdtXtie81U,check,16
32051.02,1AZFxu4SVDtZu6QBa4zPB5jYsFReeMfBgLHPtdtXtie81U,check,15
32111.025,1AZFxu4SVDtZu6QBa4zPB5jYsFReeMfBgLHPtdtXtie81U,check,16
32171.023,1AZFxu4SVDtZu6QBa4zPB5jYsFReeMfBgLHPtdtXtie81U,check,16
32231.025,1AZFxu4SVDtZu6QBa4zPB5jYsFReeMfBgLHPtdtXtie81U,check,16
32291.025,1AZFxu4SVDtZu6QBa4zPB5jYsFReeMfBgLHPtdtXtie81U,check,15
32351.025,1AZFxu4SVDtZu6QBa4zPB5jYsFReeMfBgLHPtdtXtie81U,check,16
32411.023,1AZFxu4SVDtZu6QBa4zPB5jYsFReeMfBgLHPtdtXtie81U,check,16
32471.023,1AZFxu4SVDtZu6QBa4zPB5jYsFReeMfBgLHPtdtXtie81U,check,16
32531.025,1AZFxu4SVDtZu6QBa4zPB5jYsFReeMfBgLHPtdtXtie81U,check,15
32591.023,1AZFxu4SVDtZu6QBa4zPB5jYsFReeMfBgLHPtdtXtie81U,check,16
32651.023,1AZFxu4SVDtZu6QBa4zPB5jYsFReeMfBgLHPtdtXtie81U,check,16
32711.025,1AZFxu4SVDtZu6QBa4zPB5jYsFReeMfBgLHPtdtXtie81U,check,16
32771.023,1AZFxu4SVDtZu6QBa4zPB5jYsFReeMfBgLHPtdtXtie81U,check,16
32831.023,1AZFxu4SVDtZu6QBa4zPB5jYsFReeMfBgLHPtdtXtie81U,check,16
32891.027,1AZFxu4SVDtZu6QBa4zPB5jYsFReeMfBgLHPtdtXtie81U,check,16
32951.023,1AZFxu4SVDtZu6QBa4zPB5jYsFReeMfBgLHPtdtXtie81U,check,16
33011.023,1AZFxu4SVDtZu6QBa4zPB5jYsFReeMfBgLHPtdtXtie81U,check,15
33071.023,1AZFxu4SVDtZu6QBa4zPB5jYsFReeMfBgLHPtdtXtie81U,check,16
33131.023,1AZFxu4SVDtZu6QBa4zPB5jYsFReeMfBgLHPtdtXtie81U,check,15
33191.023,1AZFxu4SVDtZu6QBa4zPB5jYsFReeMfBgLHPtdtXtie81U,check,16
33251.023,1AZFxu4SVDtZu6QBa4zPB5jYsFReeMfBgLHPtdtXtie81U,check,15
33311.023,1AZFxu4SVDtZu6QBa4zPB5jYsFReeMfBgLHPtdtXtie81U,check,16
33371.023,1AZFxu4SVDtZu6QBa4zPB5jYsFReeMfBgLHPtdtXtie81U,check,16
33431.023,1AZFxu4SVDtZu6QBa4zPB5jYsFReeMfBgLHPtdtXtie81U,check,15
33491.023,1AZFxu4SVDtZu6QBa4zPB5jYsFReeMfBgLHPtdtXtie81U,check,16
33551.023,1AZFxu4SVDtZu6QBa4zPB5jYsFReeMfBgLHPtdtXtie81U,check,16
33611.023,1AZFxu4SVDtZu6QBa4zPB5jYsFReeMfBgLHPtdtXtie81U,check,16
33671.023,1AZFxu4SVDtZu6QBa4zPB5jYsFReeMfBgLHPtdtXtie81U,check,15
33731.027,1AZFxu4SVDtZu6QBa4zPB5jYsFReeMfBgLHPtdtXtie81U,check,13
33791.023,1AZFxu4SVDtZu6QBa4zPB5jYsFReeMfBgLHPtdtXtie81U,check,15
33851.023,1AZFxu4SVDtZu6QBa4zPB5jYsFReeMfBgLHPtdtXtie81U,check,16
33911.027,1AZFxu4SVDtZu6QBa4zPB5jYsFReeMfBgLHPtdtXtie81U,check,14
33971.023,1AZFxu4SVDtZu6QBa4zPB5jYsFReeMfBgLHPtdtXtie81U,check,16
34031.023,1AZFxu4SVDtZu6QBa4zPB5jYsFReeMfBgLHPtdtXtie81U,check,16
34091.027,1AZFxu4SVDtZu6QBa4zPB5jYsFReeMfBgLHPtdtXtie81U,check,16
34151.023,1AZFxu4SVDtZu6QBa4zPB5jYsFReeMfBgLHPtdtXtie81U,check,16
34211.023,1AZFxu4SVDtZu6QBa4zPB5jYsFReeMfBgLHPtdtXtie81U,check,16
34271.023,1AZFxu4SVDtZu6QBa4zPB5jYsFReeMfBgLHPtdtXtie81U,check,16
34331.027,1AZFxu4SVDtZu6QBa4zPB5jYsFReeMfBgLHPtdtXtie81U,check,16
34391.023,1AZFxu4SVDtZu6QBa4zPB5jYsFReeMfBgLHPtdtXtie81U,check,16
34451.023,1AZFxu4SVDtZu6QBa4zPB5jYsFReeMfBgLHPtdtXtie81U,check,16
34511.023,1AZFxu4SVDtZu6QBa4zPB5jYsFReeMfBgLHPtdtXtie81U,check,15
34571.023,1AZFxu4SVDtZu6QBa4zPB5jYsFReeMfBgLHPtdtXtie81U,check,16
34631.023,1AZFxu4SVDtZu6QBa4zPB5jYsFReeMfBgLHPtdtXtie81U,check,15
34691.023,1AZFxu4SVDtZu6QBa4zPB5jYsFReeMfBgLHPtdtXtie81U,check,16
34751.023,1AZFxu4SVDtZu6QBa4zPB5jYsFReeMfBgLHPtdtXtie81U,check,16
34811.023,1AZFxu4SVDtZu6QBa4zPB5jYsFReeMfBgLHPtdtXtie81U,check,15
34871.023,1AZFxu4SVDtZu6QBa4zPB5jYsFReeMfBgLHPtdtXtie81U,check,16
34931.023,1AZFxu4SVDtZu6QBa4zPB5jYsFReeMfBgLHPtdtXtie81U,check,12
34991.02,1AZFxu4SVDtZu6QBa4zPB5jYsFReeMfBgLHPtdtXtie81U,check,16
35051.023,1AZFxu4SVDtZu6QBa4zPB5jYsFReeMfBgLHPtdtXtie81U,check,15
35111.008,1AZFxu4SVDtZu6QBa4zPB5jYsFReeMfBgLHPtdtXtie81U,check,16
35171.016,1AZFxu4SVDtZu6QBa4zPB5jYsFReeMfBgLHPtdtXtie81U,check,16
35231.023,1AZFxu4SVDtZu6QBa4zPB5jYsFReeMfBgLHPtdtXtie81U,check,16
35291.027,1AZFxu4SVDtZu6QBa4zPB5jYsFReeMfBgLHPtdtXtie81U,check,14
35351.023,1AZFxu4SVDtZu6QBa4zPB5jYsFReeMfBgLHPtdtXtie81U,check,15
35411.023,1AZFxu4SVDtZu6QBa4zPB5jYsFReeMfBgLHPtdtXtie81U,check,14
35471.023,1AZFxu4SVDtZu6QBa4zPB5jYsFReeMfBgLHPtdtXtie81U,check,15
35531.023,1AZFxu4SVDtZu6QBa4zPB5jYsFReeMfBgLHPtdtXtie81U,check,14
35591.027,1AZFxu4SVDtZu6QBa4zPB5jYsFReeMfBgLHPtdtXtie81U,check,15
35651.023,1AZFxu4SVDtZu6QBa4zPB5jYsFReeMfBgLHPtdtXtie81U,check,14
35711.023,1AZFxu4SVDtZu6QBa4zPB5jYsFReeMfBgLHPtdtXtie81U,check,14
35771.023,1AZFxu4SVDtZu6QBa4zPB5jYsFReeMfBgLHPtdtXtie81U,check,15
35831.023,1AZFxu4SVDtZu6QBa4zPB5jYsFReeMfBgLHPtdtXtie81U,check,15
35891.027,1AZFxu4SVDtZu6QBa4zPB5jYsFReeMfBgLHPtdtXtie81U,check,15
35951.027,1AZFxu4SVDtZu6QBa4zPB5jYsFReeMfBgLHPtdtXtie81U,check,15
36011.027,1AZFxu4SVDtZu6QBa4zPB5jYsFReeMfBgLHPtdtXtie81U,check,15
36071.023,1AZFxu4SVDtZu6QBa4zPB5jYsFReeMfBgLHPtdtXtie81U,check,15
36131.023,1AZFxu4SVDtZu6QBa4zPB5jYsFReeMfBgLHPtdtXtie81U,check,14
36191.023,1AZFxu4SVDtZu6QBa4zPB5jYsFReeMfBgLHPtdtXtie81U,check,15
36251.023,1AZFxu4SVDtZu6QBa4zPB5jYsFReeMfBgLHPtdtXtie81U,check,15
36311.023,1AZFxu4SVDtZu6QBa4zPB5jYsFReeMfBgLHPtdtXtie81U,check,14
36371.023,1AZFxu4SVDtZu6QBa4zPB5jYsFReeMfBgLHPtdtXtie81U,check,14
36431.023,1AZFxu4SVDtZu6QBa4zPB5jYsFReeMfBgLHPtdtXtie81U,check,15
36491.023,1AZFxu4SVDtZu6QBa4zPB5jYsFReeMfBgLHPtdtXtie81U,check,15
36551.023,1AZFxu4SVDtZu6QBa4zPB5jYsFReeMfBgLHPtdtXtie81U,check,15
36611.027,1AZFxu4SVDtZu6QBa4zPB5jYsFReeMfBgLHPtdtXtie81U,check,15
36671.023,1AZFxu4SVDtZu6QBa4zPB5jYsFReeMfBgLHPtdtXtie81U,check,15
36731.023,1AZFxu4SVDtZu6QBa4zPB5jYsFReeMfBgLHPtdtXtie81U,check,15
36791.023,1AZFxu4SVDtZu6QBa4zPB5jYsFReeMfBgLHPtdtXtie81U,check,15
36851.023,1AZFxu4SVDtZu6QBa4zPB5jYsFReeMfBgLHPtdtXtie81U,check,15
36911.023,1AZFxu4SVDtZu6QBa4zPB5jYsFReeMfBgLHPtdtXtie81U,check,15
36971.02,1AZFxu4SVDtZu6QBa4zPB5jYsFReeMfBgLHPtdtXtie81U,check,13
37031.02,1AZFxu4SVDtZu6QBa4zPB5jYsFReeMfBgLHPtdtXtie81U,check,14
37091.016,1AZFxu4SVDtZu6QBa4zPB5jYsFReeMfBgLHPtdtXtie81U,check,15
37151.008,1AZFxu4SVDtZu6QBa4zPB5jYsFReeMfBgLHPtdtXtie81U,check,15
37211.008,1AZFxu4SVDtZu6QBa4zPB5jYsFReeMfBgLHPtdtXtie81U,check,15
37271.008,1AZFxu4SVDtZu6QBa4zPB5jYsFReeMfBgLHPtdtXtie81U,check,15
37331.023,1AZFxu4SVDtZu6QBa4zPB5jYsFReeMfBgLHPtdtXtie81U,check,14
37391.023,1AZFxu4SVDtZu6QBa4zPB5jYsFReeMfBgLHPtdtXtie81U,check,15
37451.027,1AZFxu4SVDtZu6QBa4zPB5jYsFReeMfBgLHPtdtXtie81U,check,14
37511.027,1AZFxu4SVDtZu6QBa4zPB5jYsFReeMfBgLHPtdtXtie81U,check,15
37571.023,1AZFxu4SVDtZu6QBa4zPB5jYsFReeMfBgLHPtdtXtie81U,check,15
37631.023,1AZFxu4SVDtZu6QBa4zPB5jYsFReeMfBgLHPtdtXtie81U,check,15
37691.027,1AZFxu4SVDtZu6QBa4zPB5jYsFReeMfBgLHPtdtXtie81U,check,15
37751.023,1AZFxu4SVDtZu6QBa4zPB5jYsFReeMfBgLHPtdtXtie81U,check,15
37811.023,1AZFxu4SVDtZu6QBa4zPB5jYsFReeMfBgLHPtdtXtie81U,check,13
37871.023,1AZFxu4SVDtZu6QBa4zPB5jYsFReeMfBgLHPtdtXtie81U,check,14
37931.02,1AZFxu4SVDtZu6QBa4zPB5jYsFReeMfBgLHPtdtXtie81U,check,15
37991.023,1AZFxu4SVDtZu6QBa4zPB5jYsFReeMfBgLHPtdtXtie81U,check,15
38051.023,1AZFxu4SVDtZu6QBa4zPB5jYsFReeMfBgLHPtdtXtie81U,check,15
38111.023,1AZFxu4SVDtZu6QBa4zPB5jYsFReeMfBgLHPtdtXtie81U,check,14
38171.023,1AZFxu4SVDtZu6QBa4zPB5jYsFReeMfBgLHPtdtXtie81U,check,15
38231.023,1AZFxu4SVDtZu6QBa4zPB5jYsFReeMfBgLHPtdtXtie81U,check,15
38291.02,1AZFxu4SVDtZu6QBa4zPB5jYsFReeMfBgLHPtdtXtie81U,check,15
38351.023,1AZFxu4SVDtZu6QBa4zPB5jYsFReeMfBgLHPtdtXtie81U,check,15
38411.023,1AZFxu4SVDtZu6QBa4zPB5jYsFReeMfBgLHPtdtXtie81U,check,15
38471.008,1AZFxu4SVDtZu6QBa4zPB5jYsFReeMfBgLHPtdtXtie81U,check,14
38531.023,1AZFxu4SVDtZu6QBa4zPB5jYsFReeMfBgLHPtdtXtie81U,check,14
38591.023,1AZFxu4SVDtZu6QBa4zPB5jYsFReeMfBgLHPtdtXtie81U,check,14
38651.02,1AZFxu4SVDtZu6QBa4zPB5jYsFReeMfBgLHPtdtXtie81U,check,14
38711.023,1AZFxu4SVDtZu6QBa4zPB5jYsFReeMfBgLHPtdtXtie81U,check,14
38771.023,1AZFxu4SVDtZu6QBa4zPB5jYsFReeMfBgLHPtdtXtie81U,check,14
38831.027,1AZFxu4SVDtZu6QBa4zPB5jYsFReeMfBgLHPtdtXtie81U,check,14
38891.023,1AZFxu4SVDtZu6QBa4zPB5jYsFReeMfBgLHPtdtXtie81U,check,14
38951.023,1AZFxu4SVDtZu6QBa4zPB5jYsFReeMfBgLHPtdtXtie81U,check,14
39011.02,1AZFxu4SVDtZu6QBa4zPB5jYsFReeMfBgLHPtdtXtie81U,check,14
39071.023,1AZFxu4SVDtZu6QBa4zPB5jYsFReeMfBgLHPtdtXtie81U,check,14
39131.027,1AZFxu4SVDtZu6QBa4zPB5jYsFReeMfBgLHPtdtXtie81U,check,14
39191.023,1AZFxu4SVDtZu6QBa4zPB5jYsFReeMfBgLHPtdtXtie81U,check,14
39251.023,1AZFxu4SVDtZu6QBa4zPB5jYsFReeMfBgLHPtdtXtie81U,check,13
39311.023,1AZFxu4SVDtZu6QBa4zPB5jYsFReeMfBgLHPtdtXtie81U,check,14
39371.023,1AZFxu4SVDtZu6QBa4zPB5jYsFReeMfBgLHPtdtXtie81U,check,14
39431.023,1AZFxu4SVDtZu6QBa4zPB5jYsFReeMfBgLHPtdtXtie81U,check,14
39491.023,1AZFxu4SVDtZu6QBa4zPB5jYsFReeMfBgLHPtdtXtie81U,check,13
39551.023,1AZFxu4SVDtZu6QBa4zPB5jYsFReeMfBgLHPtdtXtie81U,check,14
39611.023,1AZFxu4SVDtZu6QBa4zPB5jYsFReeMfBgLHPtdtXtie81U,check,14
39671.023,1AZFxu4SVDtZu6QBa4zPB5jYsFReeMfBgLHPtdtXtie81U,check,14
39731.023,1AZFxu4SVDtZu6QBa4zPB5jYsFReeMfBgLHPtdtXtie81U,check,14
39791.027,1AZFxu4SVDtZu6QBa4zPB5jYsFReeMfBgLHPtdtXtie81U,check,14
39851.023,1AZFxu4SVDtZu6QBa4zPB5jYsFReeMfBgLHPtdtXtie81U,check,14
39911.023,1AZFxu4SVDtZu6QBa4zPB5jYsFReeMfBgLHPtdtXtie81U,check,14
39971.023,1AZFxu4SVDtZu6QBa4zPB5jYsFReeMfBgLHPtdtXtie81U,check,14
40031.023,1AZFxu4SVDtZu6QBa4zPB5jYsFReeMfBgLHPtdtXtie81U,check,14
40091.027,1AZFxu4SVDtZu6QBa4zPB5jYsFReeMfBgLHPtdtXtie81U,check,14
40151.023,1AZFxu4SVDtZu6QBa4zPB5jYsFReeMfBgLHPtdtXtie81U,check,14
40211.023,1AZFxu4SVDtZu6QBa4zPB5jYsFReeMfBgLHPtdtXtie81U,check,14
40271.027,1AZFxu4SVDtZu6QBa4zPB5jYsFReeMfBgLHPtdtXtie81U,check,14
40331.027,1AZFxu4SVDtZu6QBa4zPB5jYsFReeMfBgLHPtdtXtie81U,check,14
40391.023,1AZFxu4SVDtZu6QBa4zPB5jYsFReeMfBgLHPtdtXtie81U,check,14
40451.023,1AZFxu4SVDtZu6QBa4zPB5jYsFReeMfBgLHPtdtXtie81U,check,13
40511.023,1AZFxu4SVDtZu6QBa4zPB5jYsFReeMfBgLHPtdtXtie81U,check,14
40571.023,1AZFxu4SVDtZu6QBa4zPB5jYsFReeMfBgLHPtdtXtie81U,check,14
40631.023,1AZFxu4SVDtZu6QBa4zPB5jYsFReeMfBgLHPtdtXtie81U,check,14
40691.023,1AZFxu4SVDtZu6QBa4zPB5jYsFReeMfBgLHPtdtXtie81U,check,14
40751.023,1AZFxu4SVDtZu6QBa4zPB5jYsFReeMfBgLHPtdtXtie81U,check,14
40811.023,1AZFxu4SVDtZu6QBa4zPB5jYsFReeMfBgLHPtdtXtie81U,check,14
40871.023,1AZFxu4SVDtZu6QBa4zPB5jYsFReeMfBgLHPtdtXtie81U,check,14
40931.023,1AZFxu4SVDtZu6QBa4zPB5jYsFReeMfBgLHPtdtXtie81U,check,14
40991.023,1AZFxu4SVDtZu6QBa4zPB5jYsFReeMfBgLHPtdtXtie81U,check,14
41051.023,1AZFxu4SVDtZu6QBa4zPB5jYsFReeMfBgLHPtdtXtie81U,check,14
41111.023,1AZFxu4SVDtZu6QBa4zPB5jYsFReeMfBgLHPtdtXtie81U,check,13
41171.023,1AZFxu4SVDtZu6QBa4zPB5jYsFReeMfBgLHPtdtXtie81U,check,14
41231.023,1AZFxu4SVDtZu6QBa4zPB5jYsFReeMfBgLHPtdtXtie81U,check,13
41291.016,1AZFxu4SVDtZu6QBa4zPB5jYsFReeMfBgLHPtdtXtie81U,check,14
41351.023,1AZFxu4SVDtZu6QBa4zPB5jYsFReeMfBgLHPtdtXtie81U,check,14
41411.023,1AZFxu4SVDtZu6QBa4zPB5jYsFReeMfBgLHPtdtXtie81U,check,14
41471.023,1AZFxu4SVDtZu6QBa4zPB5jYsFReeMfBgLHPtdtXtie81U,check,14
41531.023,1AZFxu4SVDtZu6QBa4zPB5jYsFReeMfBgLHPtdtXtie81U,check,14
41591.023,1AZFxu4SVDtZu6QBa4zPB5jYsFReeMfBgLHPtdtXtie81U,check,13
41651.023,1AZFxu4SVDtZu6QBa4zPB5jYsFReeMfBgLHPtdtXtie81U,check,14
41711.023,1AZFxu4SVDtZu6QBa4zPB5jYsFReeMfBgLHPtdtXtie81U,check,14
41771.016,1AZFxu4SVDtZu6QBa4zPB5jYsFReeMfBgLHPtdtXtie81U,check,13
41831.023,1AZFxu4SVDtZu6QBa4zPB5jYsFReeMfBgLHPtdtXtie81U,check,14
41891.023,1AZFxu4SVDtZu6QBa4zPB5jYsFReeMfBgLHPtdtXtie81U,check,14
41951.023,1AZFxu4SVDtZu6QBa4zPB5jYsFReeMfBgLHPtdtXtie81U,check,14
42011.023,1AZFxu4SVDtZu6QBa4zPB5jYsFReeMfBgLHPtdtXtie81U,check,14
42071.023,1AZFxu4SVDtZu6QBa4zPB5jYsFReeMfBgLHPtdtXtie81U,check,14
42131.023,1AZFxu4SVDtZu6QBa4zPB5jYsFReeMfBgLHPtdtXtie81U,check,14
42191.023,1AZFxu4SVDtZu6QBa4zPB5jYsFReeMfBgLHPtdtXtie81U,check,14
42251.023,1AZFxu4SVDtZu6QBa4zPB5jYsFReeMfBgLHPtdtXtie81U,check,14
42311.02,1AZFxu4SVDtZu6QBa4zPB5jYsFReeMfBgLHPtdtXtie81U,check,13
42371.023,1AZFxu4SVDtZu6QBa4zPB5jYsFReeMfBgLHPtdtXtie81U,check,14
42431.023,1AZFxu4SVDtZu6QBa4zPB5jYsFReeMfBgLHPtdtXtie81U,check,14
42491.027,1AZFxu4SVDtZu6QBa4zPB5jYsFReeMfBgLHPtdtXtie81U,check,14
42551.023,1AZFxu4SVDtZu6QBa4zPB5jYsFReeMfBgLHPtdtXtie81U,check,14
42611.023,1AZFxu4SVDtZu6QBa4zPB5jYsFReeMfBgLHPtdtXtie81U,check,14
42671.02,1AZFxu4SVDtZu6QBa4zPB5jYsFReeMfBgLHPtdtXtie81U,check,14
42731.027,1AZFxu4SVDtZu6QBa4zPB5jYsFReeMfBgLHPtdtXtie81U,check,14
42791.023,1AZFxu4SVDtZu6QBa4zPB5jYsFReeMfBgLHPtdtXtie81U,check,14
42851.023,1AZFxu4SVDtZu6QBa4zPB5jYsFReeMfBgLHPtdtXtie81U,check,14
42911.023,1AZFxu4SVDtZu6QBa4zPB5jYsFReeMfBgLHPtdtXtie81U,check,14
42971.023,1AZFxu4SVDtZu6QBa4zPB5jYsFReeMfBgLHPtdtXtie81U,check,14
43031.016,1AZFxu4SVDtZu6QBa4zPB5jYsFReeMfBgLHPtdtXtie81U,check,14
43091.027,1AZFxu4SVDtZu6QBa4zPB5jYsFReeMfBgLHPtdtXtie81U,check,14
43151.023,1AZFxu4SVDtZu6QBa4zPB5jYsFReeMfBgLHPtdtXtie81U,check,14
43211.023,1AZFxu4SVDtZu6QBa4zPB5jYsFReeMfBgLHPtdtXtie81U,check,14
43271.023,1AZFxu4SVDtZu6QBa4zPB5jYsFReeMfBgLHPtdtXtie81U,check,14
43331.023,1AZFxu4SVDtZu6QBa4zPB5jYsFReeMfBgLHPtdtXtie81U,check,14
43391.023,1AZFxu4SVDtZu6QBa4zPB5jYsFReeMfBgLHPtdtXtie81U,check,14
43451.023,1AZFxu4SVDtZu6QBa4zPB5jYsFReeMfBgLHPtdtXtie81U,check,14
43511.023,1AZFxu4SVDtZu6QBa4zPB5jYsFReeMfBgLHPtdtXtie81U,check,14
43571.023,1AZFxu4SVDtZu6QBa4zPB5jYsFReeMfBgLHPtdtXtie81U,check,14
43631.027,1AZFxu4SVDtZu6QBa4zPB5jYsFReeMfBgLHPtdtXtie81U,check,14
43691.027,1AZFxu4SVDtZu6QBa4zPB5jYsFReeMfBgLHPtdtXtie81U,check,14
43751.023,1AZFxu4SVDtZu6QBa4zPB5jYsFReeMfBgLHPtdtXtie81U,check,14
43811.023,1AZFxu4SVDtZu6QBa4zPB5jYsFReeMfBgLHPtdtXtie81U,check,14
43871.023,1AZFxu4SVDtZu6QBa4zPB5jYsFReeMfBgLHPtdtXtie81U,check,14
43931.023,1AZFxu4SVDtZu6QBa4zPB5jYsFReeMfBgLHPtdtXtie81U,check,14
43991.023,1AZFxu4SVDtZu6QBa4zPB5jYsFReeMfBgLHPtdtXtie81U,check,14
44051.023,1AZFxu4SVDtZu6QBa4zPB5jYsFReeMfBgLHPtdtXtie81U,check,14
44111.023,1AZFxu4SVDtZu6QBa4zPB5jYsFReeMfBgLHPtdtXtie81U,check,14
44171.023,1AZFxu4SVDtZu6QBa4zPB5jYsFReeMfBgLHPtdtXtie81U,check,14
44231.027,1AZFxu4SVDtZu6QBa4zPB5jYsFReeMfBgLHPtdtXtie81U,check,14
44291.023,1AZFxu4SVDtZu6QBa4zPB5jYsFReeMfBgLHPtdtXtie81U,check,14
44351.023,1AZFxu4SVDtZu6QBa4zPB5jYsFReeMfBgLHPtdtXtie81U,check,14
44411.023,1AZFxu4SVDtZu6QBa4zPB5jYsFReeMfBgLHPtdtXtie81U,check,14
44471.027,1AZFxu4SVDtZu6QBa4zPB5jYsFReeMfBgLHPtdtXtie81U,check,14
44531.023,1AZFxu4SVDtZu6QBa4zPB5jYsFReeMfBgLHPtdtXtie81U,check,14
44591.023,1AZFxu4SVDtZu6QBa4zPB5jYsFReeMfBgLHPtdtXtie81U,check,14
44651.027,1AZFxu4SVDtZu6QBa4zPB5jYsFReeMfBgLHPtdtXtie81U,check,14
44711.016,1AZFxu4SVDtZu6QBa4zPB5jYsFReeMfBgLHPtdtXtie81U,check,14
44771.023,1AZFxu4SVDtZu6QBa4zPB5jYsFReeMfBgLHPtdtXtie81U,check,14
44831.023,1AZFxu4SVDtZu6QBa4zPB5jYsFReeMfBgLHPtdtXtie81U,check,14
44891.023,1AZFxu4SVDtZu6QBa4zPB5jYsFReeMfBgLHPtdtXtie81U,check,14
44951.023,1AZFxu4SVDtZu6QBa4zPB5jYsFReeMfBgLHPtdtXtie81U,check,14
45011.023,1AZFxu4SVDtZu6QBa4zPB5jYsFReeMfBgLHPtdtXtie81U,check,14
45071.027,1AZFxu4SVDtZu6QBa4zPB5jYsFReeMfBgLHPtdtXtie81U,check,14
45131.023,1AZFxu4SVDtZu6QBa4zPB5jYsFReeMfBgLHPtdtXtie81U,check,14
45191.023,1AZFxu4SVDtZu6QBa4zPB5jYsFReeMfBgLHPtdtXtie81U,check,14
45251.016,1AZFxu4SVDtZu6QBa4zPB5jYsFReeMfBgLHPtdtXtie81U,check,14
45311.023,1AZFxu4SVDtZu6QBa4zPB5jYsFReeMfBgLHPtdtXtie81U,check,14
45371.023,1AZFxu4SVDtZu6QBa4zPB5jYsFReeMfBgLHPtdtXtie81U,check,14
45431.023,1AZFxu4SVDtZu6QBa4zPB5jYsFReeMfBgLHPtdtXtie81U,check,14
45491.027,1AZFxu4SVDtZu6QBa4zPB5jYsFReeMfBgLHPtdtXtie81U,check,13
45551.023,1AZFxu4SVDtZu6QBa4zPB5jYsFReeMfBgLHPtdtXtie81U,check,14
45611.023,1AZFxu4SVDtZu6QBa4zPB5jYsFReeMfBgLHPtdtXtie81U,check,12
45671.02,1AZFxu4SVDtZu6QBa4zPB5jYsFReeMfBgLHPtdtXtie81U,check,14
45731.008,1AZFxu4SVDtZu6QBa4zPB5jYsFReeMfBgLHPtdtXtie81U,check,14
45791.008,1AZFxu4SVDtZu6QBa4zPB5jYsFReeMfBgLHPtdtXtie81U,check,14
45851.008,1AZFxu4SVDtZu6QBa4zPB5jYsFReeMfBgLHPtdtXtie81U,check,14
45911.004,1AZFxu4SVDtZu6QBa4zPB5jYsFReeMfBgLHPtdtXtie81U,check,14
45971.008,1AZFxu4SVDtZu6QBa4zPB5jYsFReeMfBgLHPtdtXtie81U,check,14
46031.023,1AZFxu4SVDtZu6QBa4zPB5jYsFReeMfBgLHPtdtXtie81U,check,14
46091.027,1AZFxu4SVDtZu6QBa4zPB5jYsFReeMfBgLHPtdtXtie81U,check,14
46151.023,1AZFxu4SVDtZu6QBa4zPB5jYsFReeMfBgLHPtdtXtie81U,check,14
46211.027,1AZFxu4SVDtZu6QBa4zPB5jYsFReeMfBgLHPtdtXtie81U,check,14
46271.023,1AZFxu4SVDtZu6QBa4zPB5jYsFReeMfBgLHPtdtXtie81U,check,14
46331.023,1AZFxu4SVDtZu6QBa4zPB5jYsFReeMfBgLHPtdtXtie81U,check,14
46391.023,1AZFxu4SVDtZu6QBa4zPB5jYsFReeMfBgLHPtdtXtie81U,check,14
46451.023,1AZFxu4SVDtZu6QBa4zPB5jYsFReeMfBgLHPtdtXtie81U,check,14
46511.023,1AZFxu4SVDtZu6QBa4zPB5jYsFReeMfBgLHPtdtXtie81U,check,14
46571.023,1AZFxu4SVDtZu6QBa4zPB5jYsFReeMfBgLHPtdtXtie81U,check,14
46631.023,1AZFxu4SVDtZu6QBa4zPB5jYsFReeMfBgLHPtdtXtie81U,check,14
46691.023,1AZFxu4SVDtZu6QBa4zPB5jYsFReeMfBgLHPtdtXtie81U,check,14
46751.023,1AZFxu4SVDtZu6QBa4zPB5jYsFReeMfBgLHPtdtXtie81U,check,14
46811.023,1AZFxu4SVDtZu6QBa4zPB5jYsFReeMfBgLHPtdtXtie81U,check,14
46871.023,1AZFxu4SVDtZu6QBa4zPB5jYsFReeMfBgLHPtdtXtie81U,check,14
46931.023,1AZFxu4SVDtZu6QBa4zPB5jYsFReeMfBgLHPtdtXtie81U,check,14
46991.023,1AZFxu4SVDtZu6QBa4zPB5jYsFReeMfBgLHPtdtXtie81U,check,14
47051.023,1AZFxu4SVDtZu6QBa4zPB5jYsFReeMfBgLHPtdtXtie81U,check,14
47111.023,1AZFxu4SVDtZu6QBa4zPB5jYsFReeMfBgLHPtdtXtie81U,check,14
47171.027,1AZFxu4SVDtZu6QBa4zPB5jYsFReeMfBgLHPtdtXtie81U,check,13
47231.023,1AZFxu4SVDtZu6QBa4zPB5jYsFReeMfBgLHPtdtXtie81U,check,14
47291.027,1AZFxu4SVDtZu6QBa4zPB5jYsFReeMfBgLHPtdtXtie81U,check,14
47351.023,1AZFxu4SVDtZu6QBa4zPB5jYsFReeMfBgLHPtdtXtie81U,check,14
47411.023,1AZFxu4SVDtZu6QBa4zPB5jYsFReeMfBgLHPtdtXtie81U,check,14
47471.023,1AZFxu4SVDtZu6QBa4zPB5jYsFReeMfBgLHPtdtXtie81U,check,14
47531.023,1AZFxu4SVDtZu6QBa4zPB5jYsFReeMfBgLHPtdtXtie81U,check,14
47591.023,1AZFxu4SVDtZu6QBa4zPB5jYsFReeMfBgLHPtdtXtie81U,check,13
47651.023,1AZFxu4SVDtZu6QBa4zPB5jYsFReeMfBgLHPtdtXtie81U,check,14
47711.023,1AZFxu4SVDtZu6QBa4zPB5jYsFReeMfBgLHPtdtXtie81U,check,14
47771.023,1AZFxu4SVDtZu6QBa4zPB5jYsFReeMfBgLHPtdtXtie81U,check,14
47831.023,1AZFxu4SVDtZu6QBa4zPB5jYsFReeMfBgLHPtdtXtie81U,check,14
47891.023,1AZFxu4SVDtZu6QBa4zPB5jYsFReeMfBgLHPtdtXtie81U,check,14
47951.023,1AZFxu4SVDtZu6QBa4zPB5jYsFReeMfBgLHPtdtXtie81U,check,14
48011.023,1AZFxu4SVDtZu6QBa4zPB5jYsFReeMfBgLHPtdtXtie81U,check,14
48071.023,1AZFxu4SVDtZu6QBa4zPB5jYsFReeMfBgLHPtdtXtie81U,check,14
48131.02,1AZFxu4SVDtZu6QBa4zPB5jYsFReeMfBgLHPtdtXtie81U,check,14
48191.023,1AZFxu4SVDtZu6QBa4zPB5jYsFReeMfBgLHPtdtXtie81U,check,14
48251.023,1AZFxu4SVDtZu6QBa4zPB5jYsFReeMfBgLHPtdtXtie81U,check,14
48311.023,1AZFxu4SVDtZu6QBa4zPB5jYsFReeMfBgLHPtdtXtie81U,check,14
48371.023,1AZFxu4SVDtZu6QBa4zPB5jYsFReeMfBgLHPtdtXtie81U,check,14
48431.023,1AZFxu4SVDtZu6QBa4zPB5jYsFReeMfBgLHPtdtXtie81U,check,14
48491.027,1AZFxu4SVDtZu6QBa4zPB5jYsFReeMfBgLHPtdtXtie81U,check,14
48551.023,1AZFxu4SVDtZu6QBa4zPB5jYsFReeMfBgLHPtdtXtie81U,check,14
48611.023,1AZFxu4SVDtZu6QBa4zPB5jYsFReeMfBgLHPtdtXtie81U,check,14
48671.023,1AZFxu4SVDtZu6QBa4zPB5jYsFReeMfBgLHPtdtXtie81U,check,14
48731.023,1AZFxu4SVDtZu6QBa4zPB5jYsFReeMfBgLHPtdtXtie81U,check,14
48791.023,1AZFxu4SVDtZu6QBa4zPB5jYsFReeMfBgLHPtdtXtie81U,check,14
48851.023,1AZFxu4SVDtZu6QBa4zPB5jYsFReeMfBgLHPtdtXtie81U,check,14
48911.023,1AZFxu4SVDtZu6QBa4zPB5jYsFReeMfBgLHPtdtXtie81U,check,14
48971.027,1AZFxu4SVDtZu6QBa4zPB5jYsFReeMfBgLHPtdtXtie81U,check,14
49031.027,1AZFxu4SVDtZu6QBa4zPB5jYsFReeMfBgLHPtdtXtie81U,check,14
49091.023,1AZFxu4SVDtZu6QBa4zPB5jYsFReeMfBgLHPtdtXtie81U,check,14
49151.023,1AZFxu4SVDtZu6QBa4zPB5jYsFReeMfBgLHPtdtXtie81U,check,14
49211.023,1AZFxu4SVDtZu6QBa4zPB5jYsFReeMfBgLHPtdtXtie81U,check,14
49271.027,1AZFxu4SVDtZu6QBa4zPB5jYsFReeMfBgLHPtdtXtie81U,check,14
49331.023,1AZFxu4SVDtZu6QBa4zPB5jYsFReeMfBgLHPtdtXtie81U,check,14
49391.027,1AZFxu4SVDtZu6QBa4zPB5jYsFReeMfBgLHPtdtXtie81U,check,14
49451.023,1AZFxu4SVDtZu6QBa4zPB5jYsFReeMfBgLHPtdtXtie81U,check,14
49511.023,1AZFxu4SVDtZu6QBa4zPB5jYsFReeMfBgLHPtdtXtie81U,check,14
49571.023,1AZFxu4SVDtZu6QBa4zPB5jYsFReeMfBgLHPtdtXtie81U,check,14
49631.023,1AZFxu4SVDtZu6QBa4zPB5jYsFReeMfBgLHPtdtXtie81U,check,14
49691.023,1AZFxu4SVDtZu6QBa4zPB5jYsFReeMfBgLHPtdtXtie81U,check,14
49751.023,1AZFxu4SVDtZu6QBa4zPB5jYsFReeMfBgLHPtdtXtie81U,check,14
49811.027,1AZFxu4SVDtZu6QBa4zPB5jYsFReeMfBgLHPtdtXtie81U,check,14
49871.023,1AZFxu4SVDtZu6QBa4zPB5jYsFReeMfBgLHPtdtXtie81U,check,14
49931.023,1AZFxu4SVDtZu6QBa4zPB5jYsFReeMfBgLHPtdtXtie81U,check,14
49991.023,1AZFxu4SVDtZu6QBa4zPB5jYsFReeMfBgLHPtdtXtie81U,check,14
50051.023,1AZFxu4SVDtZu6QBa4zPB5jYsFReeMfBgLHPtdtXtie81U,check,14
50111.023,1AZFxu4SVDtZu6QBa4zPB5jYsFReeMfBgLHPtdtXtie81U,check,14
50171.023,1AZFxu4SVDtZu6QBa4zPB5jYsFReeMfBgLHPtdtXtie81U,check,14
50231.008,1AZFxu4SVDtZu6QBa4zPB5jYsFReeMfBgLHPtdtXtie81U,check,14
50291.023,1AZFxu4SVDtZu6QBa4zPB5jYsFReeMfBgLHPtdtXtie81U,check,14
50351.02,1AZFxu4SVDtZu6QBa4zPB5jYsFReeMfBgLHPtdtXtie81U,check,14
50411.023,1AZFxu4SVDtZu6QBa4zPB5jYsFReeMfBgLHPtdtXtie81U,check,14
50471.023,1AZFxu4SVDtZu6QBa4zPB5jYsFReeMfBgLHPtdtXtie81U,check,14
50531.023,1AZFxu4SVDtZu6QBa4zPB5jYsFReeMfBgLHPtdtXtie81U,check,14
50591.023,1AZFxu4SVDtZu6QBa4zPB5jYsFReeMfBgLHPtdtXtie81U,check,14
50651.023,1AZFxu4SVDtZu6QBa4zPB5jYsFReeMfBgLHPtdtXtie81U,check,14
50711.02,1AZFxu4SVDtZu6QBa4zPB5jYsFReeMfBgLHPtdtXtie81U,check,14
50771.023,1AZFxu4SVDtZu6QBa4zPB5jYsFReeMfBgLHPtdtXtie81U,check,14
50831.023,1AZFxu4SVDtZu6QBa4zPB5jYsFReeMfBgLHPtdtXtie81U,check,14
50891.023,1AZFxu4SVDtZu6QBa4zPB5jYsFReeMfBgLHPtdtXtie81U,check,14
50951.023,1AZFxu4SVDtZu6QBa4zPB5jYsFReeMfBgLHPtdtXtie81U,check,14
51011.023,1AZFxu4SVDtZu6QBa4zPB5jYsFReeMfBgLHPtdtXtie81U,check,14
51071.02,1AZFxu4SVDtZu6QBa4zPB5jYsFReeMfBgLHPtdtXtie81U,check,14
51131.023,1AZFxu4SVDtZu6QBa4zPB5jYsFReeMfBgLHPtdtXtie81U,check,14
51191.023,1AZFxu4SVDtZu6QBa4zPB5jYsFReeMfBgLHPtdtXtie81U,check,14
51251.023,1AZFxu4SVDtZu6QBa4zPB5jYsFReeMfBgLHPtdtXtie81U,check,14
51311.023,1AZFxu4SVDtZu6QBa4zPB5jYsFReeMfBgLHPtdtXtie81U,check,14
51371.023,1AZFxu4SVDtZu6QBa4zPB5jYsFReeMfBgLHPtdtXtie81U,check,14
51431.023,1AZFxu4SVDtZu6QBa4zPB5jYsFReeMfBgLHPtdtXtie81U,check,14
51491.027,1AZFxu4SVDtZu6QBa4zPB5jYsFReeMfBgLHPtdtXtie81U,check,14
51551.023,1AZFxu4SVDtZu6QBa4zPB5jYsFReeMfBgLHPtdtXtie81U,check,14
51611.023,1AZFxu4SVDtZu6QBa4zPB5jYsFReeMfBgLHPtdtXtie81U,check,14
51671.023,1AZFxu4SVDtZu6QBa4zPB5jYsFReeMfBgLHPtdtXtie81U,check,14
51731.023,1AZFxu4SVDtZu6QBa4zPB5jYsFReeMfBgLHPtdtXtie81U,check,14
51791.023,1AZFxu4SVDtZu6QBa4zPB5jYsFReeMfBgLHPtdtXtie81U,check,14
51851.023,1AZFxu4SVDtZu6QBa4zPB5jYsFReeMfBgLHPtdtXtie81U,check,14
51911.023,1AZFxu4SVDtZu6QBa4zPB5jYsFReeMfBgLHPtdtXtie81U,check,13
51971.027,1AZFxu4SVDtZu6QBa4zPB5jYsFReeMfBgLHPtdtXtie81U,check,14
52031.023,1AZFxu4SVDtZu6QBa4zPB5jYsFReeMfBgLHPtdtXtie81U,check,14
52091.023,1AZFxu4SVDtZu6QBa4zPB5jYsFReeMfBgLHPtdtXtie81U,check,14
52151.023,1AZFxu4SVDtZu6QBa4zPB5jYsFReeMfBgLHPtdtXtie81U,check,14
52211.023,1AZFxu4SVDtZu6QBa4zPB5jYsFReeMfBgLHPtdtXtie81U,check,14
52271.023,1AZFxu4SVDtZu6QBa4zPB5jYsFReeMfBgLHPtdtXtie81U,check,14
52331.027,1AZFxu4SVDtZu6QBa4zPB5jYsFReeMfBgLHPtdtXtie81U,check,14
52391.023,1AZFxu4SVDtZu6QBa4zPB5jYsFReeMfBgLHPtdtXtie81U,check,14
52451.023,1AZFxu4SVDtZu6QBa4zPB5jYsFReeMfBgLHPtdtXtie81U,check,14
52511.023,1AZFxu4SVDtZu6QBa4zPB5jYsFReeMfBgLHPtdtXtie81U,check,14
52571.023,1AZFxu4SVDtZu6QBa4zPB5jYsFReeMfBgLHPtdtXtie81U,check,14
52631.023,1AZFxu4SVDtZu6QBa4zPB5jYsFReeMfBgLHPtdtXtie81U,check,14
52691.023,1AZFxu4SVDtZu6QBa4zPB5jYsFReeMfBgLHPtdtXtie81U,check,14
52751.023,1AZFxu4SVDtZu6QBa4zPB5jYsFReeMfBgLHPtdtXtie81U,check,14
52811.023,1AZFxu4SVDtZu6QBa4zPB5jYsFReeMfBgLHPtdtXtie81U,check,14
52871.023,1AZFxu4SVDtZu6QBa4zPB5jYsFReeMfBgLHPtdtXtie81U,check,14
52931.023,1AZFxu4SVDtZu6QBa4zPB5jYsFReeMfBgLHPtdtXtie81U,check,14
52991.023,1AZFxu4SVDtZu6QBa4zPB5jYsFReeMfBgLHPtdtXtie81U,check,14
53051.023,1AZFxu4SVDtZu6QBa4zPB5jYsFReeMfBgLHPtdtXtie81U,check,14
53111.023,1AZFxu4SVDtZu6QBa4zPB5jYsFReeMfBgLHPtdtXtie81U,check,14
53171.023,1AZFxu4SVDtZu6QBa4zPB5jYsFReeMfBgLHPtdtXtie81U,check,14
53231.027,1AZFxu4SVDtZu6QBa4zPB5jYsFReeMfBgLHPtdtXtie81U,check,14
53291.027,1AZFxu4SVDtZu6QBa4zPB5jYsFReeMfBgLHPtdtXtie81U,check,14
53351.027,1AZFxu4SVDtZu6QBa4zPB5jYsFReeMfBgLHPtdtXtie81U,check,14
53411.023,1AZFxu4SVDtZu6QBa4zPB5jYsFReeMfBgLHPtdtXtie81U,check,14
53471.023,1AZFxu4SVDtZu6QBa4zPB5jYsFReeMfBgLHPtdtXtie81U,check,14
53531.023,1AZFxu4SVDtZu6QBa4zPB5jYsFReeMfBgLHPtdtXtie81U,check,14
53591.023,1AZFxu4SVDtZu6QBa4zPB5jYsFReeMfBgLHPtdtXtie81U,check,14
53651.023,1AZFxu4SVDtZu6QBa4zPB5jYsFReeMfBgLHPtdtXtie81U,check,14
53711.023,1AZFxu4SVDtZu6QBa4zPB5jYsFReeMfBgLHPtdtXtie81U,check,14
53771.023,1AZFxu4SVDtZu6QBa4zPB5jYsFReeMfBgLHPtdtXtie81U,check,14
53831.023,1AZFxu4SVDtZu6QBa4zPB5jYsFReeMfBgLHPtdtXtie81U,check,13
53891.027,1AZFxu4SVDtZu6QBa4zPB5jYsFReeMfBgLHPtdtXtie81U,check,14
53951.023,1AZFxu4SVDtZu6QBa4zPB5jYsFReeMfBgLHPtdtXtie81U,check,14
54011.027,1AZFxu4SVDtZu6QBa4zPB5jYsFReeMfBgLHPtdtXtie81U,check,14
54071.023,1AZFxu4SVDtZu6QBa4zPB5jYsFReeMfBgLHPtdtXtie81U,check,14
54131.023,1AZFxu4SVDtZu6QBa4zPB5jYsFReeMfBgLHPtdtXtie81U,check,14
54191.023,1AZFxu4SVDtZu6QBa4zPB5jYsFReeMfBgLHPtdtXtie81U,check,13
54251.023,1AZFxu4SVDtZu6QBa4zPB5jYsFReeMfBgLHPtdtXtie81U,check,14
54311.023,1AZFxu4SVDtZu6QBa4zPB5jYsFReeMfBgLHPtdtXtie81U,check,14
54371.02,1AZFxu4SVDtZu6QBa4zPB5jYsFReeMfBgLHPtdtXtie81U,check,14
54431.02,1AZFxu4SVDtZu6QBa4zPB5jYsFReeMfBgLHPtdtXtie81U,check,14
54491.008,1AZFxu4SVDtZu6QBa4zPB5jYsFReeMfBgLHPtdtXtie81U,check,14
54551.008,1AZFxu4SVDtZu6QBa4zPB5jYsFReeMfBgLHPtdtXtie81U,check,14
54611.008,1AZFxu4SVDtZu6QBa4zPB5jYsFReeMfBgLHPtdtXtie81U,check,14
54671.008,1AZFxu4SVDtZu6QBa4zPB5jYsFReeMfBgLHPtdtXtie81U,check,14
54731.02,1AZFxu4SVDtZu6QBa4zPB5jYsFReeMfBgLHPtdtXtie81U,check,14
54791.023,1AZFxu4SVDtZu6QBa4zPB5jYsFReeMfBgLHPtdtXtie81U,check,14
54851.023,1AZFxu4SVDtZu6QBa4zPB5jYsFReeMfBgLHPtdtXtie81U,check,14
54911.023,1AZFxu4SVDtZu6QBa4zPB5jYsFReeMfBgLHPtdtXtie81U,check,14
54971.023,1AZFxu4SVDtZu6QBa4zPB5jYsFReeMfBgLHPtdtXtie81U,check,14
55031.023,1AZFxu4SVDtZu6QBa4zPB5jYsFReeMfBgLHPtdtXtie81U,check,14
55091.023,1AZFxu4SVDtZu6QBa4zPB5jYsFReeMfBgLHPtdtXtie81U,check,14
55151.023,1AZFxu4SVDtZu6QBa4zPB5jYsFReeMfBgLHPtdtXtie81U,check,14
55211.023,1AZFxu4SVDtZu6QBa4zPB5jYsFReeMfBgLHPtdtXtie81U,check,14
55271.008,1AZFxu4SVDtZu6QBa4zPB5jYsFReeMfBgLHPtdtXtie81U,check,14
55331.023,1AZFxu4SVDtZu6QBa4zPB5jYsFReeMfBgLHPtdtXtie81U,check,14
55391.023,1AZFxu4SVDtZu6QBa4zPB5jYsFReeMfBgLHPtdtXtie81U,check,14
55451.023,1AZFxu4SVDtZu6QBa4zPB5jYsFReeMfBgLHPtdtXtie81U,check,14
55511.023,1AZFxu4SVDtZu6QBa4zPB5jYsFReeMfBgLHPtdtXtie81U,check,14
55571.023,1AZFxu4SVDtZu6QBa4zPB5jYsFReeMfBgLHPtdtXtie81U,check,14
55631.023,1AZFxu4SVDtZu6QBa4zPB5jYsFReeMfBgLHPtdtXtie81U,check,14
55691.023,1AZFxu4SVDtZu6QBa4zPB5jYsFReeMfBgLHPtdtXtie81U,check,13
55751.027,1AZFxu4SVDtZu6QBa4zPB5jYsFReeMfBgLHPtdtXtie81U,check,14
55811.023,1AZFxu4SVDtZu6QBa4zPB5jYsFReeMfBgLHPtdtXtie81U,check,14
55871.027,1AZFxu4SVDtZu6QBa4zPB5jYsFReeMfBgLHPtdtXtie81U,check,14
55931.023,1AZFxu4SVDtZu6QBa4zPB5jYsFReeMfBgLHPtdtXtie81U,check,14
55991.023,1AZFxu4SVDtZu6QBa4zPB5jYsFReeMfBgLHPtdtXtie81U,check,14
56051.023,1AZFxu4SVDtZu6QBa4zPB5jYsFReeMfBgLHPtdtXtie81U,check,14
56111.023,1AZFxu4SVDtZu6QBa4zPB5jYsFReeMfBgLHPtdtXtie81U,check,14
56171.02,1AZFxu4SVDtZu6QBa4zPB5jYsFReeMfBgLHPtdtXtie81U,check,14
56231.023,1AZFxu4SVDtZu6QBa4zPB5jYsFReeMfBgLHPtdtXtie81U,check,14
56291.023,1AZFxu4SVDtZu6QBa4zPB5jYsFReeMfBgLHPtdtXtie81U,check,14
56351.023,1AZFxu4SVDtZu6QBa4zPB5jYsFReeMfBgLHPtdtXtie81U,check,14
56411.023,1AZFxu4SVDtZu6QBa4zPB5jYsFReeMfBgLHPtdtXtie81U,check,14
56471.027,1AZFxu4SVDtZu6QBa4zPB5jYsFReeMfBgLHPtdtXtie81U,check,14
56531.02,1AZFxu4SVDtZu6QBa4zPB5jYsFReeMfBgLHPtdtXtie81U,check,14
56591.023,1AZFxu4SVDtZu6QBa4zPB5jYsFReeMfBgLHPtdtXtie81U,check,14
56651.023,1AZFxu4SVDtZu6QBa4zPB5jYsFReeMfBgLHPtdtXtie81U,check,14
56711.023,1AZFxu4SVDtZu6QBa4zPB5jYsFReeMfBgLHPtdtXtie81U,check,14
56771.027,1AZFxu4SVDtZu6QBa4zPB5jYsFReeMfBgLHPtdtXtie81U,check,14
56831.023,1AZFxu4SVDtZu6QBa4zPB5jYsFReeMfBgLHPtdtXtie81U,check,14
56891.023,1AZFxu4SVDtZu6QBa4zPB5jYsFReeMfBgLHPtdtXtie81U,check,14
56951.023,1AZFxu4SVDtZu6QBa4zPB5jYsFReeMfBgLHPtdtXtie81U,check,14
57011.023,1AZFxu4SVDtZu6QBa4zPB5jYsFReeMfBgLHPtdtXtie81U,check,14
57071.023,1AZFxu4SVDtZu6QBa4zPB5jYsFReeMfBgLHPtdtXtie81U,check,14
57131.023,1AZFxu4SVDtZu6QBa4zPB5jYsFReeMfBgLHPtdtXtie81U,check,14
57191.023,1AZFxu4SVDtZu6QBa4zPB5jYsFReeMfBgLHPtdtXtie81U,check,14
57251.023,1AZFxu4SVDtZu6QBa4zPB5jYsFReeMfBgLHPtdtXtie81U,check,14
57311.023,1AZFxu4SVDtZu6QBa4zPB5jYsFReeMfBgLHPtdtXtie81U,check,13
57371.023,1AZFxu4SVDtZu6QBa4zPB5jYsFReeMfBgLHPtdtXtie81U,check,14
57431.023,1AZFxu4SVDtZu6QBa4zPB5jYsFReeMfBgLHPtdtXtie81U,check,14
57491.027,1AZFxu4SVDtZu6QBa4zPB5jYsFReeMfBgLHPtdtXtie81U,check,14
57551.023,1AZFxu4SVDtZu6QBa4zPB5jYsFReeMfBgLHPtdtXtie81U,check,14
57611.023,1AZFxu4SVDtZu6QBa4zPB5jYsFReeMfBgLHPtdtXtie81U,check,14
57671.023,1AZFxu4SVDtZu6QBa4zPB5jYsFReeMfBgLHPtdtXtie81U,check,14
57731.023,1AZFxu4SVDtZu6QBa4zPB5jYsFReeMfBgLHPtdtXtie81U,check,14
57791.023,1AZFxu4SVDtZu6QBa4zPB5jYsFReeMfBgLHPtdtXtie81U,check,14
57851.023,1AZFxu4SVDtZu6QBa4zPB5jYsFReeMfBgLHPtdtXtie81U,check,14
57911.023,1AZFxu4SVDtZu6QBa4zPB5jYsFReeMfBgLHPtdtXtie81U,check,14
57971.023,1AZFxu4SVDtZu6QBa4zPB5jYsFReeMfBgLHPtdtXtie81U,check,14
58031.023,1AZFxu4SVDtZu6QBa4zPB5jYsFReeMfBgLHPtdtXtie81U,check,14
58091.023,1AZFxu4SVDtZu6QBa4zPB5jYsFReeMfBgLHPtdtXtie81U,check,14
58151.023,1AZFxu4SVDtZu6QBa4zPB5jYsFReeMfBgLHPtdtXtie81U,check,14
58211.023,1AZFxu4SVDtZu6QBa4zPB5jYsFReeMfBgLHPtdtXtie81U,check,14
58271.023,1AZFxu4SVDtZu6QBa4zPB5jYsFReeMfBgLHPtdtXtie81U,check,14
58331.023,1AZFxu4SVDtZu6QBa4zPB5jYsFReeMfBgLHPtdtXtie81U,check,14
58391.023,1AZFxu4SVDtZu6QBa4zPB5jYsFReeMfBgLHPtdtXtie81U,check,14
58451.023,1AZFxu4SVDtZu6QBa4zPB5jYsFReeMfBgLHPtdtXtie81U,check,14
58511.023,1AZFxu4SVDtZu6QBa4zPB5jYsFReeMfBgLHPtdtXtie81U,check,14
58571.023,1AZFxu4SVDtZu6QBa4zPB5jYsFReeMfBgLHPtdtXtie81U,check,14
58631.023,1AZFxu4SVDtZu6QBa4zPB5jYsFReeMfBgLHPtdtXtie81U,check,14
58691.023,1AZFxu4SVDtZu6QBa4zPB5jYsFReeMfBgLHPtdtXtie81U,check,14
58751.023,1AZFxu4SVDtZu6QBa4zPB5jYsFReeMfBgLHPtdtXtie81U,check,14
58811.023,1AZFxu4SVDtZu6QBa4zPB5jYsFReeMfBgLHPtdtXtie81U,check,14
58871.023,1AZFxu4SVDtZu6QBa4zPB5jYsFReeMfBgLHPtdtXtie81U,check,14
58931.023,1AZFxu4SVDtZu6QBa4zPB5jYsFReeMfBgLHPtdtXtie81U,check,14
58991.023,1AZFxu4SVDtZu6QBa4zPB5jYsFReeMfBgLHPtdtXtie81U,check,14
59051.023,1AZFxu4SVDtZu6QBa4zPB5jYsFReeMfBgLHPtdtXtie81U,check,14
59111.02,1AZFxu4SVDtZu6QBa4zPB5jYsFReeMfBgLHPtdtXtie81U,check,14
59171.023,1AZFxu4SVDtZu6QBa4zPB5jYsFReeMfBgLHPtdtXtie81U,check,14
59231.023,1AZFxu4SVDtZu6QBa4zPB5jYsFReeMfBgLHPtdtXtie81U,check,14
59291.023,1AZFxu4SVDtZu6QBa4zPB5jYsFReeMfBgLHPtdtXtie81U,check,14
59351.023,1AZFxu4SVDtZu6QBa4zPB5jYsFReeMfBgLHPtdtXtie81U,check,14
59411.023,1AZFxu4SVDtZu6QBa4zPB5jYsFReeMfBgLHPtdtXtie81U,check,14
59471.027,1AZFxu4SVDtZu6QBa4zPB5jYsFReeMfBgLHPtdtXtie81U,check,14
59531.023,1AZFxu4SVDtZu6QBa4zPB5jYsFReeMfBgLHPtdtXtie81U,check,14
59591.023,1AZFxu4SVDtZu6QBa4zPB5jYsFReeMfBgLHPtdtXtie81U,check,12
59651.023,1AZFxu4SVDtZu6QBa4zPB5jYsFReeMfBgLHPtdtXtie81U,check,14
59711.023,1AZFxu4SVDtZu6QBa4zPB5jYsFReeMfBgLHPtdtXtie81U,check,14
59771.023,1AZFxu4SVDtZu6QBa4zPB5jYsFReeMfBgLHPtdtXtie81U,check,14
59831.02,1AZFxu4SVDtZu6QBa4zPB5jYsFReeMfBgLHPtdtXtie81U,check,14
59891.027,1AZFxu4SVDtZu6QBa4zPB5jYsFReeMfBgLHPtdtXtie81U,check,14
59951.027,1AZFxu4SVDtZu6QBa4zPB5jYsFReeMfBgLHPtdtXtie81U,check,14
60011.023,1AZFxu4SVDtZu6QBa4zPB5jYsFReeMfBgLHPtdtXtie81U,check,14
60071.027,1AZFxu4SVDtZu6QBa4zPB5jYsFReeMfBgLHPtdtXtie81U,check,14
60131.023,1AZFxu4SVDtZu6QBa4zPB5jYsFReeMfBgLHPtdtXtie81U,check,14
60191.03,1AZFxu4SVDtZu6QBa4zPB5jYsFReeMfBgLHPtdtXtie81U,check,14
60251.023,1AZFxu4SVDtZu6QBa4zPB5jYsFReeMfBgLHPtdtXtie81U,check,14
60311.023,1AZFxu4SVDtZu6QBa4zPB5jYsFReeMfBgLHPtdtXtie81U,check,14
60371.023,1AZFxu4SVDtZu6QBa4zPB5jYsFReeMfBgLHPtdtXtie81U,check,14
60431.027,1AZFxu4SVDtZu6QBa4zPB5jYsFReeMfBgLHPtdtXtie81U,check,14
60491.027,1AZFxu4SVDtZu6QBa4zPB5jYsFReeMfBgLHPtdtXtie81U,check,14
60551.023,1AZFxu4SVDtZu6QBa4zPB5jYsFReeMfBgLHPtdtXtie81U,check,14
60611.023,1AZFxu4SVDtZu6QBa4zPB5jYsFReeMfBgLHPtdtXtie81U,check,14
60671.023,1AZFxu4SVDtZu6QBa4zPB5jYsFReeMfBgLHPtdtXtie81U,check,14
60731.023,1AZFxu4SVDtZu6QBa4zPB5jYsFReeMfBgLHPtdtXtie81U,check,14
60791.023,1AZFxu4SVDtZu6QBa4zPB5jYsFReeMfBgLHPtdtXtie81U,check,14
60851.023,1AZFxu4SVDtZu6QBa4zPB5jYsFReeMfBgLHPtdtXtie81U,check,14
60911.023,1AZFxu4SVDtZu6QBa4zPB5jYsFReeMfBgLHPtdtXtie81U,check,14
60971.023,1AZFxu4SVDtZu6QBa4zPB5jYsFReeMfBgLHPtdtXtie81U,check,14
61031.023,1AZFxu4SVDtZu6QBa4zPB5jYsFReeMfBgLHPtdtXtie81U,check,14
61091.027,1AZFxu4SVDtZu6QBa4zPB5jYsFReeMfBgLHPtdtXtie81U,check,14
61151.027,1AZFxu4SVDtZu6QBa4zPB5jYsFReeMfBgLHPtdtXtie81U,check,14
61211.023,1AZFxu4SVDtZu6QBa4zPB5jYsFReeMfBgLHPtdtXtie81U,check,14
61271.023,1AZFxu4SVDtZu6QBa4zPB5jYsFReeMfBgLHPtdtXtie81U,check,14
61331.023,1AZFxu4SVDtZu6QBa4zPB5jYsFReeMfBgLHPtdtXtie81U,check,14
61391.027,1AZFxu4SVDtZu6QBa4zPB5jYsFReeMfBgLHPtdtXtie81U,check,14
61451.023,1AZFxu4SVDtZu6QBa4zPB5jYsFReeMfBgLHPtdtXtie81U,check,14
61511.023,1AZFxu4SVDtZu6QBa4zPB5jYsFReeMfBgLHPtdtXtie81U,check,14
61571.027,1AZFxu4SVDtZu6QBa4zPB5jYsFReeMfBgLHPtdtXtie81U,check,14
61631.023,1AZFxu4SVDtZu6QBa4zPB5jYsFReeMfBgLHPtdtXtie81U,check,14
61691.027,1AZFxu4SVDtZu6QBa4zPB5jYsFReeMfBgLHPtdtXtie81U,check,14
61751.023,1AZFxu4SVDtZu6QBa4zPB5jYsFReeMfBgLHPtdtXtie81U,check,14
61811.027,1AZFxu4SVDtZu6QBa4zPB5jYsFReeMfBgLHPtdtXtie81U,check,14
61871.023,1AZFxu4SVDtZu6QBa4zPB5jYsFReeMfBgLHPtdtXtie81U,check,14
61931.023,1AZFxu4SVDtZu6QBa4zPB5jYsFReeMfBgLHPtdtXtie81U,check,14
61991.023,1AZFxu4SVDtZu6QBa4zPB5jYsFReeMfBgLHPtdtXtie81U,check,13
62051.016,1AZFxu4SVDtZu6QBa4zPB5jYsFReeMfBgLHPtdtXtie81U,check,13
62111.023,1AZFxu4SVDtZu6QBa4zPB5jYsFReeMfBgLHPtdtXtie81U,check,14
62171.023,1AZFxu4SVDtZu6QBa4zPB5jYsFReeMfBgLHPtdtXtie81U,check,14
62231.023,1AZFxu4SVDtZu6QBa4zPB5jYsFReeMfBgLHPtdtXtie81U,check,14
62291.027,1AZFxu4SVDtZu6QBa4zPB5jYsFReeMfBgLHPtdtXtie81U,check,14
62351.023,1AZFxu4SVDtZu6QBa4zPB5jYsFReeMfBgLHPtdtXtie81U,check,14
62411.023,1AZFxu4SVDtZu6QBa4zPB5jYsFReeMfBgLHPtdtXtie81U,check,14
62471.023,1AZFxu4SVDtZu6QBa4zPB5jYsFReeMfBgLHPtdtXtie81U,check,14
62531.023,1AZFxu4SVDtZu6QBa4zPB5jYsFReeMfBgLHPtdtXtie81U,check,14
62591.023,1AZFxu4SVDtZu6QBa4zPB5jYsFReeMfBgLHPtdtXtie81U,check,14
62651.023,1AZFxu4SVDtZu6QBa4zPB5jYsFReeMfBgLHPtdtXtie81U,check,14
62711.023,1AZFxu4SVDtZu6QBa4zPB5jYsFReeMfBgLHPtdtXtie81U,check,14
62771.023,1AZFxu4SVDtZu6QBa4zPB5jYsFReeMfBgLHPtdtXtie81U,check,13
62831.027,1AZFxu4SVDtZu6QBa4zPB5jYsFReeMfBgLHPtdtXtie81U,check,14
62891.023,1AZFxu4SVDtZu6QBa4zPB5jYsFReeMfBgLHPtdtXtie81U,check,14
62951.023,1AZFxu4SVDtZu6QBa4zPB5jYsFReeMfBgLHPtdtXtie81U,check,14
63011.023,1AZFxu4SVDtZu6QBa4zPB5jYsFReeMfBgLHPtdtXtie81U,check,14
63071.023,1AZFxu4SVDtZu6QBa4zPB5jYsFReeMfBgLHPtdtXtie81U,check,14
63131.02,1AZFxu4SVDtZu6QBa4zPB5jYsFReeMfBgLHPtdtXtie81U,check,13
63191.02,1AZFxu4SVDtZu6QBa4zPB5jYsFReeMfBgLHPtdtXtie81U,check,14
63251.02,1AZFxu4SVDtZu6QBa4zPB5jYsFReeMfBgLHPtdtXtie81U,check,14
63311.016,1AZFxu4SVDtZu6QBa4zPB5jYsFReeMfBgLHPtdtXtie81U,check,13
63371.008,1AZFxu4SVDtZu6QBa4zPB5jYsFReeMfBgLHPtdtXtie81U,check,14
63431.008,1AZFxu4SVDtZu6QBa4zPB5jYsFReeMfBgLHPtdtXtie81U,check,14
63491.004,1AZFxu4SVDtZu6QBa4zPB5jYsFReeMfBgLHPtdtXtie81U,check,14
63551.02,1AZFxu4SVDtZu6QBa4zPB5jYsFReeMfBgLHPtdtXtie81U,check,14
63611.023,1AZFxu4SVDtZu6QBa4zPB5jYsFReeMfBgLHPtdtXtie81U,check,14
63671.023,1AZFxu4SVDtZu6QBa4zPB5jYsFReeMfBgLHPtdtXtie81U,check,14
63731.023,1AZFxu4SVDtZu6QBa4zPB5jYsFReeMfBgLHPtdtXtie81U,check,14
63791.023,1AZFxu4SVDtZu6QBa4zPB5jYsFReeMfBgLHPtdtXtie81U,check,14
63851.023,1AZFxu4SVDtZu6QBa4zPB5jYsFReeMfBgLHPtdtXtie81U,check,14
63911.023,1AZFxu4SVDtZu6QBa4zPB5jYsFReeMfBgLHPtdtXtie81U,check,14
63971.023,1AZFxu4SVDtZu6QBa4zPB5jYsFReeMfBgLHPtdtXtie81U,check,14
64031.023,1AZFxu4SVDtZu6QBa4zPB5jYsFReeMfBgLHPtdtXtie81U,check,14
64091.023,1AZFxu4SVDtZu6QBa4zPB5jYsFReeMfBgLHPtdtXtie81U,check,13
64151.023,1AZFxu4SVDtZu6QBa4zPB5jYsFReeMfBgLHPtdtXtie81U,check,14
64211.02,1AZFxu4SVDtZu6QBa4zPB5jYsFReeMfBgLHPtdtXtie81U,check,13
64271.023,1AZFxu4SVDtZu6QBa4zPB5jYsFReeMfBgLHPtdtXtie81U,check,14
64331.023,1AZFxu4SVDtZu6QBa4zPB5jYsFReeMfBgLHPtdtXtie81U,check,14
64391.023,1AZFxu4SVDtZu6QBa4zPB5jYsFReeMfBgLHPtdtXtie81U,check,14
64451.023,1AZFxu4SVDtZu6QBa4zPB5jYsFReeMfBgLHPtdtXtie81U,check,14
64511.027,1AZFxu4SVDtZu6QBa4zPB5jYsFReeMfBgLHPtdtXtie81U,check,14
64571.02,1AZFxu4SVDtZu6QBa4zPB5jYsFReeMfBgLHPtdtXtie81U,check,14
64631.023,1AZFxu4SVDtZu6QBa4zPB5jYsFReeMfBgLHPtdtXtie81U,check,14
64691.023,1AZFxu4SVDtZu6QBa4zPB5jYsFReeMfBgLHPtdtXtie81U,check,14
64751.023,1AZFxu4SVDtZu6QBa4zPB5jYsFReeMfBgLHPtdtXtie81U,check,14
64811.023,1AZFxu4SVDtZu6QBa4zPB5jYsFReeMfBgLHPtdtXtie81U,check,14
64871.023,1AZFxu4SVDtZu6QBa4zPB5jYsFReeMfBgLHPtdtXtie81U,check,14
64931.016,1AZFxu4SVDtZu6QBa4zPB5jYsFReeMfBgLHPtdtXtie81U,check,14
64991.023,1AZFxu4SVDtZu6QBa4zPB5jYsFReeMfBgLHPtdtXtie81U,check,13
65051.023,1AZFxu4SVDtZu6QBa4zPB5jYsFReeMfBgLHPtdtXtie81U,check,14
65111.027,1AZFxu4SVDtZu6QBa4zPB5jYsFReeMfBgLHPtdtXtie81U,check,14
65171.023,1AZFxu4SVDtZu6QBa4zPB5jYsFReeMfBgLHPtdtXtie81U,check,13
65231.023,1AZFxu4SVDtZu6QBa4zPB5jYsFReeMfBgLHPtdtXtie81U,check,14
65291.023,1AZFxu4SVDtZu6QBa4zPB5jYsFReeMfBgLHPtdtXtie81U,check,14
65351.023,1AZFxu4SVDtZu6QBa4zPB5jYsFReeMfBgLHPtdtXtie81U,check,14
65411.023,1AZFxu4SVDtZu6QBa4zPB5jYsFReeMfBgLHPtdtXtie81U,check,14
65471.023,1AZFxu4SVDtZu6QBa4zPB5jYsFReeMfBgLHPtdtXtie81U,check,14
65531.023,1AZFxu4SVDtZu6QBa4zPB5jYsFReeMfBgLHPtdtXtie81U,check,14
65591.02,1AZFxu4SVDtZu6QBa4zPB5jYsFReeMfBgLHPtdtXtie81U,check,14
65651.02,1AZFxu4SVDtZu6QBa4zPB5jYsFReeMfBgLHPtdtXtie81U,check,13
65711.02,1AZFxu4SVDtZu6QBa4zPB5jYsFReeMfBgLHPtdtXtie81U,check,14
65771.02,1AZFxu4SVDtZu6QBa4zPB5jYsFReeMfBgLHPtdtXtie81U,check,14
65831.02,1AZFxu4SVDtZu6QBa4zPB5jYsFReeMfBgLHPtdtXtie81U,check,11
65891.02,1AZFxu4SVDtZu6QBa4zPB5jYsFReeMfBgLHPtdtXtie81U,check,13
65951.02,1AZFxu4SVDtZu6QBa4zPB5jYsFReeMfBgLHPtdtXtie81U,check,14
66011.02,1AZFxu4SVDtZu6QBa4zPB5jYsFReeMfBgLHPtdtXtie81U,check,14
66071.02,1AZFxu4SVDtZu6QBa4zPB5jYsFReeMfBgLHPtdtXtie81U,check,14
66131.02,1AZFxu4SVDtZu6QBa4zPB5jYsFReeMfBgLHPtdtXtie81U,check,14
66191.02,1AZFxu4SVDtZu6QBa4zPB5jYsFReeMfBgLHPtdtXtie81U,check,14
66251.02,1AZFxu4SVDtZu6QBa4zPB5jYsFReeMfBgLHPtdtXtie81U,check,14
66311.02,1AZFxu4SVDtZu6QBa4zPB5jYsFReeMfBgLHPtdtXtie81U,check,13
66371.02,1AZFxu4SVDtZu6QBa4zPB5jYsFReeMfBgLHPtdtXtie81U,check,13
66431.02,1AZFxu4SVDtZu6QBa4zPB5jYsFReeMfBgLHPtdtXtie81U,check,13
66491.02,1AZFxu4SVDtZu6QBa4zPB5jYsFReeMfBgLHPtdtXtie81U,check,14
66551.02,1AZFxu4SVDtZu6QBa4zPB5jYsFReeMfBgLHPtdtXtie81U,check,13
66611.02,1AZFxu4SVDtZu6QBa4zPB5jYsFReeMfBgLHPtdtXtie81U,check,14
66671.02,1AZFxu4SVDtZu6QBa4zPB5jYsFReeMfBgLHPtdtXtie81U,check,14
66731.02,1AZFxu4SVDtZu6QBa4zPB5jYsFReeMfBgLHPtdtXtie81U,check,14
66791.016,1AZFxu4SVDtZu6QBa4zPB5jYsFReeMfBgLHPtdtXtie81U,check,14
66851.02,1AZFxu4SVDtZu6QBa4zPB5jYsFReeMfBgLHPtdtXtie81U,check,14
66911.02,1AZFxu4SVDtZu6QBa4zPB5jYsFReeMfBgLHPtdtXtie81U,check,14
66971.02,1AZFxu4SVDtZu6QBa4zPB5jYsFReeMfBgLHPtdtXtie81U,check,14
67031.02,1AZFxu4SVDtZu6QBa4zPB5jYsFReeMfBgLHPtdtXtie81U,check,14
67091.02,1AZFxu4SVDtZu6QBa4zPB5jYsFReeMfBgLHPtdtXtie81U,check,14
67151.02,1AZFxu4SVDtZu6QBa4zPB5jYsFReeMfBgLHPtdtXtie81U,check,12
67211.02,1AZFxu4SVDtZu6QBa4zPB5jYsFReeMfBgLHPtdtXtie81U,check,13
67271.02,1AZFxu4SVDtZu6QBa4zPB5jYsFReeMfBgLHPtdtXtie81U,check,14
67331.01,1AZFxu4SVDtZu6QBa4zPB5jYsFReeMfBgLHPtdtXtie81U,check,14
67391.02,1AZFxu4SVDtZu6QBa4zPB5jYsFReeMfBgLHPtdtXtie81U,check,12
67451.02,1AZFxu4SVDtZu6QBa4zPB5jYsFReeMfBgLHPtdtXtie81U,check,14
67511.02,1AZFxu4SVDtZu6QBa4zPB5jYsFReeMfBgLHPtdtXtie81U,check,11
67571.02,1AZFxu4SVDtZu6QBa4zPB5jYsFReeMfBgLHPtdtXtie81U,check,14
67631.02,1AZFxu4SVDtZu6QBa4zPB5jYsFReeMfBgLHPtdtXtie81U,check,14
67691.02,1AZFxu4SVDtZu6QBa4zPB5jYsFReeMfBgLHPtdtXtie81U,check,13
67751.02,1AZFxu4SVDtZu6QBa4zPB5jYsFReeMfBgLHPtdtXtie81U,check,14
67811.02,1AZFxu4SVDtZu6QBa4zPB5jYsFReeMfBgLHPtdtXtie81U,check,11
67871.02,1AZFxu4SVDtZu6QBa4zPB5jYsFReeMfBgLHPtdtXtie81U,check,9
67931.02,1AZFxu4SVDtZu6QBa4zPB5jYsFReeMfBgLHPtdtXtie81U,check,9
67991.02,1AZFxu4SVDtZu6QBa4zPB5jYsFReeMfBgLHPtdtXtie81U,check,9
68051.02,1AZFxu4SVDtZu6QBa4zPB5jYsFReeMfBgLHPtdtXtie81U,check,9
68111.02,1AZFxu4SVDtZu6QBa4zPB5jYsFReeMfBgLHPtdtXtie81U,check,9
68171.02,1AZFxu4SVDtZu6QBa4zPB5jYsFReeMfBgLHPtdtXtie81U,check,9
68231.02,1AZFxu4SVDtZu6QBa4zPB5jYsFReeMfBgLHPtdtXtie81U,check,14
68291.02,1AZFxu4SVDtZu6QBa4zPB5jYsFReeMfBgLHPtdtXtie81U,check,9
68351.02,1AZFxu4SVDtZu6QBa4zPB5jYsFReeMfBgLHPtdtXtie81U,check,9
68411.02,1AZFxu4SVDtZu6QBa4zPB5jYsFReeMfBgLHPtdtXtie81U,check,13
68471.02,1AZFxu4SVDtZu6QBa4zPB5jYsFReeMfBgLHPtdtXtie81U,check,13
68531.02,1AZFxu4SVDtZu6QBa4zPB5jYsFReeMfBgLHPtdtXtie81U,check,14
68591.02,1AZFxu4SVDtZu6QBa4zPB5jYsFReeMfBgLHPtdtXtie81U,check,13
68651.016,1AZFxu4SVDtZu6QBa4zPB5jYsFReeMfBgLHPtdtXtie81U,check,13
68711.02,1AZFxu4SVDtZu6QBa4zPB5jYsFReeMfBgLHPtdtXtie81U,check,12
68771.02,1AZFxu4SVDtZu6QBa4zPB5jYsFReeMfBgLHPtdtXtie81U,check,13
68831.02,1AZFxu4SVDtZu6QBa4zPB5jYsFReeMfBgLHPtdtXtie81U,check,12
68891.02,1AZFxu4SVDtZu6QBa4zPB5jYsFReeMfBgLHPtdtXtie81U,check,13
68951.02,1AZFxu4SVDtZu6QBa4zPB5jYsFReeMfBgLHPtdtXtie81U,check,12
69011.02,1AZFxu4SVDtZu6QBa4zPB5jYsFReeMfBgLHPtdtXtie81U,check,14
69071.02,1AZFxu4SVDtZu6QBa4zPB5jYsFReeMfBgLHPtdtXtie81U,check,14
69131.02,1AZFxu4SVDtZu6QBa4zPB5jYsFReeMfBgLHPtdtXtie81U,check,14
69191.02,1AZFxu4SVDtZu6QBa4zPB5jYsFReeMfBgLHPtdtXtie81U,check,14
69251.02,1AZFxu4SVDtZu6QBa4zPB5jYsFReeMfBgLHPtdtXtie81U,check,14
69311.02,1AZFxu4SVDtZu6QBa4zPB5jYsFReeMfBgLHPtdtXtie81U,check,14
69371.02,1AZFxu4SVDtZu6QBa4zPB5jYsFReeMfBgLHPtdtXtie81U,check,14
69431.02,1AZFxu4SVDtZu6QBa4zPB5jYsFReeMfBgLHPtdtXtie81U,check,14
69491.02,1AZFxu4SVDtZu6QBa4zPB5jYsFReeMfBgLHPtdtXtie81U,check,12
69551.02,1AZFxu4SVDtZu6QBa4zPB5jYsFReeMfBgLHPtdtXtie81U,check,14
69611.02,1AZFxu4SVDtZu6QBa4zPB5jYsFReeMfBgLHPtdtXtie81U,check,13
69671.02,1AZFxu4SVDtZu6QBa4zPB5jYsFReeMfBgLHPtdtXtie81U,check,12
69731.02,1AZFxu4SVDtZu6QBa4zPB5jYsFReeMfBgLHPtdtXtie81U,check,10
69791.02,1AZFxu4SVDtZu6QBa4zPB5jYsFReeMfBgLHPtdtXtie81U,check,13
69851.02,1AZFxu4SVDtZu6QBa4zPB5jYsFReeMfBgLHPtdtXtie81U,check,10
69911.02,1AZFxu4SVDtZu6QBa4zPB5jYsFReeMfBgLHPtdtXtie81U,check,13
69971.02,1AZFxu4SVDtZu6QBa4zPB5jYsFReeMfBgLHPtdtXtie81U,check,13
70031.02,1AZFxu4SVDtZu6QBa4zPB5jYsFReeMfBgLHPtdtXtie81U,check,12
70091.02,1AZFxu4SVDtZu6QBa4zPB5jYsFReeMfBgLHPtdtXtie81U,check,13
70151.02,1AZFxu4SVDtZu6QBa4zPB5jYsFReeMfBgLHPtdtXtie81U,check,11
70211.02,1AZFxu4SVDtZu6QBa4zPB5jYsFReeMfBgLHPtdtXtie81U,check,9
70271.02,1AZFxu4SVDtZu6QBa4zPB5jYsFReeMfBgLHPtdtXtie81U,check,9
70331.02,1AZFxu4SVDtZu6QBa4zPB5jYsFReeMfBgLHPtdtXtie81U,check,9
70391.02,1AZFxu4SVDtZu6QBa4zPB5jYsFReeMfBgLHPtdtXtie81U,check,9
70451.02,1AZFxu4SVDtZu6QBa4zPB5jYsFReeMfBgLHPtdtXtie81U,check,9
70511.016,1AZFxu4SVDtZu6QBa4zPB5jYsFReeMfBgLHPtdtXtie81U,check,9
70571.02,1AZFxu4SVDtZu6QBa4zPB5jYsFReeMfBgLHPtdtXtie81U,check,14
70631.02,1AZFxu4SVDtZu6QBa4zPB5jYsFReeMfBgLHPtdtXtie81U,check,11
70691.02,1AZFxu4SVDtZu6QBa4zPB5jYsFReeMfBgLHPtdtXtie81U,check,13
70751.02,1AZFxu4SVDtZu6QBa4zPB5jYsFReeMfBgLHPtdtXtie81U,check,14
70811.02,1AZFxu4SVDtZu6QBa4zPB5jYsFReeMfBgLHPtdtXtie81U,check,13
70871.02,1AZFxu4SVDtZu6QBa4zPB5jYsFReeMfBgLHPtdtXtie81U,check,14
70931.02,1AZFxu4SVDtZu6QBa4zPB5jYsFReeMfBgLHPtdtXtie81U,check,13
70991.02,1AZFxu4SVDtZu6QBa4zPB5jYsFReeMfBgLHPtdtXtie81U,check,13
71051.02,1AZFxu4SVDtZu6QBa4zPB5jYsFReeMfBgLHPtdtXtie81U,check,14
71111.02,1AZFxu4SVDtZu6QBa4zPB5jYsFReeMfBgLHPtdtXtie81U,check,11
71171.02,1AZFxu4SVDtZu6QBa4zPB5jYsFReeMfBgLHPtdtXtie81U,check,10
71231.02,1AZFxu4SVDtZu6QBa4zPB5jYsFReeMfBgLHPtdtXtie81U,check,10
71291.04,1AZFxu4SVDtZu6QBa4zPB5jYsFReeMfBgLHPtdtXtie81U,check,12
71351.02,1AZFxu4SVDtZu6QBa4zPB5jYsFReeMfBgLHPtdtXtie81U,check,14
71411.02,1AZFxu4SVDtZu6QBa4zPB5jYsFReeMfBgLHPtdtXtie81U,check,14
71471.02,1AZFxu4SVDtZu6QBa4zPB5jYsFReeMfBgLHPtdtXtie81U,check,14
71531.02,1AZFxu4SVDtZu6QBa4zPB5jYsFReeMfBgLHPtdtXtie81U,check,14
71591.02,1AZFxu4SVDtZu6QBa4zPB5jYsFReeMfBgLHPtdtXtie81U,check,14
71651.02,1AZFxu4SVDtZu6QBa4zPB5jYsFReeMfBgLHPtdtXtie81U,check,12
71711.02,1AZFxu4SVDtZu6QBa4zPB5jYsFReeMfBgLHPtdtXtie81U,check,14
71771.02,1AZFxu4SVDtZu6QBa4zPB5jYsFReeMfBgLHPtdtXtie81U,check,14
71831.016,1AZFxu4SVDtZu6QBa4zPB5jYsFReeMfBgLHPtdtXtie81U,check,13
71891.01,1AZFxu4SVDtZu6QBa4zPB5jYsFReeMfBgLHPtdtXtie81U,check,14
71951.01,1AZFxu4SVDtZu6QBa4zPB5jYsFReeMfBgLHPtdtXtie81U,check,13
