63.48329,1AiAm51ef2JVBarU3ft5KcfY2tKtWn6GsgCjb7okeRgHcz,check,20
123.537704,1AiAm51ef2JVBarU3ft5KcfY2tKtWn6GsgCjb7okeRgHcz,check,20
191.0135,1AiAm51ef2JVBarU3ft5KcfY2tKtWn6GsgCjb7okeRgHcz,check,19
242.36465,1AiAm51ef2JVBarU3ft5KcfY2tKtWn6GsgCjb7okeRgHcz,check,20
311.0144,1AiAm51ef2JVBarU3ft5KcfY2tKtWn6GsgCjb7okeRgHcz,check,19
363.51355,1AiAm51ef2JVBarU3ft5KcfY2tKtWn6GsgCjb7okeRgHcz,check,20
430.14163,1AiAm51ef2JVBarU3ft5KcfY2tKtWn6GsgCjb7okeRgHcz,check,20
481.4022,1AiAm51ef2JVBarU3ft5KcfY2tKtWn6GsgCjb7okeRgHcz,check,20
541.393,1AiAm51ef2JVBarU3ft5KcfY2tKtWn6GsgCjb7okeRgHcz,check,20
601.40454,1AiAm51ef2JVBarU3ft5KcfY2tKtWn6GsgCjb7okeRgHcz,check,20
670.45483,1AiAm51ef2JVBarU3ft5KcfY2tKtWn6GsgCjb7okeRgHcz,check,20
721.61176,1AiAm51ef2JVBarU3ft5KcfY2tKtWn6GsgCjb7okeRgHcz,check,20
782.21625,1AiAm51ef2JVBarU3ft5KcfY2tKtWn6GsgCjb7okeRgHcz,check,20
850.48834,1AiAm51ef2JVBarU3ft5KcfY2tKtWn6GsgCjb7okeRgHcz,check,20
903.8669,1AiAm51ef2JVBarU3ft5KcfY2tKtWn6GsgCjb7okeRgHcz,check,20
962.19055,1AiAm51ef2JVBarU3ft5KcfY2tKtWn6GsgCjb7okeRgHcz,check,20
1022.39087,1AiAm51ef2JVBarU3ft5KcfY2tKtWn6GsgCjb7okeRgHcz,check,20
1081.6279,1AiAm51ef2JVBarU3ft5KcfY2tKtWn6GsgCjb7okeRgHcz,check,20
1151.0122,1AiAm51ef2JVBarU3ft5KcfY2tKtWn6GsgCjb7okeRgHcz,check,19
1202.3558,1AiAm51ef2JVBarU3ft5KcfY2tKtWn6GsgCjb7okeRgHcz,check,20
1261.5647,1AiAm51ef2JVBarU3ft5KcfY2tKtWn6GsgCjb7okeRgHcz,check,20
1323.9005,1AiAm51ef2JVBarU3ft5KcfY2tKtWn6GsgCjb7okeRgHcz,check,20
1381.6748,1AiAm51ef2JVBarU3ft5KcfY2tKtWn6GsgCjb7okeRgHcz,check,20
1442.1647,1AiAm51ef2JVBarU3ft5KcfY2tKtWn6GsgCjb7okeRgHcz,check,20
1511.0138,1AiAm51ef2JVBarU3ft5KcfY2tKtWn6GsgCjb7okeRgHcz,check,19
1564.0582,1AiAm51ef2JVBarU3ft5KcfY2tKtWn6GsgCjb7okeRgHcz,check,20
1631.0137,1AiAm51ef2JVBarU3ft5KcfY2tKtWn6GsgCjb7okeRgHcz,check,19
1681.6173,1AiAm51ef2JVBarU3ft5KcfY2tKtWn6GsgCjb7okeRgHcz,check,20
1742.2538,1AiAm51ef2JVBarU3ft5KcfY2tKtWn6GsgCjb7okeRgHcz,check,20
1801.3812,1AiAm51ef2JVBarU3ft5KcfY2tKtWn6GsgCjb7okeRgHcz,check,19
1866.352,1AiAm51ef2JVBarU3ft5KcfY2tKtWn6GsgCjb7okeRgHcz,check,19
1926.0071,1AiAm51ef2JVBarU3ft5KcfY2tKtWn6GsgCjb7okeRgHcz,check,18
1986.0071,1AiAm51ef2JVBarU3ft5KcfY2tKtWn6GsgCjb7okeRgHcz,check,18
2046.0057,1AiAm51ef2JVBarU3ft5KcfY2tKtWn6GsgCjb7okeRgHcz,check,18
2106.0068,1AiAm51ef2JVBarU3ft5KcfY2tKtWn6GsgCjb7okeRgHcz,check,18
2166.0042,1AiAm51ef2JVBarU3ft5KcfY2tKtWn6GsgCjb7okeRgHcz,check,18
2226.0046,1AiAm51ef2JVBarU3ft5KcfY2tKtWn6GsgCjb7okeRgHcz,check,18
2286.0051,1AiAm51ef2JVBarU3ft5KcfY2tKtWn6GsgCjb7okeRgHcz,check,18
2346.0056,1AiAm51ef2JVBarU3ft5KcfY2tKtWn6GsgCjb7okeRgHcz,check,18
2406.0066,1AiAm51ef2JVBarU3ft5KcfY2tKtWn6GsgCjb7okeRgHcz,check,18
2466.0088,1AiAm51ef2JVBarU3ft5KcfY2tKtWn6GsgCjb7okeRgHcz,check,18
2522.187,1AiAm51ef2JVBarU3ft5KcfY2tKtWn6GsgCjb7okeRgHcz,check,19
2591.0142,1AiAm51ef2JVBarU3ft5KcfY2tKtWn6GsgCjb7okeRgHcz,check,19
2641.8667,1AiAm51ef2JVBarU3ft5KcfY2tKtWn6GsgCjb7okeRgHcz,check,19
2701.421,1AiAm51ef2JVBarU3ft5KcfY2tKtWn6GsgCjb7okeRgHcz,check,19
2761.388,1AiAm51ef2JVBarU3ft5KcfY2tKtWn6GsgCjb7okeRgHcz,check,19
2821.4214,1AiAm51ef2JVBarU3ft5KcfY2tKtWn6GsgCjb7okeRgHcz,check,19
2890.935,1AiAm51ef2JVBarU3ft5KcfY2tKtWn6GsgCjb7okeRgHcz,check,19
2941.5793,1AiAm51ef2JVBarU3ft5KcfY2tKtWn6GsgCjb7okeRgHcz,check,19
3001.402,1AiAm51ef2JVBarU3ft5KcfY2tKtWn6GsgCjb7okeRgHcz,check,19
3061.3906,1AiAm51ef2JVBarU3ft5KcfY2tKtWn6GsgCjb7okeRgHcz,check,19
3122.732,1AiAm51ef2JVBarU3ft5KcfY2tKtWn6GsgCjb7okeRgHcz,check,19
3181.3848,1AiAm51ef2JVBarU3ft5KcfY2tKtWn6GsgCjb7okeRgHcz,check,19
3241.8933,1AiAm51ef2JVBarU3ft5KcfY2tKtWn6GsgCjb7okeRgHcz,check,19
3301.4353,1AiAm51ef2JVBarU3ft5KcfY2tKtWn6GsgCjb7okeRgHcz,check,19
3361.382,1AiAm51ef2JVBarU3ft5KcfY2tKtWn6GsgCjb7okeRgHcz,check,19
3423.135,1AiAm51ef2JVBarU3ft5KcfY2tKtWn6GsgCjb7okeRgHcz,check,19
3482.594,1AiAm51ef2JVBarU3ft5KcfY2tKtWn6GsgCjb7okeRgHcz,check,19
3542.217,1AiAm51ef2JVBarU3ft5KcfY2tKtWn6GsgCjb7okeRgHcz,check,19
3601.5334,1AiAm51ef2JVBarU3ft5KcfY2tKtWn6GsgCjb7okeRgHcz,check,19
3662.4395,1AiAm51ef2JVBarU3ft5KcfY2tKtWn6GsgCjb7okeRgHcz,check,19
3721.3877,1AiAm51ef2JVBarU3ft5KcfY2tKtWn6GsgCjb7okeRgHcz,check,19
3781.4143,1AiAm51ef2JVBarU3ft5KcfY2tKtWn6GsgCjb7okeRgHcz,check,19
3841.8787,1AiAm51ef2JVBarU3ft5KcfY2tKtWn6GsgCjb7okeRgHcz,check,19
3901.4004,1AiAm51ef2JVBarU3ft5KcfY2tKtWn6GsgCjb7okeRgHcz,check,19
3961.4053,1AiAm51ef2JVBarU3ft5KcfY2tKtWn6GsgCjb7okeRgHcz,check,19
4021.3862,1AiAm51ef2JVBarU3ft5KcfY2tKtWn6GsgCjb7okeRgHcz,check,19
4081.3882,1AiAm51ef2JVBarU3ft5KcfY2tKtWn6GsgCjb7okeRgHcz,check,19
4142.336,1AiAm51ef2JVBarU3ft5KcfY2tKtWn6GsgCjb7okeRgHcz,check,19
4202.6143,1AiAm51ef2JVBarU3ft5KcfY2tKtWn6GsgCjb7okeRgHcz,check,19
4261.871,1AiAm51ef2JVBarU3ft5KcfY2tKtWn6GsgCjb7okeRgHcz,check,19
4321.75,1AiAm51ef2JVBarU3ft5KcfY2tKtWn6GsgCjb7okeRgHcz,check,19
4381.3794,1AiAm51ef2JVBarU3ft5KcfY2tKtWn6GsgCjb7okeRgHcz,check,19
4441.385,1AiAm51ef2JVBarU3ft5KcfY2tKtWn6GsgCjb7okeRgHcz,check,19
4501.4185,1AiAm51ef2JVBarU3ft5KcfY2tKtWn6GsgCjb7okeRgHcz,check,19
4561.385,1AiAm51ef2JVBarU3ft5KcfY2tKtWn6GsgCjb7okeRgHcz,check,19
4621.388,1AiAm51ef2JVBarU3ft5KcfY2tKtWn6GsgCjb7okeRgHcz,check,19
4681.457,1AiAm51ef2JVBarU3ft5KcfY2tKtWn6GsgCjb7okeRgHcz,check,19
4743.619,1AiAm51ef2JVBarU3ft5KcfY2tKtWn6GsgCjb7okeRgHcz,check,19
4801.874,1AiAm51ef2JVBarU3ft5KcfY2tKtWn6GsgCjb7okeRgHcz,check,19
4861.3813,1AiAm51ef2JVBarU3ft5KcfY2tKtWn6GsgCjb7okeRgHcz,check,19
4931.0146,1AiAm51ef2JVBarU3ft5KcfY2tKtWn6GsgCjb7okeRgHcz,check,19
4981.8896,1AiAm51ef2JVBarU3ft5KcfY2tKtWn6GsgCjb7okeRgHcz,check,19
5041.446,1AiAm51ef2JVBarU3ft5KcfY2tKtWn6GsgCjb7okeRgHcz,check,19
5102.624,1AiAm51ef2JVBarU3ft5KcfY2tKtWn6GsgCjb7okeRgHcz,check,19
5162.746,1AiAm51ef2JVBarU3ft5KcfY2tKtWn6GsgCjb7okeRgHcz,check,19
5221.406,1AiAm51ef2JVBarU3ft5KcfY2tKtWn6GsgCjb7okeRgHcz,check,19
5281.3916,1AiAm51ef2JVBarU3ft5KcfY2tKtWn6GsgCjb7okeRgHcz,check,19
5341.4253,1AiAm51ef2JVBarU3ft5KcfY2tKtWn6GsgCjb7okeRgHcz,check,19
5401.381,1AiAm51ef2JVBarU3ft5KcfY2tKtWn6GsgCjb7okeRgHcz,check,19
5461.3857,1AiAm51ef2JVBarU3ft5KcfY2tKtWn6GsgCjb7okeRgHcz,check,19
5521.408,1AiAm51ef2JVBarU3ft5KcfY2tKtWn6GsgCjb7okeRgHcz,check,19
5581.387,1AiAm51ef2JVBarU3ft5KcfY2tKtWn6GsgCjb7okeRgHcz,check,19
5641.3857,1AiAm51ef2JVBarU3ft5KcfY2tKtWn6GsgCjb7okeRgHcz,check,19
5701.3853,1AiAm51ef2JVBarU3ft5KcfY2tKtWn6GsgCjb7okeRgHcz,check,19
5763.909,1AiAm51ef2JVBarU3ft5KcfY2tKtWn6GsgCjb7okeRgHcz,check,19
5821.4185,1AiAm51ef2JVBarU3ft5KcfY2tKtWn6GsgCjb7okeRgHcz,check,19
5882.187,1AiAm51ef2JVBarU3ft5KcfY2tKtWn6GsgCjb7okeRgHcz,check,19
5941.4106,1AiAm51ef2JVBarU3ft5KcfY2tKtWn6GsgCjb7okeRgHcz,check,19
6001.3926,1AiAm51ef2JVBarU3ft5KcfY2tKtWn6GsgCjb7okeRgHcz,check,19
6061.3867,1AiAm51ef2JVBarU3ft5KcfY2tKtWn6GsgCjb7okeRgHcz,check,19
6121.3867,1AiAm51ef2JVBarU3ft5KcfY2tKtWn6GsgCjb7okeRgHcz,check,19
6181.3857,1AiAm51ef2JVBarU3ft5KcfY2tKtWn6GsgCjb7okeRgHcz,check,19
6241.385,1AiAm51ef2JVBarU3ft5KcfY2tKtWn6GsgCjb7okeRgHcz,check,19
6301.3896,1AiAm51ef2JVBarU3ft5KcfY2tKtWn6GsgCjb7okeRgHcz,check,19
6361.385,1AiAm51ef2JVBarU3ft5KcfY2tKtWn6GsgCjb7okeRgHcz,check,19
6421.4087,1AiAm51ef2JVBarU3ft5KcfY2tKtWn6GsgCjb7okeRgHcz,check,19
6481.4844,1AiAm51ef2JVBarU3ft5KcfY2tKtWn6GsgCjb7okeRgHcz,check,19
6541.3804,1AiAm51ef2JVBarU3ft5KcfY2tKtWn6GsgCjb7okeRgHcz,check,19
6601.427,1AiAm51ef2JVBarU3ft5KcfY2tKtWn6GsgCjb7okeRgHcz,check,19
6661.3804,1AiAm51ef2JVBarU3ft5KcfY2tKtWn6GsgCjb7okeRgHcz,check,19
6721.3784,1AiAm51ef2JVBarU3ft5KcfY2tKtWn6GsgCjb7okeRgHcz,check,19
6782.219,1AiAm51ef2JVBarU3ft5KcfY2tKtWn6GsgCjb7okeRgHcz,check,19
6841.3804,1AiAm51ef2JVBarU3ft5KcfY2tKtWn6GsgCjb7okeRgHcz,check,19
6901.4907,1AiAm51ef2JVBarU3ft5KcfY2tKtWn6GsgCjb7okeRgHcz,check,19
6962.601,1AiAm51ef2JVBarU3ft5KcfY2tKtWn6GsgCjb7okeRgHcz,check,19
7021.41,1AiAm51ef2JVBarU3ft5KcfY2tKtWn6GsgCjb7okeRgHcz,check,19
7081.407,1AiAm51ef2JVBarU3ft5KcfY2tKtWn6GsgCjb7okeRgHcz,check,19
7141.4175,1AiAm51ef2JVBarU3ft5KcfY2tKtWn6GsgCjb7okeRgHcz,check,19
7201.3857,1AiAm51ef2JVBarU3ft5KcfY2tKtWn6GsgCjb7okeRgHcz,check,19
7262.2974,1AiAm51ef2JVBarU3ft5KcfY2tKtWn6GsgCjb7okeRgHcz,check,19
7330.979,1AiAm51ef2JVBarU3ft5KcfY2tKtWn6GsgCjb7okeRgHcz,check,19
7381.3857,1AiAm51ef2JVBarU3ft5KcfY2tKtWn6GsgCjb7okeRgHcz,check,19
7441.4927,1AiAm51ef2JVBarU3ft5KcfY2tKtWn6GsgCjb7okeRgHcz,check,19
7501.4487,1AiAm51ef2JVBarU3ft5KcfY2tKtWn6GsgCjb7okeRgHcz,check,19
7561.385,1AiAm51ef2JVBarU3ft5KcfY2tKtWn6GsgCjb7okeRgHcz,check,19
7621.3975,1AiAm51ef2JVBarU3ft5KcfY2tKtWn6GsgCjb7okeRgHcz,check,19
7681.387,1AiAm51ef2JVBarU3ft5KcfY2tKtWn6GsgCjb7okeRgHcz,check,19
7741.512,1AiAm51ef2JVBarU3ft5KcfY2tKtWn6GsgCjb7okeRgHcz,check,19
7801.4487,1AiAm51ef2JVBarU3ft5KcfY2tKtWn6GsgCjb7okeRgHcz,check,19
7861.426,1AiAm51ef2JVBarU3ft5KcfY2tKtWn6GsgCjb7okeRgHcz,check,19
7921.439,1AiAm51ef2JVBarU3ft5KcfY2tKtWn6GsgCjb7okeRgHcz,check,19
7981.392,1AiAm51ef2JVBarU3ft5KcfY2tKtWn6GsgCjb7okeRgHcz,check,19
8044.0283,1AiAm51ef2JVBarU3ft5KcfY2tKtWn6GsgCjb7okeRgHcz,check,19
8111.016,1AiAm51ef2JVBarU3ft5KcfY2tKtWn6GsgCjb7okeRgHcz,check,19
8161.392,1AiAm51ef2JVBarU3ft5KcfY2tKtWn6GsgCjb7okeRgHcz,check,19
8221.387,1AiAm51ef2JVBarU3ft5KcfY2tKtWn6GsgCjb7okeRgHcz,check,19
8281.382,1AiAm51ef2JVBarU3ft5KcfY2tKtWn6GsgCjb7okeRgHcz,check,19
8341.41,1AiAm51ef2JVBarU3ft5KcfY2tKtWn6GsgCjb7okeRgHcz,check,19
8403.9375,1AiAm51ef2JVBarU3ft5KcfY2tKtWn6GsgCjb7okeRgHcz,check,19
8461.381,1AiAm51ef2JVBarU3ft5KcfY2tKtWn6GsgCjb7okeRgHcz,check,19
8521.857,1AiAm51ef2JVBarU3ft5KcfY2tKtWn6GsgCjb7okeRgHcz,check,19
8584.342,1AiAm51ef2JVBarU3ft5KcfY2tKtWn6GsgCjb7okeRgHcz,check,19
8641.389,1AiAm51ef2JVBarU3ft5KcfY2tKtWn6GsgCjb7okeRgHcz,check,19
8711.017,1AiAm51ef2JVBarU3ft5KcfY2tKtWn6GsgCjb7okeRgHcz,check,19
8762.621,1AiAm51ef2JVBarU3ft5KcfY2tKtWn6GsgCjb7okeRgHcz,check,19
8831.016,1AiAm51ef2JVBarU3ft5KcfY2tKtWn6GsgCjb7okeRgHcz,check,19
8891.015,1AiAm51ef2JVBarU3ft5KcfY2tKtWn6GsgCjb7okeRgHcz,check,19
8941.875,1AiAm51ef2JVBarU3ft5KcfY2tKtWn6GsgCjb7okeRgHcz,check,19
9001.483,1AiAm51ef2JVBarU3ft5KcfY2tKtWn6GsgCjb7okeRgHcz,check,19
9062.189,1AiAm51ef2JVBarU3ft5KcfY2tKtWn6GsgCjb7okeRgHcz,check,19
9121.414,1AiAm51ef2JVBarU3ft5KcfY2tKtWn6GsgCjb7okeRgHcz,check,19
9181.428,1AiAm51ef2JVBarU3ft5KcfY2tKtWn6GsgCjb7okeRgHcz,check,19
9241.388,1AiAm51ef2JVBarU3ft5KcfY2tKtWn6GsgCjb7okeRgHcz,check,19
9311.015,1AiAm51ef2JVBarU3ft5KcfY2tKtWn6GsgCjb7okeRgHcz,check,19
9362.518,1AiAm51ef2JVBarU3ft5KcfY2tKtWn6GsgCjb7okeRgHcz,check,19
9431.016,1AiAm51ef2JVBarU3ft5KcfY2tKtWn6GsgCjb7okeRgHcz,check,19
9486.4,1AiAm51ef2JVBarU3ft5KcfY2tKtWn6GsgCjb7okeRgHcz,check,19
9542.187,1AiAm51ef2JVBarU3ft5KcfY2tKtWn6GsgCjb7okeRgHcz,check,19
9611.015,1AiAm51ef2JVBarU3ft5KcfY2tKtWn6GsgCjb7okeRgHcz,check,19
9671.018,1AiAm51ef2JVBarU3ft5KcfY2tKtWn6GsgCjb7okeRgHcz,check,19
9722.172,1AiAm51ef2JVBarU3ft5KcfY2tKtWn6GsgCjb7okeRgHcz,check,19
9781.385,1AiAm51ef2JVBarU3ft5KcfY2tKtWn6GsgCjb7okeRgHcz,check,19
9841.536,1AiAm51ef2JVBarU3ft5KcfY2tKtWn6GsgCjb7okeRgHcz,check,19
9902.383,1AiAm51ef2JVBarU3ft5KcfY2tKtWn6GsgCjb7okeRgHcz,check,19
9961.683,1AiAm51ef2JVBarU3ft5KcfY2tKtWn6GsgCjb7okeRgHcz,check,19
10023.954,1AiAm51ef2JVBarU3ft5KcfY2tKtWn6GsgCjb7okeRgHcz,check,19
10081.391,1AiAm51ef2JVBarU3ft5KcfY2tKtWn6GsgCjb7okeRgHcz,check,19
10141.398,1AiAm51ef2JVBarU3ft5KcfY2tKtWn6GsgCjb7okeRgHcz,check,19
10201.395,1AiAm51ef2JVBarU3ft5KcfY2tKtWn6GsgCjb7okeRgHcz,check,19
10261.392,1AiAm51ef2JVBarU3ft5KcfY2tKtWn6GsgCjb7okeRgHcz,check,19
10321.399,1AiAm51ef2JVBarU3ft5KcfY2tKtWn6GsgCjb7okeRgHcz,check,19
10381.418,1AiAm51ef2JVBarU3ft5KcfY2tKtWn6GsgCjb7okeRgHcz,check,19
10446.005,1AiAm51ef2JVBarU3ft5KcfY2tKtWn6GsgCjb7okeRgHcz,check,18
10506.008,1AiAm51ef2JVBarU3ft5KcfY2tKtWn6GsgCjb7okeRgHcz,check,18
10566.006,1AiAm51ef2JVBarU3ft5KcfY2tKtWn6GsgCjb7okeRgHcz,check,18
10626.005,1AiAm51ef2JVBarU3ft5KcfY2tKtWn6GsgCjb7okeRgHcz,check,18
10686.007,1AiAm51ef2JVBarU3ft5KcfY2tKtWn6GsgCjb7okeRgHcz,check,18
10746.006,1AiAm51ef2JVBarU3ft5KcfY2tKtWn6GsgCjb7okeRgHcz,check,18
10806.005,1AiAm51ef2JVBarU3ft5KcfY2tKtWn6GsgCjb7okeRgHcz,check,18
10866.01,1AiAm51ef2JVBarU3ft5KcfY2tKtWn6GsgCjb7okeRgHcz,check,18
10926.006,1AiAm51ef2JVBarU3ft5KcfY2tKtWn6GsgCjb7okeRgHcz,check,18
10986.004,1AiAm51ef2JVBarU3ft5KcfY2tKtWn6GsgCjb7okeRgHcz,check,18
11041.409,1AiAm51ef2JVBarU3ft5KcfY2tKtWn6GsgCjb7okeRgHcz,check,19
11111.014,1AiAm51ef2JVBarU3ft5KcfY2tKtWn6GsgCjb7okeRgHcz,check,19
11163.063,1AiAm51ef2JVBarU3ft5KcfY2tKtWn6GsgCjb7okeRgHcz,check,19
11222.613,1AiAm51ef2JVBarU3ft5KcfY2tKtWn6GsgCjb7okeRgHcz,check,19
11281.404,1AiAm51ef2JVBarU3ft5KcfY2tKtWn6GsgCjb7okeRgHcz,check,19
11346.369,1AiAm51ef2JVBarU3ft5KcfY2tKtWn6GsgCjb7okeRgHcz,check,19
11401.406,1AiAm51ef2JVBarU3ft5KcfY2tKtWn6GsgCjb7okeRgHcz,check,19
11461.393,1AiAm51ef2JVBarU3ft5KcfY2tKtWn6GsgCjb7okeRgHcz,check,19
11521.397,1AiAm51ef2JVBarU3ft5KcfY2tKtWn6GsgCjb7okeRgHcz,check,19
11581.906,1AiAm51ef2JVBarU3ft5KcfY2tKtWn6GsgCjb7okeRgHcz,check,19
11641.394,1AiAm51ef2JVBarU3ft5KcfY2tKtWn6GsgCjb7okeRgHcz,check,19
11701.389,1AiAm51ef2JVBarU3ft5KcfY2tKtWn6GsgCjb7okeRgHcz,check,19
11761.476,1AiAm51ef2JVBarU3ft5KcfY2tKtWn6GsgCjb7okeRgHcz,check,19
11821.387,1AiAm51ef2JVBarU3ft5KcfY2tKtWn6GsgCjb7okeRgHcz,check,19
11891.016,1AiAm51ef2JVBarU3ft5KcfY2tKtWn6GsgCjb7okeRgHcz,check,19
11941.39,1AiAm51ef2JVBarU3ft5KcfY2tKtWn6GsgCjb7okeRgHcz,check,19
12006.395,1AiAm51ef2JVBarU3ft5KcfY2tKtWn6GsgCjb7okeRgHcz,check,19
12066.368,1AiAm51ef2JVBarU3ft5KcfY2tKtWn6GsgCjb7okeRgHcz,check,19
12121.44,1AiAm51ef2JVBarU3ft5KcfY2tKtWn6GsgCjb7okeRgHcz,check,19
12181.393,1AiAm51ef2JVBarU3ft5KcfY2tKtWn6GsgCjb7okeRgHcz,check,19
12241.381,1AiAm51ef2JVBarU3ft5KcfY2tKtWn6GsgCjb7okeRgHcz,check,19
12301.623,1AiAm51ef2JVBarU3ft5KcfY2tKtWn6GsgCjb7okeRgHcz,check,19
12361.394,1AiAm51ef2JVBarU3ft5KcfY2tKtWn6GsgCjb7okeRgHcz,check,19
12421.87,1AiAm51ef2JVBarU3ft5KcfY2tKtWn6GsgCjb7okeRgHcz,check,19
12481.406,1AiAm51ef2JVBarU3ft5KcfY2tKtWn6GsgCjb7okeRgHcz,check,19
12551.016,1AiAm51ef2JVBarU3ft5KcfY2tKtWn6GsgCjb7okeRgHcz,check,19
12601.392,1AiAm51ef2JVBarU3ft5KcfY2tKtWn6GsgCjb7okeRgHcz,check,19
12661.3955,1AiAm51ef2JVBarU3ft5KcfY2tKtWn6GsgCjb7okeRgHcz,check,19
12721.387,1AiAm51ef2JVBarU3ft5KcfY2tKtWn6GsgCjb7okeRgHcz,check,19
12781.47,1AiAm51ef2JVBarU3ft5KcfY2tKtWn6GsgCjb7okeRgHcz,check,19
12841.389,1AiAm51ef2JVBarU3ft5KcfY2tKtWn6GsgCjb7okeRgHcz,check,19
12901.4,1AiAm51ef2JVBarU3ft5KcfY2tKtWn6GsgCjb7okeRgHcz,check,19
12962.184,1AiAm51ef2JVBarU3ft5KcfY2tKtWn6GsgCjb7okeRgHcz,check,19
13021.397,1AiAm51ef2JVBarU3ft5KcfY2tKtWn6GsgCjb7okeRgHcz,check,19
13082.619,1AiAm51ef2JVBarU3ft5KcfY2tKtWn6GsgCjb7okeRgHcz,check,19
13141.3955,1AiAm51ef2JVBarU3ft5KcfY2tKtWn6GsgCjb7okeRgHcz,check,19
13201.387,1AiAm51ef2JVBarU3ft5KcfY2tKtWn6GsgCjb7okeRgHcz,check,19
13261.862,1AiAm51ef2JVBarU3ft5KcfY2tKtWn6GsgCjb7okeRgHcz,check,19
13321.385,1AiAm51ef2JVBarU3ft5KcfY2tKtWn6GsgCjb7okeRgHcz,check,19
13391.015,1AiAm51ef2JVBarU3ft5KcfY2tKtWn6GsgCjb7okeRgHcz,check,19
13441.483,1AiAm51ef2JVBarU3ft5KcfY2tKtWn6GsgCjb7okeRgHcz,check,19
13511.016,1AiAm51ef2JVBarU3ft5KcfY2tKtWn6GsgCjb7okeRgHcz,check,19
13562.641,1AiAm51ef2JVBarU3ft5KcfY2tKtWn6GsgCjb7okeRgHcz,check,19
13621.517,1AiAm51ef2JVBarU3ft5KcfY2tKtWn6GsgCjb7okeRgHcz,check,19
13682.192,1AiAm51ef2JVBarU3ft5KcfY2tKtWn6GsgCjb7okeRgHcz,check,19
13741.388,1AiAm51ef2JVBarU3ft5KcfY2tKtWn6GsgCjb7okeRgHcz,check,19
13803.956,1AiAm51ef2JVBarU3ft5KcfY2tKtWn6GsgCjb7okeRgHcz,check,19
13861.846,1AiAm51ef2JVBarU3ft5KcfY2tKtWn6GsgCjb7okeRgHcz,check,19
13921.407,1AiAm51ef2JVBarU3ft5KcfY2tKtWn6GsgCjb7okeRgHcz,check,19
13981.389,1AiAm51ef2JVBarU3ft5KcfY2tKtWn6GsgCjb7okeRgHcz,check,19
14042.361,1AiAm51ef2JVBarU3ft5KcfY2tKtWn6GsgCjb7okeRgHcz,check,19
14101.503,1AiAm51ef2JVBarU3ft5KcfY2tKtWn6GsgCjb7okeRgHcz,check,19
14166.005,1AiAm51ef2JVBarU3ft5KcfY2tKtWn6GsgCjb7okeRgHcz,check,18
14221.393,1AiAm51ef2JVBarU3ft5KcfY2tKtWn6GsgCjb7okeRgHcz,check,19
14291.014,1AiAm51ef2JVBarU3ft5KcfY2tKtWn6GsgCjb7okeRgHcz,check,19
14347.283,1AiAm51ef2JVBarU3ft5KcfY2tKtWn6GsgCjb7okeRgHcz,check,19
14401.389,1AiAm51ef2JVBarU3ft5KcfY2tKtWn6GsgCjb7okeRgHcz,check,19
14461.407,1AiAm51ef2JVBarU3ft5KcfY2tKtWn6GsgCjb7okeRgHcz,check,19
14521.582,1AiAm51ef2JVBarU3ft5KcfY2tKtWn6GsgCjb7okeRgHcz,check,19
14581.422,1AiAm51ef2JVBarU3ft5KcfY2tKtWn6GsgCjb7okeRgHcz,check,19
14644.016,1AiAm51ef2JVBarU3ft5KcfY2tKtWn6GsgCjb7okeRgHcz,check,19
14701.88,1AiAm51ef2JVBarU3ft5KcfY2tKtWn6GsgCjb7okeRgHcz,check,19
14761.378,1AiAm51ef2JVBarU3ft5KcfY2tKtWn6GsgCjb7okeRgHcz,check,19
14821.383,1AiAm51ef2JVBarU3ft5KcfY2tKtWn6GsgCjb7okeRgHcz,check,19
14882.119,1AiAm51ef2JVBarU3ft5KcfY2tKtWn6GsgCjb7okeRgHcz,check,19
14942.646,1AiAm51ef2JVBarU3ft5KcfY2tKtWn6GsgCjb7okeRgHcz,check,19
15001.383,1AiAm51ef2JVBarU3ft5KcfY2tKtWn6GsgCjb7okeRgHcz,check,19
15071.014,1AiAm51ef2JVBarU3ft5KcfY2tKtWn6GsgCjb7okeRgHcz,check,19
15123.942,1AiAm51ef2JVBarU3ft5KcfY2tKtWn6GsgCjb7okeRgHcz,check,19
15181.516,1AiAm51ef2JVBarU3ft5KcfY2tKtWn6GsgCjb7okeRgHcz,check,19
15242.191,1AiAm51ef2JVBarU3ft5KcfY2tKtWn6GsgCjb7okeRgHcz,check,19
15301.772,1AiAm51ef2JVBarU3ft5KcfY2tKtWn6GsgCjb7okeRgHcz,check,19
15365.671,1AiAm51ef2JVBarU3ft5KcfY2tKtWn6GsgCjb7okeRgHcz,check,19
15421.412,1AiAm51ef2JVBarU3ft5KcfY2tKtWn6GsgCjb7okeRgHcz,check,19
15481.399,1AiAm51ef2JVBarU3ft5KcfY2tKtWn6GsgCjb7okeRgHcz,check,19
15541.412,1AiAm51ef2JVBarU3ft5KcfY2tKtWn6GsgCjb7okeRgHcz,check,19
15611.015,1AiAm51ef2JVBarU3ft5KcfY2tKtWn6GsgCjb7okeRgHcz,check,19
15671.018,1AiAm51ef2JVBarU3ft5KcfY2tKtWn6GsgCjb7okeRgHcz,check,19
15731.017,1AiAm51ef2JVBarU3ft5KcfY2tKtWn6GsgCjb7okeRgHcz,check,19
15781.39,1AiAm51ef2JVBarU3ft5KcfY2tKtWn6GsgCjb7okeRgHcz,check,19
15851.015,1AiAm51ef2JVBarU3ft5KcfY2tKtWn6GsgCjb7okeRgHcz,check,19
15906.448,1AiAm51ef2JVBarU3ft5KcfY2tKtWn6GsgCjb7okeRgHcz,check,19
15963.932,1AiAm51ef2JVBarU3ft5KcfY2tKtWn6GsgCjb7okeRgHcz,check,19
16021.387,1AiAm51ef2JVBarU3ft5KcfY2tKtWn6GsgCjb7okeRgHcz,check,19
16081.89,1AiAm51ef2JVBarU3ft5KcfY2tKtWn6GsgCjb7okeRgHcz,check,19
16141.3955,1AiAm51ef2JVBarU3ft5KcfY2tKtWn6GsgCjb7okeRgHcz,check,19
16202.252,1AiAm51ef2JVBarU3ft5KcfY2tKtWn6GsgCjb7okeRgHcz,check,19
16261.416,1AiAm51ef2JVBarU3ft5KcfY2tKtWn6GsgCjb7okeRgHcz,check,19
16331.015,1AiAm51ef2JVBarU3ft5KcfY2tKtWn6GsgCjb7okeRgHcz,check,19
16382.439,1AiAm51ef2JVBarU3ft5KcfY2tKtWn6GsgCjb7okeRgHcz,check,19
16451.02,1AiAm51ef2JVBarU3ft5KcfY2tKtWn6GsgCjb7okeRgHcz,check,19
16506.006,1AiAm51ef2JVBarU3ft5KcfY2tKtWn6GsgCjb7okeRgHcz,check,18
16571.018,1AiAm51ef2JVBarU3ft5KcfY2tKtWn6GsgCjb7okeRgHcz,check,18
16626.006,1AiAm51ef2JVBarU3ft5KcfY2tKtWn6GsgCjb7okeRgHcz,check,18
16686.008,1AiAm51ef2JVBarU3ft5KcfY2tKtWn6GsgCjb7okeRgHcz,check,18
16746.01,1AiAm51ef2JVBarU3ft5KcfY2tKtWn6GsgCjb7okeRgHcz,check,18
16806.006,1AiAm51ef2JVBarU3ft5KcfY2tKtWn6GsgCjb7okeRgHcz,check,18
16866.006,1AiAm51ef2JVBarU3ft5KcfY2tKtWn6GsgCjb7okeRgHcz,check,18
16926.008,1AiAm51ef2JVBarU3ft5KcfY2tKtWn6GsgCjb7okeRgHcz,check,18
16986.006,1AiAm51ef2JVBarU3ft5KcfY2tKtWn6GsgCjb7okeRgHcz,check,18
17046.004,1AiAm51ef2JVBarU3ft5KcfY2tKtWn6GsgCjb7okeRgHcz,check,18
17106.006,1AiAm51ef2JVBarU3ft5KcfY2tKtWn6GsgCjb7okeRgHcz,check,18
17163.936,1AiAm51ef2JVBarU3ft5KcfY2tKtWn6GsgCjb7okeRgHcz,check,19
17223.924,1AiAm51ef2JVBarU3ft5KcfY2tKtWn6GsgCjb7okeRgHcz,check,19
17281.385,1AiAm51ef2JVBarU3ft5KcfY2tKtWn6GsgCjb7okeRgHcz,check,19
17346.316,1AiAm51ef2JVBarU3ft5KcfY2tKtWn6GsgCjb7okeRgHcz,check,18
17401.441,1AiAm51ef2JVBarU3ft5KcfY2tKtWn6GsgCjb7okeRgHcz,check,19
17461.432,1AiAm51ef2JVBarU3ft5KcfY2tKtWn6GsgCjb7okeRgHcz,check,19
17521.428,1AiAm51ef2JVBarU3ft5KcfY2tKtWn6GsgCjb7okeRgHcz,check,19
17581.393,1AiAm51ef2JVBarU3ft5KcfY2tKtWn6GsgCjb7okeRgHcz,check,19
17643.914,1AiAm51ef2JVBarU3ft5KcfY2tKtWn6GsgCjb7okeRgHcz,check,19
17702.549,1AiAm51ef2JVBarU3ft5KcfY2tKtWn6GsgCjb7okeRgHcz,check,19
17761.406,1AiAm51ef2JVBarU3ft5KcfY2tKtWn6GsgCjb7okeRgHcz,check,19
17822.086,1AiAm51ef2JVBarU3ft5KcfY2tKtWn6GsgCjb7okeRgHcz,check,19
17881.44,1AiAm51ef2JVBarU3ft5KcfY2tKtWn6GsgCjb7okeRgHcz,check,19
17941.732,1AiAm51ef2JVBarU3ft5KcfY2tKtWn6GsgCjb7okeRgHcz,check,19
18002.611,1AiAm51ef2JVBarU3ft5KcfY2tKtWn6GsgCjb7okeRgHcz,check,19
18062.365,1AiAm51ef2JVBarU3ft5KcfY2tKtWn6GsgCjb7okeRgHcz,check,19
18126.344,1AiAm51ef2JVBarU3ft5KcfY2tKtWn6GsgCjb7okeRgHcz,check,19
18181.768,1AiAm51ef2JVBarU3ft5KcfY2tKtWn6GsgCjb7okeRgHcz,check,19
18241.4,1AiAm51ef2JVBarU3ft5KcfY2tKtWn6GsgCjb7okeRgHcz,check,19
18301.383,1AiAm51ef2JVBarU3ft5KcfY2tKtWn6GsgCjb7okeRgHcz,check,19
18362.137,1AiAm51ef2JVBarU3ft5KcfY2tKtWn6GsgCjb7okeRgHcz,check,19
18421.395,1AiAm51ef2JVBarU3ft5KcfY2tKtWn6GsgCjb7okeRgHcz,check,19
18481.379,1AiAm51ef2JVBarU3ft5KcfY2tKtWn6GsgCjb7okeRgHcz,check,19
18541.432,1AiAm51ef2JVBarU3ft5KcfY2tKtWn6GsgCjb7okeRgHcz,check,19
18601.383,1AiAm51ef2JVBarU3ft5KcfY2tKtWn6GsgCjb7okeRgHcz,check,19
18661.39,1AiAm51ef2JVBarU3ft5KcfY2tKtWn6GsgCjb7okeRgHcz,check,19
18731.016,1AiAm51ef2JVBarU3ft5KcfY2tKtWn6GsgCjb7okeRgHcz,check,18
18786.004,1AiAm51ef2JVBarU3ft5KcfY2tKtWn6GsgCjb7okeRgHcz,check,18
18846.004,1AiAm51ef2JVBarU3ft5KcfY2tKtWn6GsgCjb7okeRgHcz,check,18
18911.014,1AiAm51ef2JVBarU3ft5KcfY2tKtWn6GsgCjb7okeRgHcz,check,18
18966.012,1AiAm51ef2JVBarU3ft5KcfY2tKtWn6GsgCjb7okeRgHcz,check,18
19026.006,1AiAm51ef2JVBarU3ft5KcfY2tKtWn6GsgCjb7okeRgHcz,check,18
19086.008,1AiAm51ef2JVBarU3ft5KcfY2tKtWn6GsgCjb7okeRgHcz,check,18
19146.004,1AiAm51ef2JVBarU3ft5KcfY2tKtWn6GsgCjb7okeRgHcz,check,18
19206.006,1AiAm51ef2JVBarU3ft5KcfY2tKtWn6GsgCjb7okeRgHcz,check,18
19265.6,1AiAm51ef2JVBarU3ft5KcfY2tKtWn6GsgCjb7okeRgHcz,check,19
19321.41,1AiAm51ef2JVBarU3ft5KcfY2tKtWn6GsgCjb7okeRgHcz,check,19
19383.252,1AiAm51ef2JVBarU3ft5KcfY2tKtWn6GsgCjb7okeRgHcz,check,19
19441.488,1AiAm51ef2JVBarU3ft5KcfY2tKtWn6GsgCjb7okeRgHcz,check,19
19506.39,1AiAm51ef2JVBarU3ft5KcfY2tKtWn6GsgCjb7okeRgHcz,check,19
19561.385,1AiAm51ef2JVBarU3ft5KcfY2tKtWn6GsgCjb7okeRgHcz,check,19
19621.463,1AiAm51ef2JVBarU3ft5KcfY2tKtWn6GsgCjb7okeRgHcz,check,19
19683.963,1AiAm51ef2JVBarU3ft5KcfY2tKtWn6GsgCjb7okeRgHcz,check,19
19742.59,1AiAm51ef2JVBarU3ft5KcfY2tKtWn6GsgCjb7okeRgHcz,check,19
19802.008,1AiAm51ef2JVBarU3ft5KcfY2tKtWn6GsgCjb7okeRgHcz,check,19
19861.457,1AiAm51ef2JVBarU3ft5KcfY2tKtWn6GsgCjb7okeRgHcz,check,19
19921.78,1AiAm51ef2JVBarU3ft5KcfY2tKtWn6GsgCjb7okeRgHcz,check,19
19981.4,1AiAm51ef2JVBarU3ft5KcfY2tKtWn6GsgCjb7okeRgHcz,check,19
20041.512,1AiAm51ef2JVBarU3ft5KcfY2tKtWn6GsgCjb7okeRgHcz,check,19
20104.813,1AiAm51ef2JVBarU3ft5KcfY2tKtWn6GsgCjb7okeRgHcz,check,19
20161.4,1AiAm51ef2JVBarU3ft5KcfY2tKtWn6GsgCjb7okeRgHcz,check,19
20222.695,1AiAm51ef2JVBarU3ft5KcfY2tKtWn6GsgCjb7okeRgHcz,check,19
20282.334,1AiAm51ef2JVBarU3ft5KcfY2tKtWn6GsgCjb7okeRgHcz,check,19
20341.385,1AiAm51ef2JVBarU3ft5KcfY2tKtWn6GsgCjb7okeRgHcz,check,19
20403.879,1AiAm51ef2JVBarU3ft5KcfY2tKtWn6GsgCjb7okeRgHcz,check,19
20463.996,1AiAm51ef2JVBarU3ft5KcfY2tKtWn6GsgCjb7okeRgHcz,check,19
20521.875,1AiAm51ef2JVBarU3ft5KcfY2tKtWn6GsgCjb7okeRgHcz,check,19
20586.006,1AiAm51ef2JVBarU3ft5KcfY2tKtWn6GsgCjb7okeRgHcz,check,18
20646.01,1AiAm51ef2JVBarU3ft5KcfY2tKtWn6GsgCjb7okeRgHcz,check,18
20706.004,1AiAm51ef2JVBarU3ft5KcfY2tKtWn6GsgCjb7okeRgHcz,check,18
20766.004,1AiAm51ef2JVBarU3ft5KcfY2tKtWn6GsgCjb7okeRgHcz,check,18
20826.004,1AiAm51ef2JVBarU3ft5KcfY2tKtWn6GsgCjb7okeRgHcz,check,18
20886.006,1AiAm51ef2JVBarU3ft5KcfY2tKtWn6GsgCjb7okeRgHcz,check,18
20946.006,1AiAm51ef2JVBarU3ft5KcfY2tKtWn6GsgCjb7okeRgHcz,check,18
21011.014,1AiAm51ef2JVBarU3ft5KcfY2tKtWn6GsgCjb7okeRgHcz,check,18
21066.008,1AiAm51ef2JVBarU3ft5KcfY2tKtWn6GsgCjb7okeRgHcz,check,18
21126.01,1AiAm51ef2JVBarU3ft5KcfY2tKtWn6GsgCjb7okeRgHcz,check,18
21181.383,1AiAm51ef2JVBarU3ft5KcfY2tKtWn6GsgCjb7okeRgHcz,check,19
21242.24,1AiAm51ef2JVBarU3ft5KcfY2tKtWn6GsgCjb7okeRgHcz,check,19
21311.01,1AiAm51ef2JVBarU3ft5KcfY2tKtWn6GsgCjb7okeRgHcz,check,18
21366.004,1AiAm51ef2JVBarU3ft5KcfY2tKtWn6GsgCjb7okeRgHcz,check,18
21426.004,1AiAm51ef2JVBarU3ft5KcfY2tKtWn6GsgCjb7okeRgHcz,check,18
21486.008,1AiAm51ef2JVBarU3ft5KcfY2tKtWn6GsgCjb7okeRgHcz,check,18
21546.006,1AiAm51ef2JVBarU3ft5KcfY2tKtWn6GsgCjb7okeRgHcz,check,18
21606.006,1AiAm51ef2JVBarU3ft5KcfY2tKtWn6GsgCjb7okeRgHcz,check,18
21666.006,1AiAm51ef2JVBarU3ft5KcfY2tKtWn6GsgCjb7okeRgHcz,check,18
21726.006,1AiAm51ef2JVBarU3ft5KcfY2tKtWn6GsgCjb7okeRgHcz,check,18
21786.01,1AiAm51ef2JVBarU3ft5KcfY2tKtWn6GsgCjb7okeRgHcz,check,18
21846.006,1AiAm51ef2JVBarU3ft5KcfY2tKtWn6GsgCjb7okeRgHcz,check,18
21901.41,1AiAm51ef2JVBarU3ft5KcfY2tKtWn6GsgCjb7okeRgHcz,check,19
21971.016,1AiAm51ef2JVBarU3ft5KcfY2tKtWn6GsgCjb7okeRgHcz,check,18
22021.396,1AiAm51ef2JVBarU3ft5KcfY2tKtWn6GsgCjb7okeRgHcz,check,19
22082.645,1AiAm51ef2JVBarU3ft5KcfY2tKtWn6GsgCjb7okeRgHcz,check,19
22142.4,1AiAm51ef2JVBarU3ft5KcfY2tKtWn6GsgCjb7okeRgHcz,check,19
22201.402,1AiAm51ef2JVBarU3ft5KcfY2tKtWn6GsgCjb7okeRgHcz,check,19
22262.398,1AiAm51ef2JVBarU3ft5KcfY2tKtWn6GsgCjb7okeRgHcz,check,19
22323.23,1AiAm51ef2JVBarU3ft5KcfY2tKtWn6GsgCjb7okeRgHcz,check,19
22381.568,1AiAm51ef2JVBarU3ft5KcfY2tKtWn6GsgCjb7okeRgHcz,check,19
22443.92,1AiAm51ef2JVBarU3ft5KcfY2tKtWn6GsgCjb7okeRgHcz,check,19
22502.19,1AiAm51ef2JVBarU3ft5KcfY2tKtWn6GsgCjb7okeRgHcz,check,19
22566.008,1AiAm51ef2JVBarU3ft5KcfY2tKtWn6GsgCjb7okeRgHcz,check,18
22626.004,1AiAm51ef2JVBarU3ft5KcfY2tKtWn6GsgCjb7okeRgHcz,check,18
22691.016,1AiAm51ef2JVBarU3ft5KcfY2tKtWn6GsgCjb7okeRgHcz,check,18
22751.016,1AiAm51ef2JVBarU3ft5KcfY2tKtWn6GsgCjb7okeRgHcz,check,18
22811.016,1AiAm51ef2JVBarU3ft5KcfY2tKtWn6GsgCjb7okeRgHcz,check,18
22870.996,1AiAm51ef2JVBarU3ft5KcfY2tKtWn6GsgCjb7okeRgHcz,check,18
22926.008,1AiAm51ef2JVBarU3ft5KcfY2tKtWn6GsgCjb7okeRgHcz,check,18
22986.006,1AiAm51ef2JVBarU3ft5KcfY2tKtWn6GsgCjb7okeRgHcz,check,18
23046.008,1AiAm51ef2JVBarU3ft5KcfY2tKtWn6GsgCjb7okeRgHcz,check,18
23106.006,1AiAm51ef2JVBarU3ft5KcfY2tKtWn6GsgCjb7okeRgHcz,check,18
23166.006,1AiAm51ef2JVBarU3ft5KcfY2tKtWn6GsgCjb7okeRgHcz,check,18
23221.389,1AiAm51ef2JVBarU3ft5KcfY2tKtWn6GsgCjb7okeRgHcz,check,19
23281.39,1AiAm51ef2JVBarU3ft5KcfY2tKtWn6GsgCjb7okeRgHcz,check,19
23341.39,1AiAm51ef2JVBarU3ft5KcfY2tKtWn6GsgCjb7okeRgHcz,check,19
23402.457,1AiAm51ef2JVBarU3ft5KcfY2tKtWn6GsgCjb7okeRgHcz,check,19
23461.707,1AiAm51ef2JVBarU3ft5KcfY2tKtWn6GsgCjb7okeRgHcz,check,19
23521.42,1AiAm51ef2JVBarU3ft5KcfY2tKtWn6GsgCjb7okeRgHcz,check,19
23581.453,1AiAm51ef2JVBarU3ft5KcfY2tKtWn6GsgCjb7okeRgHcz,check,19
23641.385,1AiAm51ef2JVBarU3ft5KcfY2tKtWn6GsgCjb7okeRgHcz,check,19
23701.844,1AiAm51ef2JVBarU3ft5KcfY2tKtWn6GsgCjb7okeRgHcz,check,19
23761.441,1AiAm51ef2JVBarU3ft5KcfY2tKtWn6GsgCjb7okeRgHcz,check,19
23821.387,1AiAm51ef2JVBarU3ft5KcfY2tKtWn6GsgCjb7okeRgHcz,check,19
23882.365,1AiAm51ef2JVBarU3ft5KcfY2tKtWn6GsgCjb7okeRgHcz,check,19
23941.414,1AiAm51ef2JVBarU3ft5KcfY2tKtWn6GsgCjb7okeRgHcz,check,19
24001.385,1AiAm51ef2JVBarU3ft5KcfY2tKtWn6GsgCjb7okeRgHcz,check,19
24062.615,1AiAm51ef2JVBarU3ft5KcfY2tKtWn6GsgCjb7okeRgHcz,check,19
24121.404,1AiAm51ef2JVBarU3ft5KcfY2tKtWn6GsgCjb7okeRgHcz,check,19
24185.49,1AiAm51ef2JVBarU3ft5KcfY2tKtWn6GsgCjb7okeRgHcz,check,19
24242.379,1AiAm51ef2JVBarU3ft5KcfY2tKtWn6GsgCjb7okeRgHcz,check,19
24306.008,1AiAm51ef2JVBarU3ft5KcfY2tKtWn6GsgCjb7okeRgHcz,check,18
24361.383,1AiAm51ef2JVBarU3ft5KcfY2tKtWn6GsgCjb7okeRgHcz,check,19
24426.006,1AiAm51ef2JVBarU3ft5KcfY2tKtWn6GsgCjb7okeRgHcz,check,18
24481.428,1AiAm51ef2JVBarU3ft5KcfY2tKtWn6GsgCjb7okeRgHcz,check,19
24541.412,1AiAm51ef2JVBarU3ft5KcfY2tKtWn6GsgCjb7okeRgHcz,check,19
24601.39,1AiAm51ef2JVBarU3ft5KcfY2tKtWn6GsgCjb7okeRgHcz,check,19
24661.426,1AiAm51ef2JVBarU3ft5KcfY2tKtWn6GsgCjb7okeRgHcz,check,19
24731.016,1AiAm51ef2JVBarU3ft5KcfY2tKtWn6GsgCjb7okeRgHcz,check,19
24781.568,1AiAm51ef2JVBarU3ft5KcfY2tKtWn6GsgCjb7okeRgHcz,check,19
24841.398,1AiAm51ef2JVBarU3ft5KcfY2tKtWn6GsgCjb7okeRgHcz,check,19
24911.016,1AiAm51ef2JVBarU3ft5KcfY2tKtWn6GsgCjb7okeRgHcz,check,19
24965.6,1AiAm51ef2JVBarU3ft5KcfY2tKtWn6GsgCjb7okeRgHcz,check,19
25031.016,1AiAm51ef2JVBarU3ft5KcfY2tKtWn6GsgCjb7okeRgHcz,check,19
25081.39,1AiAm51ef2JVBarU3ft5KcfY2tKtWn6GsgCjb7okeRgHcz,check,19
25151.018,1AiAm51ef2JVBarU3ft5KcfY2tKtWn6GsgCjb7okeRgHcz,check,19
25211.016,1AiAm51ef2JVBarU3ft5KcfY2tKtWn6GsgCjb7okeRgHcz,check,19
25271.02,1AiAm51ef2JVBarU3ft5KcfY2tKtWn6GsgCjb7okeRgHcz,check,19
25321.416,1AiAm51ef2JVBarU3ft5KcfY2tKtWn6GsgCjb7okeRgHcz,check,19
25381.893,1AiAm51ef2JVBarU3ft5KcfY2tKtWn6GsgCjb7okeRgHcz,check,19
25441.51,1AiAm51ef2JVBarU3ft5KcfY2tKtWn6GsgCjb7okeRgHcz,check,19
25501.473,1AiAm51ef2JVBarU3ft5KcfY2tKtWn6GsgCjb7okeRgHcz,check,19
25562.068,1AiAm51ef2JVBarU3ft5KcfY2tKtWn6GsgCjb7okeRgHcz,check,19
25626.389,1AiAm51ef2JVBarU3ft5KcfY2tKtWn6GsgCjb7okeRgHcz,check,19
25691.014,1AiAm51ef2JVBarU3ft5KcfY2tKtWn6GsgCjb7okeRgHcz,check,19
25751.014,1AiAm51ef2JVBarU3ft5KcfY2tKtWn6GsgCjb7okeRgHcz,check,19
25811.014,1AiAm51ef2JVBarU3ft5KcfY2tKtWn6GsgCjb7okeRgHcz,check,19
25871.014,1AiAm51ef2JVBarU3ft5KcfY2tKtWn6GsgCjb7okeRgHcz,check,19
25931.014,1AiAm51ef2JVBarU3ft5KcfY2tKtWn6GsgCjb7okeRgHcz,check,19
25991.014,1AiAm51ef2JVBarU3ft5KcfY2tKtWn6GsgCjb7okeRgHcz,check,19
26041.414,1AiAm51ef2JVBarU3ft5KcfY2tKtWn6GsgCjb7okeRgHcz,check,19
26102.895,1AiAm51ef2JVBarU3ft5KcfY2tKtWn6GsgCjb7okeRgHcz,check,19
26161.545,1AiAm51ef2JVBarU3ft5KcfY2tKtWn6GsgCjb7okeRgHcz,check,19
26221.896,1AiAm51ef2JVBarU3ft5KcfY2tKtWn6GsgCjb7okeRgHcz,check,19
26282.629,1AiAm51ef2JVBarU3ft5KcfY2tKtWn6GsgCjb7okeRgHcz,check,19
26341.97,1AiAm51ef2JVBarU3ft5KcfY2tKtWn6GsgCjb7okeRgHcz,check,19
26411.014,1AiAm51ef2JVBarU3ft5KcfY2tKtWn6GsgCjb7okeRgHcz,check,19
26462.63,1AiAm51ef2JVBarU3ft5KcfY2tKtWn6GsgCjb7okeRgHcz,check,19
26522.48,1AiAm51ef2JVBarU3ft5KcfY2tKtWn6GsgCjb7okeRgHcz,check,19
26582.629,1AiAm51ef2JVBarU3ft5KcfY2tKtWn6GsgCjb7okeRgHcz,check,19
26641.428,1AiAm51ef2JVBarU3ft5KcfY2tKtWn6GsgCjb7okeRgHcz,check,19
26702.184,1AiAm51ef2JVBarU3ft5KcfY2tKtWn6GsgCjb7okeRgHcz,check,19
26761.39,1AiAm51ef2JVBarU3ft5KcfY2tKtWn6GsgCjb7okeRgHcz,check,19
26825.992,1AiAm51ef2JVBarU3ft5KcfY2tKtWn6GsgCjb7okeRgHcz,check,19
26881.396,1AiAm51ef2JVBarU3ft5KcfY2tKtWn6GsgCjb7okeRgHcz,check,19
26941.783,1AiAm51ef2JVBarU3ft5KcfY2tKtWn6GsgCjb7okeRgHcz,check,19
27001.428,1AiAm51ef2JVBarU3ft5KcfY2tKtWn6GsgCjb7okeRgHcz,check,19
27061.414,1AiAm51ef2JVBarU3ft5KcfY2tKtWn6GsgCjb7okeRgHcz,check,19
27121.45,1AiAm51ef2JVBarU3ft5KcfY2tKtWn6GsgCjb7okeRgHcz,check,19
27181.393,1AiAm51ef2JVBarU3ft5KcfY2tKtWn6GsgCjb7okeRgHcz,check,19
27241.395,1AiAm51ef2JVBarU3ft5KcfY2tKtWn6GsgCjb7okeRgHcz,check,19
27302.184,1AiAm51ef2JVBarU3ft5KcfY2tKtWn6GsgCjb7okeRgHcz,check,19
27363.865,1AiAm51ef2JVBarU3ft5KcfY2tKtWn6GsgCjb7okeRgHcz,check,19
27421.678,1AiAm51ef2JVBarU3ft5KcfY2tKtWn6GsgCjb7okeRgHcz,check,19
27484.035,1AiAm51ef2JVBarU3ft5KcfY2tKtWn6GsgCjb7okeRgHcz,check,19
27541.389,1AiAm51ef2JVBarU3ft5KcfY2tKtWn6GsgCjb7okeRgHcz,check,19
27602.082,1AiAm51ef2JVBarU3ft5KcfY2tKtWn6GsgCjb7okeRgHcz,check,19
27661.736,1AiAm51ef2JVBarU3ft5KcfY2tKtWn6GsgCjb7okeRgHcz,check,19
27722.188,1AiAm51ef2JVBarU3ft5KcfY2tKtWn6GsgCjb7okeRgHcz,check,19
27782.094,1AiAm51ef2JVBarU3ft5KcfY2tKtWn6GsgCjb7okeRgHcz,check,19
27841.44,1AiAm51ef2JVBarU3ft5KcfY2tKtWn6GsgCjb7okeRgHcz,check,19
27902.662,1AiAm51ef2JVBarU3ft5KcfY2tKtWn6GsgCjb7okeRgHcz,check,19
27962.19,1AiAm51ef2JVBarU3ft5KcfY2tKtWn6GsgCjb7okeRgHcz,check,19
28021.953,1AiAm51ef2JVBarU3ft5KcfY2tKtWn6GsgCjb7okeRgHcz,check,19
28082.2,1AiAm51ef2JVBarU3ft5KcfY2tKtWn6GsgCjb7okeRgHcz,check,19
28141.828,1AiAm51ef2JVBarU3ft5KcfY2tKtWn6GsgCjb7okeRgHcz,check,19
28211.016,1AiAm51ef2JVBarU3ft5KcfY2tKtWn6GsgCjb7okeRgHcz,check,19
28262.563,1AiAm51ef2JVBarU3ft5KcfY2tKtWn6GsgCjb7okeRgHcz,check,19
28321.416,1AiAm51ef2JVBarU3ft5KcfY2tKtWn6GsgCjb7okeRgHcz,check,19
28382.201,1AiAm51ef2JVBarU3ft5KcfY2tKtWn6GsgCjb7okeRgHcz,check,19
28441.408,1AiAm51ef2JVBarU3ft5KcfY2tKtWn6GsgCjb7okeRgHcz,check,19
28501.383,1AiAm51ef2JVBarU3ft5KcfY2tKtWn6GsgCjb7okeRgHcz,check,19
28562.553,1AiAm51ef2JVBarU3ft5KcfY2tKtWn6GsgCjb7okeRgHcz,check,19
28621.78,1AiAm51ef2JVBarU3ft5KcfY2tKtWn6GsgCjb7okeRgHcz,check,19
28682.611,1AiAm51ef2JVBarU3ft5KcfY2tKtWn6GsgCjb7okeRgHcz,check,19
28741.582,1AiAm51ef2JVBarU3ft5KcfY2tKtWn6GsgCjb7okeRgHcz,check,19
28811.018,1AiAm51ef2JVBarU3ft5KcfY2tKtWn6GsgCjb7okeRgHcz,check,19
28861.61,1AiAm51ef2JVBarU3ft5KcfY2tKtWn6GsgCjb7okeRgHcz,check,19
28922.744,1AiAm51ef2JVBarU3ft5KcfY2tKtWn6GsgCjb7okeRgHcz,check,19
28981.846,1AiAm51ef2JVBarU3ft5KcfY2tKtWn6GsgCjb7okeRgHcz,check,19
29044.213,1AiAm51ef2JVBarU3ft5KcfY2tKtWn6GsgCjb7okeRgHcz,check,19
29106.006,1AiAm51ef2JVBarU3ft5KcfY2tKtWn6GsgCjb7okeRgHcz,check,18
29166.006,1AiAm51ef2JVBarU3ft5KcfY2tKtWn6GsgCjb7okeRgHcz,check,18
29226.006,1AiAm51ef2JVBarU3ft5KcfY2tKtWn6GsgCjb7okeRgHcz,check,18
29286.004,1AiAm51ef2JVBarU3ft5KcfY2tKtWn6GsgCjb7okeRgHcz,check,18
29346.373,1AiAm51ef2JVBarU3ft5KcfY2tKtWn6GsgCjb7okeRgHcz,check,18
29406.004,1AiAm51ef2JVBarU3ft5KcfY2tKtWn6GsgCjb7okeRgHcz,check,18
29466.008,1AiAm51ef2JVBarU3ft5KcfY2tKtWn6GsgCjb7okeRgHcz,check,18
29526.006,1AiAm51ef2JVBarU3ft5KcfY2tKtWn6GsgCjb7okeRgHcz,check,18
29586.344,1AiAm51ef2JVBarU3ft5KcfY2tKtWn6GsgCjb7okeRgHcz,check,18
29646.006,1AiAm51ef2JVBarU3ft5KcfY2tKtWn6GsgCjb7okeRgHcz,check,18
29711.006,1AiAm51ef2JVBarU3ft5KcfY2tKtWn6GsgCjb7okeRgHcz,check,19
29771.006,1AiAm51ef2JVBarU3ft5KcfY2tKtWn6GsgCjb7okeRgHcz,check,19
29821.857,1AiAm51ef2JVBarU3ft5KcfY2tKtWn6GsgCjb7okeRgHcz,check,19
29881.396,1AiAm51ef2JVBarU3ft5KcfY2tKtWn6GsgCjb7okeRgHcz,check,19
29942.564,1AiAm51ef2JVBarU3ft5KcfY2tKtWn6GsgCjb7okeRgHcz,check,19
30001.445,1AiAm51ef2JVBarU3ft5KcfY2tKtWn6GsgCjb7okeRgHcz,check,19
30064.064,1AiAm51ef2JVBarU3ft5KcfY2tKtWn6GsgCjb7okeRgHcz,check,19
30121.393,1AiAm51ef2JVBarU3ft5KcfY2tKtWn6GsgCjb7okeRgHcz,check,19
30181.533,1AiAm51ef2JVBarU3ft5KcfY2tKtWn6GsgCjb7okeRgHcz,check,19
30241.422,1AiAm51ef2JVBarU3ft5KcfY2tKtWn6GsgCjb7okeRgHcz,check,19
30301.404,1AiAm51ef2JVBarU3ft5KcfY2tKtWn6GsgCjb7okeRgHcz,check,19
30362.033,1AiAm51ef2JVBarU3ft5KcfY2tKtWn6GsgCjb7okeRgHcz,check,19
30421.441,1AiAm51ef2JVBarU3ft5KcfY2tKtWn6GsgCjb7okeRgHcz,check,19
30481.828,1AiAm51ef2JVBarU3ft5KcfY2tKtWn6GsgCjb7okeRgHcz,check,19
30541.389,1AiAm51ef2JVBarU3ft5KcfY2tKtWn6GsgCjb7okeRgHcz,check,19
30601.383,1AiAm51ef2JVBarU3ft5KcfY2tKtWn6GsgCjb7okeRgHcz,check,19
30661.398,1AiAm51ef2JVBarU3ft5KcfY2tKtWn6GsgCjb7okeRgHcz,check,19
30721.537,1AiAm51ef2JVBarU3ft5KcfY2tKtWn6GsgCjb7okeRgHcz,check,19
30781.93,1AiAm51ef2JVBarU3ft5KcfY2tKtWn6GsgCjb7okeRgHcz,check,19
30841.379,1AiAm51ef2JVBarU3ft5KcfY2tKtWn6GsgCjb7okeRgHcz,check,19
30901.385,1AiAm51ef2JVBarU3ft5KcfY2tKtWn6GsgCjb7okeRgHcz,check,19
30962.268,1AiAm51ef2JVBarU3ft5KcfY2tKtWn6GsgCjb7okeRgHcz,check,19
31021.691,1AiAm51ef2JVBarU3ft5KcfY2tKtWn6GsgCjb7okeRgHcz,check,19
31081.389,1AiAm51ef2JVBarU3ft5KcfY2tKtWn6GsgCjb7okeRgHcz,check,19
31141.4,1AiAm51ef2JVBarU3ft5KcfY2tKtWn6GsgCjb7okeRgHcz,check,19
31201.451,1AiAm51ef2JVBarU3ft5KcfY2tKtWn6GsgCjb7okeRgHcz,check,19
31261.545,1AiAm51ef2JVBarU3ft5KcfY2tKtWn6GsgCjb7okeRgHcz,check,19
31321.385,1AiAm51ef2JVBarU3ft5KcfY2tKtWn6GsgCjb7okeRgHcz,check,19
31381.395,1AiAm51ef2JVBarU3ft5KcfY2tKtWn6GsgCjb7okeRgHcz,check,19
31441.42,1AiAm51ef2JVBarU3ft5KcfY2tKtWn6GsgCjb7okeRgHcz,check,19
31501.398,1AiAm51ef2JVBarU3ft5KcfY2tKtWn6GsgCjb7okeRgHcz,check,19
31564.766,1AiAm51ef2JVBarU3ft5KcfY2tKtWn6GsgCjb7okeRgHcz,check,19
31621.4,1AiAm51ef2JVBarU3ft5KcfY2tKtWn6GsgCjb7okeRgHcz,check,19
31681.39,1AiAm51ef2JVBarU3ft5KcfY2tKtWn6GsgCjb7okeRgHcz,check,19
31742.113,1AiAm51ef2JVBarU3ft5KcfY2tKtWn6GsgCjb7okeRgHcz,check,19
31801.389,1AiAm51ef2JVBarU3ft5KcfY2tKtWn6GsgCjb7okeRgHcz,check,19
31861.652,1AiAm51ef2JVBarU3ft5KcfY2tKtWn6GsgCjb7okeRgHcz,check,19
31931.016,1AiAm51ef2JVBarU3ft5KcfY2tKtWn6GsgCjb7okeRgHcz,check,19
31983.96,1AiAm51ef2JVBarU3ft5KcfY2tKtWn6GsgCjb7okeRgHcz,check,19
32041.518,1AiAm51ef2JVBarU3ft5KcfY2tKtWn6GsgCjb7okeRgHcz,check,19
32101.451,1AiAm51ef2JVBarU3ft5KcfY2tKtWn6GsgCjb7okeRgHcz,check,19
32163.97,1AiAm51ef2JVBarU3ft5KcfY2tKtWn6GsgCjb7okeRgHcz,check,19
32221.402,1AiAm51ef2JVBarU3ft5KcfY2tKtWn6GsgCjb7okeRgHcz,check,19
32281.383,1AiAm51ef2JVBarU3ft5KcfY2tKtWn6GsgCjb7okeRgHcz,check,19
32341.719,1AiAm51ef2JVBarU3ft5KcfY2tKtWn6GsgCjb7okeRgHcz,check,19
32401.863,1AiAm51ef2JVBarU3ft5KcfY2tKtWn6GsgCjb7okeRgHcz,check,19
32461.41,1AiAm51ef2JVBarU3ft5KcfY2tKtWn6GsgCjb7okeRgHcz,check,19
32523.025,1AiAm51ef2JVBarU3ft5KcfY2tKtWn6GsgCjb7okeRgHcz,check,19
32581.385,1AiAm51ef2JVBarU3ft5KcfY2tKtWn6GsgCjb7okeRgHcz,check,19
32641.38,1AiAm51ef2JVBarU3ft5KcfY2tKtWn6GsgCjb7okeRgHcz,check,19
32701.87,1AiAm51ef2JVBarU3ft5KcfY2tKtWn6GsgCjb7okeRgHcz,check,19
32762.232,1AiAm51ef2JVBarU3ft5KcfY2tKtWn6GsgCjb7okeRgHcz,check,19
32822.637,1AiAm51ef2JVBarU3ft5KcfY2tKtWn6GsgCjb7okeRgHcz,check,19
32881.387,1AiAm51ef2JVBarU3ft5KcfY2tKtWn6GsgCjb7okeRgHcz,check,19
32941.6,1AiAm51ef2JVBarU3ft5KcfY2tKtWn6GsgCjb7okeRgHcz,check,19
33001.387,1AiAm51ef2JVBarU3ft5KcfY2tKtWn6GsgCjb7okeRgHcz,check,19
33061.4,1AiAm51ef2JVBarU3ft5KcfY2tKtWn6GsgCjb7okeRgHcz,check,19
33121.387,1AiAm51ef2JVBarU3ft5KcfY2tKtWn6GsgCjb7okeRgHcz,check,19
33181.387,1AiAm51ef2JVBarU3ft5KcfY2tKtWn6GsgCjb7okeRgHcz,check,19
33241.496,1AiAm51ef2JVBarU3ft5KcfY2tKtWn6GsgCjb7okeRgHcz,check,19
33301.395,1AiAm51ef2JVBarU3ft5KcfY2tKtWn6GsgCjb7okeRgHcz,check,19
33361.383,1AiAm51ef2JVBarU3ft5KcfY2tKtWn6GsgCjb7okeRgHcz,check,19
33422.938,1AiAm51ef2JVBarU3ft5KcfY2tKtWn6GsgCjb7okeRgHcz,check,19
33481.383,1AiAm51ef2JVBarU3ft5KcfY2tKtWn6GsgCjb7okeRgHcz,check,19
33541.445,1AiAm51ef2JVBarU3ft5KcfY2tKtWn6GsgCjb7okeRgHcz,check,19
33601.383,1AiAm51ef2JVBarU3ft5KcfY2tKtWn6GsgCjb7okeRgHcz,check,19
33661.414,1AiAm51ef2JVBarU3ft5KcfY2tKtWn6GsgCjb7okeRgHcz,check,19
33721.383,1AiAm51ef2JVBarU3ft5KcfY2tKtWn6GsgCjb7okeRgHcz,check,19
33781.867,1AiAm51ef2JVBarU3ft5KcfY2tKtWn6GsgCjb7okeRgHcz,check,19
33841.457,1AiAm51ef2JVBarU3ft5KcfY2tKtWn6GsgCjb7okeRgHcz,check,19
33901.406,1AiAm51ef2JVBarU3ft5KcfY2tKtWn6GsgCjb7okeRgHcz,check,19
33962.13,1AiAm51ef2JVBarU3ft5KcfY2tKtWn6GsgCjb7okeRgHcz,check,19
34021.4,1AiAm51ef2JVBarU3ft5KcfY2tKtWn6GsgCjb7okeRgHcz,check,19
34081.4,1AiAm51ef2JVBarU3ft5KcfY2tKtWn6GsgCjb7okeRgHcz,check,19
34141.38,1AiAm51ef2JVBarU3ft5KcfY2tKtWn6GsgCjb7okeRgHcz,check,19
34201.39,1AiAm51ef2JVBarU3ft5KcfY2tKtWn6GsgCjb7okeRgHcz,check,19
34271.016,1AiAm51ef2JVBarU3ft5KcfY2tKtWn6GsgCjb7okeRgHcz,check,17
34321.387,1AiAm51ef2JVBarU3ft5KcfY2tKtWn6GsgCjb7okeRgHcz,check,19
34381.438,1AiAm51ef2JVBarU3ft5KcfY2tKtWn6GsgCjb7okeRgHcz,check,19
34442.645,1AiAm51ef2JVBarU3ft5KcfY2tKtWn6GsgCjb7okeRgHcz,check,19
34501.438,1AiAm51ef2JVBarU3ft5KcfY2tKtWn6GsgCjb7okeRgHcz,check,19
34571.02,1AiAm51ef2JVBarU3ft5KcfY2tKtWn6GsgCjb7okeRgHcz,check,19
34631.016,1AiAm51ef2JVBarU3ft5KcfY2tKtWn6GsgCjb7okeRgHcz,check,19
34691.016,1AiAm51ef2JVBarU3ft5KcfY2tKtWn6GsgCjb7okeRgHcz,check,19
34751.016,1AiAm51ef2JVBarU3ft5KcfY2tKtWn6GsgCjb7okeRgHcz,check,19
34811.016,1AiAm51ef2JVBarU3ft5KcfY2tKtWn6GsgCjb7okeRgHcz,check,19
34871.016,1AiAm51ef2JVBarU3ft5KcfY2tKtWn6GsgCjb7okeRgHcz,check,19
34931.016,1AiAm51ef2JVBarU3ft5KcfY2tKtWn6GsgCjb7okeRgHcz,check,19
34991.016,1AiAm51ef2JVBarU3ft5KcfY2tKtWn6GsgCjb7okeRgHcz,check,19
35051.016,1AiAm51ef2JVBarU3ft5KcfY2tKtWn6GsgCjb7okeRgHcz,check,19
35111.016,1AiAm51ef2JVBarU3ft5KcfY2tKtWn6GsgCjb7okeRgHcz,check,19
35171.016,1AiAm51ef2JVBarU3ft5KcfY2tKtWn6GsgCjb7okeRgHcz,check,19
35231.016,1AiAm51ef2JVBarU3ft5KcfY2tKtWn6GsgCjb7okeRgHcz,check,19
35291.016,1AiAm51ef2JVBarU3ft5KcfY2tKtWn6GsgCjb7okeRgHcz,check,19
35351.016,1AiAm51ef2JVBarU3ft5KcfY2tKtWn6GsgCjb7okeRgHcz,check,19
35411.016,1AiAm51ef2JVBarU3ft5KcfY2tKtWn6GsgCjb7okeRgHcz,check,19
35471.016,1AiAm51ef2JVBarU3ft5KcfY2tKtWn6GsgCjb7okeRgHcz,check,19
35531.016,1AiAm51ef2JVBarU3ft5KcfY2tKtWn6GsgCjb7okeRgHcz,check,19
35591.016,1AiAm51ef2JVBarU3ft5KcfY2tKtWn6GsgCjb7okeRgHcz,check,19
35651.016,1AiAm51ef2JVBarU3ft5KcfY2tKtWn6GsgCjb7okeRgHcz,check,19
35711.016,1AiAm51ef2JVBarU3ft5KcfY2tKtWn6GsgCjb7okeRgHcz,check,19
35771.016,1AiAm51ef2JVBarU3ft5KcfY2tKtWn6GsgCjb7okeRgHcz,check,19
35831.016,1AiAm51ef2JVBarU3ft5KcfY2tKtWn6GsgCjb7okeRgHcz,check,19
35891.016,1AiAm51ef2JVBarU3ft5KcfY2tKtWn6GsgCjb7okeRgHcz,check,19
35951.016,1AiAm51ef2JVBarU3ft5KcfY2tKtWn6GsgCjb7okeRgHcz,check,19
36011.008,1AiAm51ef2JVBarU3ft5KcfY2tKtWn6GsgCjb7okeRgHcz,check,19
36071.02,1AiAm51ef2JVBarU3ft5KcfY2tKtWn6GsgCjb7okeRgHcz,check,19
36131.016,1AiAm51ef2JVBarU3ft5KcfY2tKtWn6GsgCjb7okeRgHcz,check,19
36191.016,1AiAm51ef2JVBarU3ft5KcfY2tKtWn6GsgCjb7okeRgHcz,check,19
36251.016,1AiAm51ef2JVBarU3ft5KcfY2tKtWn6GsgCjb7okeRgHcz,check,19
36311.016,1AiAm51ef2JVBarU3ft5KcfY2tKtWn6GsgCjb7okeRgHcz,check,19
36371.016,1AiAm51ef2JVBarU3ft5KcfY2tKtWn6GsgCjb7okeRgHcz,check,19
36431.016,1AiAm51ef2JVBarU3ft5KcfY2tKtWn6GsgCjb7okeRgHcz,check,19
36491.016,1AiAm51ef2JVBarU3ft5KcfY2tKtWn6GsgCjb7okeRgHcz,check,19
36551.016,1AiAm51ef2JVBarU3ft5KcfY2tKtWn6GsgCjb7okeRgHcz,check,19
36611.016,1AiAm51ef2JVBarU3ft5KcfY2tKtWn6GsgCjb7okeRgHcz,check,19
36671.016,1AiAm51ef2JVBarU3ft5KcfY2tKtWn6GsgCjb7okeRgHcz,check,19
36731.02,1AiAm51ef2JVBarU3ft5KcfY2tKtWn6GsgCjb7okeRgHcz,check,19
36791.016,1AiAm51ef2JVBarU3ft5KcfY2tKtWn6GsgCjb7okeRgHcz,check,19
36851.016,1AiAm51ef2JVBarU3ft5KcfY2tKtWn6GsgCjb7okeRgHcz,check,19
36911.016,1AiAm51ef2JVBarU3ft5KcfY2tKtWn6GsgCjb7okeRgHcz,check,19
36971.016,1AiAm51ef2JVBarU3ft5KcfY2tKtWn6GsgCjb7okeRgHcz,check,19
37031.02,1AiAm51ef2JVBarU3ft5KcfY2tKtWn6GsgCjb7okeRgHcz,check,19
37091.016,1AiAm51ef2JVBarU3ft5KcfY2tKtWn6GsgCjb7okeRgHcz,check,19
37151.016,1AiAm51ef2JVBarU3ft5KcfY2tKtWn6GsgCjb7okeRgHcz,check,19
37211.016,1AiAm51ef2JVBarU3ft5KcfY2tKtWn6GsgCjb7okeRgHcz,check,19
37271.016,1AiAm51ef2JVBarU3ft5KcfY2tKtWn6GsgCjb7okeRgHcz,check,19
37331.016,1AiAm51ef2JVBarU3ft5KcfY2tKtWn6GsgCjb7okeRgHcz,check,18
37391.016,1AiAm51ef2JVBarU3ft5KcfY2tKtWn6GsgCjb7okeRgHcz,check,19
37451.016,1AiAm51ef2JVBarU3ft5KcfY2tKtWn6GsgCjb7okeRgHcz,check,18
37511.016,1AiAm51ef2JVBarU3ft5KcfY2tKtWn6GsgCjb7okeRgHcz,check,19
37571.016,1AiAm51ef2JVBarU3ft5KcfY2tKtWn6GsgCjb7okeRgHcz,check,19
37631.016,1AiAm51ef2JVBarU3ft5KcfY2tKtWn6GsgCjb7okeRgHcz,check,19
37691.016,1AiAm51ef2JVBarU3ft5KcfY2tKtWn6GsgCjb7okeRgHcz,check,19
37751.016,1AiAm51ef2JVBarU3ft5KcfY2tKtWn6GsgCjb7okeRgHcz,check,19
37811.016,1AiAm51ef2JVBarU3ft5KcfY2tKtWn6GsgCjb7okeRgHcz,check,18
37871.016,1AiAm51ef2JVBarU3ft5KcfY2tKtWn6GsgCjb7okeRgHcz,check,19
37931.016,1AiAm51ef2JVBarU3ft5KcfY2tKtWn6GsgCjb7okeRgHcz,check,19
37991.01,1AiAm51ef2JVBarU3ft5KcfY2tKtWn6GsgCjb7okeRgHcz,check,19
38051.01,1AiAm51ef2JVBarU3ft5KcfY2tKtWn6GsgCjb7okeRgHcz,check,19
38111.008,1AiAm51ef2JVBarU3ft5KcfY2tKtWn6GsgCjb7okeRgHcz,check,19
38171.008,1AiAm51ef2JVBarU3ft5KcfY2tKtWn6GsgCjb7okeRgHcz,check,19
38231.008,1AiAm51ef2JVBarU3ft5KcfY2tKtWn6GsgCjb7okeRgHcz,check,19
38291.008,1AiAm51ef2JVBarU3ft5KcfY2tKtWn6GsgCjb7okeRgHcz,check,19
38351.01,1AiAm51ef2JVBarU3ft5KcfY2tKtWn6GsgCjb7okeRgHcz,check,19
38411.016,1AiAm51ef2JVBarU3ft5KcfY2tKtWn6GsgCjb7okeRgHcz,check,19
38471.016,1AiAm51ef2JVBarU3ft5KcfY2tKtWn6GsgCjb7okeRgHcz,check,19
38531.016,1AiAm51ef2JVBarU3ft5KcfY2tKtWn6GsgCjb7okeRgHcz,check,19
38591.02,1AiAm51ef2JVBarU3ft5KcfY2tKtWn6GsgCjb7okeRgHcz,check,19
38651.016,1AiAm51ef2JVBarU3ft5KcfY2tKtWn6GsgCjb7okeRgHcz,check,19
38711.016,1AiAm51ef2JVBarU3ft5KcfY2tKtWn6GsgCjb7okeRgHcz,check,19
38771.016,1AiAm51ef2JVBarU3ft5KcfY2tKtWn6GsgCjb7okeRgHcz,check,19
38831.016,1AiAm51ef2JVBarU3ft5KcfY2tKtWn6GsgCjb7okeRgHcz,check,19
38891.016,1AiAm51ef2JVBarU3ft5KcfY2tKtWn6GsgCjb7okeRgHcz,check,19
38951.016,1AiAm51ef2JVBarU3ft5KcfY2tKtWn6GsgCjb7okeRgHcz,check,19
39011.016,1AiAm51ef2JVBarU3ft5KcfY2tKtWn6GsgCjb7okeRgHcz,check,19
39071.016,1AiAm51ef2JVBarU3ft5KcfY2tKtWn6GsgCjb7okeRgHcz,check,19
39131.016,1AiAm51ef2JVBarU3ft5KcfY2tKtWn6GsgCjb7okeRgHcz,check,19
39191.016,1AiAm51ef2JVBarU3ft5KcfY2tKtWn6GsgCjb7okeRgHcz,check,19
39251.016,1AiAm51ef2JVBarU3ft5KcfY2tKtWn6GsgCjb7okeRgHcz,check,19
39311.016,1AiAm51ef2JVBarU3ft5KcfY2tKtWn6GsgCjb7okeRgHcz,check,19
39371.016,1AiAm51ef2JVBarU3ft5KcfY2tKtWn6GsgCjb7okeRgHcz,check,19
39431.016,1AiAm51ef2JVBarU3ft5KcfY2tKtWn6GsgCjb7okeRgHcz,check,19
39491.016,1AiAm51ef2JVBarU3ft5KcfY2tKtWn6GsgCjb7okeRgHcz,check,19
39551.016,1AiAm51ef2JVBarU3ft5KcfY2tKtWn6GsgCjb7okeRgHcz,check,19
39611.016,1AiAm51ef2JVBarU3ft5KcfY2tKtWn6GsgCjb7okeRgHcz,check,19
39671.02,1AiAm51ef2JVBarU3ft5KcfY2tKtWn6GsgCjb7okeRgHcz,check,19
39731.016,1AiAm51ef2JVBarU3ft5KcfY2tKtWn6GsgCjb7okeRgHcz,check,19
39791.016,1AiAm51ef2JVBarU3ft5KcfY2tKtWn6GsgCjb7okeRgHcz,check,19
39851.016,1AiAm51ef2JVBarU3ft5KcfY2tKtWn6GsgCjb7okeRgHcz,check,19
39911.016,1AiAm51ef2JVBarU3ft5KcfY2tKtWn6GsgCjb7okeRgHcz,check,19
39971.016,1AiAm51ef2JVBarU3ft5KcfY2tKtWn6GsgCjb7okeRgHcz,check,19
40031.016,1AiAm51ef2JVBarU3ft5KcfY2tKtWn6GsgCjb7okeRgHcz,check,19
40091.016,1AiAm51ef2JVBarU3ft5KcfY2tKtWn6GsgCjb7okeRgHcz,check,19
40151.016,1AiAm51ef2JVBarU3ft5KcfY2tKtWn6GsgCjb7okeRgHcz,check,19
40211.016,1AiAm51ef2JVBarU3ft5KcfY2tKtWn6GsgCjb7okeRgHcz,check,19
40271.016,1AiAm51ef2JVBarU3ft5KcfY2tKtWn6GsgCjb7okeRgHcz,check,19
40331.016,1AiAm51ef2JVBarU3ft5KcfY2tKtWn6GsgCjb7okeRgHcz,check,19
40391.016,1AiAm51ef2JVBarU3ft5KcfY2tKtWn6GsgCjb7okeRgHcz,check,19
40451.02,1AiAm51ef2JVBarU3ft5KcfY2tKtWn6GsgCjb7okeRgHcz,check,19
40511.016,1AiAm51ef2JVBarU3ft5KcfY2tKtWn6GsgCjb7okeRgHcz,check,19
40571.016,1AiAm51ef2JVBarU3ft5KcfY2tKtWn6GsgCjb7okeRgHcz,check,19
40631.016,1AiAm51ef2JVBarU3ft5KcfY2tKtWn6GsgCjb7okeRgHcz,check,19
40691.01,1AiAm51ef2JVBarU3ft5KcfY2tKtWn6GsgCjb7okeRgHcz,check,19
40751.016,1AiAm51ef2JVBarU3ft5KcfY2tKtWn6GsgCjb7okeRgHcz,check,19
40811.016,1AiAm51ef2JVBarU3ft5KcfY2tKtWn6GsgCjb7okeRgHcz,check,19
40871.016,1AiAm51ef2JVBarU3ft5KcfY2tKtWn6GsgCjb7okeRgHcz,check,19
40931.016,1AiAm51ef2JVBarU3ft5KcfY2tKtWn6GsgCjb7okeRgHcz,check,19
40991.01,1AiAm51ef2JVBarU3ft5KcfY2tKtWn6GsgCjb7okeRgHcz,check,19
41051.016,1AiAm51ef2JVBarU3ft5KcfY2tKtWn6GsgCjb7okeRgHcz,check,19
41111.016,1AiAm51ef2JVBarU3ft5KcfY2tKtWn6GsgCjb7okeRgHcz,check,19
41171.016,1AiAm51ef2JVBarU3ft5KcfY2tKtWn6GsgCjb7okeRgHcz,check,19
41231.016,1AiAm51ef2JVBarU3ft5KcfY2tKtWn6GsgCjb7okeRgHcz,check,19
41291.016,1AiAm51ef2JVBarU3ft5KcfY2tKtWn6GsgCjb7okeRgHcz,check,19
41351.02,1AiAm51ef2JVBarU3ft5KcfY2tKtWn6GsgCjb7okeRgHcz,check,19
41411.016,1AiAm51ef2JVBarU3ft5KcfY2tKtWn6GsgCjb7okeRgHcz,check,19
41471.016,1AiAm51ef2JVBarU3ft5KcfY2tKtWn6GsgCjb7okeRgHcz,check,19
41531.016,1AiAm51ef2JVBarU3ft5KcfY2tKtWn6GsgCjb7okeRgHcz,check,19
41591.016,1AiAm51ef2JVBarU3ft5KcfY2tKtWn6GsgCjb7okeRgHcz,check,19
41642.2,1AiAm51ef2JVBarU3ft5KcfY2tKtWn6GsgCjb7okeRgHcz,check,19
41701.41,1AiAm51ef2JVBarU3ft5KcfY2tKtWn6GsgCjb7okeRgHcz,check,19
41771.016,1AiAm51ef2JVBarU3ft5KcfY2tKtWn6GsgCjb7okeRgHcz,check,19
41831.016,1AiAm51ef2JVBarU3ft5KcfY2tKtWn6GsgCjb7okeRgHcz,check,19
41891.016,1AiAm51ef2JVBarU3ft5KcfY2tKtWn6GsgCjb7okeRgHcz,check,19
41951.01,1AiAm51ef2JVBarU3ft5KcfY2tKtWn6GsgCjb7okeRgHcz,check,19
42011.016,1AiAm51ef2JVBarU3ft5KcfY2tKtWn6GsgCjb7okeRgHcz,check,19
42071.016,1AiAm51ef2JVBarU3ft5KcfY2tKtWn6GsgCjb7okeRgHcz,check,19
42131.016,1AiAm51ef2JVBarU3ft5KcfY2tKtWn6GsgCjb7okeRgHcz,check,19
42191.016,1AiAm51ef2JVBarU3ft5KcfY2tKtWn6GsgCjb7okeRgHcz,check,19
42251.016,1AiAm51ef2JVBarU3ft5KcfY2tKtWn6GsgCjb7okeRgHcz,check,19
42311.016,1AiAm51ef2JVBarU3ft5KcfY2tKtWn6GsgCjb7okeRgHcz,check,19
42371.016,1AiAm51ef2JVBarU3ft5KcfY2tKtWn6GsgCjb7okeRgHcz,check,19
42431.016,1AiAm51ef2JVBarU3ft5KcfY2tKtWn6GsgCjb7okeRgHcz,check,19
42491.016,1AiAm51ef2JVBarU3ft5KcfY2tKtWn6GsgCjb7okeRgHcz,check,19
42551.016,1AiAm51ef2JVBarU3ft5KcfY2tKtWn6GsgCjb7okeRgHcz,check,19
42611.008,1AiAm51ef2JVBarU3ft5KcfY2tKtWn6GsgCjb7okeRgHcz,check,19
42671.016,1AiAm51ef2JVBarU3ft5KcfY2tKtWn6GsgCjb7okeRgHcz,check,19
42731.016,1AiAm51ef2JVBarU3ft5KcfY2tKtWn6GsgCjb7okeRgHcz,check,19
42791.016,1AiAm51ef2JVBarU3ft5KcfY2tKtWn6GsgCjb7okeRgHcz,check,19
42851.01,1AiAm51ef2JVBarU3ft5KcfY2tKtWn6GsgCjb7okeRgHcz,check,19
42911.016,1AiAm51ef2JVBarU3ft5KcfY2tKtWn6GsgCjb7okeRgHcz,check,19
42971.01,1AiAm51ef2JVBarU3ft5KcfY2tKtWn6GsgCjb7okeRgHcz,check,19
43031.016,1AiAm51ef2JVBarU3ft5KcfY2tKtWn6GsgCjb7okeRgHcz,check,19
43091.01,1AiAm51ef2JVBarU3ft5KcfY2tKtWn6GsgCjb7okeRgHcz,check,19
43151.016,1AiAm51ef2JVBarU3ft5KcfY2tKtWn6GsgCjb7okeRgHcz,check,19
43211.016,1AiAm51ef2JVBarU3ft5KcfY2tKtWn6GsgCjb7okeRgHcz,check,19
43271.016,1AiAm51ef2JVBarU3ft5KcfY2tKtWn6GsgCjb7okeRgHcz,check,19
43331.016,1AiAm51ef2JVBarU3ft5KcfY2tKtWn6GsgCjb7okeRgHcz,check,19
43391.016,1AiAm51ef2JVBarU3ft5KcfY2tKtWn6GsgCjb7okeRgHcz,check,19
43451.02,1AiAm51ef2JVBarU3ft5KcfY2tKtWn6GsgCjb7okeRgHcz,check,19
43511.016,1AiAm51ef2JVBarU3ft5KcfY2tKtWn6GsgCjb7okeRgHcz,check,19
43571.016,1AiAm51ef2JVBarU3ft5KcfY2tKtWn6GsgCjb7okeRgHcz,check,19
43631.016,1AiAm51ef2JVBarU3ft5KcfY2tKtWn6GsgCjb7okeRgHcz,check,19
43691.016,1AiAm51ef2JVBarU3ft5KcfY2tKtWn6GsgCjb7okeRgHcz,check,19
43751.016,1AiAm51ef2JVBarU3ft5KcfY2tKtWn6GsgCjb7okeRgHcz,check,19
43811.016,1AiAm51ef2JVBarU3ft5KcfY2tKtWn6GsgCjb7okeRgHcz,check,19
43871.016,1AiAm51ef2JVBarU3ft5KcfY2tKtWn6GsgCjb7okeRgHcz,check,19
43931.016,1AiAm51ef2JVBarU3ft5KcfY2tKtWn6GsgCjb7okeRgHcz,check,19
43991.016,1AiAm51ef2JVBarU3ft5KcfY2tKtWn6GsgCjb7okeRgHcz,check,19
44051.01,1AiAm51ef2JVBarU3ft5KcfY2tKtWn6GsgCjb7okeRgHcz,check,19
44111.016,1AiAm51ef2JVBarU3ft5KcfY2tKtWn6GsgCjb7okeRgHcz,check,19
44171.02,1AiAm51ef2JVBarU3ft5KcfY2tKtWn6GsgCjb7okeRgHcz,check,19
44231.016,1AiAm51ef2JVBarU3ft5KcfY2tKtWn6GsgCjb7okeRgHcz,check,19
44291.016,1AiAm51ef2JVBarU3ft5KcfY2tKtWn6GsgCjb7okeRgHcz,check,19
44351.016,1AiAm51ef2JVBarU3ft5KcfY2tKtWn6GsgCjb7okeRgHcz,check,19
44411.02,1AiAm51ef2JVBarU3ft5KcfY2tKtWn6GsgCjb7okeRgHcz,check,19
44471.016,1AiAm51ef2JVBarU3ft5KcfY2tKtWn6GsgCjb7okeRgHcz,check,19
44531.016,1AiAm51ef2JVBarU3ft5KcfY2tKtWn6GsgCjb7okeRgHcz,check,19
44591.016,1AiAm51ef2JVBarU3ft5KcfY2tKtWn6GsgCjb7okeRgHcz,check,19
44651.016,1AiAm51ef2JVBarU3ft5KcfY2tKtWn6GsgCjb7okeRgHcz,check,19
44711.016,1AiAm51ef2JVBarU3ft5KcfY2tKtWn6GsgCjb7okeRgHcz,check,19
44771.016,1AiAm51ef2JVBarU3ft5KcfY2tKtWn6GsgCjb7okeRgHcz,check,19
44831.016,1AiAm51ef2JVBarU3ft5KcfY2tKtWn6GsgCjb7okeRgHcz,check,19
44891.016,1AiAm51ef2JVBarU3ft5KcfY2tKtWn6GsgCjb7okeRgHcz,check,18
44951.016,1AiAm51ef2JVBarU3ft5KcfY2tKtWn6GsgCjb7okeRgHcz,check,19
45011.016,1AiAm51ef2JVBarU3ft5KcfY2tKtWn6GsgCjb7okeRgHcz,check,19
45071.016,1AiAm51ef2JVBarU3ft5KcfY2tKtWn6GsgCjb7okeRgHcz,check,19
45131.016,1AiAm51ef2JVBarU3ft5KcfY2tKtWn6GsgCjb7okeRgHcz,check,19
45191.016,1AiAm51ef2JVBarU3ft5KcfY2tKtWn6GsgCjb7okeRgHcz,check,19
45251.016,1AiAm51ef2JVBarU3ft5KcfY2tKtWn6GsgCjb7okeRgHcz,check,19
45311.016,1AiAm51ef2JVBarU3ft5KcfY2tKtWn6GsgCjb7okeRgHcz,check,19
45371.016,1AiAm51ef2JVBarU3ft5KcfY2tKtWn6GsgCjb7okeRgHcz,check,19
45431.016,1AiAm51ef2JVBarU3ft5KcfY2tKtWn6GsgCjb7okeRgHcz,check,19
45491.016,1AiAm51ef2JVBarU3ft5KcfY2tKtWn6GsgCjb7okeRgHcz,check,19
45551.01,1AiAm51ef2JVBarU3ft5KcfY2tKtWn6GsgCjb7okeRgHcz,check,19
45611.016,1AiAm51ef2JVBarU3ft5KcfY2tKtWn6GsgCjb7okeRgHcz,check,19
45671.016,1AiAm51ef2JVBarU3ft5KcfY2tKtWn6GsgCjb7okeRgHcz,check,19
45731.016,1AiAm51ef2JVBarU3ft5KcfY2tKtWn6GsgCjb7okeRgHcz,check,19
45791.02,1AiAm51ef2JVBarU3ft5KcfY2tKtWn6GsgCjb7okeRgHcz,check,19
45851.016,1AiAm51ef2JVBarU3ft5KcfY2tKtWn6GsgCjb7okeRgHcz,check,19
45911.016,1AiAm51ef2JVBarU3ft5KcfY2tKtWn6GsgCjb7okeRgHcz,check,19
45971.016,1AiAm51ef2JVBarU3ft5KcfY2tKtWn6GsgCjb7okeRgHcz,check,19
46031.016,1AiAm51ef2JVBarU3ft5KcfY2tKtWn6GsgCjb7okeRgHcz,check,19
46091.016,1AiAm51ef2JVBarU3ft5KcfY2tKtWn6GsgCjb7okeRgHcz,check,19
46151.016,1AiAm51ef2JVBarU3ft5KcfY2tKtWn6GsgCjb7okeRgHcz,check,19
46211.016,1AiAm51ef2JVBarU3ft5KcfY2tKtWn6GsgCjb7okeRgHcz,check,19
46271.016,1AiAm51ef2JVBarU3ft5KcfY2tKtWn6GsgCjb7okeRgHcz,check,19
46331.016,1AiAm51ef2JVBarU3ft5KcfY2tKtWn6GsgCjb7okeRgHcz,check,19
46391.016,1AiAm51ef2JVBarU3ft5KcfY2tKtWn6GsgCjb7okeRgHcz,check,19
46451.016,1AiAm51ef2JVBarU3ft5KcfY2tKtWn6GsgCjb7okeRgHcz,check,19
46511.016,1AiAm51ef2JVBarU3ft5KcfY2tKtWn6GsgCjb7okeRgHcz,check,19
46571.016,1AiAm51ef2JVBarU3ft5KcfY2tKtWn6GsgCjb7okeRgHcz,check,19
46631.016,1AiAm51ef2JVBarU3ft5KcfY2tKtWn6GsgCjb7okeRgHcz,check,19
46691.016,1AiAm51ef2JVBarU3ft5KcfY2tKtWn6GsgCjb7okeRgHcz,check,19
46751.01,1AiAm51ef2JVBarU3ft5KcfY2tKtWn6GsgCjb7okeRgHcz,check,19
46811.01,1AiAm51ef2JVBarU3ft5KcfY2tKtWn6GsgCjb7okeRgHcz,check,19
46871.008,1AiAm51ef2JVBarU3ft5KcfY2tKtWn6GsgCjb7okeRgHcz,check,19
46931.008,1AiAm51ef2JVBarU3ft5KcfY2tKtWn6GsgCjb7okeRgHcz,check,19
46991.004,1AiAm51ef2JVBarU3ft5KcfY2tKtWn6GsgCjb7okeRgHcz,check,19
47051.01,1AiAm51ef2JVBarU3ft5KcfY2tKtWn6GsgCjb7okeRgHcz,check,19
47111.02,1AiAm51ef2JVBarU3ft5KcfY2tKtWn6GsgCjb7okeRgHcz,check,19
47171.016,1AiAm51ef2JVBarU3ft5KcfY2tKtWn6GsgCjb7okeRgHcz,check,19
47231.016,1AiAm51ef2JVBarU3ft5KcfY2tKtWn6GsgCjb7okeRgHcz,check,19
47291.01,1AiAm51ef2JVBarU3ft5KcfY2tKtWn6GsgCjb7okeRgHcz,check,19
47351.02,1AiAm51ef2JVBarU3ft5KcfY2tKtWn6GsgCjb7okeRgHcz,check,19
47411.016,1AiAm51ef2JVBarU3ft5KcfY2tKtWn6GsgCjb7okeRgHcz,check,19
47471.016,1AiAm51ef2JVBarU3ft5KcfY2tKtWn6GsgCjb7okeRgHcz,check,19
47531.016,1AiAm51ef2JVBarU3ft5KcfY2tKtWn6GsgCjb7okeRgHcz,check,19
47591.016,1AiAm51ef2JVBarU3ft5KcfY2tKtWn6GsgCjb7okeRgHcz,check,19
47651.016,1AiAm51ef2JVBarU3ft5KcfY2tKtWn6GsgCjb7okeRgHcz,check,19
47711.016,1AiAm51ef2JVBarU3ft5KcfY2tKtWn6GsgCjb7okeRgHcz,check,19
47771.016,1AiAm51ef2JVBarU3ft5KcfY2tKtWn6GsgCjb7okeRgHcz,check,19
47831.016,1AiAm51ef2JVBarU3ft5KcfY2tKtWn6GsgCjb7okeRgHcz,check,19
47891.016,1AiAm51ef2JVBarU3ft5KcfY2tKtWn6GsgCjb7okeRgHcz,check,19
47951.016,1AiAm51ef2JVBarU3ft5KcfY2tKtWn6GsgCjb7okeRgHcz,check,19
48011.016,1AiAm51ef2JVBarU3ft5KcfY2tKtWn6GsgCjb7okeRgHcz,check,19
48071.01,1AiAm51ef2JVBarU3ft5KcfY2tKtWn6GsgCjb7okeRgHcz,check,19
48131.016,1AiAm51ef2JVBarU3ft5KcfY2tKtWn6GsgCjb7okeRgHcz,check,18
48191.016,1AiAm51ef2JVBarU3ft5KcfY2tKtWn6GsgCjb7okeRgHcz,check,18
48251.016,1AiAm51ef2JVBarU3ft5KcfY2tKtWn6GsgCjb7okeRgHcz,check,18
48311.016,1AiAm51ef2JVBarU3ft5KcfY2tKtWn6GsgCjb7okeRgHcz,check,18
48371.016,1AiAm51ef2JVBarU3ft5KcfY2tKtWn6GsgCjb7okeRgHcz,check,18
48431.016,1AiAm51ef2JVBarU3ft5KcfY2tKtWn6GsgCjb7okeRgHcz,check,18
48491.016,1AiAm51ef2JVBarU3ft5KcfY2tKtWn6GsgCjb7okeRgHcz,check,18
48551.01,1AiAm51ef2JVBarU3ft5KcfY2tKtWn6GsgCjb7okeRgHcz,check,18
48611.016,1AiAm51ef2JVBarU3ft5KcfY2tKtWn6GsgCjb7okeRgHcz,check,18
48671.016,1AiAm51ef2JVBarU3ft5KcfY2tKtWn6GsgCjb7okeRgHcz,check,18
48731.02,1AiAm51ef2JVBarU3ft5KcfY2tKtWn6GsgCjb7okeRgHcz,check,19
48791.016,1AiAm51ef2JVBarU3ft5KcfY2tKtWn6GsgCjb7okeRgHcz,check,19
48851.016,1AiAm51ef2JVBarU3ft5KcfY2tKtWn6GsgCjb7okeRgHcz,check,19
48911.016,1AiAm51ef2JVBarU3ft5KcfY2tKtWn6GsgCjb7okeRgHcz,check,19
48971.02,1AiAm51ef2JVBarU3ft5KcfY2tKtWn6GsgCjb7okeRgHcz,check,19
49031.016,1AiAm51ef2JVBarU3ft5KcfY2tKtWn6GsgCjb7okeRgHcz,check,19
49091.016,1AiAm51ef2JVBarU3ft5KcfY2tKtWn6GsgCjb7okeRgHcz,check,19
49151.016,1AiAm51ef2JVBarU3ft5KcfY2tKtWn6GsgCjb7okeRgHcz,check,19
49211.016,1AiAm51ef2JVBarU3ft5KcfY2tKtWn6GsgCjb7okeRgHcz,check,19
49271.016,1AiAm51ef2JVBarU3ft5KcfY2tKtWn6GsgCjb7okeRgHcz,check,19
49331.016,1AiAm51ef2JVBarU3ft5KcfY2tKtWn6GsgCjb7okeRgHcz,check,19
49391.016,1AiAm51ef2JVBarU3ft5KcfY2tKtWn6GsgCjb7okeRgHcz,check,19
49451.016,1AiAm51ef2JVBarU3ft5KcfY2tKtWn6GsgCjb7okeRgHcz,check,19
49511.016,1AiAm51ef2JVBarU3ft5KcfY2tKtWn6GsgCjb7okeRgHcz,check,19
49571.016,1AiAm51ef2JVBarU3ft5KcfY2tKtWn6GsgCjb7okeRgHcz,check,19
49631.016,1AiAm51ef2JVBarU3ft5KcfY2tKtWn6GsgCjb7okeRgHcz,check,19
49691.01,1AiAm51ef2JVBarU3ft5KcfY2tKtWn6GsgCjb7okeRgHcz,check,19
49751.016,1AiAm51ef2JVBarU3ft5KcfY2tKtWn6GsgCjb7okeRgHcz,check,19
49811.016,1AiAm51ef2JVBarU3ft5KcfY2tKtWn6GsgCjb7okeRgHcz,check,19
49871.016,1AiAm51ef2JVBarU3ft5KcfY2tKtWn6GsgCjb7okeRgHcz,check,19
49931.016,1AiAm51ef2JVBarU3ft5KcfY2tKtWn6GsgCjb7okeRgHcz,check,19
49991.016,1AiAm51ef2JVBarU3ft5KcfY2tKtWn6GsgCjb7okeRgHcz,check,19
50051.01,1AiAm51ef2JVBarU3ft5KcfY2tKtWn6GsgCjb7okeRgHcz,check,19
50111.016,1AiAm51ef2JVBarU3ft5KcfY2tKtWn6GsgCjb7okeRgHcz,check,19
50171.016,1AiAm51ef2JVBarU3ft5KcfY2tKtWn6GsgCjb7okeRgHcz,check,19
50231.016,1AiAm51ef2JVBarU3ft5KcfY2tKtWn6GsgCjb7okeRgHcz,check,19
50291.016,1AiAm51ef2JVBarU3ft5KcfY2tKtWn6GsgCjb7okeRgHcz,check,19
50351.016,1AiAm51ef2JVBarU3ft5KcfY2tKtWn6GsgCjb7okeRgHcz,check,19
50411.016,1AiAm51ef2JVBarU3ft5KcfY2tKtWn6GsgCjb7okeRgHcz,check,19
50471.016,1AiAm51ef2JVBarU3ft5KcfY2tKtWn6GsgCjb7okeRgHcz,check,19
50531.02,1AiAm51ef2JVBarU3ft5KcfY2tKtWn6GsgCjb7okeRgHcz,check,19
50591.016,1AiAm51ef2JVBarU3ft5KcfY2tKtWn6GsgCjb7okeRgHcz,check,19
50651.02,1AiAm51ef2JVBarU3ft5KcfY2tKtWn6GsgCjb7okeRgHcz,check,18
50711.016,1AiAm51ef2JVBarU3ft5KcfY2tKtWn6GsgCjb7okeRgHcz,check,18
50771.016,1AiAm51ef2JVBarU3ft5KcfY2tKtWn6GsgCjb7okeRgHcz,check,19
50831.016,1AiAm51ef2JVBarU3ft5KcfY2tKtWn6GsgCjb7okeRgHcz,check,19
50891.016,1AiAm51ef2JVBarU3ft5KcfY2tKtWn6GsgCjb7okeRgHcz,check,19
50951.016,1AiAm51ef2JVBarU3ft5KcfY2tKtWn6GsgCjb7okeRgHcz,check,19
51011.016,1AiAm51ef2JVBarU3ft5KcfY2tKtWn6GsgCjb7okeRgHcz,check,19
51071.016,1AiAm51ef2JVBarU3ft5KcfY2tKtWn6GsgCjb7okeRgHcz,check,19
51131.016,1AiAm51ef2JVBarU3ft5KcfY2tKtWn6GsgCjb7okeRgHcz,check,19
51191.016,1AiAm51ef2JVBarU3ft5KcfY2tKtWn6GsgCjb7okeRgHcz,check,19
51251.016,1AiAm51ef2JVBarU3ft5KcfY2tKtWn6GsgCjb7okeRgHcz,check,19
51311.016,1AiAm51ef2JVBarU3ft5KcfY2tKtWn6GsgCjb7okeRgHcz,check,18
51371.008,1AiAm51ef2JVBarU3ft5KcfY2tKtWn6GsgCjb7okeRgHcz,check,19
51431.016,1AiAm51ef2JVBarU3ft5KcfY2tKtWn6GsgCjb7okeRgHcz,check,19
51491.016,1AiAm51ef2JVBarU3ft5KcfY2tKtWn6GsgCjb7okeRgHcz,check,19
51551.01,1AiAm51ef2JVBarU3ft5KcfY2tKtWn6GsgCjb7okeRgHcz,check,19
51611.02,1AiAm51ef2JVBarU3ft5KcfY2tKtWn6GsgCjb7okeRgHcz,check,19
51671.016,1AiAm51ef2JVBarU3ft5KcfY2tKtWn6GsgCjb7okeRgHcz,check,19
51731.016,1AiAm51ef2JVBarU3ft5KcfY2tKtWn6GsgCjb7okeRgHcz,check,19
51791.01,1AiAm51ef2JVBarU3ft5KcfY2tKtWn6GsgCjb7okeRgHcz,check,19
51851.01,1AiAm51ef2JVBarU3ft5KcfY2tKtWn6GsgCjb7okeRgHcz,check,19
51911.01,1AiAm51ef2JVBarU3ft5KcfY2tKtWn6GsgCjb7okeRgHcz,check,19
51971.01,1AiAm51ef2JVBarU3ft5KcfY2tKtWn6GsgCjb7okeRgHcz,check,19
52031.016,1AiAm51ef2JVBarU3ft5KcfY2tKtWn6GsgCjb7okeRgHcz,check,19
52091.016,1AiAm51ef2JVBarU3ft5KcfY2tKtWn6GsgCjb7okeRgHcz,check,19
52151.016,1AiAm51ef2JVBarU3ft5KcfY2tKtWn6GsgCjb7okeRgHcz,check,19
52211.016,1AiAm51ef2JVBarU3ft5KcfY2tKtWn6GsgCjb7okeRgHcz,check,19
52271.02,1AiAm51ef2JVBarU3ft5KcfY2tKtWn6GsgCjb7okeRgHcz,check,18
52331.016,1AiAm51ef2JVBarU3ft5KcfY2tKtWn6GsgCjb7okeRgHcz,check,19
52391.016,1AiAm51ef2JVBarU3ft5KcfY2tKtWn6GsgCjb7okeRgHcz,check,19
52451.016,1AiAm51ef2JVBarU3ft5KcfY2tKtWn6GsgCjb7okeRgHcz,check,19
52511.02,1AiAm51ef2JVBarU3ft5KcfY2tKtWn6GsgCjb7okeRgHcz,check,19
52571.016,1AiAm51ef2JVBarU3ft5KcfY2tKtWn6GsgCjb7okeRgHcz,check,19
52631.016,1AiAm51ef2JVBarU3ft5KcfY2tKtWn6GsgCjb7okeRgHcz,check,19
52691.016,1AiAm51ef2JVBarU3ft5KcfY2tKtWn6GsgCjb7okeRgHcz,check,19
52751.016,1AiAm51ef2JVBarU3ft5KcfY2tKtWn6GsgCjb7okeRgHcz,check,19
52811.016,1AiAm51ef2JVBarU3ft5KcfY2tKtWn6GsgCjb7okeRgHcz,check,19
52871.016,1AiAm51ef2JVBarU3ft5KcfY2tKtWn6GsgCjb7okeRgHcz,check,19
52931.016,1AiAm51ef2JVBarU3ft5KcfY2tKtWn6GsgCjb7okeRgHcz,check,19
52991.016,1AiAm51ef2JVBarU3ft5KcfY2tKtWn6GsgCjb7okeRgHcz,check,19
53051.016,1AiAm51ef2JVBarU3ft5KcfY2tKtWn6GsgCjb7okeRgHcz,check,19
53111.01,1AiAm51ef2JVBarU3ft5KcfY2tKtWn6GsgCjb7okeRgHcz,check,19
53171.016,1AiAm51ef2JVBarU3ft5KcfY2tKtWn6GsgCjb7okeRgHcz,check,19
53231.01,1AiAm51ef2JVBarU3ft5KcfY2tKtWn6GsgCjb7okeRgHcz,check,19
53291.016,1AiAm51ef2JVBarU3ft5KcfY2tKtWn6GsgCjb7okeRgHcz,check,19
53351.01,1AiAm51ef2JVBarU3ft5KcfY2tKtWn6GsgCjb7okeRgHcz,check,19
53411.016,1AiAm51ef2JVBarU3ft5KcfY2tKtWn6GsgCjb7okeRgHcz,check,19
53471.016,1AiAm51ef2JVBarU3ft5KcfY2tKtWn6GsgCjb7okeRgHcz,check,19
53531.016,1AiAm51ef2JVBarU3ft5KcfY2tKtWn6GsgCjb7okeRgHcz,check,19
53591.016,1AiAm51ef2JVBarU3ft5KcfY2tKtWn6GsgCjb7okeRgHcz,check,19
53651.01,1AiAm51ef2JVBarU3ft5KcfY2tKtWn6GsgCjb7okeRgHcz,check,19
53711.016,1AiAm51ef2JVBarU3ft5KcfY2tKtWn6GsgCjb7okeRgHcz,check,19
53771.016,1AiAm51ef2JVBarU3ft5KcfY2tKtWn6GsgCjb7okeRgHcz,check,19
53831.016,1AiAm51ef2JVBarU3ft5KcfY2tKtWn6GsgCjb7okeRgHcz,check,19
53891.016,1AiAm51ef2JVBarU3ft5KcfY2tKtWn6GsgCjb7okeRgHcz,check,19
53951.016,1AiAm51ef2JVBarU3ft5KcfY2tKtWn6GsgCjb7okeRgHcz,check,19
54011.016,1AiAm51ef2JVBarU3ft5KcfY2tKtWn6GsgCjb7okeRgHcz,check,19
54071.016,1AiAm51ef2JVBarU3ft5KcfY2tKtWn6GsgCjb7okeRgHcz,check,19
54131.02,1AiAm51ef2JVBarU3ft5KcfY2tKtWn6GsgCjb7okeRgHcz,check,19
54191.016,1AiAm51ef2JVBarU3ft5KcfY2tKtWn6GsgCjb7okeRgHcz,check,19
54251.016,1AiAm51ef2JVBarU3ft5KcfY2tKtWn6GsgCjb7okeRgHcz,check,19
54311.016,1AiAm51ef2JVBarU3ft5KcfY2tKtWn6GsgCjb7okeRgHcz,check,19
54371.016,1AiAm51ef2JVBarU3ft5KcfY2tKtWn6GsgCjb7okeRgHcz,check,19
54431.016,1AiAm51ef2JVBarU3ft5KcfY2tKtWn6GsgCjb7okeRgHcz,check,19
54491.02,1AiAm51ef2JVBarU3ft5KcfY2tKtWn6GsgCjb7okeRgHcz,check,19
54551.016,1AiAm51ef2JVBarU3ft5KcfY2tKtWn6GsgCjb7okeRgHcz,check,19
54611.016,1AiAm51ef2JVBarU3ft5KcfY2tKtWn6GsgCjb7okeRgHcz,check,19
54671.016,1AiAm51ef2JVBarU3ft5KcfY2tKtWn6GsgCjb7okeRgHcz,check,19
54731.016,1AiAm51ef2JVBarU3ft5KcfY2tKtWn6GsgCjb7okeRgHcz,check,19
54791.016,1AiAm51ef2JVBarU3ft5KcfY2tKtWn6GsgCjb7okeRgHcz,check,19
54851.016,1AiAm51ef2JVBarU3ft5KcfY2tKtWn6GsgCjb7okeRgHcz,check,18
54911.016,1AiAm51ef2JVBarU3ft5KcfY2tKtWn6GsgCjb7okeRgHcz,check,18
54971.016,1AiAm51ef2JVBarU3ft5KcfY2tKtWn6GsgCjb7okeRgHcz,check,18
55031.01,1AiAm51ef2JVBarU3ft5KcfY2tKtWn6GsgCjb7okeRgHcz,check,19
55091.016,1AiAm51ef2JVBarU3ft5KcfY2tKtWn6GsgCjb7okeRgHcz,check,19
55151.016,1AiAm51ef2JVBarU3ft5KcfY2tKtWn6GsgCjb7okeRgHcz,check,19
55211.016,1AiAm51ef2JVBarU3ft5KcfY2tKtWn6GsgCjb7okeRgHcz,check,19
55271.016,1AiAm51ef2JVBarU3ft5KcfY2tKtWn6GsgCjb7okeRgHcz,check,19
55331.016,1AiAm51ef2JVBarU3ft5KcfY2tKtWn6GsgCjb7okeRgHcz,check,19
55391.02,1AiAm51ef2JVBarU3ft5KcfY2tKtWn6GsgCjb7okeRgHcz,check,19
55451.01,1AiAm51ef2JVBarU3ft5KcfY2tKtWn6GsgCjb7okeRgHcz,check,19
55511.008,1AiAm51ef2JVBarU3ft5KcfY2tKtWn6GsgCjb7okeRgHcz,check,19
55571.008,1AiAm51ef2JVBarU3ft5KcfY2tKtWn6GsgCjb7okeRgHcz,check,19
55631.008,1AiAm51ef2JVBarU3ft5KcfY2tKtWn6GsgCjb7okeRgHcz,check,19
55691.008,1AiAm51ef2JVBarU3ft5KcfY2tKtWn6GsgCjb7okeRgHcz,check,18
55751.008,1AiAm51ef2JVBarU3ft5KcfY2tKtWn6GsgCjb7okeRgHcz,check,18
55811.01,1AiAm51ef2JVBarU3ft5KcfY2tKtWn6GsgCjb7okeRgHcz,check,19
55871.016,1AiAm51ef2JVBarU3ft5KcfY2tKtWn6GsgCjb7okeRgHcz,check,19
55931.016,1AiAm51ef2JVBarU3ft5KcfY2tKtWn6GsgCjb7okeRgHcz,check,19
55991.016,1AiAm51ef2JVBarU3ft5KcfY2tKtWn6GsgCjb7okeRgHcz,check,19
56051.016,1AiAm51ef2JVBarU3ft5KcfY2tKtWn6GsgCjb7okeRgHcz,check,19
56111.016,1AiAm51ef2JVBarU3ft5KcfY2tKtWn6GsgCjb7okeRgHcz,check,19
56171.016,1AiAm51ef2JVBarU3ft5KcfY2tKtWn6GsgCjb7okeRgHcz,check,19
56231.016,1AiAm51ef2JVBarU3ft5KcfY2tKtWn6GsgCjb7okeRgHcz,check,19
56291.016,1AiAm51ef2JVBarU3ft5KcfY2tKtWn6GsgCjb7okeRgHcz,check,19
56351.016,1AiAm51ef2JVBarU3ft5KcfY2tKtWn6GsgCjb7okeRgHcz,check,19
56411.016,1AiAm51ef2JVBarU3ft5KcfY2tKtWn6GsgCjb7okeRgHcz,check,19
56471.008,1AiAm51ef2JVBarU3ft5KcfY2tKtWn6GsgCjb7okeRgHcz,check,19
56531.016,1AiAm51ef2JVBarU3ft5KcfY2tKtWn6GsgCjb7okeRgHcz,check,19
56591.016,1AiAm51ef2JVBarU3ft5KcfY2tKtWn6GsgCjb7okeRgHcz,check,19
56651.016,1AiAm51ef2JVBarU3ft5KcfY2tKtWn6GsgCjb7okeRgHcz,check,19
56711.016,1AiAm51ef2JVBarU3ft5KcfY2tKtWn6GsgCjb7okeRgHcz,check,19
56771.01,1AiAm51ef2JVBarU3ft5KcfY2tKtWn6GsgCjb7okeRgHcz,check,19
56831.01,1AiAm51ef2JVBarU3ft5KcfY2tKtWn6GsgCjb7okeRgHcz,check,19
56891.02,1AiAm51ef2JVBarU3ft5KcfY2tKtWn6GsgCjb7okeRgHcz,check,19
56951.016,1AiAm51ef2JVBarU3ft5KcfY2tKtWn6GsgCjb7okeRgHcz,check,19
57011.016,1AiAm51ef2JVBarU3ft5KcfY2tKtWn6GsgCjb7okeRgHcz,check,19
57071.016,1AiAm51ef2JVBarU3ft5KcfY2tKtWn6GsgCjb7okeRgHcz,check,19
57131.016,1AiAm51ef2JVBarU3ft5KcfY2tKtWn6GsgCjb7okeRgHcz,check,19
57191.016,1AiAm51ef2JVBarU3ft5KcfY2tKtWn6GsgCjb7okeRgHcz,check,19
57251.01,1AiAm51ef2JVBarU3ft5KcfY2tKtWn6GsgCjb7okeRgHcz,check,19
57311.016,1AiAm51ef2JVBarU3ft5KcfY2tKtWn6GsgCjb7okeRgHcz,check,19
57361.39,1AiAm51ef2JVBarU3ft5KcfY2tKtWn6GsgCjb7okeRgHcz,check,19
57431.016,1AiAm51ef2JVBarU3ft5KcfY2tKtWn6GsgCjb7okeRgHcz,check,19
57491.016,1AiAm51ef2JVBarU3ft5KcfY2tKtWn6GsgCjb7okeRgHcz,check,19
57551.016,1AiAm51ef2JVBarU3ft5KcfY2tKtWn6GsgCjb7okeRgHcz,check,19
57611.016,1AiAm51ef2JVBarU3ft5KcfY2tKtWn6GsgCjb7okeRgHcz,check,19
57671.016,1AiAm51ef2JVBarU3ft5KcfY2tKtWn6GsgCjb7okeRgHcz,check,19
57731.016,1AiAm51ef2JVBarU3ft5KcfY2tKtWn6GsgCjb7okeRgHcz,check,19
57791.016,1AiAm51ef2JVBarU3ft5KcfY2tKtWn6GsgCjb7okeRgHcz,check,19
57851.016,1AiAm51ef2JVBarU3ft5KcfY2tKtWn6GsgCjb7okeRgHcz,check,19
57911.01,1AiAm51ef2JVBarU3ft5KcfY2tKtWn6GsgCjb7okeRgHcz,check,19
57971.016,1AiAm51ef2JVBarU3ft5KcfY2tKtWn6GsgCjb7okeRgHcz,check,19
58031.016,1AiAm51ef2JVBarU3ft5KcfY2tKtWn6GsgCjb7okeRgHcz,check,19
58091.016,1AiAm51ef2JVBarU3ft5KcfY2tKtWn6GsgCjb7okeRgHcz,check,19
58151.01,1AiAm51ef2JVBarU3ft5KcfY2tKtWn6GsgCjb7okeRgHcz,check,19
58211.016,1AiAm51ef2JVBarU3ft5KcfY2tKtWn6GsgCjb7okeRgHcz,check,19
58271.016,1AiAm51ef2JVBarU3ft5KcfY2tKtWn6GsgCjb7okeRgHcz,check,19
58331.02,1AiAm51ef2JVBarU3ft5KcfY2tKtWn6GsgCjb7okeRgHcz,check,19
58391.016,1AiAm51ef2JVBarU3ft5KcfY2tKtWn6GsgCjb7okeRgHcz,check,19
58451.016,1AiAm51ef2JVBarU3ft5KcfY2tKtWn6GsgCjb7okeRgHcz,check,19
58511.016,1AiAm51ef2JVBarU3ft5KcfY2tKtWn6GsgCjb7okeRgHcz,check,19
58571.016,1AiAm51ef2JVBarU3ft5KcfY2tKtWn6GsgCjb7okeRgHcz,check,19
58631.01,1AiAm51ef2JVBarU3ft5KcfY2tKtWn6GsgCjb7okeRgHcz,check,19
58691.016,1AiAm51ef2JVBarU3ft5KcfY2tKtWn6GsgCjb7okeRgHcz,check,19
58751.016,1AiAm51ef2JVBarU3ft5KcfY2tKtWn6GsgCjb7okeRgHcz,check,19
58811.016,1AiAm51ef2JVBarU3ft5KcfY2tKtWn6GsgCjb7okeRgHcz,check,19
58871.016,1AiAm51ef2JVBarU3ft5KcfY2tKtWn6GsgCjb7okeRgHcz,check,19
58931.016,1AiAm51ef2JVBarU3ft5KcfY2tKtWn6GsgCjb7okeRgHcz,check,19
58991.016,1AiAm51ef2JVBarU3ft5KcfY2tKtWn6GsgCjb7okeRgHcz,check,19
59051.01,1AiAm51ef2JVBarU3ft5KcfY2tKtWn6GsgCjb7okeRgHcz,check,19
59111.016,1AiAm51ef2JVBarU3ft5KcfY2tKtWn6GsgCjb7okeRgHcz,check,19
59171.016,1AiAm51ef2JVBarU3ft5KcfY2tKtWn6GsgCjb7okeRgHcz,check,19
59231.016,1AiAm51ef2JVBarU3ft5KcfY2tKtWn6GsgCjb7okeRgHcz,check,19
59281.375,1AiAm51ef2JVBarU3ft5KcfY2tKtWn6GsgCjb7okeRgHcz,check,19
59341.4,1AiAm51ef2JVBarU3ft5KcfY2tKtWn6GsgCjb7okeRgHcz,check,19
59411.016,1AiAm51ef2JVBarU3ft5KcfY2tKtWn6GsgCjb7okeRgHcz,check,19
59471.016,1AiAm51ef2JVBarU3ft5KcfY2tKtWn6GsgCjb7okeRgHcz,check,19
59531.016,1AiAm51ef2JVBarU3ft5KcfY2tKtWn6GsgCjb7okeRgHcz,check,19
59591.016,1AiAm51ef2JVBarU3ft5KcfY2tKtWn6GsgCjb7okeRgHcz,check,19
59651.02,1AiAm51ef2JVBarU3ft5KcfY2tKtWn6GsgCjb7okeRgHcz,check,19
59711.016,1AiAm51ef2JVBarU3ft5KcfY2tKtWn6GsgCjb7okeRgHcz,check,19
59771.016,1AiAm51ef2JVBarU3ft5KcfY2tKtWn6GsgCjb7okeRgHcz,check,19
59831.016,1AiAm51ef2JVBarU3ft5KcfY2tKtWn6GsgCjb7okeRgHcz,check,19
59891.016,1AiAm51ef2JVBarU3ft5KcfY2tKtWn6GsgCjb7okeRgHcz,check,19
59951.016,1AiAm51ef2JVBarU3ft5KcfY2tKtWn6GsgCjb7okeRgHcz,check,19
60011.016,1AiAm51ef2JVBarU3ft5KcfY2tKtWn6GsgCjb7okeRgHcz,check,19
60071.016,1AiAm51ef2JVBarU3ft5KcfY2tKtWn6GsgCjb7okeRgHcz,check,19
60131.008,1AiAm51ef2JVBarU3ft5KcfY2tKtWn6GsgCjb7okeRgHcz,check,19
60191.016,1AiAm51ef2JVBarU3ft5KcfY2tKtWn6GsgCjb7okeRgHcz,check,19
60251.016,1AiAm51ef2JVBarU3ft5KcfY2tKtWn6GsgCjb7okeRgHcz,check,19
60311.016,1AiAm51ef2JVBarU3ft5KcfY2tKtWn6GsgCjb7okeRgHcz,check,19
60371.016,1AiAm51ef2JVBarU3ft5KcfY2tKtWn6GsgCjb7okeRgHcz,check,19
60431.016,1AiAm51ef2JVBarU3ft5KcfY2tKtWn6GsgCjb7okeRgHcz,check,19
60491.01,1AiAm51ef2JVBarU3ft5KcfY2tKtWn6GsgCjb7okeRgHcz,check,19
60551.016,1AiAm51ef2JVBarU3ft5KcfY2tKtWn6GsgCjb7okeRgHcz,check,19
60611.016,1AiAm51ef2JVBarU3ft5KcfY2tKtWn6GsgCjb7okeRgHcz,check,19
60671.016,1AiAm51ef2JVBarU3ft5KcfY2tKtWn6GsgCjb7okeRgHcz,check,19
60731.016,1AiAm51ef2JVBarU3ft5KcfY2tKtWn6GsgCjb7okeRgHcz,check,19
60791.016,1AiAm51ef2JVBarU3ft5KcfY2tKtWn6GsgCjb7okeRgHcz,check,19
60851.01,1AiAm51ef2JVBarU3ft5KcfY2tKtWn6GsgCjb7okeRgHcz,check,19
60911.016,1AiAm51ef2JVBarU3ft5KcfY2tKtWn6GsgCjb7okeRgHcz,check,19
60971.01,1AiAm51ef2JVBarU3ft5KcfY2tKtWn6GsgCjb7okeRgHcz,check,19
61031.016,1AiAm51ef2JVBarU3ft5KcfY2tKtWn6GsgCjb7okeRgHcz,check,19
61091.02,1AiAm51ef2JVBarU3ft5KcfY2tKtWn6GsgCjb7okeRgHcz,check,19
61151.016,1AiAm51ef2JVBarU3ft5KcfY2tKtWn6GsgCjb7okeRgHcz,check,19
61211.016,1AiAm51ef2JVBarU3ft5KcfY2tKtWn6GsgCjb7okeRgHcz,check,19
61271.016,1AiAm51ef2JVBarU3ft5KcfY2tKtWn6GsgCjb7okeRgHcz,check,19
61331.016,1AiAm51ef2JVBarU3ft5KcfY2tKtWn6GsgCjb7okeRgHcz,check,19
61391.016,1AiAm51ef2JVBarU3ft5KcfY2tKtWn6GsgCjb7okeRgHcz,check,19
61451.016,1AiAm51ef2JVBarU3ft5KcfY2tKtWn6GsgCjb7okeRgHcz,check,19
61511.016,1AiAm51ef2JVBarU3ft5KcfY2tKtWn6GsgCjb7okeRgHcz,check,19
61571.016,1AiAm51ef2JVBarU3ft5KcfY2tKtWn6GsgCjb7okeRgHcz,check,19
61631.016,1AiAm51ef2JVBarU3ft5KcfY2tKtWn6GsgCjb7okeRgHcz,check,19
61691.016,1AiAm51ef2JVBarU3ft5KcfY2tKtWn6GsgCjb7okeRgHcz,check,19
61751.016,1AiAm51ef2JVBarU3ft5KcfY2tKtWn6GsgCjb7okeRgHcz,check,19
61811.016,1AiAm51ef2JVBarU3ft5KcfY2tKtWn6GsgCjb7okeRgHcz,check,19
61871.016,1AiAm51ef2JVBarU3ft5KcfY2tKtWn6GsgCjb7okeRgHcz,check,19
61931.016,1AiAm51ef2JVBarU3ft5KcfY2tKtWn6GsgCjb7okeRgHcz,check,19
61991.016,1AiAm51ef2JVBarU3ft5KcfY2tKtWn6GsgCjb7okeRgHcz,check,19
62051.016,1AiAm51ef2JVBarU3ft5KcfY2tKtWn6GsgCjb7okeRgHcz,check,19
62111.016,1AiAm51ef2JVBarU3ft5KcfY2tKtWn6GsgCjb7okeRgHcz,check,19
62171.016,1AiAm51ef2JVBarU3ft5KcfY2tKtWn6GsgCjb7okeRgHcz,check,19
62231.016,1AiAm51ef2JVBarU3ft5KcfY2tKtWn6GsgCjb7okeRgHcz,check,19
62291.02,1AiAm51ef2JVBarU3ft5KcfY2tKtWn6GsgCjb7okeRgHcz,check,19
62351.016,1AiAm51ef2JVBarU3ft5KcfY2tKtWn6GsgCjb7okeRgHcz,check,19
62411.016,1AiAm51ef2JVBarU3ft5KcfY2tKtWn6GsgCjb7okeRgHcz,check,19
62471.016,1AiAm51ef2JVBarU3ft5KcfY2tKtWn6GsgCjb7okeRgHcz,check,19
62531.016,1AiAm51ef2JVBarU3ft5KcfY2tKtWn6GsgCjb7okeRgHcz,check,19
62591.016,1AiAm51ef2JVBarU3ft5KcfY2tKtWn6GsgCjb7okeRgHcz,check,19
62651.016,1AiAm51ef2JVBarU3ft5KcfY2tKtWn6GsgCjb7okeRgHcz,check,19
62711.016,1AiAm51ef2JVBarU3ft5KcfY2tKtWn6GsgCjb7okeRgHcz,check,19
62771.016,1AiAm51ef2JVBarU3ft5KcfY2tKtWn6GsgCjb7okeRgHcz,check,19
62831.016,1AiAm51ef2JVBarU3ft5KcfY2tKtWn6GsgCjb7okeRgHcz,check,19
62891.02,1AiAm51ef2JVBarU3ft5KcfY2tKtWn6GsgCjb7okeRgHcz,check,19
62951.01,1AiAm51ef2JVBarU3ft5KcfY2tKtWn6GsgCjb7okeRgHcz,check,19
63011.016,1AiAm51ef2JVBarU3ft5KcfY2tKtWn6GsgCjb7okeRgHcz,check,19
63071.016,1AiAm51ef2JVBarU3ft5KcfY2tKtWn6GsgCjb7okeRgHcz,check,19
63131.016,1AiAm51ef2JVBarU3ft5KcfY2tKtWn6GsgCjb7okeRgHcz,check,19
63191.016,1AiAm51ef2JVBarU3ft5KcfY2tKtWn6GsgCjb7okeRgHcz,check,19
63251.016,1AiAm51ef2JVBarU3ft5KcfY2tKtWn6GsgCjb7okeRgHcz,check,19
63311.016,1AiAm51ef2JVBarU3ft5KcfY2tKtWn6GsgCjb7okeRgHcz,check,19
63371.016,1AiAm51ef2JVBarU3ft5KcfY2tKtWn6GsgCjb7okeRgHcz,check,19
63431.016,1AiAm51ef2JVBarU3ft5KcfY2tKtWn6GsgCjb7okeRgHcz,check,19
63491.016,1AiAm51ef2JVBarU3ft5KcfY2tKtWn6GsgCjb7okeRgHcz,check,19
63551.016,1AiAm51ef2JVBarU3ft5KcfY2tKtWn6GsgCjb7okeRgHcz,check,19
63611.016,1AiAm51ef2JVBarU3ft5KcfY2tKtWn6GsgCjb7okeRgHcz,check,19
63671.016,1AiAm51ef2JVBarU3ft5KcfY2tKtWn6GsgCjb7okeRgHcz,check,19
63731.016,1AiAm51ef2JVBarU3ft5KcfY2tKtWn6GsgCjb7okeRgHcz,check,19
63791.016,1AiAm51ef2JVBarU3ft5KcfY2tKtWn6GsgCjb7okeRgHcz,check,19
63851.02,1AiAm51ef2JVBarU3ft5KcfY2tKtWn6GsgCjb7okeRgHcz,check,19
63911.016,1AiAm51ef2JVBarU3ft5KcfY2tKtWn6GsgCjb7okeRgHcz,check,19
63971.02,1AiAm51ef2JVBarU3ft5KcfY2tKtWn6GsgCjb7okeRgHcz,check,19
64031.016,1AiAm51ef2JVBarU3ft5KcfY2tKtWn6GsgCjb7okeRgHcz,check,19
64091.016,1AiAm51ef2JVBarU3ft5KcfY2tKtWn6GsgCjb7okeRgHcz,check,19
64151.016,1AiAm51ef2JVBarU3ft5KcfY2tKtWn6GsgCjb7okeRgHcz,check,19
64211.016,1AiAm51ef2JVBarU3ft5KcfY2tKtWn6GsgCjb7okeRgHcz,check,19
64271.016,1AiAm51ef2JVBarU3ft5KcfY2tKtWn6GsgCjb7okeRgHcz,check,19
64331.01,1AiAm51ef2JVBarU3ft5KcfY2tKtWn6GsgCjb7okeRgHcz,check,19
64391.008,1AiAm51ef2JVBarU3ft5KcfY2tKtWn6GsgCjb7okeRgHcz,check,19
64451.004,1AiAm51ef2JVBarU3ft5KcfY2tKtWn6GsgCjb7okeRgHcz,check,19
64511.008,1AiAm51ef2JVBarU3ft5KcfY2tKtWn6GsgCjb7okeRgHcz,check,19
64571.016,1AiAm51ef2JVBarU3ft5KcfY2tKtWn6GsgCjb7okeRgHcz,check,19
64631.016,1AiAm51ef2JVBarU3ft5KcfY2tKtWn6GsgCjb7okeRgHcz,check,19
64691.016,1AiAm51ef2JVBarU3ft5KcfY2tKtWn6GsgCjb7okeRgHcz,check,19
64751.016,1AiAm51ef2JVBarU3ft5KcfY2tKtWn6GsgCjb7okeRgHcz,check,19
64811.02,1AiAm51ef2JVBarU3ft5KcfY2tKtWn6GsgCjb7okeRgHcz,check,19
64871.01,1AiAm51ef2JVBarU3ft5KcfY2tKtWn6GsgCjb7okeRgHcz,check,19
64931.02,1AiAm51ef2JVBarU3ft5KcfY2tKtWn6GsgCjb7okeRgHcz,check,19
64991.016,1AiAm51ef2JVBarU3ft5KcfY2tKtWn6GsgCjb7okeRgHcz,check,19
65051.02,1AiAm51ef2JVBarU3ft5KcfY2tKtWn6GsgCjb7okeRgHcz,check,19
65111.016,1AiAm51ef2JVBarU3ft5KcfY2tKtWn6GsgCjb7okeRgHcz,check,19
65171.016,1AiAm51ef2JVBarU3ft5KcfY2tKtWn6GsgCjb7okeRgHcz,check,19
65231.016,1AiAm51ef2JVBarU3ft5KcfY2tKtWn6GsgCjb7okeRgHcz,check,19
65291.016,1AiAm51ef2JVBarU3ft5KcfY2tKtWn6GsgCjb7okeRgHcz,check,19
65351.016,1AiAm51ef2JVBarU3ft5KcfY2tKtWn6GsgCjb7okeRgHcz,check,19
65411.016,1AiAm51ef2JVBarU3ft5KcfY2tKtWn6GsgCjb7okeRgHcz,check,19
65471.016,1AiAm51ef2JVBarU3ft5KcfY2tKtWn6GsgCjb7okeRgHcz,check,19
65531.016,1AiAm51ef2JVBarU3ft5KcfY2tKtWn6GsgCjb7okeRgHcz,check,19
65591.016,1AiAm51ef2JVBarU3ft5KcfY2tKtWn6GsgCjb7okeRgHcz,check,19
65651.016,1AiAm51ef2JVBarU3ft5KcfY2tKtWn6GsgCjb7okeRgHcz,check,19
65711.016,1AiAm51ef2JVBarU3ft5KcfY2tKtWn6GsgCjb7okeRgHcz,check,19
65771.016,1AiAm51ef2JVBarU3ft5KcfY2tKtWn6GsgCjb7okeRgHcz,check,19
65831.016,1AiAm51ef2JVBarU3ft5KcfY2tKtWn6GsgCjb7okeRgHcz,check,19
65891.016,1AiAm51ef2JVBarU3ft5KcfY2tKtWn6GsgCjb7okeRgHcz,check,19
65951.016,1AiAm51ef2JVBarU3ft5KcfY2tKtWn6GsgCjb7okeRgHcz,check,19
66011.016,1AiAm51ef2JVBarU3ft5KcfY2tKtWn6GsgCjb7okeRgHcz,check,19
66071.016,1AiAm51ef2JVBarU3ft5KcfY2tKtWn6GsgCjb7okeRgHcz,check,19
66131.016,1AiAm51ef2JVBarU3ft5KcfY2tKtWn6GsgCjb7okeRgHcz,check,19
66191.016,1AiAm51ef2JVBarU3ft5KcfY2tKtWn6GsgCjb7okeRgHcz,check,19
66251.016,1AiAm51ef2JVBarU3ft5KcfY2tKtWn6GsgCjb7okeRgHcz,check,19
66311.016,1AiAm51ef2JVBarU3ft5KcfY2tKtWn6GsgCjb7okeRgHcz,check,19
66371.016,1AiAm51ef2JVBarU3ft5KcfY2tKtWn6GsgCjb7okeRgHcz,check,19
66431.016,1AiAm51ef2JVBarU3ft5KcfY2tKtWn6GsgCjb7okeRgHcz,check,19
66491.016,1AiAm51ef2JVBarU3ft5KcfY2tKtWn6GsgCjb7okeRgHcz,check,19
66551.016,1AiAm51ef2JVBarU3ft5KcfY2tKtWn6GsgCjb7okeRgHcz,check,19
66611.016,1AiAm51ef2JVBarU3ft5KcfY2tKtWn6GsgCjb7okeRgHcz,check,19
66671.016,1AiAm51ef2JVBarU3ft5KcfY2tKtWn6GsgCjb7okeRgHcz,check,19
66731.016,1AiAm51ef2JVBarU3ft5KcfY2tKtWn6GsgCjb7okeRgHcz,check,19
66791.016,1AiAm51ef2JVBarU3ft5KcfY2tKtWn6GsgCjb7okeRgHcz,check,19
66851.016,1AiAm51ef2JVBarU3ft5KcfY2tKtWn6GsgCjb7okeRgHcz,check,19
66911.016,1AiAm51ef2JVBarU3ft5KcfY2tKtWn6GsgCjb7okeRgHcz,check,19
66971.016,1AiAm51ef2JVBarU3ft5KcfY2tKtWn6GsgCjb7okeRgHcz,check,19
67031.016,1AiAm51ef2JVBarU3ft5KcfY2tKtWn6GsgCjb7okeRgHcz,check,19
67091.01,1AiAm51ef2JVBarU3ft5KcfY2tKtWn6GsgCjb7okeRgHcz,check,19
67151.016,1AiAm51ef2JVBarU3ft5KcfY2tKtWn6GsgCjb7okeRgHcz,check,19
67211.016,1AiAm51ef2JVBarU3ft5KcfY2tKtWn6GsgCjb7okeRgHcz,check,19
67271.016,1AiAm51ef2JVBarU3ft5KcfY2tKtWn6GsgCjb7okeRgHcz,check,19
67331.016,1AiAm51ef2JVBarU3ft5KcfY2tKtWn6GsgCjb7okeRgHcz,check,19
67391.016,1AiAm51ef2JVBarU3ft5KcfY2tKtWn6GsgCjb7okeRgHcz,check,19
67451.016,1AiAm51ef2JVBarU3ft5KcfY2tKtWn6GsgCjb7okeRgHcz,check,19
67511.016,1AiAm51ef2JVBarU3ft5KcfY2tKtWn6GsgCjb7okeRgHcz,check,19
67571.016,1AiAm51ef2JVBarU3ft5KcfY2tKtWn6GsgCjb7okeRgHcz,check,19
67631.016,1AiAm51ef2JVBarU3ft5KcfY2tKtWn6GsgCjb7okeRgHcz,check,19
67691.016,1AiAm51ef2JVBarU3ft5KcfY2tKtWn6GsgCjb7okeRgHcz,check,19
67751.016,1AiAm51ef2JVBarU3ft5KcfY2tKtWn6GsgCjb7okeRgHcz,check,19
67811.016,1AiAm51ef2JVBarU3ft5KcfY2tKtWn6GsgCjb7okeRgHcz,check,19
67871.02,1AiAm51ef2JVBarU3ft5KcfY2tKtWn6GsgCjb7okeRgHcz,check,19
67931.016,1AiAm51ef2JVBarU3ft5KcfY2tKtWn6GsgCjb7okeRgHcz,check,19
67991.016,1AiAm51ef2JVBarU3ft5KcfY2tKtWn6GsgCjb7okeRgHcz,check,19
68051.016,1AiAm51ef2JVBarU3ft5KcfY2tKtWn6GsgCjb7okeRgHcz,check,19
68111.016,1AiAm51ef2JVBarU3ft5KcfY2tKtWn6GsgCjb7okeRgHcz,check,19
68171.016,1AiAm51ef2JVBarU3ft5KcfY2tKtWn6GsgCjb7okeRgHcz,check,19
68231.016,1AiAm51ef2JVBarU3ft5KcfY2tKtWn6GsgCjb7okeRgHcz,check,19
68291.016,1AiAm51ef2JVBarU3ft5KcfY2tKtWn6GsgCjb7okeRgHcz,check,19
68351.016,1AiAm51ef2JVBarU3ft5KcfY2tKtWn6GsgCjb7okeRgHcz,check,19
68411.016,1AiAm51ef2JVBarU3ft5KcfY2tKtWn6GsgCjb7okeRgHcz,check,19
68471.016,1AiAm51ef2JVBarU3ft5KcfY2tKtWn6GsgCjb7okeRgHcz,check,19
68531.016,1AiAm51ef2JVBarU3ft5KcfY2tKtWn6GsgCjb7okeRgHcz,check,19
68591.01,1AiAm51ef2JVBarU3ft5KcfY2tKtWn6GsgCjb7okeRgHcz,check,19
68651.016,1AiAm51ef2JVBarU3ft5KcfY2tKtWn6GsgCjb7okeRgHcz,check,19
68711.016,1AiAm51ef2JVBarU3ft5KcfY2tKtWn6GsgCjb7okeRgHcz,check,19
68771.016,1AiAm51ef2JVBarU3ft5KcfY2tKtWn6GsgCjb7okeRgHcz,check,19
68831.016,1AiAm51ef2JVBarU3ft5KcfY2tKtWn6GsgCjb7okeRgHcz,check,19
68891.016,1AiAm51ef2JVBarU3ft5KcfY2tKtWn6GsgCjb7okeRgHcz,check,19
68951.016,1AiAm51ef2JVBarU3ft5KcfY2tKtWn6GsgCjb7okeRgHcz,check,19
69011.016,1AiAm51ef2JVBarU3ft5KcfY2tKtWn6GsgCjb7okeRgHcz,check,19
69071.016,1AiAm51ef2JVBarU3ft5KcfY2tKtWn6GsgCjb7okeRgHcz,check,19
69131.016,1AiAm51ef2JVBarU3ft5KcfY2tKtWn6GsgCjb7okeRgHcz,check,19
69191.016,1AiAm51ef2JVBarU3ft5KcfY2tKtWn6GsgCjb7okeRgHcz,check,19
69251.016,1AiAm51ef2JVBarU3ft5KcfY2tKtWn6GsgCjb7okeRgHcz,check,19
69311.016,1AiAm51ef2JVBarU3ft5KcfY2tKtWn6GsgCjb7okeRgHcz,check,19
69371.016,1AiAm51ef2JVBarU3ft5KcfY2tKtWn6GsgCjb7okeRgHcz,check,19
69431.016,1AiAm51ef2JVBarU3ft5KcfY2tKtWn6GsgCjb7okeRgHcz,check,19
69491.016,1AiAm51ef2JVBarU3ft5KcfY2tKtWn6GsgCjb7okeRgHcz,check,19
69551.016,1AiAm51ef2JVBarU3ft5KcfY2tKtWn6GsgCjb7okeRgHcz,check,19
69611.016,1AiAm51ef2JVBarU3ft5KcfY2tKtWn6GsgCjb7okeRgHcz,check,19
69671.016,1AiAm51ef2JVBarU3ft5KcfY2tKtWn6GsgCjb7okeRgHcz,check,19
69731.016,1AiAm51ef2JVBarU3ft5KcfY2tKtWn6GsgCjb7okeRgHcz,check,19
69791.016,1AiAm51ef2JVBarU3ft5KcfY2tKtWn6GsgCjb7okeRgHcz,check,19
69851.016,1AiAm51ef2JVBarU3ft5KcfY2tKtWn6GsgCjb7okeRgHcz,check,19
69911.016,1AiAm51ef2JVBarU3ft5KcfY2tKtWn6GsgCjb7okeRgHcz,check,19
69971.016,1AiAm51ef2JVBarU3ft5KcfY2tKtWn6GsgCjb7okeRgHcz,check,19
70031.016,1AiAm51ef2JVBarU3ft5KcfY2tKtWn6GsgCjb7okeRgHcz,check,19
70091.016,1AiAm51ef2JVBarU3ft5KcfY2tKtWn6GsgCjb7okeRgHcz,check,19
70151.016,1AiAm51ef2JVBarU3ft5KcfY2tKtWn6GsgCjb7okeRgHcz,check,19
70211.016,1AiAm51ef2JVBarU3ft5KcfY2tKtWn6GsgCjb7okeRgHcz,check,19
70271.016,1AiAm51ef2JVBarU3ft5KcfY2tKtWn6GsgCjb7okeRgHcz,check,19
70331.016,1AiAm51ef2JVBarU3ft5KcfY2tKtWn6GsgCjb7okeRgHcz,check,18
70391.016,1AiAm51ef2JVBarU3ft5KcfY2tKtWn6GsgCjb7okeRgHcz,check,18
70451.016,1AiAm51ef2JVBarU3ft5KcfY2tKtWn6GsgCjb7okeRgHcz,check,18
70511.016,1AiAm51ef2JVBarU3ft5KcfY2tKtWn6GsgCjb7okeRgHcz,check,18
70571.016,1AiAm51ef2JVBarU3ft5KcfY2tKtWn6GsgCjb7okeRgHcz,check,18
70631.016,1AiAm51ef2JVBarU3ft5KcfY2tKtWn6GsgCjb7okeRgHcz,check,18
70691.016,1AiAm51ef2JVBarU3ft5KcfY2tKtWn6GsgCjb7okeRgHcz,check,18
70751.016,1AiAm51ef2JVBarU3ft5KcfY2tKtWn6GsgCjb7okeRgHcz,check,18
70811.01,1AiAm51ef2JVBarU3ft5KcfY2tKtWn6GsgCjb7okeRgHcz,check,18
70871.016,1AiAm51ef2JVBarU3ft5KcfY2tKtWn6GsgCjb7okeRgHcz,check,19
70931.016,1AiAm51ef2JVBarU3ft5KcfY2tKtWn6GsgCjb7okeRgHcz,check,19
70991.016,1AiAm51ef2JVBarU3ft5KcfY2tKtWn6GsgCjb7okeRgHcz,check,19
71051.016,1AiAm51ef2JVBarU3ft5KcfY2tKtWn6GsgCjb7okeRgHcz,check,19
71111.016,1AiAm51ef2JVBarU3ft5KcfY2tKtWn6GsgCjb7okeRgHcz,check,19
71171.016,1AiAm51ef2JVBarU3ft5KcfY2tKtWn6GsgCjb7okeRgHcz,check,19
71231.016,1AiAm51ef2JVBarU3ft5KcfY2tKtWn6GsgCjb7okeRgHcz,check,19
71291.016,1AiAm51ef2JVBarU3ft5KcfY2tKtWn6GsgCjb7okeRgHcz,check,19
71351.016,1AiAm51ef2JVBarU3ft5KcfY2tKtWn6GsgCjb7okeRgHcz,check,19
71411.016,1AiAm51ef2JVBarU3ft5KcfY2tKtWn6GsgCjb7okeRgHcz,check,19
71471.016,1AiAm51ef2JVBarU3ft5KcfY2tKtWn6GsgCjb7okeRgHcz,check,19
71531.016,1AiAm51ef2JVBarU3ft5KcfY2tKtWn6GsgCjb7okeRgHcz,check,19
71591.016,1AiAm51ef2JVBarU3ft5KcfY2tKtWn6GsgCjb7okeRgHcz,check,19
71641.54,1AiAm51ef2JVBarU3ft5KcfY2tKtWn6GsgCjb7okeRgHcz,check,19
71701.37,1AiAm51ef2JVBarU3ft5KcfY2tKtWn6GsgCjb7okeRgHcz,check,19
71771.016,1AiAm51ef2JVBarU3ft5KcfY2tKtWn6GsgCjb7okeRgHcz,check,19
71831.016,1AiAm51ef2JVBarU3ft5KcfY2tKtWn6GsgCjb7okeRgHcz,check,19
71891.016,1AiAm51ef2JVBarU3ft5KcfY2tKtWn6GsgCjb7okeRgHcz,check,19
71951.02,1AiAm51ef2JVBarU3ft5KcfY2tKtWn6GsgCjb7okeRgHcz,check,19
