71.0043,1AgfoJJ47gK3Xszfg2dcHCJXXmctSYxKRiorWCXwNvReki,check,19
131.01395,1AgfoJJ47gK3Xszfg2dcHCJXXmctSYxKRiorWCXwNvReki,check,18
191.00783,1AgfoJJ47gK3Xszfg2dcHCJXXmctSYxKRiorWCXwNvReki,check,19
251.01768,1AgfoJJ47gK3Xszfg2dcHCJXXmctSYxKRiorWCXwNvReki,check,17
311.00778,1AgfoJJ47gK3Xszfg2dcHCJXXmctSYxKRiorWCXwNvReki,check,18
371.0157,1AgfoJJ47gK3Xszfg2dcHCJXXmctSYxKRiorWCXwNvReki,check,15
431.00696,1AgfoJJ47gK3Xszfg2dcHCJXXmctSYxKRiorWCXwNvReki,check,17
491.01312,1AgfoJJ47gK3Xszfg2dcHCJXXmctSYxKRiorWCXwNvReki,check,12
551.0311,1AgfoJJ47gK3Xszfg2dcHCJXXmctSYxKRiorWCXwNvReki,check,14
611.01447,1AgfoJJ47gK3Xszfg2dcHCJXXmctSYxKRiorWCXwNvReki,check,18
671.009,1AgfoJJ47gK3Xszfg2dcHCJXXmctSYxKRiorWCXwNvReki,check,17
731.01697,1AgfoJJ47gK3Xszfg2dcHCJXXmctSYxKRiorWCXwNvReki,check,15
791.00775,1AgfoJJ47gK3Xszfg2dcHCJXXmctSYxKRiorWCXwNvReki,check,18
851.00604,1AgfoJJ47gK3Xszfg2dcHCJXXmctSYxKRiorWCXwNvReki,check,18
911.00543,1AgfoJJ47gK3Xszfg2dcHCJXXmctSYxKRiorWCXwNvReki,check,19
971.0053,1AgfoJJ47gK3Xszfg2dcHCJXXmctSYxKRiorWCXwNvReki,check,18
1031.0052,1AgfoJJ47gK3Xszfg2dcHCJXXmctSYxKRiorWCXwNvReki,check,17
1091.01,1AgfoJJ47gK3Xszfg2dcHCJXXmctSYxKRiorWCXwNvReki,check,15
1151.0076,1AgfoJJ47gK3Xszfg2dcHCJXXmctSYxKRiorWCXwNvReki,check,11
1211.0106,1AgfoJJ47gK3Xszfg2dcHCJXXmctSYxKRiorWCXwNvReki,check,8
1271.0115,1AgfoJJ47gK3Xszfg2dcHCJXXmctSYxKRiorWCXwNvReki,check,7
1331.0099,1AgfoJJ47gK3Xszfg2dcHCJXXmctSYxKRiorWCXwNvReki,check,15
1391.0049,1AgfoJJ47gK3Xszfg2dcHCJXXmctSYxKRiorWCXwNvReki,check,17
1451.0057,1AgfoJJ47gK3Xszfg2dcHCJXXmctSYxKRiorWCXwNvReki,check,18
1511.0063,1AgfoJJ47gK3Xszfg2dcHCJXXmctSYxKRiorWCXwNvReki,check,17
1571.0043,1AgfoJJ47gK3Xszfg2dcHCJXXmctSYxKRiorWCXwNvReki,check,18
1631.0026,1AgfoJJ47gK3Xszfg2dcHCJXXmctSYxKRiorWCXwNvReki,check,19
1691.0037,1AgfoJJ47gK3Xszfg2dcHCJXXmctSYxKRiorWCXwNvReki,check,19
1751.0039,1AgfoJJ47gK3Xszfg2dcHCJXXmctSYxKRiorWCXwNvReki,check,17
1811.0084,1AgfoJJ47gK3Xszfg2dcHCJXXmctSYxKRiorWCXwNvReki,check,17
1871.0101,1AgfoJJ47gK3Xszfg2dcHCJXXmctSYxKRiorWCXwNvReki,check,16
1931.0073,1AgfoJJ47gK3Xszfg2dcHCJXXmctSYxKRiorWCXwNvReki,check,17
1991.0046,1AgfoJJ47gK3Xszfg2dcHCJXXmctSYxKRiorWCXwNvReki,check,17
2051.0093,1AgfoJJ47gK3Xszfg2dcHCJXXmctSYxKRiorWCXwNvReki,check,13
2111.0117,1AgfoJJ47gK3Xszfg2dcHCJXXmctSYxKRiorWCXwNvReki,check,18
2171.0095,1AgfoJJ47gK3Xszfg2dcHCJXXmctSYxKRiorWCXwNvReki,check,17
2231.0107,1AgfoJJ47gK3Xszfg2dcHCJXXmctSYxKRiorWCXwNvReki,check,19
2291.0132,1AgfoJJ47gK3Xszfg2dcHCJXXmctSYxKRiorWCXwNvReki,check,16
2351.0032,1AgfoJJ47gK3Xszfg2dcHCJXXmctSYxKRiorWCXwNvReki,check,19
2411.006,1AgfoJJ47gK3Xszfg2dcHCJXXmctSYxKRiorWCXwNvReki,check,19
2471.0037,1AgfoJJ47gK3Xszfg2dcHCJXXmctSYxKRiorWCXwNvReki,check,17
2531.007,1AgfoJJ47gK3Xszfg2dcHCJXXmctSYxKRiorWCXwNvReki,check,17
2591.0112,1AgfoJJ47gK3Xszfg2dcHCJXXmctSYxKRiorWCXwNvReki,check,16
2651.0059,1AgfoJJ47gK3Xszfg2dcHCJXXmctSYxKRiorWCXwNvReki,check,15
2711.0076,1AgfoJJ47gK3Xszfg2dcHCJXXmctSYxKRiorWCXwNvReki,check,16
2771.012,1AgfoJJ47gK3Xszfg2dcHCJXXmctSYxKRiorWCXwNvReki,check,11
2831.0056,1AgfoJJ47gK3Xszfg2dcHCJXXmctSYxKRiorWCXwNvReki,check,17
2891.0027,1AgfoJJ47gK3Xszfg2dcHCJXXmctSYxKRiorWCXwNvReki,check,19
2951.0044,1AgfoJJ47gK3Xszfg2dcHCJXXmctSYxKRiorWCXwNvReki,check,17
3011.0051,1AgfoJJ47gK3Xszfg2dcHCJXXmctSYxKRiorWCXwNvReki,check,19
3071.0098,1AgfoJJ47gK3Xszfg2dcHCJXXmctSYxKRiorWCXwNvReki,check,18
3131.0046,1AgfoJJ47gK3Xszfg2dcHCJXXmctSYxKRiorWCXwNvReki,check,19
3191.0056,1AgfoJJ47gK3Xszfg2dcHCJXXmctSYxKRiorWCXwNvReki,check,19
3251.0042,1AgfoJJ47gK3Xszfg2dcHCJXXmctSYxKRiorWCXwNvReki,check,19
3311.01,1AgfoJJ47gK3Xszfg2dcHCJXXmctSYxKRiorWCXwNvReki,check,15
3371.0044,1AgfoJJ47gK3Xszfg2dcHCJXXmctSYxKRiorWCXwNvReki,check,19
3431.0083,1AgfoJJ47gK3Xszfg2dcHCJXXmctSYxKRiorWCXwNvReki,check,17
3491.0056,1AgfoJJ47gK3Xszfg2dcHCJXXmctSYxKRiorWCXwNvReki,check,16
3551.0054,1AgfoJJ47gK3Xszfg2dcHCJXXmctSYxKRiorWCXwNvReki,check,16
3611.0068,1AgfoJJ47gK3Xszfg2dcHCJXXmctSYxKRiorWCXwNvReki,check,12
3671.0063,1AgfoJJ47gK3Xszfg2dcHCJXXmctSYxKRiorWCXwNvReki,check,19
3731.0054,1AgfoJJ47gK3Xszfg2dcHCJXXmctSYxKRiorWCXwNvReki,check,18
3791.0059,1AgfoJJ47gK3Xszfg2dcHCJXXmctSYxKRiorWCXwNvReki,check,18
3851.0105,1AgfoJJ47gK3Xszfg2dcHCJXXmctSYxKRiorWCXwNvReki,check,17
3911.0083,1AgfoJJ47gK3Xszfg2dcHCJXXmctSYxKRiorWCXwNvReki,check,18
3971.0093,1AgfoJJ47gK3Xszfg2dcHCJXXmctSYxKRiorWCXwNvReki,check,18
4031.0103,1AgfoJJ47gK3Xszfg2dcHCJXXmctSYxKRiorWCXwNvReki,check,19
4091.0066,1AgfoJJ47gK3Xszfg2dcHCJXXmctSYxKRiorWCXwNvReki,check,16
4151.0107,1AgfoJJ47gK3Xszfg2dcHCJXXmctSYxKRiorWCXwNvReki,check,14
4211.0063,1AgfoJJ47gK3Xszfg2dcHCJXXmctSYxKRiorWCXwNvReki,check,19
4271.006,1AgfoJJ47gK3Xszfg2dcHCJXXmctSYxKRiorWCXwNvReki,check,17
4331.011,1AgfoJJ47gK3Xszfg2dcHCJXXmctSYxKRiorWCXwNvReki,check,12
4391.0083,1AgfoJJ47gK3Xszfg2dcHCJXXmctSYxKRiorWCXwNvReki,check,15
4451.005,1AgfoJJ47gK3Xszfg2dcHCJXXmctSYxKRiorWCXwNvReki,check,19
4511.003,1AgfoJJ47gK3Xszfg2dcHCJXXmctSYxKRiorWCXwNvReki,check,18
4571.0034,1AgfoJJ47gK3Xszfg2dcHCJXXmctSYxKRiorWCXwNvReki,check,19
4631.0083,1AgfoJJ47gK3Xszfg2dcHCJXXmctSYxKRiorWCXwNvReki,check,19
4691.0063,1AgfoJJ47gK3Xszfg2dcHCJXXmctSYxKRiorWCXwNvReki,check,19
4751.0073,1AgfoJJ47gK3Xszfg2dcHCJXXmctSYxKRiorWCXwNvReki,check,19
4811.0034,1AgfoJJ47gK3Xszfg2dcHCJXXmctSYxKRiorWCXwNvReki,check,19
4871.006,1AgfoJJ47gK3Xszfg2dcHCJXXmctSYxKRiorWCXwNvReki,check,19
4931.007,1AgfoJJ47gK3Xszfg2dcHCJXXmctSYxKRiorWCXwNvReki,check,18
4991.008,1AgfoJJ47gK3Xszfg2dcHCJXXmctSYxKRiorWCXwNvReki,check,17
5051.003,1AgfoJJ47gK3Xszfg2dcHCJXXmctSYxKRiorWCXwNvReki,check,17
5111.0103,1AgfoJJ47gK3Xszfg2dcHCJXXmctSYxKRiorWCXwNvReki,check,14
5171.011,1AgfoJJ47gK3Xszfg2dcHCJXXmctSYxKRiorWCXwNvReki,check,15
5231.0063,1AgfoJJ47gK3Xszfg2dcHCJXXmctSYxKRiorWCXwNvReki,check,19
5291.006,1AgfoJJ47gK3Xszfg2dcHCJXXmctSYxKRiorWCXwNvReki,check,19
5351.006,1AgfoJJ47gK3Xszfg2dcHCJXXmctSYxKRiorWCXwNvReki,check,18
5411.0054,1AgfoJJ47gK3Xszfg2dcHCJXXmctSYxKRiorWCXwNvReki,check,19
5471.0063,1AgfoJJ47gK3Xszfg2dcHCJXXmctSYxKRiorWCXwNvReki,check,18
5531.005,1AgfoJJ47gK3Xszfg2dcHCJXXmctSYxKRiorWCXwNvReki,check,19
5591.0034,1AgfoJJ47gK3Xszfg2dcHCJXXmctSYxKRiorWCXwNvReki,check,19
5651.0044,1AgfoJJ47gK3Xszfg2dcHCJXXmctSYxKRiorWCXwNvReki,check,18
5711.0083,1AgfoJJ47gK3Xszfg2dcHCJXXmctSYxKRiorWCXwNvReki,check,16
5771.0127,1AgfoJJ47gK3Xszfg2dcHCJXXmctSYxKRiorWCXwNvReki,check,18
5831.006,1AgfoJJ47gK3Xszfg2dcHCJXXmctSYxKRiorWCXwNvReki,check,16
5891.0063,1AgfoJJ47gK3Xszfg2dcHCJXXmctSYxKRiorWCXwNvReki,check,18
5951.0093,1AgfoJJ47gK3Xszfg2dcHCJXXmctSYxKRiorWCXwNvReki,check,14
6011.008,1AgfoJJ47gK3Xszfg2dcHCJXXmctSYxKRiorWCXwNvReki,check,19
6071.008,1AgfoJJ47gK3Xszfg2dcHCJXXmctSYxKRiorWCXwNvReki,check,18
6131.008,1AgfoJJ47gK3Xszfg2dcHCJXXmctSYxKRiorWCXwNvReki,check,18
6191.005,1AgfoJJ47gK3Xszfg2dcHCJXXmctSYxKRiorWCXwNvReki,check,19
6251.008,1AgfoJJ47gK3Xszfg2dcHCJXXmctSYxKRiorWCXwNvReki,check,19
6311.0054,1AgfoJJ47gK3Xszfg2dcHCJXXmctSYxKRiorWCXwNvReki,check,19
6371.005,1AgfoJJ47gK3Xszfg2dcHCJXXmctSYxKRiorWCXwNvReki,check,18
6431.009,1AgfoJJ47gK3Xszfg2dcHCJXXmctSYxKRiorWCXwNvReki,check,18
6491.005,1AgfoJJ47gK3Xszfg2dcHCJXXmctSYxKRiorWCXwNvReki,check,19
6551.005,1AgfoJJ47gK3Xszfg2dcHCJXXmctSYxKRiorWCXwNvReki,check,18
6611.0054,1AgfoJJ47gK3Xszfg2dcHCJXXmctSYxKRiorWCXwNvReki,check,18
6671.0117,1AgfoJJ47gK3Xszfg2dcHCJXXmctSYxKRiorWCXwNvReki,check,16
6731.0093,1AgfoJJ47gK3Xszfg2dcHCJXXmctSYxKRiorWCXwNvReki,check,17
6791.009,1AgfoJJ47gK3Xszfg2dcHCJXXmctSYxKRiorWCXwNvReki,check,18
6851.005,1AgfoJJ47gK3Xszfg2dcHCJXXmctSYxKRiorWCXwNvReki,check,18
6911.0093,1AgfoJJ47gK3Xszfg2dcHCJXXmctSYxKRiorWCXwNvReki,check,14
6971.0044,1AgfoJJ47gK3Xszfg2dcHCJXXmctSYxKRiorWCXwNvReki,check,18
7031.006,1AgfoJJ47gK3Xszfg2dcHCJXXmctSYxKRiorWCXwNvReki,check,19
7091.007,1AgfoJJ47gK3Xszfg2dcHCJXXmctSYxKRiorWCXwNvReki,check,19
7151.007,1AgfoJJ47gK3Xszfg2dcHCJXXmctSYxKRiorWCXwNvReki,check,18
7211.0117,1AgfoJJ47gK3Xszfg2dcHCJXXmctSYxKRiorWCXwNvReki,check,17
7271.0073,1AgfoJJ47gK3Xszfg2dcHCJXXmctSYxKRiorWCXwNvReki,check,16
7331.0054,1AgfoJJ47gK3Xszfg2dcHCJXXmctSYxKRiorWCXwNvReki,check,17
7391.0107,1AgfoJJ47gK3Xszfg2dcHCJXXmctSYxKRiorWCXwNvReki,check,12
7451.0054,1AgfoJJ47gK3Xszfg2dcHCJXXmctSYxKRiorWCXwNvReki,check,15
7511.0137,1AgfoJJ47gK3Xszfg2dcHCJXXmctSYxKRiorWCXwNvReki,check,15
7571.005,1AgfoJJ47gK3Xszfg2dcHCJXXmctSYxKRiorWCXwNvReki,check,19
7631.006,1AgfoJJ47gK3Xszfg2dcHCJXXmctSYxKRiorWCXwNvReki,check,18
7691.0044,1AgfoJJ47gK3Xszfg2dcHCJXXmctSYxKRiorWCXwNvReki,check,19
7751.005,1AgfoJJ47gK3Xszfg2dcHCJXXmctSYxKRiorWCXwNvReki,check,19
7811.0044,1AgfoJJ47gK3Xszfg2dcHCJXXmctSYxKRiorWCXwNvReki,check,19
7871.0093,1AgfoJJ47gK3Xszfg2dcHCJXXmctSYxKRiorWCXwNvReki,check,17
7931.0054,1AgfoJJ47gK3Xszfg2dcHCJXXmctSYxKRiorWCXwNvReki,check,19
7991.004,1AgfoJJ47gK3Xszfg2dcHCJXXmctSYxKRiorWCXwNvReki,check,19
8051.0073,1AgfoJJ47gK3Xszfg2dcHCJXXmctSYxKRiorWCXwNvReki,check,17
8111.009,1AgfoJJ47gK3Xszfg2dcHCJXXmctSYxKRiorWCXwNvReki,check,12
8171.0083,1AgfoJJ47gK3Xszfg2dcHCJXXmctSYxKRiorWCXwNvReki,check,12
8231.011,1AgfoJJ47gK3Xszfg2dcHCJXXmctSYxKRiorWCXwNvReki,check,12
8291.0205,1AgfoJJ47gK3Xszfg2dcHCJXXmctSYxKRiorWCXwNvReki,check,8
8351.007,1AgfoJJ47gK3Xszfg2dcHCJXXmctSYxKRiorWCXwNvReki,check,19
8411.005,1AgfoJJ47gK3Xszfg2dcHCJXXmctSYxKRiorWCXwNvReki,check,18
8471.005,1AgfoJJ47gK3Xszfg2dcHCJXXmctSYxKRiorWCXwNvReki,check,19
8531.007,1AgfoJJ47gK3Xszfg2dcHCJXXmctSYxKRiorWCXwNvReki,check,18
8591.006,1AgfoJJ47gK3Xszfg2dcHCJXXmctSYxKRiorWCXwNvReki,check,19
8651.005,1AgfoJJ47gK3Xszfg2dcHCJXXmctSYxKRiorWCXwNvReki,check,19
8711.004,1AgfoJJ47gK3Xszfg2dcHCJXXmctSYxKRiorWCXwNvReki,check,17
8771.005,1AgfoJJ47gK3Xszfg2dcHCJXXmctSYxKRiorWCXwNvReki,check,18
8831.004,1AgfoJJ47gK3Xszfg2dcHCJXXmctSYxKRiorWCXwNvReki,check,18
8891.013,1AgfoJJ47gK3Xszfg2dcHCJXXmctSYxKRiorWCXwNvReki,check,16
8951.009,1AgfoJJ47gK3Xszfg2dcHCJXXmctSYxKRiorWCXwNvReki,check,17
9011.011,1AgfoJJ47gK3Xszfg2dcHCJXXmctSYxKRiorWCXwNvReki,check,15
9071.01,1AgfoJJ47gK3Xszfg2dcHCJXXmctSYxKRiorWCXwNvReki,check,9
9131.011,1AgfoJJ47gK3Xszfg2dcHCJXXmctSYxKRiorWCXwNvReki,check,16
9191.007,1AgfoJJ47gK3Xszfg2dcHCJXXmctSYxKRiorWCXwNvReki,check,19
9251.005,1AgfoJJ47gK3Xszfg2dcHCJXXmctSYxKRiorWCXwNvReki,check,18
9311.004,1AgfoJJ47gK3Xszfg2dcHCJXXmctSYxKRiorWCXwNvReki,check,19
9371.01,1AgfoJJ47gK3Xszfg2dcHCJXXmctSYxKRiorWCXwNvReki,check,17
9431.007,1AgfoJJ47gK3Xszfg2dcHCJXXmctSYxKRiorWCXwNvReki,check,19
9491.004,1AgfoJJ47gK3Xszfg2dcHCJXXmctSYxKRiorWCXwNvReki,check,19
9551.012,1AgfoJJ47gK3Xszfg2dcHCJXXmctSYxKRiorWCXwNvReki,check,17
9611.009,1AgfoJJ47gK3Xszfg2dcHCJXXmctSYxKRiorWCXwNvReki,check,14
9671.007,1AgfoJJ47gK3Xszfg2dcHCJXXmctSYxKRiorWCXwNvReki,check,16
9731.006,1AgfoJJ47gK3Xszfg2dcHCJXXmctSYxKRiorWCXwNvReki,check,14
9791.011,1AgfoJJ47gK3Xszfg2dcHCJXXmctSYxKRiorWCXwNvReki,check,10
9851.01,1AgfoJJ47gK3Xszfg2dcHCJXXmctSYxKRiorWCXwNvReki,check,10
9911.005,1AgfoJJ47gK3Xszfg2dcHCJXXmctSYxKRiorWCXwNvReki,check,18
9971.004,1AgfoJJ47gK3Xszfg2dcHCJXXmctSYxKRiorWCXwNvReki,check,19
10031.008,1AgfoJJ47gK3Xszfg2dcHCJXXmctSYxKRiorWCXwNvReki,check,17
10091.005,1AgfoJJ47gK3Xszfg2dcHCJXXmctSYxKRiorWCXwNvReki,check,19
10151.011,1AgfoJJ47gK3Xszfg2dcHCJXXmctSYxKRiorWCXwNvReki,check,17
10211.008,1AgfoJJ47gK3Xszfg2dcHCJXXmctSYxKRiorWCXwNvReki,check,17
10271.008,1AgfoJJ47gK3Xszfg2dcHCJXXmctSYxKRiorWCXwNvReki,check,15
10331.007,1AgfoJJ47gK3Xszfg2dcHCJXXmctSYxKRiorWCXwNvReki,check,9
10391.006,1AgfoJJ47gK3Xszfg2dcHCJXXmctSYxKRiorWCXwNvReki,check,6
10451.006,1AgfoJJ47gK3Xszfg2dcHCJXXmctSYxKRiorWCXwNvReki,check,7
10511.01,1AgfoJJ47gK3Xszfg2dcHCJXXmctSYxKRiorWCXwNvReki,check,8
10571.011,1AgfoJJ47gK3Xszfg2dcHCJXXmctSYxKRiorWCXwNvReki,check,7
10631.011,1AgfoJJ47gK3Xszfg2dcHCJXXmctSYxKRiorWCXwNvReki,check,5
10691.007,1AgfoJJ47gK3Xszfg2dcHCJXXmctSYxKRiorWCXwNvReki,check,18
10751.005,1AgfoJJ47gK3Xszfg2dcHCJXXmctSYxKRiorWCXwNvReki,check,19
10811.01,1AgfoJJ47gK3Xszfg2dcHCJXXmctSYxKRiorWCXwNvReki,check,17
10871.007,1AgfoJJ47gK3Xszfg2dcHCJXXmctSYxKRiorWCXwNvReki,check,19
10931.011,1AgfoJJ47gK3Xszfg2dcHCJXXmctSYxKRiorWCXwNvReki,check,15
10991.006,1AgfoJJ47gK3Xszfg2dcHCJXXmctSYxKRiorWCXwNvReki,check,17
11051.004,1AgfoJJ47gK3Xszfg2dcHCJXXmctSYxKRiorWCXwNvReki,check,19
11111.008,1AgfoJJ47gK3Xszfg2dcHCJXXmctSYxKRiorWCXwNvReki,check,16
11171.004,1AgfoJJ47gK3Xszfg2dcHCJXXmctSYxKRiorWCXwNvReki,check,16
11231.012,1AgfoJJ47gK3Xszfg2dcHCJXXmctSYxKRiorWCXwNvReki,check,15
11291.01,1AgfoJJ47gK3Xszfg2dcHCJXXmctSYxKRiorWCXwNvReki,check,14
11351.011,1AgfoJJ47gK3Xszfg2dcHCJXXmctSYxKRiorWCXwNvReki,check,16
11411.01,1AgfoJJ47gK3Xszfg2dcHCJXXmctSYxKRiorWCXwNvReki,check,9
11471.011,1AgfoJJ47gK3Xszfg2dcHCJXXmctSYxKRiorWCXwNvReki,check,16
11531.004,1AgfoJJ47gK3Xszfg2dcHCJXXmctSYxKRiorWCXwNvReki,check,19
11591.01,1AgfoJJ47gK3Xszfg2dcHCJXXmctSYxKRiorWCXwNvReki,check,18
11651.004,1AgfoJJ47gK3Xszfg2dcHCJXXmctSYxKRiorWCXwNvReki,check,18
11711.005,1AgfoJJ47gK3Xszfg2dcHCJXXmctSYxKRiorWCXwNvReki,check,19
11771.004,1AgfoJJ47gK3Xszfg2dcHCJXXmctSYxKRiorWCXwNvReki,check,19
11831.011,1AgfoJJ47gK3Xszfg2dcHCJXXmctSYxKRiorWCXwNvReki,check,18
11891.008,1AgfoJJ47gK3Xszfg2dcHCJXXmctSYxKRiorWCXwNvReki,check,16
11951.009,1AgfoJJ47gK3Xszfg2dcHCJXXmctSYxKRiorWCXwNvReki,check,15
12011.01,1AgfoJJ47gK3Xszfg2dcHCJXXmctSYxKRiorWCXwNvReki,check,12
12071.01,1AgfoJJ47gK3Xszfg2dcHCJXXmctSYxKRiorWCXwNvReki,check,15
12131.011,1AgfoJJ47gK3Xszfg2dcHCJXXmctSYxKRiorWCXwNvReki,check,11
12191.011,1AgfoJJ47gK3Xszfg2dcHCJXXmctSYxKRiorWCXwNvReki,check,11
12251.006,1AgfoJJ47gK3Xszfg2dcHCJXXmctSYxKRiorWCXwNvReki,check,17
12311.004,1AgfoJJ47gK3Xszfg2dcHCJXXmctSYxKRiorWCXwNvReki,check,18
12371.006,1AgfoJJ47gK3Xszfg2dcHCJXXmctSYxKRiorWCXwNvReki,check,18
12431.004,1AgfoJJ47gK3Xszfg2dcHCJXXmctSYxKRiorWCXwNvReki,check,18
12491.005,1AgfoJJ47gK3Xszfg2dcHCJXXmctSYxKRiorWCXwNvReki,check,18
12551.024,1AgfoJJ47gK3Xszfg2dcHCJXXmctSYxKRiorWCXwNvReki,check,17
12611.008,1AgfoJJ47gK3Xszfg2dcHCJXXmctSYxKRiorWCXwNvReki,check,17
12671.01,1AgfoJJ47gK3Xszfg2dcHCJXXmctSYxKRiorWCXwNvReki,check,15
12731.013,1AgfoJJ47gK3Xszfg2dcHCJXXmctSYxKRiorWCXwNvReki,check,16
12791.005,1AgfoJJ47gK3Xszfg2dcHCJXXmctSYxKRiorWCXwNvReki,check,17
12851.01,1AgfoJJ47gK3Xszfg2dcHCJXXmctSYxKRiorWCXwNvReki,check,13
12911.012,1AgfoJJ47gK3Xszfg2dcHCJXXmctSYxKRiorWCXwNvReki,check,10
12971.01,1AgfoJJ47gK3Xszfg2dcHCJXXmctSYxKRiorWCXwNvReki,check,14
13031.01,1AgfoJJ47gK3Xszfg2dcHCJXXmctSYxKRiorWCXwNvReki,check,13
13091.005,1AgfoJJ47gK3Xszfg2dcHCJXXmctSYxKRiorWCXwNvReki,check,18
13151.005,1AgfoJJ47gK3Xszfg2dcHCJXXmctSYxKRiorWCXwNvReki,check,18
13211.006,1AgfoJJ47gK3Xszfg2dcHCJXXmctSYxKRiorWCXwNvReki,check,18
13271.006,1AgfoJJ47gK3Xszfg2dcHCJXXmctSYxKRiorWCXwNvReki,check,17
13331.012,1AgfoJJ47gK3Xszfg2dcHCJXXmctSYxKRiorWCXwNvReki,check,15
13391.013,1AgfoJJ47gK3Xszfg2dcHCJXXmctSYxKRiorWCXwNvReki,check,16
13451.01,1AgfoJJ47gK3Xszfg2dcHCJXXmctSYxKRiorWCXwNvReki,check,13
13511.006,1AgfoJJ47gK3Xszfg2dcHCJXXmctSYxKRiorWCXwNvReki,check,15
13571.007,1AgfoJJ47gK3Xszfg2dcHCJXXmctSYxKRiorWCXwNvReki,check,16
13631.012,1AgfoJJ47gK3Xszfg2dcHCJXXmctSYxKRiorWCXwNvReki,check,14
13691.01,1AgfoJJ47gK3Xszfg2dcHCJXXmctSYxKRiorWCXwNvReki,check,11
13751.006,1AgfoJJ47gK3Xszfg2dcHCJXXmctSYxKRiorWCXwNvReki,check,17
13811.009,1AgfoJJ47gK3Xszfg2dcHCJXXmctSYxKRiorWCXwNvReki,check,17
13871.006,1AgfoJJ47gK3Xszfg2dcHCJXXmctSYxKRiorWCXwNvReki,check,18
13931.005,1AgfoJJ47gK3Xszfg2dcHCJXXmctSYxKRiorWCXwNvReki,check,17
13991.009,1AgfoJJ47gK3Xszfg2dcHCJXXmctSYxKRiorWCXwNvReki,check,17
14051.004,1AgfoJJ47gK3Xszfg2dcHCJXXmctSYxKRiorWCXwNvReki,check,18
14111.01,1AgfoJJ47gK3Xszfg2dcHCJXXmctSYxKRiorWCXwNvReki,check,13
14171.008,1AgfoJJ47gK3Xszfg2dcHCJXXmctSYxKRiorWCXwNvReki,check,10
14231.01,1AgfoJJ47gK3Xszfg2dcHCJXXmctSYxKRiorWCXwNvReki,check,10
14291.011,1AgfoJJ47gK3Xszfg2dcHCJXXmctSYxKRiorWCXwNvReki,check,9
14351.01,1AgfoJJ47gK3Xszfg2dcHCJXXmctSYxKRiorWCXwNvReki,check,5
14411.009,1AgfoJJ47gK3Xszfg2dcHCJXXmctSYxKRiorWCXwNvReki,check,8
14471.011,1AgfoJJ47gK3Xszfg2dcHCJXXmctSYxKRiorWCXwNvReki,check,6
14531.003,1AgfoJJ47gK3Xszfg2dcHCJXXmctSYxKRiorWCXwNvReki,check,17
14591.01,1AgfoJJ47gK3Xszfg2dcHCJXXmctSYxKRiorWCXwNvReki,check,15
14651.003,1AgfoJJ47gK3Xszfg2dcHCJXXmctSYxKRiorWCXwNvReki,check,17
14711.006,1AgfoJJ47gK3Xszfg2dcHCJXXmctSYxKRiorWCXwNvReki,check,16
14771.009,1AgfoJJ47gK3Xszfg2dcHCJXXmctSYxKRiorWCXwNvReki,check,15
14831.004,1AgfoJJ47gK3Xszfg2dcHCJXXmctSYxKRiorWCXwNvReki,check,16
14891.009,1AgfoJJ47gK3Xszfg2dcHCJXXmctSYxKRiorWCXwNvReki,check,15
14951.01,1AgfoJJ47gK3Xszfg2dcHCJXXmctSYxKRiorWCXwNvReki,check,13
15011.01,1AgfoJJ47gK3Xszfg2dcHCJXXmctSYxKRiorWCXwNvReki,check,10
15071.012,1AgfoJJ47gK3Xszfg2dcHCJXXmctSYxKRiorWCXwNvReki,check,8
15131.009,1AgfoJJ47gK3Xszfg2dcHCJXXmctSYxKRiorWCXwNvReki,check,9
15191.009,1AgfoJJ47gK3Xszfg2dcHCJXXmctSYxKRiorWCXwNvReki,check,11
15251.008,1AgfoJJ47gK3Xszfg2dcHCJXXmctSYxKRiorWCXwNvReki,check,11
15311.009,1AgfoJJ47gK3Xszfg2dcHCJXXmctSYxKRiorWCXwNvReki,check,14
15371.011,1AgfoJJ47gK3Xszfg2dcHCJXXmctSYxKRiorWCXwNvReki,check,15
15431.01,1AgfoJJ47gK3Xszfg2dcHCJXXmctSYxKRiorWCXwNvReki,check,13
15491.009,1AgfoJJ47gK3Xszfg2dcHCJXXmctSYxKRiorWCXwNvReki,check,15
15551.008,1AgfoJJ47gK3Xszfg2dcHCJXXmctSYxKRiorWCXwNvReki,check,12
15611.009,1AgfoJJ47gK3Xszfg2dcHCJXXmctSYxKRiorWCXwNvReki,check,16
15671.01,1AgfoJJ47gK3Xszfg2dcHCJXXmctSYxKRiorWCXwNvReki,check,15
15731.012,1AgfoJJ47gK3Xszfg2dcHCJXXmctSYxKRiorWCXwNvReki,check,13
15791.009,1AgfoJJ47gK3Xszfg2dcHCJXXmctSYxKRiorWCXwNvReki,check,14
15851.008,1AgfoJJ47gK3Xszfg2dcHCJXXmctSYxKRiorWCXwNvReki,check,14
15911.009,1AgfoJJ47gK3Xszfg2dcHCJXXmctSYxKRiorWCXwNvReki,check,11
15971.006,1AgfoJJ47gK3Xszfg2dcHCJXXmctSYxKRiorWCXwNvReki,check,10
16031.01,1AgfoJJ47gK3Xszfg2dcHCJXXmctSYxKRiorWCXwNvReki,check,7
16091.005,1AgfoJJ47gK3Xszfg2dcHCJXXmctSYxKRiorWCXwNvReki,check,17
16151.008,1AgfoJJ47gK3Xszfg2dcHCJXXmctSYxKRiorWCXwNvReki,check,11
16211.01,1AgfoJJ47gK3Xszfg2dcHCJXXmctSYxKRiorWCXwNvReki,check,14
16271.006,1AgfoJJ47gK3Xszfg2dcHCJXXmctSYxKRiorWCXwNvReki,check,16
16331.008,1AgfoJJ47gK3Xszfg2dcHCJXXmctSYxKRiorWCXwNvReki,check,14
16391.006,1AgfoJJ47gK3Xszfg2dcHCJXXmctSYxKRiorWCXwNvReki,check,16
16451.01,1AgfoJJ47gK3Xszfg2dcHCJXXmctSYxKRiorWCXwNvReki,check,11
16511.01,1AgfoJJ47gK3Xszfg2dcHCJXXmctSYxKRiorWCXwNvReki,check,11
16571.012,1AgfoJJ47gK3Xszfg2dcHCJXXmctSYxKRiorWCXwNvReki,check,8
16631.01,1AgfoJJ47gK3Xszfg2dcHCJXXmctSYxKRiorWCXwNvReki,check,9
16691.008,1AgfoJJ47gK3Xszfg2dcHCJXXmctSYxKRiorWCXwNvReki,check,6
16751.01,1AgfoJJ47gK3Xszfg2dcHCJXXmctSYxKRiorWCXwNvReki,check,7
16811.012,1AgfoJJ47gK3Xszfg2dcHCJXXmctSYxKRiorWCXwNvReki,check,4
16871.012,1AgfoJJ47gK3Xszfg2dcHCJXXmctSYxKRiorWCXwNvReki,check,16
16931.012,1AgfoJJ47gK3Xszfg2dcHCJXXmctSYxKRiorWCXwNvReki,check,9
16991.012,1AgfoJJ47gK3Xszfg2dcHCJXXmctSYxKRiorWCXwNvReki,check,14
17051.004,1AgfoJJ47gK3Xszfg2dcHCJXXmctSYxKRiorWCXwNvReki,check,17
17111.012,1AgfoJJ47gK3Xszfg2dcHCJXXmctSYxKRiorWCXwNvReki,check,12
17171.006,1AgfoJJ47gK3Xszfg2dcHCJXXmctSYxKRiorWCXwNvReki,check,14
17231.012,1AgfoJJ47gK3Xszfg2dcHCJXXmctSYxKRiorWCXwNvReki,check,8
17291.01,1AgfoJJ47gK3Xszfg2dcHCJXXmctSYxKRiorWCXwNvReki,check,12
17351.01,1AgfoJJ47gK3Xszfg2dcHCJXXmctSYxKRiorWCXwNvReki,check,11
17411.01,1AgfoJJ47gK3Xszfg2dcHCJXXmctSYxKRiorWCXwNvReki,check,10
17471.012,1AgfoJJ47gK3Xszfg2dcHCJXXmctSYxKRiorWCXwNvReki,check,7
17531.014,1AgfoJJ47gK3Xszfg2dcHCJXXmctSYxKRiorWCXwNvReki,check,9
17591.012,1AgfoJJ47gK3Xszfg2dcHCJXXmctSYxKRiorWCXwNvReki,check,8
17651.01,1AgfoJJ47gK3Xszfg2dcHCJXXmctSYxKRiorWCXwNvReki,check,16
17711.01,1AgfoJJ47gK3Xszfg2dcHCJXXmctSYxKRiorWCXwNvReki,check,11
17771.004,1AgfoJJ47gK3Xszfg2dcHCJXXmctSYxKRiorWCXwNvReki,check,17
17831.006,1AgfoJJ47gK3Xszfg2dcHCJXXmctSYxKRiorWCXwNvReki,check,17
17891.004,1AgfoJJ47gK3Xszfg2dcHCJXXmctSYxKRiorWCXwNvReki,check,17
17951.004,1AgfoJJ47gK3Xszfg2dcHCJXXmctSYxKRiorWCXwNvReki,check,17
18011.012,1AgfoJJ47gK3Xszfg2dcHCJXXmctSYxKRiorWCXwNvReki,check,14
18071.012,1AgfoJJ47gK3Xszfg2dcHCJXXmctSYxKRiorWCXwNvReki,check,14
18131.01,1AgfoJJ47gK3Xszfg2dcHCJXXmctSYxKRiorWCXwNvReki,check,11
18191.012,1AgfoJJ47gK3Xszfg2dcHCJXXmctSYxKRiorWCXwNvReki,check,10
18251.01,1AgfoJJ47gK3Xszfg2dcHCJXXmctSYxKRiorWCXwNvReki,check,10
18311.012,1AgfoJJ47gK3Xszfg2dcHCJXXmctSYxKRiorWCXwNvReki,check,7
18371.012,1AgfoJJ47gK3Xszfg2dcHCJXXmctSYxKRiorWCXwNvReki,check,6
18431.01,1AgfoJJ47gK3Xszfg2dcHCJXXmctSYxKRiorWCXwNvReki,check,14
18491.008,1AgfoJJ47gK3Xszfg2dcHCJXXmctSYxKRiorWCXwNvReki,check,15
18551.004,1AgfoJJ47gK3Xszfg2dcHCJXXmctSYxKRiorWCXwNvReki,check,15
18611.004,1AgfoJJ47gK3Xszfg2dcHCJXXmctSYxKRiorWCXwNvReki,check,18
18671.004,1AgfoJJ47gK3Xszfg2dcHCJXXmctSYxKRiorWCXwNvReki,check,17
18731.004,1AgfoJJ47gK3Xszfg2dcHCJXXmctSYxKRiorWCXwNvReki,check,17
18791.01,1AgfoJJ47gK3Xszfg2dcHCJXXmctSYxKRiorWCXwNvReki,check,17
18851.004,1AgfoJJ47gK3Xszfg2dcHCJXXmctSYxKRiorWCXwNvReki,check,17
18911.004,1AgfoJJ47gK3Xszfg2dcHCJXXmctSYxKRiorWCXwNvReki,check,16
18971.006,1AgfoJJ47gK3Xszfg2dcHCJXXmctSYxKRiorWCXwNvReki,check,17
19031.006,1AgfoJJ47gK3Xszfg2dcHCJXXmctSYxKRiorWCXwNvReki,check,17
19091.012,1AgfoJJ47gK3Xszfg2dcHCJXXmctSYxKRiorWCXwNvReki,check,9
19151.02,1AgfoJJ47gK3Xszfg2dcHCJXXmctSYxKRiorWCXwNvReki,check,9
19211.004,1AgfoJJ47gK3Xszfg2dcHCJXXmctSYxKRiorWCXwNvReki,check,18
19271.008,1AgfoJJ47gK3Xszfg2dcHCJXXmctSYxKRiorWCXwNvReki,check,14
19331.004,1AgfoJJ47gK3Xszfg2dcHCJXXmctSYxKRiorWCXwNvReki,check,18
19391.006,1AgfoJJ47gK3Xszfg2dcHCJXXmctSYxKRiorWCXwNvReki,check,18
19451.006,1AgfoJJ47gK3Xszfg2dcHCJXXmctSYxKRiorWCXwNvReki,check,16
19511.008,1AgfoJJ47gK3Xszfg2dcHCJXXmctSYxKRiorWCXwNvReki,check,16
19571.01,1AgfoJJ47gK3Xszfg2dcHCJXXmctSYxKRiorWCXwNvReki,check,12
19631.012,1AgfoJJ47gK3Xszfg2dcHCJXXmctSYxKRiorWCXwNvReki,check,14
19691.01,1AgfoJJ47gK3Xszfg2dcHCJXXmctSYxKRiorWCXwNvReki,check,11
19751.008,1AgfoJJ47gK3Xszfg2dcHCJXXmctSYxKRiorWCXwNvReki,check,12
19811.012,1AgfoJJ47gK3Xszfg2dcHCJXXmctSYxKRiorWCXwNvReki,check,10
19871.014,1AgfoJJ47gK3Xszfg2dcHCJXXmctSYxKRiorWCXwNvReki,check,9
19931.012,1AgfoJJ47gK3Xszfg2dcHCJXXmctSYxKRiorWCXwNvReki,check,13
19991.004,1AgfoJJ47gK3Xszfg2dcHCJXXmctSYxKRiorWCXwNvReki,check,17
20051.004,1AgfoJJ47gK3Xszfg2dcHCJXXmctSYxKRiorWCXwNvReki,check,18
20111.012,1AgfoJJ47gK3Xszfg2dcHCJXXmctSYxKRiorWCXwNvReki,check,15
20171.004,1AgfoJJ47gK3Xszfg2dcHCJXXmctSYxKRiorWCXwNvReki,check,18
20231.004,1AgfoJJ47gK3Xszfg2dcHCJXXmctSYxKRiorWCXwNvReki,check,17
20291.006,1AgfoJJ47gK3Xszfg2dcHCJXXmctSYxKRiorWCXwNvReki,check,18
20351.006,1AgfoJJ47gK3Xszfg2dcHCJXXmctSYxKRiorWCXwNvReki,check,17
20411.008,1AgfoJJ47gK3Xszfg2dcHCJXXmctSYxKRiorWCXwNvReki,check,16
20471.008,1AgfoJJ47gK3Xszfg2dcHCJXXmctSYxKRiorWCXwNvReki,check,15
20531.012,1AgfoJJ47gK3Xszfg2dcHCJXXmctSYxKRiorWCXwNvReki,check,16
20591.012,1AgfoJJ47gK3Xszfg2dcHCJXXmctSYxKRiorWCXwNvReki,check,13
20651.01,1AgfoJJ47gK3Xszfg2dcHCJXXmctSYxKRiorWCXwNvReki,check,16
20711.012,1AgfoJJ47gK3Xszfg2dcHCJXXmctSYxKRiorWCXwNvReki,check,11
20771.004,1AgfoJJ47gK3Xszfg2dcHCJXXmctSYxKRiorWCXwNvReki,check,18
20831.004,1AgfoJJ47gK3Xszfg2dcHCJXXmctSYxKRiorWCXwNvReki,check,18
20891.004,1AgfoJJ47gK3Xszfg2dcHCJXXmctSYxKRiorWCXwNvReki,check,18
20951.006,1AgfoJJ47gK3Xszfg2dcHCJXXmctSYxKRiorWCXwNvReki,check,17
21011.008,1AgfoJJ47gK3Xszfg2dcHCJXXmctSYxKRiorWCXwNvReki,check,17
21071.01,1AgfoJJ47gK3Xszfg2dcHCJXXmctSYxKRiorWCXwNvReki,check,17
21131.01,1AgfoJJ47gK3Xszfg2dcHCJXXmctSYxKRiorWCXwNvReki,check,14
21191.01,1AgfoJJ47gK3Xszfg2dcHCJXXmctSYxKRiorWCXwNvReki,check,11
21251.01,1AgfoJJ47gK3Xszfg2dcHCJXXmctSYxKRiorWCXwNvReki,check,16
21311.01,1AgfoJJ47gK3Xszfg2dcHCJXXmctSYxKRiorWCXwNvReki,check,12
21371.025,1AgfoJJ47gK3Xszfg2dcHCJXXmctSYxKRiorWCXwNvReki,check,12
21431.012,1AgfoJJ47gK3Xszfg2dcHCJXXmctSYxKRiorWCXwNvReki,check,12
21491.01,1AgfoJJ47gK3Xszfg2dcHCJXXmctSYxKRiorWCXwNvReki,check,12
21551.006,1AgfoJJ47gK3Xszfg2dcHCJXXmctSYxKRiorWCXwNvReki,check,17
21611.004,1AgfoJJ47gK3Xszfg2dcHCJXXmctSYxKRiorWCXwNvReki,check,18
21671.006,1AgfoJJ47gK3Xszfg2dcHCJXXmctSYxKRiorWCXwNvReki,check,18
21731.006,1AgfoJJ47gK3Xszfg2dcHCJXXmctSYxKRiorWCXwNvReki,check,18
21791.006,1AgfoJJ47gK3Xszfg2dcHCJXXmctSYxKRiorWCXwNvReki,check,18
21851.006,1AgfoJJ47gK3Xszfg2dcHCJXXmctSYxKRiorWCXwNvReki,check,17
21911.008,1AgfoJJ47gK3Xszfg2dcHCJXXmctSYxKRiorWCXwNvReki,check,15
21971.01,1AgfoJJ47gK3Xszfg2dcHCJXXmctSYxKRiorWCXwNvReki,check,11
22031.008,1AgfoJJ47gK3Xszfg2dcHCJXXmctSYxKRiorWCXwNvReki,check,12
22091.008,1AgfoJJ47gK3Xszfg2dcHCJXXmctSYxKRiorWCXwNvReki,check,15
22151.01,1AgfoJJ47gK3Xszfg2dcHCJXXmctSYxKRiorWCXwNvReki,check,13
22211.012,1AgfoJJ47gK3Xszfg2dcHCJXXmctSYxKRiorWCXwNvReki,check,8
22271.012,1AgfoJJ47gK3Xszfg2dcHCJXXmctSYxKRiorWCXwNvReki,check,10
22331.012,1AgfoJJ47gK3Xszfg2dcHCJXXmctSYxKRiorWCXwNvReki,check,14
22391.012,1AgfoJJ47gK3Xszfg2dcHCJXXmctSYxKRiorWCXwNvReki,check,18
22451.006,1AgfoJJ47gK3Xszfg2dcHCJXXmctSYxKRiorWCXwNvReki,check,16
22511.006,1AgfoJJ47gK3Xszfg2dcHCJXXmctSYxKRiorWCXwNvReki,check,18
22571.012,1AgfoJJ47gK3Xszfg2dcHCJXXmctSYxKRiorWCXwNvReki,check,14
22631.014,1AgfoJJ47gK3Xszfg2dcHCJXXmctSYxKRiorWCXwNvReki,check,15
22691.012,1AgfoJJ47gK3Xszfg2dcHCJXXmctSYxKRiorWCXwNvReki,check,16
22751.012,1AgfoJJ47gK3Xszfg2dcHCJXXmctSYxKRiorWCXwNvReki,check,15
22811.012,1AgfoJJ47gK3Xszfg2dcHCJXXmctSYxKRiorWCXwNvReki,check,16
22871.012,1AgfoJJ47gK3Xszfg2dcHCJXXmctSYxKRiorWCXwNvReki,check,11
22931.012,1AgfoJJ47gK3Xszfg2dcHCJXXmctSYxKRiorWCXwNvReki,check,12
22991.012,1AgfoJJ47gK3Xszfg2dcHCJXXmctSYxKRiorWCXwNvReki,check,12
23051.012,1AgfoJJ47gK3Xszfg2dcHCJXXmctSYxKRiorWCXwNvReki,check,10
23111.012,1AgfoJJ47gK3Xszfg2dcHCJXXmctSYxKRiorWCXwNvReki,check,14
23171.012,1AgfoJJ47gK3Xszfg2dcHCJXXmctSYxKRiorWCXwNvReki,check,15
23231.008,1AgfoJJ47gK3Xszfg2dcHCJXXmctSYxKRiorWCXwNvReki,check,10
23291.012,1AgfoJJ47gK3Xszfg2dcHCJXXmctSYxKRiorWCXwNvReki,check,15
23351.014,1AgfoJJ47gK3Xszfg2dcHCJXXmctSYxKRiorWCXwNvReki,check,16
23411.012,1AgfoJJ47gK3Xszfg2dcHCJXXmctSYxKRiorWCXwNvReki,check,15
23471.014,1AgfoJJ47gK3Xszfg2dcHCJXXmctSYxKRiorWCXwNvReki,check,12
23531.01,1AgfoJJ47gK3Xszfg2dcHCJXXmctSYxKRiorWCXwNvReki,check,10
23591.01,1AgfoJJ47gK3Xszfg2dcHCJXXmctSYxKRiorWCXwNvReki,check,7
23651.012,1AgfoJJ47gK3Xszfg2dcHCJXXmctSYxKRiorWCXwNvReki,check,7
23711.012,1AgfoJJ47gK3Xszfg2dcHCJXXmctSYxKRiorWCXwNvReki,check,6
23771.01,1AgfoJJ47gK3Xszfg2dcHCJXXmctSYxKRiorWCXwNvReki,check,7
23831.012,1AgfoJJ47gK3Xszfg2dcHCJXXmctSYxKRiorWCXwNvReki,check,7
23891.012,1AgfoJJ47gK3Xszfg2dcHCJXXmctSYxKRiorWCXwNvReki,check,16
23951.012,1AgfoJJ47gK3Xszfg2dcHCJXXmctSYxKRiorWCXwNvReki,check,16
24011.012,1AgfoJJ47gK3Xszfg2dcHCJXXmctSYxKRiorWCXwNvReki,check,16
24071.012,1AgfoJJ47gK3Xszfg2dcHCJXXmctSYxKRiorWCXwNvReki,check,15
24131.012,1AgfoJJ47gK3Xszfg2dcHCJXXmctSYxKRiorWCXwNvReki,check,16
24191.01,1AgfoJJ47gK3Xszfg2dcHCJXXmctSYxKRiorWCXwNvReki,check,15
24251.012,1AgfoJJ47gK3Xszfg2dcHCJXXmctSYxKRiorWCXwNvReki,check,15
24311.012,1AgfoJJ47gK3Xszfg2dcHCJXXmctSYxKRiorWCXwNvReki,check,15
24371.01,1AgfoJJ47gK3Xszfg2dcHCJXXmctSYxKRiorWCXwNvReki,check,14
24431.012,1AgfoJJ47gK3Xszfg2dcHCJXXmctSYxKRiorWCXwNvReki,check,16
24491.012,1AgfoJJ47gK3Xszfg2dcHCJXXmctSYxKRiorWCXwNvReki,check,10
24551.01,1AgfoJJ47gK3Xszfg2dcHCJXXmctSYxKRiorWCXwNvReki,check,11
24611.012,1AgfoJJ47gK3Xszfg2dcHCJXXmctSYxKRiorWCXwNvReki,check,15
24671.012,1AgfoJJ47gK3Xszfg2dcHCJXXmctSYxKRiorWCXwNvReki,check,14
24731.012,1AgfoJJ47gK3Xszfg2dcHCJXXmctSYxKRiorWCXwNvReki,check,15
24791.012,1AgfoJJ47gK3Xszfg2dcHCJXXmctSYxKRiorWCXwNvReki,check,15
24851.012,1AgfoJJ47gK3Xszfg2dcHCJXXmctSYxKRiorWCXwNvReki,check,16
24911.01,1AgfoJJ47gK3Xszfg2dcHCJXXmctSYxKRiorWCXwNvReki,check,16
24971.012,1AgfoJJ47gK3Xszfg2dcHCJXXmctSYxKRiorWCXwNvReki,check,14
25031.014,1AgfoJJ47gK3Xszfg2dcHCJXXmctSYxKRiorWCXwNvReki,check,16
25091.01,1AgfoJJ47gK3Xszfg2dcHCJXXmctSYxKRiorWCXwNvReki,check,16
25151.012,1AgfoJJ47gK3Xszfg2dcHCJXXmctSYxKRiorWCXwNvReki,check,15
25211.012,1AgfoJJ47gK3Xszfg2dcHCJXXmctSYxKRiorWCXwNvReki,check,13
25271.012,1AgfoJJ47gK3Xszfg2dcHCJXXmctSYxKRiorWCXwNvReki,check,15
25331.014,1AgfoJJ47gK3Xszfg2dcHCJXXmctSYxKRiorWCXwNvReki,check,15
25391.01,1AgfoJJ47gK3Xszfg2dcHCJXXmctSYxKRiorWCXwNvReki,check,16
25451.008,1AgfoJJ47gK3Xszfg2dcHCJXXmctSYxKRiorWCXwNvReki,check,14
25511.01,1AgfoJJ47gK3Xszfg2dcHCJXXmctSYxKRiorWCXwNvReki,check,14
25571.01,1AgfoJJ47gK3Xszfg2dcHCJXXmctSYxKRiorWCXwNvReki,check,9
25631.012,1AgfoJJ47gK3Xszfg2dcHCJXXmctSYxKRiorWCXwNvReki,check,11
25691.012,1AgfoJJ47gK3Xszfg2dcHCJXXmctSYxKRiorWCXwNvReki,check,16
25751.012,1AgfoJJ47gK3Xszfg2dcHCJXXmctSYxKRiorWCXwNvReki,check,15
25811.012,1AgfoJJ47gK3Xszfg2dcHCJXXmctSYxKRiorWCXwNvReki,check,12
25871.012,1AgfoJJ47gK3Xszfg2dcHCJXXmctSYxKRiorWCXwNvReki,check,10
25931.012,1AgfoJJ47gK3Xszfg2dcHCJXXmctSYxKRiorWCXwNvReki,check,11
25991.012,1AgfoJJ47gK3Xszfg2dcHCJXXmctSYxKRiorWCXwNvReki,check,8
26051.01,1AgfoJJ47gK3Xszfg2dcHCJXXmctSYxKRiorWCXwNvReki,check,7
26111.01,1AgfoJJ47gK3Xszfg2dcHCJXXmctSYxKRiorWCXwNvReki,check,6
26171.01,1AgfoJJ47gK3Xszfg2dcHCJXXmctSYxKRiorWCXwNvReki,check,16
26231.01,1AgfoJJ47gK3Xszfg2dcHCJXXmctSYxKRiorWCXwNvReki,check,9
26291.012,1AgfoJJ47gK3Xszfg2dcHCJXXmctSYxKRiorWCXwNvReki,check,15
26351.01,1AgfoJJ47gK3Xszfg2dcHCJXXmctSYxKRiorWCXwNvReki,check,10
26411.012,1AgfoJJ47gK3Xszfg2dcHCJXXmctSYxKRiorWCXwNvReki,check,12
26471.01,1AgfoJJ47gK3Xszfg2dcHCJXXmctSYxKRiorWCXwNvReki,check,15
26531.01,1AgfoJJ47gK3Xszfg2dcHCJXXmctSYxKRiorWCXwNvReki,check,12
26591.01,1AgfoJJ47gK3Xszfg2dcHCJXXmctSYxKRiorWCXwNvReki,check,11
26651.01,1AgfoJJ47gK3Xszfg2dcHCJXXmctSYxKRiorWCXwNvReki,check,6
26711.01,1AgfoJJ47gK3Xszfg2dcHCJXXmctSYxKRiorWCXwNvReki,check,4
26771.01,1AgfoJJ47gK3Xszfg2dcHCJXXmctSYxKRiorWCXwNvReki,check,4
26831.012,1AgfoJJ47gK3Xszfg2dcHCJXXmctSYxKRiorWCXwNvReki,check,4
26891.008,1AgfoJJ47gK3Xszfg2dcHCJXXmctSYxKRiorWCXwNvReki,check,4
26951.008,1AgfoJJ47gK3Xszfg2dcHCJXXmctSYxKRiorWCXwNvReki,check,15
27011.008,1AgfoJJ47gK3Xszfg2dcHCJXXmctSYxKRiorWCXwNvReki,check,11
27071.006,1AgfoJJ47gK3Xszfg2dcHCJXXmctSYxKRiorWCXwNvReki,check,15
27131.004,1AgfoJJ47gK3Xszfg2dcHCJXXmctSYxKRiorWCXwNvReki,check,15
27191.008,1AgfoJJ47gK3Xszfg2dcHCJXXmctSYxKRiorWCXwNvReki,check,16
27251.008,1AgfoJJ47gK3Xszfg2dcHCJXXmctSYxKRiorWCXwNvReki,check,15
27311.01,1AgfoJJ47gK3Xszfg2dcHCJXXmctSYxKRiorWCXwNvReki,check,16
27371.012,1AgfoJJ47gK3Xszfg2dcHCJXXmctSYxKRiorWCXwNvReki,check,12
27431.012,1AgfoJJ47gK3Xszfg2dcHCJXXmctSYxKRiorWCXwNvReki,check,13
27491.012,1AgfoJJ47gK3Xszfg2dcHCJXXmctSYxKRiorWCXwNvReki,check,13
27551.014,1AgfoJJ47gK3Xszfg2dcHCJXXmctSYxKRiorWCXwNvReki,check,13
27611.012,1AgfoJJ47gK3Xszfg2dcHCJXXmctSYxKRiorWCXwNvReki,check,12
27671.01,1AgfoJJ47gK3Xszfg2dcHCJXXmctSYxKRiorWCXwNvReki,check,12
27731.014,1AgfoJJ47gK3Xszfg2dcHCJXXmctSYxKRiorWCXwNvReki,check,16
27791.012,1AgfoJJ47gK3Xszfg2dcHCJXXmctSYxKRiorWCXwNvReki,check,16
27851.012,1AgfoJJ47gK3Xszfg2dcHCJXXmctSYxKRiorWCXwNvReki,check,16
27911.012,1AgfoJJ47gK3Xszfg2dcHCJXXmctSYxKRiorWCXwNvReki,check,16
27971.012,1AgfoJJ47gK3Xszfg2dcHCJXXmctSYxKRiorWCXwNvReki,check,16
28031.01,1AgfoJJ47gK3Xszfg2dcHCJXXmctSYxKRiorWCXwNvReki,check,16
28091.014,1AgfoJJ47gK3Xszfg2dcHCJXXmctSYxKRiorWCXwNvReki,check,16
28151.012,1AgfoJJ47gK3Xszfg2dcHCJXXmctSYxKRiorWCXwNvReki,check,15
28211.01,1AgfoJJ47gK3Xszfg2dcHCJXXmctSYxKRiorWCXwNvReki,check,15
28271.012,1AgfoJJ47gK3Xszfg2dcHCJXXmctSYxKRiorWCXwNvReki,check,12
28331.01,1AgfoJJ47gK3Xszfg2dcHCJXXmctSYxKRiorWCXwNvReki,check,13
28391.01,1AgfoJJ47gK3Xszfg2dcHCJXXmctSYxKRiorWCXwNvReki,check,15
28451.01,1AgfoJJ47gK3Xszfg2dcHCJXXmctSYxKRiorWCXwNvReki,check,10
28511.01,1AgfoJJ47gK3Xszfg2dcHCJXXmctSYxKRiorWCXwNvReki,check,16
28571.012,1AgfoJJ47gK3Xszfg2dcHCJXXmctSYxKRiorWCXwNvReki,check,16
28631.014,1AgfoJJ47gK3Xszfg2dcHCJXXmctSYxKRiorWCXwNvReki,check,16
28691.012,1AgfoJJ47gK3Xszfg2dcHCJXXmctSYxKRiorWCXwNvReki,check,16
28751.01,1AgfoJJ47gK3Xszfg2dcHCJXXmctSYxKRiorWCXwNvReki,check,15
28811.012,1AgfoJJ47gK3Xszfg2dcHCJXXmctSYxKRiorWCXwNvReki,check,16
28871.012,1AgfoJJ47gK3Xszfg2dcHCJXXmctSYxKRiorWCXwNvReki,check,15
28931.01,1AgfoJJ47gK3Xszfg2dcHCJXXmctSYxKRiorWCXwNvReki,check,12
28991.01,1AgfoJJ47gK3Xszfg2dcHCJXXmctSYxKRiorWCXwNvReki,check,13
29051.012,1AgfoJJ47gK3Xszfg2dcHCJXXmctSYxKRiorWCXwNvReki,check,15
29111.012,1AgfoJJ47gK3Xszfg2dcHCJXXmctSYxKRiorWCXwNvReki,check,12
29171.012,1AgfoJJ47gK3Xszfg2dcHCJXXmctSYxKRiorWCXwNvReki,check,12
29231.01,1AgfoJJ47gK3Xszfg2dcHCJXXmctSYxKRiorWCXwNvReki,check,10
29291.012,1AgfoJJ47gK3Xszfg2dcHCJXXmctSYxKRiorWCXwNvReki,check,16
29351.012,1AgfoJJ47gK3Xszfg2dcHCJXXmctSYxKRiorWCXwNvReki,check,15
29411.012,1AgfoJJ47gK3Xszfg2dcHCJXXmctSYxKRiorWCXwNvReki,check,16
29471.014,1AgfoJJ47gK3Xszfg2dcHCJXXmctSYxKRiorWCXwNvReki,check,16
29531.01,1AgfoJJ47gK3Xszfg2dcHCJXXmctSYxKRiorWCXwNvReki,check,14
29591.012,1AgfoJJ47gK3Xszfg2dcHCJXXmctSYxKRiorWCXwNvReki,check,11
29651.012,1AgfoJJ47gK3Xszfg2dcHCJXXmctSYxKRiorWCXwNvReki,check,15
29711.012,1AgfoJJ47gK3Xszfg2dcHCJXXmctSYxKRiorWCXwNvReki,check,11
29771.012,1AgfoJJ47gK3Xszfg2dcHCJXXmctSYxKRiorWCXwNvReki,check,8
29831.01,1AgfoJJ47gK3Xszfg2dcHCJXXmctSYxKRiorWCXwNvReki,check,8
29891.012,1AgfoJJ47gK3Xszfg2dcHCJXXmctSYxKRiorWCXwNvReki,check,7
29951.012,1AgfoJJ47gK3Xszfg2dcHCJXXmctSYxKRiorWCXwNvReki,check,7
30011.01,1AgfoJJ47gK3Xszfg2dcHCJXXmctSYxKRiorWCXwNvReki,check,8
30071.012,1AgfoJJ47gK3Xszfg2dcHCJXXmctSYxKRiorWCXwNvReki,check,16
30131.014,1AgfoJJ47gK3Xszfg2dcHCJXXmctSYxKRiorWCXwNvReki,check,16
30191.012,1AgfoJJ47gK3Xszfg2dcHCJXXmctSYxKRiorWCXwNvReki,check,15
30251.01,1AgfoJJ47gK3Xszfg2dcHCJXXmctSYxKRiorWCXwNvReki,check,16
30311.012,1AgfoJJ47gK3Xszfg2dcHCJXXmctSYxKRiorWCXwNvReki,check,15
30371.012,1AgfoJJ47gK3Xszfg2dcHCJXXmctSYxKRiorWCXwNvReki,check,16
30431.012,1AgfoJJ47gK3Xszfg2dcHCJXXmctSYxKRiorWCXwNvReki,check,13
30491.012,1AgfoJJ47gK3Xszfg2dcHCJXXmctSYxKRiorWCXwNvReki,check,13
30551.012,1AgfoJJ47gK3Xszfg2dcHCJXXmctSYxKRiorWCXwNvReki,check,13
30611.008,1AgfoJJ47gK3Xszfg2dcHCJXXmctSYxKRiorWCXwNvReki,check,15
30671.012,1AgfoJJ47gK3Xszfg2dcHCJXXmctSYxKRiorWCXwNvReki,check,14
30731.012,1AgfoJJ47gK3Xszfg2dcHCJXXmctSYxKRiorWCXwNvReki,check,13
30791.012,1AgfoJJ47gK3Xszfg2dcHCJXXmctSYxKRiorWCXwNvReki,check,14
30851.01,1AgfoJJ47gK3Xszfg2dcHCJXXmctSYxKRiorWCXwNvReki,check,16
30911.012,1AgfoJJ47gK3Xszfg2dcHCJXXmctSYxKRiorWCXwNvReki,check,15
30971.01,1AgfoJJ47gK3Xszfg2dcHCJXXmctSYxKRiorWCXwNvReki,check,16
31031.014,1AgfoJJ47gK3Xszfg2dcHCJXXmctSYxKRiorWCXwNvReki,check,16
31091.012,1AgfoJJ47gK3Xszfg2dcHCJXXmctSYxKRiorWCXwNvReki,check,16
31151.01,1AgfoJJ47gK3Xszfg2dcHCJXXmctSYxKRiorWCXwNvReki,check,16
31211.012,1AgfoJJ47gK3Xszfg2dcHCJXXmctSYxKRiorWCXwNvReki,check,16
31271.012,1AgfoJJ47gK3Xszfg2dcHCJXXmctSYxKRiorWCXwNvReki,check,16
31331.01,1AgfoJJ47gK3Xszfg2dcHCJXXmctSYxKRiorWCXwNvReki,check,14
31391.012,1AgfoJJ47gK3Xszfg2dcHCJXXmctSYxKRiorWCXwNvReki,check,14
31451.01,1AgfoJJ47gK3Xszfg2dcHCJXXmctSYxKRiorWCXwNvReki,check,15
31511.012,1AgfoJJ47gK3Xszfg2dcHCJXXmctSYxKRiorWCXwNvReki,check,16
31571.012,1AgfoJJ47gK3Xszfg2dcHCJXXmctSYxKRiorWCXwNvReki,check,16
31631.01,1AgfoJJ47gK3Xszfg2dcHCJXXmctSYxKRiorWCXwNvReki,check,16
31691.008,1AgfoJJ47gK3Xszfg2dcHCJXXmctSYxKRiorWCXwNvReki,check,16
31751.012,1AgfoJJ47gK3Xszfg2dcHCJXXmctSYxKRiorWCXwNvReki,check,16
31811.012,1AgfoJJ47gK3Xszfg2dcHCJXXmctSYxKRiorWCXwNvReki,check,16
31871.012,1AgfoJJ47gK3Xszfg2dcHCJXXmctSYxKRiorWCXwNvReki,check,16
31931.012,1AgfoJJ47gK3Xszfg2dcHCJXXmctSYxKRiorWCXwNvReki,check,16
31991.012,1AgfoJJ47gK3Xszfg2dcHCJXXmctSYxKRiorWCXwNvReki,check,15
32051.01,1AgfoJJ47gK3Xszfg2dcHCJXXmctSYxKRiorWCXwNvReki,check,15
32111.012,1AgfoJJ47gK3Xszfg2dcHCJXXmctSYxKRiorWCXwNvReki,check,16
32171.012,1AgfoJJ47gK3Xszfg2dcHCJXXmctSYxKRiorWCXwNvReki,check,16
32231.012,1AgfoJJ47gK3Xszfg2dcHCJXXmctSYxKRiorWCXwNvReki,check,14
32291.012,1AgfoJJ47gK3Xszfg2dcHCJXXmctSYxKRiorWCXwNvReki,check,15
32351.012,1AgfoJJ47gK3Xszfg2dcHCJXXmctSYxKRiorWCXwNvReki,check,14
32411.012,1AgfoJJ47gK3Xszfg2dcHCJXXmctSYxKRiorWCXwNvReki,check,16
32471.012,1AgfoJJ47gK3Xszfg2dcHCJXXmctSYxKRiorWCXwNvReki,check,16
32531.012,1AgfoJJ47gK3Xszfg2dcHCJXXmctSYxKRiorWCXwNvReki,check,16
32591.012,1AgfoJJ47gK3Xszfg2dcHCJXXmctSYxKRiorWCXwNvReki,check,16
32651.01,1AgfoJJ47gK3Xszfg2dcHCJXXmctSYxKRiorWCXwNvReki,check,16
32711.014,1AgfoJJ47gK3Xszfg2dcHCJXXmctSYxKRiorWCXwNvReki,check,16
32771.01,1AgfoJJ47gK3Xszfg2dcHCJXXmctSYxKRiorWCXwNvReki,check,15
32831.01,1AgfoJJ47gK3Xszfg2dcHCJXXmctSYxKRiorWCXwNvReki,check,16
32891.01,1AgfoJJ47gK3Xszfg2dcHCJXXmctSYxKRiorWCXwNvReki,check,16
32951.01,1AgfoJJ47gK3Xszfg2dcHCJXXmctSYxKRiorWCXwNvReki,check,16
33011.01,1AgfoJJ47gK3Xszfg2dcHCJXXmctSYxKRiorWCXwNvReki,check,14
33071.016,1AgfoJJ47gK3Xszfg2dcHCJXXmctSYxKRiorWCXwNvReki,check,16
33131.01,1AgfoJJ47gK3Xszfg2dcHCJXXmctSYxKRiorWCXwNvReki,check,15
33191.01,1AgfoJJ47gK3Xszfg2dcHCJXXmctSYxKRiorWCXwNvReki,check,16
33251.01,1AgfoJJ47gK3Xszfg2dcHCJXXmctSYxKRiorWCXwNvReki,check,16
33311.01,1AgfoJJ47gK3Xszfg2dcHCJXXmctSYxKRiorWCXwNvReki,check,15
33371.01,1AgfoJJ47gK3Xszfg2dcHCJXXmctSYxKRiorWCXwNvReki,check,16
33431.01,1AgfoJJ47gK3Xszfg2dcHCJXXmctSYxKRiorWCXwNvReki,check,16
33491.01,1AgfoJJ47gK3Xszfg2dcHCJXXmctSYxKRiorWCXwNvReki,check,16
33551.008,1AgfoJJ47gK3Xszfg2dcHCJXXmctSYxKRiorWCXwNvReki,check,16
33611.01,1AgfoJJ47gK3Xszfg2dcHCJXXmctSYxKRiorWCXwNvReki,check,16
33671.01,1AgfoJJ47gK3Xszfg2dcHCJXXmctSYxKRiorWCXwNvReki,check,15
33731.01,1AgfoJJ47gK3Xszfg2dcHCJXXmctSYxKRiorWCXwNvReki,check,15
33791.01,1AgfoJJ47gK3Xszfg2dcHCJXXmctSYxKRiorWCXwNvReki,check,15
33851.01,1AgfoJJ47gK3Xszfg2dcHCJXXmctSYxKRiorWCXwNvReki,check,15
33911.008,1AgfoJJ47gK3Xszfg2dcHCJXXmctSYxKRiorWCXwNvReki,check,16
33971.01,1AgfoJJ47gK3Xszfg2dcHCJXXmctSYxKRiorWCXwNvReki,check,16
34031.01,1AgfoJJ47gK3Xszfg2dcHCJXXmctSYxKRiorWCXwNvReki,check,16
34091.01,1AgfoJJ47gK3Xszfg2dcHCJXXmctSYxKRiorWCXwNvReki,check,16
34151.01,1AgfoJJ47gK3Xszfg2dcHCJXXmctSYxKRiorWCXwNvReki,check,16
34211.01,1AgfoJJ47gK3Xszfg2dcHCJXXmctSYxKRiorWCXwNvReki,check,16
34271.008,1AgfoJJ47gK3Xszfg2dcHCJXXmctSYxKRiorWCXwNvReki,check,16
34331.01,1AgfoJJ47gK3Xszfg2dcHCJXXmctSYxKRiorWCXwNvReki,check,15
34391.008,1AgfoJJ47gK3Xszfg2dcHCJXXmctSYxKRiorWCXwNvReki,check,14
34451.01,1AgfoJJ47gK3Xszfg2dcHCJXXmctSYxKRiorWCXwNvReki,check,15
34511.01,1AgfoJJ47gK3Xszfg2dcHCJXXmctSYxKRiorWCXwNvReki,check,15
34571.01,1AgfoJJ47gK3Xszfg2dcHCJXXmctSYxKRiorWCXwNvReki,check,14
34631.01,1AgfoJJ47gK3Xszfg2dcHCJXXmctSYxKRiorWCXwNvReki,check,15
34691.01,1AgfoJJ47gK3Xszfg2dcHCJXXmctSYxKRiorWCXwNvReki,check,14
34751.01,1AgfoJJ47gK3Xszfg2dcHCJXXmctSYxKRiorWCXwNvReki,check,15
34811.01,1AgfoJJ47gK3Xszfg2dcHCJXXmctSYxKRiorWCXwNvReki,check,16
34871.01,1AgfoJJ47gK3Xszfg2dcHCJXXmctSYxKRiorWCXwNvReki,check,16
34931.01,1AgfoJJ47gK3Xszfg2dcHCJXXmctSYxKRiorWCXwNvReki,check,16
34991.01,1AgfoJJ47gK3Xszfg2dcHCJXXmctSYxKRiorWCXwNvReki,check,16
35051.008,1AgfoJJ47gK3Xszfg2dcHCJXXmctSYxKRiorWCXwNvReki,check,15
35111.01,1AgfoJJ47gK3Xszfg2dcHCJXXmctSYxKRiorWCXwNvReki,check,15
35171.01,1AgfoJJ47gK3Xszfg2dcHCJXXmctSYxKRiorWCXwNvReki,check,16
35231.01,1AgfoJJ47gK3Xszfg2dcHCJXXmctSYxKRiorWCXwNvReki,check,16
35291.01,1AgfoJJ47gK3Xszfg2dcHCJXXmctSYxKRiorWCXwNvReki,check,16
35351.008,1AgfoJJ47gK3Xszfg2dcHCJXXmctSYxKRiorWCXwNvReki,check,16
35411.008,1AgfoJJ47gK3Xszfg2dcHCJXXmctSYxKRiorWCXwNvReki,check,15
35471.008,1AgfoJJ47gK3Xszfg2dcHCJXXmctSYxKRiorWCXwNvReki,check,16
35531.008,1AgfoJJ47gK3Xszfg2dcHCJXXmctSYxKRiorWCXwNvReki,check,16
35591.004,1AgfoJJ47gK3Xszfg2dcHCJXXmctSYxKRiorWCXwNvReki,check,15
35651.008,1AgfoJJ47gK3Xszfg2dcHCJXXmctSYxKRiorWCXwNvReki,check,14
35711.01,1AgfoJJ47gK3Xszfg2dcHCJXXmctSYxKRiorWCXwNvReki,check,14
35771.01,1AgfoJJ47gK3Xszfg2dcHCJXXmctSYxKRiorWCXwNvReki,check,14
35831.01,1AgfoJJ47gK3Xszfg2dcHCJXXmctSYxKRiorWCXwNvReki,check,16
35891.01,1AgfoJJ47gK3Xszfg2dcHCJXXmctSYxKRiorWCXwNvReki,check,16
35951.01,1AgfoJJ47gK3Xszfg2dcHCJXXmctSYxKRiorWCXwNvReki,check,16
36011.01,1AgfoJJ47gK3Xszfg2dcHCJXXmctSYxKRiorWCXwNvReki,check,16
36071.01,1AgfoJJ47gK3Xszfg2dcHCJXXmctSYxKRiorWCXwNvReki,check,16
36131.01,1AgfoJJ47gK3Xszfg2dcHCJXXmctSYxKRiorWCXwNvReki,check,15
36191.01,1AgfoJJ47gK3Xszfg2dcHCJXXmctSYxKRiorWCXwNvReki,check,16
36251.01,1AgfoJJ47gK3Xszfg2dcHCJXXmctSYxKRiorWCXwNvReki,check,15
36311.016,1AgfoJJ47gK3Xszfg2dcHCJXXmctSYxKRiorWCXwNvReki,check,16
36371.01,1AgfoJJ47gK3Xszfg2dcHCJXXmctSYxKRiorWCXwNvReki,check,16
36431.01,1AgfoJJ47gK3Xszfg2dcHCJXXmctSYxKRiorWCXwNvReki,check,16
36491.01,1AgfoJJ47gK3Xszfg2dcHCJXXmctSYxKRiorWCXwNvReki,check,16
36551.01,1AgfoJJ47gK3Xszfg2dcHCJXXmctSYxKRiorWCXwNvReki,check,15
36611.01,1AgfoJJ47gK3Xszfg2dcHCJXXmctSYxKRiorWCXwNvReki,check,16
36671.01,1AgfoJJ47gK3Xszfg2dcHCJXXmctSYxKRiorWCXwNvReki,check,16
36731.01,1AgfoJJ47gK3Xszfg2dcHCJXXmctSYxKRiorWCXwNvReki,check,16
36791.01,1AgfoJJ47gK3Xszfg2dcHCJXXmctSYxKRiorWCXwNvReki,check,16
36851.01,1AgfoJJ47gK3Xszfg2dcHCJXXmctSYxKRiorWCXwNvReki,check,16
36911.01,1AgfoJJ47gK3Xszfg2dcHCJXXmctSYxKRiorWCXwNvReki,check,14
36971.01,1AgfoJJ47gK3Xszfg2dcHCJXXmctSYxKRiorWCXwNvReki,check,16
37031.01,1AgfoJJ47gK3Xszfg2dcHCJXXmctSYxKRiorWCXwNvReki,check,16
37091.01,1AgfoJJ47gK3Xszfg2dcHCJXXmctSYxKRiorWCXwNvReki,check,16
37151.01,1AgfoJJ47gK3Xszfg2dcHCJXXmctSYxKRiorWCXwNvReki,check,15
37211.01,1AgfoJJ47gK3Xszfg2dcHCJXXmctSYxKRiorWCXwNvReki,check,16
37271.01,1AgfoJJ47gK3Xszfg2dcHCJXXmctSYxKRiorWCXwNvReki,check,16
37331.01,1AgfoJJ47gK3Xszfg2dcHCJXXmctSYxKRiorWCXwNvReki,check,16
37391.01,1AgfoJJ47gK3Xszfg2dcHCJXXmctSYxKRiorWCXwNvReki,check,16
37451.01,1AgfoJJ47gK3Xszfg2dcHCJXXmctSYxKRiorWCXwNvReki,check,15
37511.01,1AgfoJJ47gK3Xszfg2dcHCJXXmctSYxKRiorWCXwNvReki,check,14
37571.01,1AgfoJJ47gK3Xszfg2dcHCJXXmctSYxKRiorWCXwNvReki,check,16
37631.01,1AgfoJJ47gK3Xszfg2dcHCJXXmctSYxKRiorWCXwNvReki,check,12
37691.01,1AgfoJJ47gK3Xszfg2dcHCJXXmctSYxKRiorWCXwNvReki,check,16
37751.01,1AgfoJJ47gK3Xszfg2dcHCJXXmctSYxKRiorWCXwNvReki,check,15
37811.01,1AgfoJJ47gK3Xszfg2dcHCJXXmctSYxKRiorWCXwNvReki,check,15
37871.01,1AgfoJJ47gK3Xszfg2dcHCJXXmctSYxKRiorWCXwNvReki,check,15
37931.01,1AgfoJJ47gK3Xszfg2dcHCJXXmctSYxKRiorWCXwNvReki,check,15
37991.01,1AgfoJJ47gK3Xszfg2dcHCJXXmctSYxKRiorWCXwNvReki,check,14
38051.01,1AgfoJJ47gK3Xszfg2dcHCJXXmctSYxKRiorWCXwNvReki,check,14
38111.01,1AgfoJJ47gK3Xszfg2dcHCJXXmctSYxKRiorWCXwNvReki,check,15
38171.01,1AgfoJJ47gK3Xszfg2dcHCJXXmctSYxKRiorWCXwNvReki,check,14
38231.01,1AgfoJJ47gK3Xszfg2dcHCJXXmctSYxKRiorWCXwNvReki,check,13
38291.008,1AgfoJJ47gK3Xszfg2dcHCJXXmctSYxKRiorWCXwNvReki,check,15
38351.01,1AgfoJJ47gK3Xszfg2dcHCJXXmctSYxKRiorWCXwNvReki,check,13
38411.01,1AgfoJJ47gK3Xszfg2dcHCJXXmctSYxKRiorWCXwNvReki,check,14
38471.01,1AgfoJJ47gK3Xszfg2dcHCJXXmctSYxKRiorWCXwNvReki,check,15
38531.01,1AgfoJJ47gK3Xszfg2dcHCJXXmctSYxKRiorWCXwNvReki,check,14
38591.01,1AgfoJJ47gK3Xszfg2dcHCJXXmctSYxKRiorWCXwNvReki,check,15
38651.01,1AgfoJJ47gK3Xszfg2dcHCJXXmctSYxKRiorWCXwNvReki,check,13
38711.01,1AgfoJJ47gK3Xszfg2dcHCJXXmctSYxKRiorWCXwNvReki,check,15
38771.01,1AgfoJJ47gK3Xszfg2dcHCJXXmctSYxKRiorWCXwNvReki,check,15
38831.01,1AgfoJJ47gK3Xszfg2dcHCJXXmctSYxKRiorWCXwNvReki,check,15
38891.01,1AgfoJJ47gK3Xszfg2dcHCJXXmctSYxKRiorWCXwNvReki,check,14
38951.01,1AgfoJJ47gK3Xszfg2dcHCJXXmctSYxKRiorWCXwNvReki,check,15
39011.01,1AgfoJJ47gK3Xszfg2dcHCJXXmctSYxKRiorWCXwNvReki,check,15
39071.01,1AgfoJJ47gK3Xszfg2dcHCJXXmctSYxKRiorWCXwNvReki,check,15
39131.01,1AgfoJJ47gK3Xszfg2dcHCJXXmctSYxKRiorWCXwNvReki,check,15
39191.01,1AgfoJJ47gK3Xszfg2dcHCJXXmctSYxKRiorWCXwNvReki,check,14
39251.01,1AgfoJJ47gK3Xszfg2dcHCJXXmctSYxKRiorWCXwNvReki,check,15
39311.01,1AgfoJJ47gK3Xszfg2dcHCJXXmctSYxKRiorWCXwNvReki,check,15
39371.01,1AgfoJJ47gK3Xszfg2dcHCJXXmctSYxKRiorWCXwNvReki,check,15
39431.01,1AgfoJJ47gK3Xszfg2dcHCJXXmctSYxKRiorWCXwNvReki,check,13
39491.01,1AgfoJJ47gK3Xszfg2dcHCJXXmctSYxKRiorWCXwNvReki,check,15
39551.01,1AgfoJJ47gK3Xszfg2dcHCJXXmctSYxKRiorWCXwNvReki,check,15
39611.01,1AgfoJJ47gK3Xszfg2dcHCJXXmctSYxKRiorWCXwNvReki,check,15
39671.01,1AgfoJJ47gK3Xszfg2dcHCJXXmctSYxKRiorWCXwNvReki,check,14
39731.01,1AgfoJJ47gK3Xszfg2dcHCJXXmctSYxKRiorWCXwNvReki,check,15
39791.01,1AgfoJJ47gK3Xszfg2dcHCJXXmctSYxKRiorWCXwNvReki,check,12
39851.01,1AgfoJJ47gK3Xszfg2dcHCJXXmctSYxKRiorWCXwNvReki,check,15
39911.01,1AgfoJJ47gK3Xszfg2dcHCJXXmctSYxKRiorWCXwNvReki,check,11
39971.02,1AgfoJJ47gK3Xszfg2dcHCJXXmctSYxKRiorWCXwNvReki,check,13
40031.01,1AgfoJJ47gK3Xszfg2dcHCJXXmctSYxKRiorWCXwNvReki,check,13
40091.01,1AgfoJJ47gK3Xszfg2dcHCJXXmctSYxKRiorWCXwNvReki,check,13
40151.01,1AgfoJJ47gK3Xszfg2dcHCJXXmctSYxKRiorWCXwNvReki,check,15
40211.01,1AgfoJJ47gK3Xszfg2dcHCJXXmctSYxKRiorWCXwNvReki,check,15
40271.01,1AgfoJJ47gK3Xszfg2dcHCJXXmctSYxKRiorWCXwNvReki,check,15
40331.01,1AgfoJJ47gK3Xszfg2dcHCJXXmctSYxKRiorWCXwNvReki,check,15
40391.01,1AgfoJJ47gK3Xszfg2dcHCJXXmctSYxKRiorWCXwNvReki,check,15
40451.01,1AgfoJJ47gK3Xszfg2dcHCJXXmctSYxKRiorWCXwNvReki,check,15
40511.01,1AgfoJJ47gK3Xszfg2dcHCJXXmctSYxKRiorWCXwNvReki,check,15
40571.01,1AgfoJJ47gK3Xszfg2dcHCJXXmctSYxKRiorWCXwNvReki,check,15
40631.016,1AgfoJJ47gK3Xszfg2dcHCJXXmctSYxKRiorWCXwNvReki,check,15
40691.01,1AgfoJJ47gK3Xszfg2dcHCJXXmctSYxKRiorWCXwNvReki,check,15
40751.01,1AgfoJJ47gK3Xszfg2dcHCJXXmctSYxKRiorWCXwNvReki,check,15
40811.01,1AgfoJJ47gK3Xszfg2dcHCJXXmctSYxKRiorWCXwNvReki,check,15
40871.008,1AgfoJJ47gK3Xszfg2dcHCJXXmctSYxKRiorWCXwNvReki,check,15
40931.01,1AgfoJJ47gK3Xszfg2dcHCJXXmctSYxKRiorWCXwNvReki,check,15
40991.01,1AgfoJJ47gK3Xszfg2dcHCJXXmctSYxKRiorWCXwNvReki,check,15
41051.01,1AgfoJJ47gK3Xszfg2dcHCJXXmctSYxKRiorWCXwNvReki,check,15
41111.01,1AgfoJJ47gK3Xszfg2dcHCJXXmctSYxKRiorWCXwNvReki,check,15
41171.01,1AgfoJJ47gK3Xszfg2dcHCJXXmctSYxKRiorWCXwNvReki,check,15
41231.008,1AgfoJJ47gK3Xszfg2dcHCJXXmctSYxKRiorWCXwNvReki,check,14
41291.01,1AgfoJJ47gK3Xszfg2dcHCJXXmctSYxKRiorWCXwNvReki,check,15
41351.01,1AgfoJJ47gK3Xszfg2dcHCJXXmctSYxKRiorWCXwNvReki,check,13
41411.01,1AgfoJJ47gK3Xszfg2dcHCJXXmctSYxKRiorWCXwNvReki,check,15
41471.01,1AgfoJJ47gK3Xszfg2dcHCJXXmctSYxKRiorWCXwNvReki,check,15
41531.01,1AgfoJJ47gK3Xszfg2dcHCJXXmctSYxKRiorWCXwNvReki,check,15
41591.01,1AgfoJJ47gK3Xszfg2dcHCJXXmctSYxKRiorWCXwNvReki,check,15
41651.01,1AgfoJJ47gK3Xszfg2dcHCJXXmctSYxKRiorWCXwNvReki,check,13
41711.01,1AgfoJJ47gK3Xszfg2dcHCJXXmctSYxKRiorWCXwNvReki,check,15
41771.008,1AgfoJJ47gK3Xszfg2dcHCJXXmctSYxKRiorWCXwNvReki,check,14
41831.01,1AgfoJJ47gK3Xszfg2dcHCJXXmctSYxKRiorWCXwNvReki,check,15
41891.01,1AgfoJJ47gK3Xszfg2dcHCJXXmctSYxKRiorWCXwNvReki,check,15
41951.01,1AgfoJJ47gK3Xszfg2dcHCJXXmctSYxKRiorWCXwNvReki,check,15
42011.01,1AgfoJJ47gK3Xszfg2dcHCJXXmctSYxKRiorWCXwNvReki,check,15
42071.01,1AgfoJJ47gK3Xszfg2dcHCJXXmctSYxKRiorWCXwNvReki,check,15
42131.01,1AgfoJJ47gK3Xszfg2dcHCJXXmctSYxKRiorWCXwNvReki,check,15
42191.01,1AgfoJJ47gK3Xszfg2dcHCJXXmctSYxKRiorWCXwNvReki,check,15
42251.01,1AgfoJJ47gK3Xszfg2dcHCJXXmctSYxKRiorWCXwNvReki,check,14
42311.01,1AgfoJJ47gK3Xszfg2dcHCJXXmctSYxKRiorWCXwNvReki,check,15
42371.01,1AgfoJJ47gK3Xszfg2dcHCJXXmctSYxKRiorWCXwNvReki,check,15
42431.01,1AgfoJJ47gK3Xszfg2dcHCJXXmctSYxKRiorWCXwNvReki,check,15
42491.008,1AgfoJJ47gK3Xszfg2dcHCJXXmctSYxKRiorWCXwNvReki,check,15
42551.01,1AgfoJJ47gK3Xszfg2dcHCJXXmctSYxKRiorWCXwNvReki,check,15
42611.01,1AgfoJJ47gK3Xszfg2dcHCJXXmctSYxKRiorWCXwNvReki,check,15
42671.01,1AgfoJJ47gK3Xszfg2dcHCJXXmctSYxKRiorWCXwNvReki,check,15
42731.01,1AgfoJJ47gK3Xszfg2dcHCJXXmctSYxKRiorWCXwNvReki,check,15
42791.01,1AgfoJJ47gK3Xszfg2dcHCJXXmctSYxKRiorWCXwNvReki,check,15
42851.01,1AgfoJJ47gK3Xszfg2dcHCJXXmctSYxKRiorWCXwNvReki,check,15
42911.01,1AgfoJJ47gK3Xszfg2dcHCJXXmctSYxKRiorWCXwNvReki,check,15
42971.01,1AgfoJJ47gK3Xszfg2dcHCJXXmctSYxKRiorWCXwNvReki,check,15
43031.01,1AgfoJJ47gK3Xszfg2dcHCJXXmctSYxKRiorWCXwNvReki,check,15
43091.01,1AgfoJJ47gK3Xszfg2dcHCJXXmctSYxKRiorWCXwNvReki,check,15
43151.01,1AgfoJJ47gK3Xszfg2dcHCJXXmctSYxKRiorWCXwNvReki,check,14
43211.01,1AgfoJJ47gK3Xszfg2dcHCJXXmctSYxKRiorWCXwNvReki,check,15
43271.01,1AgfoJJ47gK3Xszfg2dcHCJXXmctSYxKRiorWCXwNvReki,check,15
43331.01,1AgfoJJ47gK3Xszfg2dcHCJXXmctSYxKRiorWCXwNvReki,check,15
43391.01,1AgfoJJ47gK3Xszfg2dcHCJXXmctSYxKRiorWCXwNvReki,check,15
43451.01,1AgfoJJ47gK3Xszfg2dcHCJXXmctSYxKRiorWCXwNvReki,check,14
43511.01,1AgfoJJ47gK3Xszfg2dcHCJXXmctSYxKRiorWCXwNvReki,check,15
43571.01,1AgfoJJ47gK3Xszfg2dcHCJXXmctSYxKRiorWCXwNvReki,check,15
43631.01,1AgfoJJ47gK3Xszfg2dcHCJXXmctSYxKRiorWCXwNvReki,check,15
43691.01,1AgfoJJ47gK3Xszfg2dcHCJXXmctSYxKRiorWCXwNvReki,check,15
43751.01,1AgfoJJ47gK3Xszfg2dcHCJXXmctSYxKRiorWCXwNvReki,check,15
43811.016,1AgfoJJ47gK3Xszfg2dcHCJXXmctSYxKRiorWCXwNvReki,check,15
43871.01,1AgfoJJ47gK3Xszfg2dcHCJXXmctSYxKRiorWCXwNvReki,check,15
43931.01,1AgfoJJ47gK3Xszfg2dcHCJXXmctSYxKRiorWCXwNvReki,check,15
43991.008,1AgfoJJ47gK3Xszfg2dcHCJXXmctSYxKRiorWCXwNvReki,check,14
44051.008,1AgfoJJ47gK3Xszfg2dcHCJXXmctSYxKRiorWCXwNvReki,check,15
44111.008,1AgfoJJ47gK3Xszfg2dcHCJXXmctSYxKRiorWCXwNvReki,check,15
44171.008,1AgfoJJ47gK3Xszfg2dcHCJXXmctSYxKRiorWCXwNvReki,check,15
44231.008,1AgfoJJ47gK3Xszfg2dcHCJXXmctSYxKRiorWCXwNvReki,check,15
44291.01,1AgfoJJ47gK3Xszfg2dcHCJXXmctSYxKRiorWCXwNvReki,check,15
44351.01,1AgfoJJ47gK3Xszfg2dcHCJXXmctSYxKRiorWCXwNvReki,check,15
44411.01,1AgfoJJ47gK3Xszfg2dcHCJXXmctSYxKRiorWCXwNvReki,check,15
44471.01,1AgfoJJ47gK3Xszfg2dcHCJXXmctSYxKRiorWCXwNvReki,check,15
44531.01,1AgfoJJ47gK3Xszfg2dcHCJXXmctSYxKRiorWCXwNvReki,check,15
44591.01,1AgfoJJ47gK3Xszfg2dcHCJXXmctSYxKRiorWCXwNvReki,check,15
44651.01,1AgfoJJ47gK3Xszfg2dcHCJXXmctSYxKRiorWCXwNvReki,check,15
44711.01,1AgfoJJ47gK3Xszfg2dcHCJXXmctSYxKRiorWCXwNvReki,check,15
44771.01,1AgfoJJ47gK3Xszfg2dcHCJXXmctSYxKRiorWCXwNvReki,check,15
44831.01,1AgfoJJ47gK3Xszfg2dcHCJXXmctSYxKRiorWCXwNvReki,check,15
44891.008,1AgfoJJ47gK3Xszfg2dcHCJXXmctSYxKRiorWCXwNvReki,check,15
44951.01,1AgfoJJ47gK3Xszfg2dcHCJXXmctSYxKRiorWCXwNvReki,check,15
45011.01,1AgfoJJ47gK3Xszfg2dcHCJXXmctSYxKRiorWCXwNvReki,check,15
45071.01,1AgfoJJ47gK3Xszfg2dcHCJXXmctSYxKRiorWCXwNvReki,check,15
45131.01,1AgfoJJ47gK3Xszfg2dcHCJXXmctSYxKRiorWCXwNvReki,check,15
45191.01,1AgfoJJ47gK3Xszfg2dcHCJXXmctSYxKRiorWCXwNvReki,check,15
45251.01,1AgfoJJ47gK3Xszfg2dcHCJXXmctSYxKRiorWCXwNvReki,check,15
45311.01,1AgfoJJ47gK3Xszfg2dcHCJXXmctSYxKRiorWCXwNvReki,check,15
45371.01,1AgfoJJ47gK3Xszfg2dcHCJXXmctSYxKRiorWCXwNvReki,check,15
45431.01,1AgfoJJ47gK3Xszfg2dcHCJXXmctSYxKRiorWCXwNvReki,check,15
45491.01,1AgfoJJ47gK3Xszfg2dcHCJXXmctSYxKRiorWCXwNvReki,check,14
45551.01,1AgfoJJ47gK3Xszfg2dcHCJXXmctSYxKRiorWCXwNvReki,check,15
45611.008,1AgfoJJ47gK3Xszfg2dcHCJXXmctSYxKRiorWCXwNvReki,check,15
45671.01,1AgfoJJ47gK3Xszfg2dcHCJXXmctSYxKRiorWCXwNvReki,check,15
45731.01,1AgfoJJ47gK3Xszfg2dcHCJXXmctSYxKRiorWCXwNvReki,check,15
45791.01,1AgfoJJ47gK3Xszfg2dcHCJXXmctSYxKRiorWCXwNvReki,check,15
45851.01,1AgfoJJ47gK3Xszfg2dcHCJXXmctSYxKRiorWCXwNvReki,check,15
45911.01,1AgfoJJ47gK3Xszfg2dcHCJXXmctSYxKRiorWCXwNvReki,check,15
45971.008,1AgfoJJ47gK3Xszfg2dcHCJXXmctSYxKRiorWCXwNvReki,check,14
46031.01,1AgfoJJ47gK3Xszfg2dcHCJXXmctSYxKRiorWCXwNvReki,check,15
46091.01,1AgfoJJ47gK3Xszfg2dcHCJXXmctSYxKRiorWCXwNvReki,check,15
46151.01,1AgfoJJ47gK3Xszfg2dcHCJXXmctSYxKRiorWCXwNvReki,check,14
46211.01,1AgfoJJ47gK3Xszfg2dcHCJXXmctSYxKRiorWCXwNvReki,check,15
46271.01,1AgfoJJ47gK3Xszfg2dcHCJXXmctSYxKRiorWCXwNvReki,check,15
46331.008,1AgfoJJ47gK3Xszfg2dcHCJXXmctSYxKRiorWCXwNvReki,check,15
46391.01,1AgfoJJ47gK3Xszfg2dcHCJXXmctSYxKRiorWCXwNvReki,check,15
46451.01,1AgfoJJ47gK3Xszfg2dcHCJXXmctSYxKRiorWCXwNvReki,check,15
46511.01,1AgfoJJ47gK3Xszfg2dcHCJXXmctSYxKRiorWCXwNvReki,check,15
46571.01,1AgfoJJ47gK3Xszfg2dcHCJXXmctSYxKRiorWCXwNvReki,check,15
46631.01,1AgfoJJ47gK3Xszfg2dcHCJXXmctSYxKRiorWCXwNvReki,check,15
46691.008,1AgfoJJ47gK3Xszfg2dcHCJXXmctSYxKRiorWCXwNvReki,check,15
46751.01,1AgfoJJ47gK3Xszfg2dcHCJXXmctSYxKRiorWCXwNvReki,check,15
46811.01,1AgfoJJ47gK3Xszfg2dcHCJXXmctSYxKRiorWCXwNvReki,check,15
46871.016,1AgfoJJ47gK3Xszfg2dcHCJXXmctSYxKRiorWCXwNvReki,check,15
46931.01,1AgfoJJ47gK3Xszfg2dcHCJXXmctSYxKRiorWCXwNvReki,check,15
46991.01,1AgfoJJ47gK3Xszfg2dcHCJXXmctSYxKRiorWCXwNvReki,check,15
47051.008,1AgfoJJ47gK3Xszfg2dcHCJXXmctSYxKRiorWCXwNvReki,check,15
47111.01,1AgfoJJ47gK3Xszfg2dcHCJXXmctSYxKRiorWCXwNvReki,check,15
47171.01,1AgfoJJ47gK3Xszfg2dcHCJXXmctSYxKRiorWCXwNvReki,check,15
47231.01,1AgfoJJ47gK3Xszfg2dcHCJXXmctSYxKRiorWCXwNvReki,check,15
47291.01,1AgfoJJ47gK3Xszfg2dcHCJXXmctSYxKRiorWCXwNvReki,check,15
47351.01,1AgfoJJ47gK3Xszfg2dcHCJXXmctSYxKRiorWCXwNvReki,check,15
47411.008,1AgfoJJ47gK3Xszfg2dcHCJXXmctSYxKRiorWCXwNvReki,check,15
47471.01,1AgfoJJ47gK3Xszfg2dcHCJXXmctSYxKRiorWCXwNvReki,check,15
47531.01,1AgfoJJ47gK3Xszfg2dcHCJXXmctSYxKRiorWCXwNvReki,check,15
47591.01,1AgfoJJ47gK3Xszfg2dcHCJXXmctSYxKRiorWCXwNvReki,check,15
47651.01,1AgfoJJ47gK3Xszfg2dcHCJXXmctSYxKRiorWCXwNvReki,check,15
47711.01,1AgfoJJ47gK3Xszfg2dcHCJXXmctSYxKRiorWCXwNvReki,check,14
47771.008,1AgfoJJ47gK3Xszfg2dcHCJXXmctSYxKRiorWCXwNvReki,check,14
47831.01,1AgfoJJ47gK3Xszfg2dcHCJXXmctSYxKRiorWCXwNvReki,check,14
47891.01,1AgfoJJ47gK3Xszfg2dcHCJXXmctSYxKRiorWCXwNvReki,check,15
47951.01,1AgfoJJ47gK3Xszfg2dcHCJXXmctSYxKRiorWCXwNvReki,check,14
48011.01,1AgfoJJ47gK3Xszfg2dcHCJXXmctSYxKRiorWCXwNvReki,check,15
48071.01,1AgfoJJ47gK3Xszfg2dcHCJXXmctSYxKRiorWCXwNvReki,check,15
48131.01,1AgfoJJ47gK3Xszfg2dcHCJXXmctSYxKRiorWCXwNvReki,check,14
48191.01,1AgfoJJ47gK3Xszfg2dcHCJXXmctSYxKRiorWCXwNvReki,check,13
48251.01,1AgfoJJ47gK3Xszfg2dcHCJXXmctSYxKRiorWCXwNvReki,check,14
48311.01,1AgfoJJ47gK3Xszfg2dcHCJXXmctSYxKRiorWCXwNvReki,check,15
48371.01,1AgfoJJ47gK3Xszfg2dcHCJXXmctSYxKRiorWCXwNvReki,check,15
48431.01,1AgfoJJ47gK3Xszfg2dcHCJXXmctSYxKRiorWCXwNvReki,check,15
48491.01,1AgfoJJ47gK3Xszfg2dcHCJXXmctSYxKRiorWCXwNvReki,check,14
48551.01,1AgfoJJ47gK3Xszfg2dcHCJXXmctSYxKRiorWCXwNvReki,check,15
48611.01,1AgfoJJ47gK3Xszfg2dcHCJXXmctSYxKRiorWCXwNvReki,check,15
48671.01,1AgfoJJ47gK3Xszfg2dcHCJXXmctSYxKRiorWCXwNvReki,check,15
48731.01,1AgfoJJ47gK3Xszfg2dcHCJXXmctSYxKRiorWCXwNvReki,check,15
48791.01,1AgfoJJ47gK3Xszfg2dcHCJXXmctSYxKRiorWCXwNvReki,check,15
48851.01,1AgfoJJ47gK3Xszfg2dcHCJXXmctSYxKRiorWCXwNvReki,check,15
48911.01,1AgfoJJ47gK3Xszfg2dcHCJXXmctSYxKRiorWCXwNvReki,check,15
48971.01,1AgfoJJ47gK3Xszfg2dcHCJXXmctSYxKRiorWCXwNvReki,check,14
49031.01,1AgfoJJ47gK3Xszfg2dcHCJXXmctSYxKRiorWCXwNvReki,check,15
49091.01,1AgfoJJ47gK3Xszfg2dcHCJXXmctSYxKRiorWCXwNvReki,check,15
49151.01,1AgfoJJ47gK3Xszfg2dcHCJXXmctSYxKRiorWCXwNvReki,check,15
49211.01,1AgfoJJ47gK3Xszfg2dcHCJXXmctSYxKRiorWCXwNvReki,check,15
49271.01,1AgfoJJ47gK3Xszfg2dcHCJXXmctSYxKRiorWCXwNvReki,check,15
49331.01,1AgfoJJ47gK3Xszfg2dcHCJXXmctSYxKRiorWCXwNvReki,check,15
49391.01,1AgfoJJ47gK3Xszfg2dcHCJXXmctSYxKRiorWCXwNvReki,check,15
49451.01,1AgfoJJ47gK3Xszfg2dcHCJXXmctSYxKRiorWCXwNvReki,check,15
49511.01,1AgfoJJ47gK3Xszfg2dcHCJXXmctSYxKRiorWCXwNvReki,check,15
49571.01,1AgfoJJ47gK3Xszfg2dcHCJXXmctSYxKRiorWCXwNvReki,check,15
49631.008,1AgfoJJ47gK3Xszfg2dcHCJXXmctSYxKRiorWCXwNvReki,check,15
49691.016,1AgfoJJ47gK3Xszfg2dcHCJXXmctSYxKRiorWCXwNvReki,check,15
49751.01,1AgfoJJ47gK3Xszfg2dcHCJXXmctSYxKRiorWCXwNvReki,check,15
49811.016,1AgfoJJ47gK3Xszfg2dcHCJXXmctSYxKRiorWCXwNvReki,check,15
49871.01,1AgfoJJ47gK3Xszfg2dcHCJXXmctSYxKRiorWCXwNvReki,check,15
49931.01,1AgfoJJ47gK3Xszfg2dcHCJXXmctSYxKRiorWCXwNvReki,check,15
49991.01,1AgfoJJ47gK3Xszfg2dcHCJXXmctSYxKRiorWCXwNvReki,check,15
50051.01,1AgfoJJ47gK3Xszfg2dcHCJXXmctSYxKRiorWCXwNvReki,check,15
50111.01,1AgfoJJ47gK3Xszfg2dcHCJXXmctSYxKRiorWCXwNvReki,check,15
50171.01,1AgfoJJ47gK3Xszfg2dcHCJXXmctSYxKRiorWCXwNvReki,check,15
50231.01,1AgfoJJ47gK3Xszfg2dcHCJXXmctSYxKRiorWCXwNvReki,check,14
50291.01,1AgfoJJ47gK3Xszfg2dcHCJXXmctSYxKRiorWCXwNvReki,check,15
50351.01,1AgfoJJ47gK3Xszfg2dcHCJXXmctSYxKRiorWCXwNvReki,check,15
50411.01,1AgfoJJ47gK3Xszfg2dcHCJXXmctSYxKRiorWCXwNvReki,check,14
50471.01,1AgfoJJ47gK3Xszfg2dcHCJXXmctSYxKRiorWCXwNvReki,check,14
50531.01,1AgfoJJ47gK3Xszfg2dcHCJXXmctSYxKRiorWCXwNvReki,check,14
50591.01,1AgfoJJ47gK3Xszfg2dcHCJXXmctSYxKRiorWCXwNvReki,check,14
50651.01,1AgfoJJ47gK3Xszfg2dcHCJXXmctSYxKRiorWCXwNvReki,check,14
50711.01,1AgfoJJ47gK3Xszfg2dcHCJXXmctSYxKRiorWCXwNvReki,check,14
50771.01,1AgfoJJ47gK3Xszfg2dcHCJXXmctSYxKRiorWCXwNvReki,check,14
50831.01,1AgfoJJ47gK3Xszfg2dcHCJXXmctSYxKRiorWCXwNvReki,check,13
50891.01,1AgfoJJ47gK3Xszfg2dcHCJXXmctSYxKRiorWCXwNvReki,check,13
50951.01,1AgfoJJ47gK3Xszfg2dcHCJXXmctSYxKRiorWCXwNvReki,check,14
51011.01,1AgfoJJ47gK3Xszfg2dcHCJXXmctSYxKRiorWCXwNvReki,check,14
51071.01,1AgfoJJ47gK3Xszfg2dcHCJXXmctSYxKRiorWCXwNvReki,check,14
51131.01,1AgfoJJ47gK3Xszfg2dcHCJXXmctSYxKRiorWCXwNvReki,check,14
51191.01,1AgfoJJ47gK3Xszfg2dcHCJXXmctSYxKRiorWCXwNvReki,check,14
51251.01,1AgfoJJ47gK3Xszfg2dcHCJXXmctSYxKRiorWCXwNvReki,check,14
51311.01,1AgfoJJ47gK3Xszfg2dcHCJXXmctSYxKRiorWCXwNvReki,check,14
51371.01,1AgfoJJ47gK3Xszfg2dcHCJXXmctSYxKRiorWCXwNvReki,check,13
51431.01,1AgfoJJ47gK3Xszfg2dcHCJXXmctSYxKRiorWCXwNvReki,check,14
51491.008,1AgfoJJ47gK3Xszfg2dcHCJXXmctSYxKRiorWCXwNvReki,check,14
51551.01,1AgfoJJ47gK3Xszfg2dcHCJXXmctSYxKRiorWCXwNvReki,check,14
51611.01,1AgfoJJ47gK3Xszfg2dcHCJXXmctSYxKRiorWCXwNvReki,check,14
51671.01,1AgfoJJ47gK3Xszfg2dcHCJXXmctSYxKRiorWCXwNvReki,check,14
51731.01,1AgfoJJ47gK3Xszfg2dcHCJXXmctSYxKRiorWCXwNvReki,check,14
51791.01,1AgfoJJ47gK3Xszfg2dcHCJXXmctSYxKRiorWCXwNvReki,check,14
51851.01,1AgfoJJ47gK3Xszfg2dcHCJXXmctSYxKRiorWCXwNvReki,check,14
51911.01,1AgfoJJ47gK3Xszfg2dcHCJXXmctSYxKRiorWCXwNvReki,check,14
51971.01,1AgfoJJ47gK3Xszfg2dcHCJXXmctSYxKRiorWCXwNvReki,check,14
52031.01,1AgfoJJ47gK3Xszfg2dcHCJXXmctSYxKRiorWCXwNvReki,check,14
52091.01,1AgfoJJ47gK3Xszfg2dcHCJXXmctSYxKRiorWCXwNvReki,check,14
52151.01,1AgfoJJ47gK3Xszfg2dcHCJXXmctSYxKRiorWCXwNvReki,check,14
52211.01,1AgfoJJ47gK3Xszfg2dcHCJXXmctSYxKRiorWCXwNvReki,check,14
52271.01,1AgfoJJ47gK3Xszfg2dcHCJXXmctSYxKRiorWCXwNvReki,check,14
52331.01,1AgfoJJ47gK3Xszfg2dcHCJXXmctSYxKRiorWCXwNvReki,check,13
52391.01,1AgfoJJ47gK3Xszfg2dcHCJXXmctSYxKRiorWCXwNvReki,check,14
52451.02,1AgfoJJ47gK3Xszfg2dcHCJXXmctSYxKRiorWCXwNvReki,check,13
52511.01,1AgfoJJ47gK3Xszfg2dcHCJXXmctSYxKRiorWCXwNvReki,check,14
52571.008,1AgfoJJ47gK3Xszfg2dcHCJXXmctSYxKRiorWCXwNvReki,check,14
52631.008,1AgfoJJ47gK3Xszfg2dcHCJXXmctSYxKRiorWCXwNvReki,check,14
52691.008,1AgfoJJ47gK3Xszfg2dcHCJXXmctSYxKRiorWCXwNvReki,check,14
52751.008,1AgfoJJ47gK3Xszfg2dcHCJXXmctSYxKRiorWCXwNvReki,check,14
52811.004,1AgfoJJ47gK3Xszfg2dcHCJXXmctSYxKRiorWCXwNvReki,check,14
52871.008,1AgfoJJ47gK3Xszfg2dcHCJXXmctSYxKRiorWCXwNvReki,check,14
52931.008,1AgfoJJ47gK3Xszfg2dcHCJXXmctSYxKRiorWCXwNvReki,check,14
52991.01,1AgfoJJ47gK3Xszfg2dcHCJXXmctSYxKRiorWCXwNvReki,check,14
53051.01,1AgfoJJ47gK3Xszfg2dcHCJXXmctSYxKRiorWCXwNvReki,check,13
53111.01,1AgfoJJ47gK3Xszfg2dcHCJXXmctSYxKRiorWCXwNvReki,check,14
53171.01,1AgfoJJ47gK3Xszfg2dcHCJXXmctSYxKRiorWCXwNvReki,check,14
53231.01,1AgfoJJ47gK3Xszfg2dcHCJXXmctSYxKRiorWCXwNvReki,check,14
53291.01,1AgfoJJ47gK3Xszfg2dcHCJXXmctSYxKRiorWCXwNvReki,check,14
53351.01,1AgfoJJ47gK3Xszfg2dcHCJXXmctSYxKRiorWCXwNvReki,check,14
53411.01,1AgfoJJ47gK3Xszfg2dcHCJXXmctSYxKRiorWCXwNvReki,check,14
53471.01,1AgfoJJ47gK3Xszfg2dcHCJXXmctSYxKRiorWCXwNvReki,check,14
53531.01,1AgfoJJ47gK3Xszfg2dcHCJXXmctSYxKRiorWCXwNvReki,check,14
53591.01,1AgfoJJ47gK3Xszfg2dcHCJXXmctSYxKRiorWCXwNvReki,check,14
53651.01,1AgfoJJ47gK3Xszfg2dcHCJXXmctSYxKRiorWCXwNvReki,check,14
53711.01,1AgfoJJ47gK3Xszfg2dcHCJXXmctSYxKRiorWCXwNvReki,check,14
53771.01,1AgfoJJ47gK3Xszfg2dcHCJXXmctSYxKRiorWCXwNvReki,check,14
53831.01,1AgfoJJ47gK3Xszfg2dcHCJXXmctSYxKRiorWCXwNvReki,check,14
53891.01,1AgfoJJ47gK3Xszfg2dcHCJXXmctSYxKRiorWCXwNvReki,check,14
53951.01,1AgfoJJ47gK3Xszfg2dcHCJXXmctSYxKRiorWCXwNvReki,check,14
54011.01,1AgfoJJ47gK3Xszfg2dcHCJXXmctSYxKRiorWCXwNvReki,check,14
54071.01,1AgfoJJ47gK3Xszfg2dcHCJXXmctSYxKRiorWCXwNvReki,check,14
54131.01,1AgfoJJ47gK3Xszfg2dcHCJXXmctSYxKRiorWCXwNvReki,check,14
54191.01,1AgfoJJ47gK3Xszfg2dcHCJXXmctSYxKRiorWCXwNvReki,check,14
54251.008,1AgfoJJ47gK3Xszfg2dcHCJXXmctSYxKRiorWCXwNvReki,check,14
54311.01,1AgfoJJ47gK3Xszfg2dcHCJXXmctSYxKRiorWCXwNvReki,check,14
54371.01,1AgfoJJ47gK3Xszfg2dcHCJXXmctSYxKRiorWCXwNvReki,check,14
54431.01,1AgfoJJ47gK3Xszfg2dcHCJXXmctSYxKRiorWCXwNvReki,check,14
54491.01,1AgfoJJ47gK3Xszfg2dcHCJXXmctSYxKRiorWCXwNvReki,check,14
54551.01,1AgfoJJ47gK3Xszfg2dcHCJXXmctSYxKRiorWCXwNvReki,check,14
54611.01,1AgfoJJ47gK3Xszfg2dcHCJXXmctSYxKRiorWCXwNvReki,check,14
54671.01,1AgfoJJ47gK3Xszfg2dcHCJXXmctSYxKRiorWCXwNvReki,check,14
54731.01,1AgfoJJ47gK3Xszfg2dcHCJXXmctSYxKRiorWCXwNvReki,check,14
54791.01,1AgfoJJ47gK3Xszfg2dcHCJXXmctSYxKRiorWCXwNvReki,check,14
54851.01,1AgfoJJ47gK3Xszfg2dcHCJXXmctSYxKRiorWCXwNvReki,check,14
54911.01,1AgfoJJ47gK3Xszfg2dcHCJXXmctSYxKRiorWCXwNvReki,check,14
54971.01,1AgfoJJ47gK3Xszfg2dcHCJXXmctSYxKRiorWCXwNvReki,check,14
55031.01,1AgfoJJ47gK3Xszfg2dcHCJXXmctSYxKRiorWCXwNvReki,check,14
55091.01,1AgfoJJ47gK3Xszfg2dcHCJXXmctSYxKRiorWCXwNvReki,check,14
55151.01,1AgfoJJ47gK3Xszfg2dcHCJXXmctSYxKRiorWCXwNvReki,check,14
55211.01,1AgfoJJ47gK3Xszfg2dcHCJXXmctSYxKRiorWCXwNvReki,check,14
55271.01,1AgfoJJ47gK3Xszfg2dcHCJXXmctSYxKRiorWCXwNvReki,check,14
55331.01,1AgfoJJ47gK3Xszfg2dcHCJXXmctSYxKRiorWCXwNvReki,check,14
55391.01,1AgfoJJ47gK3Xszfg2dcHCJXXmctSYxKRiorWCXwNvReki,check,14
55451.01,1AgfoJJ47gK3Xszfg2dcHCJXXmctSYxKRiorWCXwNvReki,check,14
55511.016,1AgfoJJ47gK3Xszfg2dcHCJXXmctSYxKRiorWCXwNvReki,check,14
55571.01,1AgfoJJ47gK3Xszfg2dcHCJXXmctSYxKRiorWCXwNvReki,check,14
55631.01,1AgfoJJ47gK3Xszfg2dcHCJXXmctSYxKRiorWCXwNvReki,check,14
55691.01,1AgfoJJ47gK3Xszfg2dcHCJXXmctSYxKRiorWCXwNvReki,check,14
55751.01,1AgfoJJ47gK3Xszfg2dcHCJXXmctSYxKRiorWCXwNvReki,check,14
55811.01,1AgfoJJ47gK3Xszfg2dcHCJXXmctSYxKRiorWCXwNvReki,check,14
55871.01,1AgfoJJ47gK3Xszfg2dcHCJXXmctSYxKRiorWCXwNvReki,check,14
55931.01,1AgfoJJ47gK3Xszfg2dcHCJXXmctSYxKRiorWCXwNvReki,check,14
55991.01,1AgfoJJ47gK3Xszfg2dcHCJXXmctSYxKRiorWCXwNvReki,check,14
56051.01,1AgfoJJ47gK3Xszfg2dcHCJXXmctSYxKRiorWCXwNvReki,check,14
56111.01,1AgfoJJ47gK3Xszfg2dcHCJXXmctSYxKRiorWCXwNvReki,check,14
56171.01,1AgfoJJ47gK3Xszfg2dcHCJXXmctSYxKRiorWCXwNvReki,check,14
56231.01,1AgfoJJ47gK3Xszfg2dcHCJXXmctSYxKRiorWCXwNvReki,check,14
56291.01,1AgfoJJ47gK3Xszfg2dcHCJXXmctSYxKRiorWCXwNvReki,check,14
56351.01,1AgfoJJ47gK3Xszfg2dcHCJXXmctSYxKRiorWCXwNvReki,check,14
56411.01,1AgfoJJ47gK3Xszfg2dcHCJXXmctSYxKRiorWCXwNvReki,check,14
56471.01,1AgfoJJ47gK3Xszfg2dcHCJXXmctSYxKRiorWCXwNvReki,check,14
56531.01,1AgfoJJ47gK3Xszfg2dcHCJXXmctSYxKRiorWCXwNvReki,check,14
56591.01,1AgfoJJ47gK3Xszfg2dcHCJXXmctSYxKRiorWCXwNvReki,check,14
56651.01,1AgfoJJ47gK3Xszfg2dcHCJXXmctSYxKRiorWCXwNvReki,check,14
56711.01,1AgfoJJ47gK3Xszfg2dcHCJXXmctSYxKRiorWCXwNvReki,check,14
56771.01,1AgfoJJ47gK3Xszfg2dcHCJXXmctSYxKRiorWCXwNvReki,check,14
56831.01,1AgfoJJ47gK3Xszfg2dcHCJXXmctSYxKRiorWCXwNvReki,check,14
56891.01,1AgfoJJ47gK3Xszfg2dcHCJXXmctSYxKRiorWCXwNvReki,check,14
56951.01,1AgfoJJ47gK3Xszfg2dcHCJXXmctSYxKRiorWCXwNvReki,check,14
57011.01,1AgfoJJ47gK3Xszfg2dcHCJXXmctSYxKRiorWCXwNvReki,check,14
57071.01,1AgfoJJ47gK3Xszfg2dcHCJXXmctSYxKRiorWCXwNvReki,check,14
57131.01,1AgfoJJ47gK3Xszfg2dcHCJXXmctSYxKRiorWCXwNvReki,check,14
57191.01,1AgfoJJ47gK3Xszfg2dcHCJXXmctSYxKRiorWCXwNvReki,check,14
57251.01,1AgfoJJ47gK3Xszfg2dcHCJXXmctSYxKRiorWCXwNvReki,check,14
57311.01,1AgfoJJ47gK3Xszfg2dcHCJXXmctSYxKRiorWCXwNvReki,check,14
57371.016,1AgfoJJ47gK3Xszfg2dcHCJXXmctSYxKRiorWCXwNvReki,check,14
57431.01,1AgfoJJ47gK3Xszfg2dcHCJXXmctSYxKRiorWCXwNvReki,check,14
57491.01,1AgfoJJ47gK3Xszfg2dcHCJXXmctSYxKRiorWCXwNvReki,check,14
57551.01,1AgfoJJ47gK3Xszfg2dcHCJXXmctSYxKRiorWCXwNvReki,check,14
57611.01,1AgfoJJ47gK3Xszfg2dcHCJXXmctSYxKRiorWCXwNvReki,check,14
57671.01,1AgfoJJ47gK3Xszfg2dcHCJXXmctSYxKRiorWCXwNvReki,check,14
57731.01,1AgfoJJ47gK3Xszfg2dcHCJXXmctSYxKRiorWCXwNvReki,check,14
57791.01,1AgfoJJ47gK3Xszfg2dcHCJXXmctSYxKRiorWCXwNvReki,check,13
57851.01,1AgfoJJ47gK3Xszfg2dcHCJXXmctSYxKRiorWCXwNvReki,check,14
57911.01,1AgfoJJ47gK3Xszfg2dcHCJXXmctSYxKRiorWCXwNvReki,check,14
57971.01,1AgfoJJ47gK3Xszfg2dcHCJXXmctSYxKRiorWCXwNvReki,check,14
58031.01,1AgfoJJ47gK3Xszfg2dcHCJXXmctSYxKRiorWCXwNvReki,check,14
58091.01,1AgfoJJ47gK3Xszfg2dcHCJXXmctSYxKRiorWCXwNvReki,check,14
58151.01,1AgfoJJ47gK3Xszfg2dcHCJXXmctSYxKRiorWCXwNvReki,check,14
58211.01,1AgfoJJ47gK3Xszfg2dcHCJXXmctSYxKRiorWCXwNvReki,check,14
58271.01,1AgfoJJ47gK3Xszfg2dcHCJXXmctSYxKRiorWCXwNvReki,check,14
58331.01,1AgfoJJ47gK3Xszfg2dcHCJXXmctSYxKRiorWCXwNvReki,check,14
58391.008,1AgfoJJ47gK3Xszfg2dcHCJXXmctSYxKRiorWCXwNvReki,check,14
58451.01,1AgfoJJ47gK3Xszfg2dcHCJXXmctSYxKRiorWCXwNvReki,check,14
58511.01,1AgfoJJ47gK3Xszfg2dcHCJXXmctSYxKRiorWCXwNvReki,check,14
58571.01,1AgfoJJ47gK3Xszfg2dcHCJXXmctSYxKRiorWCXwNvReki,check,14
58631.01,1AgfoJJ47gK3Xszfg2dcHCJXXmctSYxKRiorWCXwNvReki,check,14
58691.01,1AgfoJJ47gK3Xszfg2dcHCJXXmctSYxKRiorWCXwNvReki,check,14
58751.01,1AgfoJJ47gK3Xszfg2dcHCJXXmctSYxKRiorWCXwNvReki,check,14
58811.01,1AgfoJJ47gK3Xszfg2dcHCJXXmctSYxKRiorWCXwNvReki,check,14
58871.01,1AgfoJJ47gK3Xszfg2dcHCJXXmctSYxKRiorWCXwNvReki,check,14
58931.01,1AgfoJJ47gK3Xszfg2dcHCJXXmctSYxKRiorWCXwNvReki,check,14
58991.01,1AgfoJJ47gK3Xszfg2dcHCJXXmctSYxKRiorWCXwNvReki,check,14
59051.01,1AgfoJJ47gK3Xszfg2dcHCJXXmctSYxKRiorWCXwNvReki,check,14
59111.008,1AgfoJJ47gK3Xszfg2dcHCJXXmctSYxKRiorWCXwNvReki,check,14
59171.01,1AgfoJJ47gK3Xszfg2dcHCJXXmctSYxKRiorWCXwNvReki,check,14
59231.01,1AgfoJJ47gK3Xszfg2dcHCJXXmctSYxKRiorWCXwNvReki,check,14
59291.01,1AgfoJJ47gK3Xszfg2dcHCJXXmctSYxKRiorWCXwNvReki,check,14
59351.01,1AgfoJJ47gK3Xszfg2dcHCJXXmctSYxKRiorWCXwNvReki,check,14
59411.01,1AgfoJJ47gK3Xszfg2dcHCJXXmctSYxKRiorWCXwNvReki,check,14
59471.01,1AgfoJJ47gK3Xszfg2dcHCJXXmctSYxKRiorWCXwNvReki,check,13
59531.008,1AgfoJJ47gK3Xszfg2dcHCJXXmctSYxKRiorWCXwNvReki,check,13
59591.01,1AgfoJJ47gK3Xszfg2dcHCJXXmctSYxKRiorWCXwNvReki,check,14
59651.01,1AgfoJJ47gK3Xszfg2dcHCJXXmctSYxKRiorWCXwNvReki,check,14
59711.01,1AgfoJJ47gK3Xszfg2dcHCJXXmctSYxKRiorWCXwNvReki,check,14
59771.01,1AgfoJJ47gK3Xszfg2dcHCJXXmctSYxKRiorWCXwNvReki,check,14
59831.01,1AgfoJJ47gK3Xszfg2dcHCJXXmctSYxKRiorWCXwNvReki,check,14
59891.01,1AgfoJJ47gK3Xszfg2dcHCJXXmctSYxKRiorWCXwNvReki,check,14
59951.01,1AgfoJJ47gK3Xszfg2dcHCJXXmctSYxKRiorWCXwNvReki,check,14
60011.01,1AgfoJJ47gK3Xszfg2dcHCJXXmctSYxKRiorWCXwNvReki,check,14
60071.01,1AgfoJJ47gK3Xszfg2dcHCJXXmctSYxKRiorWCXwNvReki,check,14
60131.01,1AgfoJJ47gK3Xszfg2dcHCJXXmctSYxKRiorWCXwNvReki,check,14
60191.01,1AgfoJJ47gK3Xszfg2dcHCJXXmctSYxKRiorWCXwNvReki,check,12
60251.01,1AgfoJJ47gK3Xszfg2dcHCJXXmctSYxKRiorWCXwNvReki,check,14
60311.01,1AgfoJJ47gK3Xszfg2dcHCJXXmctSYxKRiorWCXwNvReki,check,14
60371.01,1AgfoJJ47gK3Xszfg2dcHCJXXmctSYxKRiorWCXwNvReki,check,14
60431.01,1AgfoJJ47gK3Xszfg2dcHCJXXmctSYxKRiorWCXwNvReki,check,14
60491.01,1AgfoJJ47gK3Xszfg2dcHCJXXmctSYxKRiorWCXwNvReki,check,14
60551.01,1AgfoJJ47gK3Xszfg2dcHCJXXmctSYxKRiorWCXwNvReki,check,14
60611.01,1AgfoJJ47gK3Xszfg2dcHCJXXmctSYxKRiorWCXwNvReki,check,14
60671.01,1AgfoJJ47gK3Xszfg2dcHCJXXmctSYxKRiorWCXwNvReki,check,14
60731.01,1AgfoJJ47gK3Xszfg2dcHCJXXmctSYxKRiorWCXwNvReki,check,14
60791.01,1AgfoJJ47gK3Xszfg2dcHCJXXmctSYxKRiorWCXwNvReki,check,14
60851.01,1AgfoJJ47gK3Xszfg2dcHCJXXmctSYxKRiorWCXwNvReki,check,14
60911.01,1AgfoJJ47gK3Xszfg2dcHCJXXmctSYxKRiorWCXwNvReki,check,12
60971.01,1AgfoJJ47gK3Xszfg2dcHCJXXmctSYxKRiorWCXwNvReki,check,14
61031.01,1AgfoJJ47gK3Xszfg2dcHCJXXmctSYxKRiorWCXwNvReki,check,13
61091.008,1AgfoJJ47gK3Xszfg2dcHCJXXmctSYxKRiorWCXwNvReki,check,14
61151.01,1AgfoJJ47gK3Xszfg2dcHCJXXmctSYxKRiorWCXwNvReki,check,13
61211.01,1AgfoJJ47gK3Xszfg2dcHCJXXmctSYxKRiorWCXwNvReki,check,14
61271.01,1AgfoJJ47gK3Xszfg2dcHCJXXmctSYxKRiorWCXwNvReki,check,14
61331.01,1AgfoJJ47gK3Xszfg2dcHCJXXmctSYxKRiorWCXwNvReki,check,14
61391.01,1AgfoJJ47gK3Xszfg2dcHCJXXmctSYxKRiorWCXwNvReki,check,14
61451.02,1AgfoJJ47gK3Xszfg2dcHCJXXmctSYxKRiorWCXwNvReki,check,14
61511.008,1AgfoJJ47gK3Xszfg2dcHCJXXmctSYxKRiorWCXwNvReki,check,14
61571.008,1AgfoJJ47gK3Xszfg2dcHCJXXmctSYxKRiorWCXwNvReki,check,14
61631.008,1AgfoJJ47gK3Xszfg2dcHCJXXmctSYxKRiorWCXwNvReki,check,14
61691.004,1AgfoJJ47gK3Xszfg2dcHCJXXmctSYxKRiorWCXwNvReki,check,14
61751.008,1AgfoJJ47gK3Xszfg2dcHCJXXmctSYxKRiorWCXwNvReki,check,14
61811.01,1AgfoJJ47gK3Xszfg2dcHCJXXmctSYxKRiorWCXwNvReki,check,14
61871.01,1AgfoJJ47gK3Xszfg2dcHCJXXmctSYxKRiorWCXwNvReki,check,14
61931.01,1AgfoJJ47gK3Xszfg2dcHCJXXmctSYxKRiorWCXwNvReki,check,14
61991.01,1AgfoJJ47gK3Xszfg2dcHCJXXmctSYxKRiorWCXwNvReki,check,14
62051.01,1AgfoJJ47gK3Xszfg2dcHCJXXmctSYxKRiorWCXwNvReki,check,14
62111.01,1AgfoJJ47gK3Xszfg2dcHCJXXmctSYxKRiorWCXwNvReki,check,13
62171.01,1AgfoJJ47gK3Xszfg2dcHCJXXmctSYxKRiorWCXwNvReki,check,13
62231.01,1AgfoJJ47gK3Xszfg2dcHCJXXmctSYxKRiorWCXwNvReki,check,13
62291.01,1AgfoJJ47gK3Xszfg2dcHCJXXmctSYxKRiorWCXwNvReki,check,13
62351.01,1AgfoJJ47gK3Xszfg2dcHCJXXmctSYxKRiorWCXwNvReki,check,14
62411.01,1AgfoJJ47gK3Xszfg2dcHCJXXmctSYxKRiorWCXwNvReki,check,14
62471.01,1AgfoJJ47gK3Xszfg2dcHCJXXmctSYxKRiorWCXwNvReki,check,13
62531.01,1AgfoJJ47gK3Xszfg2dcHCJXXmctSYxKRiorWCXwNvReki,check,14
62591.008,1AgfoJJ47gK3Xszfg2dcHCJXXmctSYxKRiorWCXwNvReki,check,14
62651.01,1AgfoJJ47gK3Xszfg2dcHCJXXmctSYxKRiorWCXwNvReki,check,14
62711.01,1AgfoJJ47gK3Xszfg2dcHCJXXmctSYxKRiorWCXwNvReki,check,14
62771.01,1AgfoJJ47gK3Xszfg2dcHCJXXmctSYxKRiorWCXwNvReki,check,13
62831.01,1AgfoJJ47gK3Xszfg2dcHCJXXmctSYxKRiorWCXwNvReki,check,14
62891.01,1AgfoJJ47gK3Xszfg2dcHCJXXmctSYxKRiorWCXwNvReki,check,14
62951.01,1AgfoJJ47gK3Xszfg2dcHCJXXmctSYxKRiorWCXwNvReki,check,14
63011.01,1AgfoJJ47gK3Xszfg2dcHCJXXmctSYxKRiorWCXwNvReki,check,14
63071.01,1AgfoJJ47gK3Xszfg2dcHCJXXmctSYxKRiorWCXwNvReki,check,14
63131.008,1AgfoJJ47gK3Xszfg2dcHCJXXmctSYxKRiorWCXwNvReki,check,14
63191.01,1AgfoJJ47gK3Xszfg2dcHCJXXmctSYxKRiorWCXwNvReki,check,13
63251.01,1AgfoJJ47gK3Xszfg2dcHCJXXmctSYxKRiorWCXwNvReki,check,14
63311.01,1AgfoJJ47gK3Xszfg2dcHCJXXmctSYxKRiorWCXwNvReki,check,13
63371.01,1AgfoJJ47gK3Xszfg2dcHCJXXmctSYxKRiorWCXwNvReki,check,14
63431.01,1AgfoJJ47gK3Xszfg2dcHCJXXmctSYxKRiorWCXwNvReki,check,14
63491.008,1AgfoJJ47gK3Xszfg2dcHCJXXmctSYxKRiorWCXwNvReki,check,14
63551.01,1AgfoJJ47gK3Xszfg2dcHCJXXmctSYxKRiorWCXwNvReki,check,14
63611.01,1AgfoJJ47gK3Xszfg2dcHCJXXmctSYxKRiorWCXwNvReki,check,14
63671.01,1AgfoJJ47gK3Xszfg2dcHCJXXmctSYxKRiorWCXwNvReki,check,14
63731.01,1AgfoJJ47gK3Xszfg2dcHCJXXmctSYxKRiorWCXwNvReki,check,14
63791.008,1AgfoJJ47gK3Xszfg2dcHCJXXmctSYxKRiorWCXwNvReki,check,14
63851.008,1AgfoJJ47gK3Xszfg2dcHCJXXmctSYxKRiorWCXwNvReki,check,13
63911.01,1AgfoJJ47gK3Xszfg2dcHCJXXmctSYxKRiorWCXwNvReki,check,13
63971.01,1AgfoJJ47gK3Xszfg2dcHCJXXmctSYxKRiorWCXwNvReki,check,14
64031.01,1AgfoJJ47gK3Xszfg2dcHCJXXmctSYxKRiorWCXwNvReki,check,14
64091.01,1AgfoJJ47gK3Xszfg2dcHCJXXmctSYxKRiorWCXwNvReki,check,13
64151.01,1AgfoJJ47gK3Xszfg2dcHCJXXmctSYxKRiorWCXwNvReki,check,14
64211.01,1AgfoJJ47gK3Xszfg2dcHCJXXmctSYxKRiorWCXwNvReki,check,14
64271.01,1AgfoJJ47gK3Xszfg2dcHCJXXmctSYxKRiorWCXwNvReki,check,14
64331.01,1AgfoJJ47gK3Xszfg2dcHCJXXmctSYxKRiorWCXwNvReki,check,14
64391.01,1AgfoJJ47gK3Xszfg2dcHCJXXmctSYxKRiorWCXwNvReki,check,14
64451.01,1AgfoJJ47gK3Xszfg2dcHCJXXmctSYxKRiorWCXwNvReki,check,14
64511.01,1AgfoJJ47gK3Xszfg2dcHCJXXmctSYxKRiorWCXwNvReki,check,14
64571.01,1AgfoJJ47gK3Xszfg2dcHCJXXmctSYxKRiorWCXwNvReki,check,14
64631.01,1AgfoJJ47gK3Xszfg2dcHCJXXmctSYxKRiorWCXwNvReki,check,14
64691.01,1AgfoJJ47gK3Xszfg2dcHCJXXmctSYxKRiorWCXwNvReki,check,14
64751.01,1AgfoJJ47gK3Xszfg2dcHCJXXmctSYxKRiorWCXwNvReki,check,13
64811.01,1AgfoJJ47gK3Xszfg2dcHCJXXmctSYxKRiorWCXwNvReki,check,14
64871.01,1AgfoJJ47gK3Xszfg2dcHCJXXmctSYxKRiorWCXwNvReki,check,13
64931.01,1AgfoJJ47gK3Xszfg2dcHCJXXmctSYxKRiorWCXwNvReki,check,13
64991.01,1AgfoJJ47gK3Xszfg2dcHCJXXmctSYxKRiorWCXwNvReki,check,14
65051.01,1AgfoJJ47gK3Xszfg2dcHCJXXmctSYxKRiorWCXwNvReki,check,14
65111.01,1AgfoJJ47gK3Xszfg2dcHCJXXmctSYxKRiorWCXwNvReki,check,14
65171.01,1AgfoJJ47gK3Xszfg2dcHCJXXmctSYxKRiorWCXwNvReki,check,14
65231.01,1AgfoJJ47gK3Xszfg2dcHCJXXmctSYxKRiorWCXwNvReki,check,14
65291.01,1AgfoJJ47gK3Xszfg2dcHCJXXmctSYxKRiorWCXwNvReki,check,14
65351.01,1AgfoJJ47gK3Xszfg2dcHCJXXmctSYxKRiorWCXwNvReki,check,14
65411.008,1AgfoJJ47gK3Xszfg2dcHCJXXmctSYxKRiorWCXwNvReki,check,15
65471.01,1AgfoJJ47gK3Xszfg2dcHCJXXmctSYxKRiorWCXwNvReki,check,15
65531.01,1AgfoJJ47gK3Xszfg2dcHCJXXmctSYxKRiorWCXwNvReki,check,15
65591.01,1AgfoJJ47gK3Xszfg2dcHCJXXmctSYxKRiorWCXwNvReki,check,14
65651.01,1AgfoJJ47gK3Xszfg2dcHCJXXmctSYxKRiorWCXwNvReki,check,15
65711.01,1AgfoJJ47gK3Xszfg2dcHCJXXmctSYxKRiorWCXwNvReki,check,13
65771.016,1AgfoJJ47gK3Xszfg2dcHCJXXmctSYxKRiorWCXwNvReki,check,15
65831.016,1AgfoJJ47gK3Xszfg2dcHCJXXmctSYxKRiorWCXwNvReki,check,15
65891.01,1AgfoJJ47gK3Xszfg2dcHCJXXmctSYxKRiorWCXwNvReki,check,15
65951.01,1AgfoJJ47gK3Xszfg2dcHCJXXmctSYxKRiorWCXwNvReki,check,15
66011.016,1AgfoJJ47gK3Xszfg2dcHCJXXmctSYxKRiorWCXwNvReki,check,15
66071.01,1AgfoJJ47gK3Xszfg2dcHCJXXmctSYxKRiorWCXwNvReki,check,15
66131.016,1AgfoJJ47gK3Xszfg2dcHCJXXmctSYxKRiorWCXwNvReki,check,15
66191.01,1AgfoJJ47gK3Xszfg2dcHCJXXmctSYxKRiorWCXwNvReki,check,13
66251.01,1AgfoJJ47gK3Xszfg2dcHCJXXmctSYxKRiorWCXwNvReki,check,14
66311.016,1AgfoJJ47gK3Xszfg2dcHCJXXmctSYxKRiorWCXwNvReki,check,15
66371.016,1AgfoJJ47gK3Xszfg2dcHCJXXmctSYxKRiorWCXwNvReki,check,15
66431.01,1AgfoJJ47gK3Xszfg2dcHCJXXmctSYxKRiorWCXwNvReki,check,13
66491.01,1AgfoJJ47gK3Xszfg2dcHCJXXmctSYxKRiorWCXwNvReki,check,14
66551.01,1AgfoJJ47gK3Xszfg2dcHCJXXmctSYxKRiorWCXwNvReki,check,15
66611.01,1AgfoJJ47gK3Xszfg2dcHCJXXmctSYxKRiorWCXwNvReki,check,15
66671.01,1AgfoJJ47gK3Xszfg2dcHCJXXmctSYxKRiorWCXwNvReki,check,14
66731.01,1AgfoJJ47gK3Xszfg2dcHCJXXmctSYxKRiorWCXwNvReki,check,15
66791.016,1AgfoJJ47gK3Xszfg2dcHCJXXmctSYxKRiorWCXwNvReki,check,15
66851.01,1AgfoJJ47gK3Xszfg2dcHCJXXmctSYxKRiorWCXwNvReki,check,15
66911.01,1AgfoJJ47gK3Xszfg2dcHCJXXmctSYxKRiorWCXwNvReki,check,15
66971.016,1AgfoJJ47gK3Xszfg2dcHCJXXmctSYxKRiorWCXwNvReki,check,15
67031.016,1AgfoJJ47gK3Xszfg2dcHCJXXmctSYxKRiorWCXwNvReki,check,15
67091.01,1AgfoJJ47gK3Xszfg2dcHCJXXmctSYxKRiorWCXwNvReki,check,13
67151.01,1AgfoJJ47gK3Xszfg2dcHCJXXmctSYxKRiorWCXwNvReki,check,11
67211.016,1AgfoJJ47gK3Xszfg2dcHCJXXmctSYxKRiorWCXwNvReki,check,13
67271.016,1AgfoJJ47gK3Xszfg2dcHCJXXmctSYxKRiorWCXwNvReki,check,15
67331.016,1AgfoJJ47gK3Xszfg2dcHCJXXmctSYxKRiorWCXwNvReki,check,15
67391.016,1AgfoJJ47gK3Xszfg2dcHCJXXmctSYxKRiorWCXwNvReki,check,15
67451.016,1AgfoJJ47gK3Xszfg2dcHCJXXmctSYxKRiorWCXwNvReki,check,15
67511.01,1AgfoJJ47gK3Xszfg2dcHCJXXmctSYxKRiorWCXwNvReki,check,15
67571.01,1AgfoJJ47gK3Xszfg2dcHCJXXmctSYxKRiorWCXwNvReki,check,15
67631.016,1AgfoJJ47gK3Xszfg2dcHCJXXmctSYxKRiorWCXwNvReki,check,15
67691.016,1AgfoJJ47gK3Xszfg2dcHCJXXmctSYxKRiorWCXwNvReki,check,15
67751.01,1AgfoJJ47gK3Xszfg2dcHCJXXmctSYxKRiorWCXwNvReki,check,13
67811.01,1AgfoJJ47gK3Xszfg2dcHCJXXmctSYxKRiorWCXwNvReki,check,14
67871.01,1AgfoJJ47gK3Xszfg2dcHCJXXmctSYxKRiorWCXwNvReki,check,15
67931.016,1AgfoJJ47gK3Xszfg2dcHCJXXmctSYxKRiorWCXwNvReki,check,15
67991.01,1AgfoJJ47gK3Xszfg2dcHCJXXmctSYxKRiorWCXwNvReki,check,14
68051.01,1AgfoJJ47gK3Xszfg2dcHCJXXmctSYxKRiorWCXwNvReki,check,15
68111.01,1AgfoJJ47gK3Xszfg2dcHCJXXmctSYxKRiorWCXwNvReki,check,8
68171.01,1AgfoJJ47gK3Xszfg2dcHCJXXmctSYxKRiorWCXwNvReki,check,15
68231.01,1AgfoJJ47gK3Xszfg2dcHCJXXmctSYxKRiorWCXwNvReki,check,14
68291.01,1AgfoJJ47gK3Xszfg2dcHCJXXmctSYxKRiorWCXwNvReki,check,15
68351.01,1AgfoJJ47gK3Xszfg2dcHCJXXmctSYxKRiorWCXwNvReki,check,13
68411.01,1AgfoJJ47gK3Xszfg2dcHCJXXmctSYxKRiorWCXwNvReki,check,12
68471.01,1AgfoJJ47gK3Xszfg2dcHCJXXmctSYxKRiorWCXwNvReki,check,4
68531.016,1AgfoJJ47gK3Xszfg2dcHCJXXmctSYxKRiorWCXwNvReki,check,4
68591.01,1AgfoJJ47gK3Xszfg2dcHCJXXmctSYxKRiorWCXwNvReki,check,4
68651.01,1AgfoJJ47gK3Xszfg2dcHCJXXmctSYxKRiorWCXwNvReki,check,4
68711.01,1AgfoJJ47gK3Xszfg2dcHCJXXmctSYxKRiorWCXwNvReki,check,4
68771.01,1AgfoJJ47gK3Xszfg2dcHCJXXmctSYxKRiorWCXwNvReki,check,4
68831.01,1AgfoJJ47gK3Xszfg2dcHCJXXmctSYxKRiorWCXwNvReki,check,4
68891.01,1AgfoJJ47gK3Xszfg2dcHCJXXmctSYxKRiorWCXwNvReki,check,13
68951.01,1AgfoJJ47gK3Xszfg2dcHCJXXmctSYxKRiorWCXwNvReki,check,13
69011.01,1AgfoJJ47gK3Xszfg2dcHCJXXmctSYxKRiorWCXwNvReki,check,4
69071.016,1AgfoJJ47gK3Xszfg2dcHCJXXmctSYxKRiorWCXwNvReki,check,14
69131.01,1AgfoJJ47gK3Xszfg2dcHCJXXmctSYxKRiorWCXwNvReki,check,13
69191.016,1AgfoJJ47gK3Xszfg2dcHCJXXmctSYxKRiorWCXwNvReki,check,14
69251.016,1AgfoJJ47gK3Xszfg2dcHCJXXmctSYxKRiorWCXwNvReki,check,13
69311.01,1AgfoJJ47gK3Xszfg2dcHCJXXmctSYxKRiorWCXwNvReki,check,14
69371.01,1AgfoJJ47gK3Xszfg2dcHCJXXmctSYxKRiorWCXwNvReki,check,7
69431.016,1AgfoJJ47gK3Xszfg2dcHCJXXmctSYxKRiorWCXwNvReki,check,12
69491.01,1AgfoJJ47gK3Xszfg2dcHCJXXmctSYxKRiorWCXwNvReki,check,11
69551.01,1AgfoJJ47gK3Xszfg2dcHCJXXmctSYxKRiorWCXwNvReki,check,13
69611.01,1AgfoJJ47gK3Xszfg2dcHCJXXmctSYxKRiorWCXwNvReki,check,11
69671.016,1AgfoJJ47gK3Xszfg2dcHCJXXmctSYxKRiorWCXwNvReki,check,15
69731.016,1AgfoJJ47gK3Xszfg2dcHCJXXmctSYxKRiorWCXwNvReki,check,15
69791.01,1AgfoJJ47gK3Xszfg2dcHCJXXmctSYxKRiorWCXwNvReki,check,15
69851.01,1AgfoJJ47gK3Xszfg2dcHCJXXmctSYxKRiorWCXwNvReki,check,15
69911.016,1AgfoJJ47gK3Xszfg2dcHCJXXmctSYxKRiorWCXwNvReki,check,15
69971.01,1AgfoJJ47gK3Xszfg2dcHCJXXmctSYxKRiorWCXwNvReki,check,15
70031.016,1AgfoJJ47gK3Xszfg2dcHCJXXmctSYxKRiorWCXwNvReki,check,15
70091.01,1AgfoJJ47gK3Xszfg2dcHCJXXmctSYxKRiorWCXwNvReki,check,14
70151.01,1AgfoJJ47gK3Xszfg2dcHCJXXmctSYxKRiorWCXwNvReki,check,14
70211.01,1AgfoJJ47gK3Xszfg2dcHCJXXmctSYxKRiorWCXwNvReki,check,13
70271.01,1AgfoJJ47gK3Xszfg2dcHCJXXmctSYxKRiorWCXwNvReki,check,11
70331.01,1AgfoJJ47gK3Xszfg2dcHCJXXmctSYxKRiorWCXwNvReki,check,10
70391.01,1AgfoJJ47gK3Xszfg2dcHCJXXmctSYxKRiorWCXwNvReki,check,4
70451.01,1AgfoJJ47gK3Xszfg2dcHCJXXmctSYxKRiorWCXwNvReki,check,13
70511.01,1AgfoJJ47gK3Xszfg2dcHCJXXmctSYxKRiorWCXwNvReki,check,13
70571.01,1AgfoJJ47gK3Xszfg2dcHCJXXmctSYxKRiorWCXwNvReki,check,14
70631.016,1AgfoJJ47gK3Xszfg2dcHCJXXmctSYxKRiorWCXwNvReki,check,13
70691.01,1AgfoJJ47gK3Xszfg2dcHCJXXmctSYxKRiorWCXwNvReki,check,12
70751.01,1AgfoJJ47gK3Xszfg2dcHCJXXmctSYxKRiorWCXwNvReki,check,10
70811.01,1AgfoJJ47gK3Xszfg2dcHCJXXmctSYxKRiorWCXwNvReki,check,11
70871.016,1AgfoJJ47gK3Xszfg2dcHCJXXmctSYxKRiorWCXwNvReki,check,4
70931.01,1AgfoJJ47gK3Xszfg2dcHCJXXmctSYxKRiorWCXwNvReki,check,4
70991.01,1AgfoJJ47gK3Xszfg2dcHCJXXmctSYxKRiorWCXwNvReki,check,4
71051.01,1AgfoJJ47gK3Xszfg2dcHCJXXmctSYxKRiorWCXwNvReki,check,4
71111.01,1AgfoJJ47gK3Xszfg2dcHCJXXmctSYxKRiorWCXwNvReki,check,4
71171.01,1AgfoJJ47gK3Xszfg2dcHCJXXmctSYxKRiorWCXwNvReki,check,11
71231.016,1AgfoJJ47gK3Xszfg2dcHCJXXmctSYxKRiorWCXwNvReki,check,13
71291.01,1AgfoJJ47gK3Xszfg2dcHCJXXmctSYxKRiorWCXwNvReki,check,15
71351.016,1AgfoJJ47gK3Xszfg2dcHCJXXmctSYxKRiorWCXwNvReki,check,15
71411.01,1AgfoJJ47gK3Xszfg2dcHCJXXmctSYxKRiorWCXwNvReki,check,14
71471.016,1AgfoJJ47gK3Xszfg2dcHCJXXmctSYxKRiorWCXwNvReki,check,14
71531.016,1AgfoJJ47gK3Xszfg2dcHCJXXmctSYxKRiorWCXwNvReki,check,14
71591.01,1AgfoJJ47gK3Xszfg2dcHCJXXmctSYxKRiorWCXwNvReki,check,13
71651.01,1AgfoJJ47gK3Xszfg2dcHCJXXmctSYxKRiorWCXwNvReki,check,11
71711.01,1AgfoJJ47gK3Xszfg2dcHCJXXmctSYxKRiorWCXwNvReki,check,9
71771.01,1AgfoJJ47gK3Xszfg2dcHCJXXmctSYxKRiorWCXwNvReki,check,14
71831.01,1AgfoJJ47gK3Xszfg2dcHCJXXmctSYxKRiorWCXwNvReki,check,10
71891.01,1AgfoJJ47gK3Xszfg2dcHCJXXmctSYxKRiorWCXwNvReki,check,8
71951.01,1AgfoJJ47gK3Xszfg2dcHCJXXmctSYxKRiorWCXwNvReki,check,15
