63.829044,1Aar2YgsZQK219orphuaKmzN1ueWBrSgiGC6iK89bS7W4s,check,18
122.70219,1Aar2YgsZQK219orphuaKmzN1ueWBrSgiGC6iK89bS7W4s,check,19
182.93613,1Aar2YgsZQK219orphuaKmzN1ueWBrSgiGC6iK89bS7W4s,check,19
248.55144,1Aar2YgsZQK219orphuaKmzN1ueWBrSgiGC6iK89bS7W4s,check,19
311.01352,1Aar2YgsZQK219orphuaKmzN1ueWBrSgiGC6iK89bS7W4s,check,17
371.01596,1Aar2YgsZQK219orphuaKmzN1ueWBrSgiGC6iK89bS7W4s,check,16
431.0133,1Aar2YgsZQK219orphuaKmzN1ueWBrSgiGC6iK89bS7W4s,check,17
491.0098,1Aar2YgsZQK219orphuaKmzN1ueWBrSgiGC6iK89bS7W4s,check,16
551.0129,1Aar2YgsZQK219orphuaKmzN1ueWBrSgiGC6iK89bS7W4s,check,18
611.0032,1Aar2YgsZQK219orphuaKmzN1ueWBrSgiGC6iK89bS7W4s,check,16
671.0079,1Aar2YgsZQK219orphuaKmzN1ueWBrSgiGC6iK89bS7W4s,check,14
722.87604,1Aar2YgsZQK219orphuaKmzN1ueWBrSgiGC6iK89bS7W4s,check,19
790.99347,1Aar2YgsZQK219orphuaKmzN1ueWBrSgiGC6iK89bS7W4s,check,17
851.0018,1Aar2YgsZQK219orphuaKmzN1ueWBrSgiGC6iK89bS7W4s,check,18
911.0056,1Aar2YgsZQK219orphuaKmzN1ueWBrSgiGC6iK89bS7W4s,check,17
971.0039,1Aar2YgsZQK219orphuaKmzN1ueWBrSgiGC6iK89bS7W4s,check,18
1023.59796,1Aar2YgsZQK219orphuaKmzN1ueWBrSgiGC6iK89bS7W4s,check,18
1091.0066,1Aar2YgsZQK219orphuaKmzN1ueWBrSgiGC6iK89bS7W4s,check,15
1151.0138,1Aar2YgsZQK219orphuaKmzN1ueWBrSgiGC6iK89bS7W4s,check,16
1211.0135,1Aar2YgsZQK219orphuaKmzN1ueWBrSgiGC6iK89bS7W4s,check,15
1271.0084,1Aar2YgsZQK219orphuaKmzN1ueWBrSgiGC6iK89bS7W4s,check,16
1327.6719,1Aar2YgsZQK219orphuaKmzN1ueWBrSgiGC6iK89bS7W4s,check,18
1384.1528,1Aar2YgsZQK219orphuaKmzN1ueWBrSgiGC6iK89bS7W4s,check,18
1451.0126,1Aar2YgsZQK219orphuaKmzN1ueWBrSgiGC6iK89bS7W4s,check,17
1502.8845,1Aar2YgsZQK219orphuaKmzN1ueWBrSgiGC6iK89bS7W4s,check,17
1565.2527,1Aar2YgsZQK219orphuaKmzN1ueWBrSgiGC6iK89bS7W4s,check,19
1622.6704,1Aar2YgsZQK219orphuaKmzN1ueWBrSgiGC6iK89bS7W4s,check,19
1685.185,1Aar2YgsZQK219orphuaKmzN1ueWBrSgiGC6iK89bS7W4s,check,19
1751.0084,1Aar2YgsZQK219orphuaKmzN1ueWBrSgiGC6iK89bS7W4s,check,17
1811.0111,1Aar2YgsZQK219orphuaKmzN1ueWBrSgiGC6iK89bS7W4s,check,17
1869.2484,1Aar2YgsZQK219orphuaKmzN1ueWBrSgiGC6iK89bS7W4s,check,19
1931.0154,1Aar2YgsZQK219orphuaKmzN1ueWBrSgiGC6iK89bS7W4s,check,15
1991.0145,1Aar2YgsZQK219orphuaKmzN1ueWBrSgiGC6iK89bS7W4s,check,16
2051.014,1Aar2YgsZQK219orphuaKmzN1ueWBrSgiGC6iK89bS7W4s,check,15
2108.211,1Aar2YgsZQK219orphuaKmzN1ueWBrSgiGC6iK89bS7W4s,check,19
2161.5974,1Aar2YgsZQK219orphuaKmzN1ueWBrSgiGC6iK89bS7W4s,check,19
2231.004,1Aar2YgsZQK219orphuaKmzN1ueWBrSgiGC6iK89bS7W4s,check,18
2281.8818,1Aar2YgsZQK219orphuaKmzN1ueWBrSgiGC6iK89bS7W4s,check,19
2342.3738,1Aar2YgsZQK219orphuaKmzN1ueWBrSgiGC6iK89bS7W4s,check,18
2402.2244,1Aar2YgsZQK219orphuaKmzN1ueWBrSgiGC6iK89bS7W4s,check,19
2468.144,1Aar2YgsZQK219orphuaKmzN1ueWBrSgiGC6iK89bS7W4s,check,19
2524.0098,1Aar2YgsZQK219orphuaKmzN1ueWBrSgiGC6iK89bS7W4s,check,19
2584.1406,1Aar2YgsZQK219orphuaKmzN1ueWBrSgiGC6iK89bS7W4s,check,19
2651.0137,1Aar2YgsZQK219orphuaKmzN1ueWBrSgiGC6iK89bS7W4s,check,17
2711.0151,1Aar2YgsZQK219orphuaKmzN1ueWBrSgiGC6iK89bS7W4s,check,16
2771.014,1Aar2YgsZQK219orphuaKmzN1ueWBrSgiGC6iK89bS7W4s,check,17
2831.0151,1Aar2YgsZQK219orphuaKmzN1ueWBrSgiGC6iK89bS7W4s,check,17
2891.01,1Aar2YgsZQK219orphuaKmzN1ueWBrSgiGC6iK89bS7W4s,check,18
2942.5437,1Aar2YgsZQK219orphuaKmzN1ueWBrSgiGC6iK89bS7W4s,check,19
3004.9102,1Aar2YgsZQK219orphuaKmzN1ueWBrSgiGC6iK89bS7W4s,check,18
3062.83,1Aar2YgsZQK219orphuaKmzN1ueWBrSgiGC6iK89bS7W4s,check,19
3124.874,1Aar2YgsZQK219orphuaKmzN1ueWBrSgiGC6iK89bS7W4s,check,19
3191.003,1Aar2YgsZQK219orphuaKmzN1ueWBrSgiGC6iK89bS7W4s,check,17
3251.0024,1Aar2YgsZQK219orphuaKmzN1ueWBrSgiGC6iK89bS7W4s,check,18
3310.789,1Aar2YgsZQK219orphuaKmzN1ueWBrSgiGC6iK89bS7W4s,check,19
3371.0059,1Aar2YgsZQK219orphuaKmzN1ueWBrSgiGC6iK89bS7W4s,check,18
3429.965,1Aar2YgsZQK219orphuaKmzN1ueWBrSgiGC6iK89bS7W4s,check,19
3491.0159,1Aar2YgsZQK219orphuaKmzN1ueWBrSgiGC6iK89bS7W4s,check,18
3551.0154,1Aar2YgsZQK219orphuaKmzN1ueWBrSgiGC6iK89bS7W4s,check,17
3611.017,1Aar2YgsZQK219orphuaKmzN1ueWBrSgiGC6iK89bS7W4s,check,15
3671.016,1Aar2YgsZQK219orphuaKmzN1ueWBrSgiGC6iK89bS7W4s,check,17
3731.01,1Aar2YgsZQK219orphuaKmzN1ueWBrSgiGC6iK89bS7W4s,check,18
3791.0193,1Aar2YgsZQK219orphuaKmzN1ueWBrSgiGC6iK89bS7W4s,check,17
3851.0156,1Aar2YgsZQK219orphuaKmzN1ueWBrSgiGC6iK89bS7W4s,check,18
3911.0144,1Aar2YgsZQK219orphuaKmzN1ueWBrSgiGC6iK89bS7W4s,check,18
3971.0154,1Aar2YgsZQK219orphuaKmzN1ueWBrSgiGC6iK89bS7W4s,check,17
4031.0159,1Aar2YgsZQK219orphuaKmzN1ueWBrSgiGC6iK89bS7W4s,check,17
4091.0125,1Aar2YgsZQK219orphuaKmzN1ueWBrSgiGC6iK89bS7W4s,check,18
4151.019,1Aar2YgsZQK219orphuaKmzN1ueWBrSgiGC6iK89bS7W4s,check,18
4211.016,1Aar2YgsZQK219orphuaKmzN1ueWBrSgiGC6iK89bS7W4s,check,17
4271.007,1Aar2YgsZQK219orphuaKmzN1ueWBrSgiGC6iK89bS7W4s,check,17
4331.016,1Aar2YgsZQK219orphuaKmzN1ueWBrSgiGC6iK89bS7W4s,check,15
4391.0244,1Aar2YgsZQK219orphuaKmzN1ueWBrSgiGC6iK89bS7W4s,check,16
4451.0215,1Aar2YgsZQK219orphuaKmzN1ueWBrSgiGC6iK89bS7W4s,check,18
4511.012,1Aar2YgsZQK219orphuaKmzN1ueWBrSgiGC6iK89bS7W4s,check,17
4571.0156,1Aar2YgsZQK219orphuaKmzN1ueWBrSgiGC6iK89bS7W4s,check,17
4631.0137,1Aar2YgsZQK219orphuaKmzN1ueWBrSgiGC6iK89bS7W4s,check,18
4691.0166,1Aar2YgsZQK219orphuaKmzN1ueWBrSgiGC6iK89bS7W4s,check,17
4751.016,1Aar2YgsZQK219orphuaKmzN1ueWBrSgiGC6iK89bS7W4s,check,18
4811.0093,1Aar2YgsZQK219orphuaKmzN1ueWBrSgiGC6iK89bS7W4s,check,18
4871.016,1Aar2YgsZQK219orphuaKmzN1ueWBrSgiGC6iK89bS7W4s,check,18
4931.014,1Aar2YgsZQK219orphuaKmzN1ueWBrSgiGC6iK89bS7W4s,check,17
4991.014,1Aar2YgsZQK219orphuaKmzN1ueWBrSgiGC6iK89bS7W4s,check,15
5051.015,1Aar2YgsZQK219orphuaKmzN1ueWBrSgiGC6iK89bS7W4s,check,17
5111.0156,1Aar2YgsZQK219orphuaKmzN1ueWBrSgiGC6iK89bS7W4s,check,16
5171.0093,1Aar2YgsZQK219orphuaKmzN1ueWBrSgiGC6iK89bS7W4s,check,18
5231.016,1Aar2YgsZQK219orphuaKmzN1ueWBrSgiGC6iK89bS7W4s,check,18
5291.0156,1Aar2YgsZQK219orphuaKmzN1ueWBrSgiGC6iK89bS7W4s,check,18
5351.0107,1Aar2YgsZQK219orphuaKmzN1ueWBrSgiGC6iK89bS7W4s,check,18
5411.006,1Aar2YgsZQK219orphuaKmzN1ueWBrSgiGC6iK89bS7W4s,check,17
5471.018,1Aar2YgsZQK219orphuaKmzN1ueWBrSgiGC6iK89bS7W4s,check,18
5531.0156,1Aar2YgsZQK219orphuaKmzN1ueWBrSgiGC6iK89bS7W4s,check,17
5591.0186,1Aar2YgsZQK219orphuaKmzN1ueWBrSgiGC6iK89bS7W4s,check,17
5651.0166,1Aar2YgsZQK219orphuaKmzN1ueWBrSgiGC6iK89bS7W4s,check,18
5711.016,1Aar2YgsZQK219orphuaKmzN1ueWBrSgiGC6iK89bS7W4s,check,17
5771.015,1Aar2YgsZQK219orphuaKmzN1ueWBrSgiGC6iK89bS7W4s,check,16
5831.016,1Aar2YgsZQK219orphuaKmzN1ueWBrSgiGC6iK89bS7W4s,check,17
5891.0137,1Aar2YgsZQK219orphuaKmzN1ueWBrSgiGC6iK89bS7W4s,check,16
5951.015,1Aar2YgsZQK219orphuaKmzN1ueWBrSgiGC6iK89bS7W4s,check,18
6011.017,1Aar2YgsZQK219orphuaKmzN1ueWBrSgiGC6iK89bS7W4s,check,18
6071.02,1Aar2YgsZQK219orphuaKmzN1ueWBrSgiGC6iK89bS7W4s,check,17
6131.015,1Aar2YgsZQK219orphuaKmzN1ueWBrSgiGC6iK89bS7W4s,check,18
6191.0156,1Aar2YgsZQK219orphuaKmzN1ueWBrSgiGC6iK89bS7W4s,check,18
6251.016,1Aar2YgsZQK219orphuaKmzN1ueWBrSgiGC6iK89bS7W4s,check,18
6311.0156,1Aar2YgsZQK219orphuaKmzN1ueWBrSgiGC6iK89bS7W4s,check,17
6371.014,1Aar2YgsZQK219orphuaKmzN1ueWBrSgiGC6iK89bS7W4s,check,18
6431.016,1Aar2YgsZQK219orphuaKmzN1ueWBrSgiGC6iK89bS7W4s,check,15
6491.0166,1Aar2YgsZQK219orphuaKmzN1ueWBrSgiGC6iK89bS7W4s,check,17
6551.0166,1Aar2YgsZQK219orphuaKmzN1ueWBrSgiGC6iK89bS7W4s,check,18
6611.0156,1Aar2YgsZQK219orphuaKmzN1ueWBrSgiGC6iK89bS7W4s,check,18
6671.015,1Aar2YgsZQK219orphuaKmzN1ueWBrSgiGC6iK89bS7W4s,check,17
6731.012,1Aar2YgsZQK219orphuaKmzN1ueWBrSgiGC6iK89bS7W4s,check,18
6791.02,1Aar2YgsZQK219orphuaKmzN1ueWBrSgiGC6iK89bS7W4s,check,18
6851.018,1Aar2YgsZQK219orphuaKmzN1ueWBrSgiGC6iK89bS7W4s,check,18
6911.017,1Aar2YgsZQK219orphuaKmzN1ueWBrSgiGC6iK89bS7W4s,check,18
6971.016,1Aar2YgsZQK219orphuaKmzN1ueWBrSgiGC6iK89bS7W4s,check,18
7031.017,1Aar2YgsZQK219orphuaKmzN1ueWBrSgiGC6iK89bS7W4s,check,18
7091.015,1Aar2YgsZQK219orphuaKmzN1ueWBrSgiGC6iK89bS7W4s,check,18
7151.018,1Aar2YgsZQK219orphuaKmzN1ueWBrSgiGC6iK89bS7W4s,check,17
7211.0146,1Aar2YgsZQK219orphuaKmzN1ueWBrSgiGC6iK89bS7W4s,check,17
7271.0166,1Aar2YgsZQK219orphuaKmzN1ueWBrSgiGC6iK89bS7W4s,check,18
7331.018,1Aar2YgsZQK219orphuaKmzN1ueWBrSgiGC6iK89bS7W4s,check,18
7391.015,1Aar2YgsZQK219orphuaKmzN1ueWBrSgiGC6iK89bS7W4s,check,16
7451.0166,1Aar2YgsZQK219orphuaKmzN1ueWBrSgiGC6iK89bS7W4s,check,18
7511.016,1Aar2YgsZQK219orphuaKmzN1ueWBrSgiGC6iK89bS7W4s,check,17
7571.0166,1Aar2YgsZQK219orphuaKmzN1ueWBrSgiGC6iK89bS7W4s,check,18
7631.017,1Aar2YgsZQK219orphuaKmzN1ueWBrSgiGC6iK89bS7W4s,check,17
7691.0166,1Aar2YgsZQK219orphuaKmzN1ueWBrSgiGC6iK89bS7W4s,check,17
7751.017,1Aar2YgsZQK219orphuaKmzN1ueWBrSgiGC6iK89bS7W4s,check,18
7811.0166,1Aar2YgsZQK219orphuaKmzN1ueWBrSgiGC6iK89bS7W4s,check,18
7871.0166,1Aar2YgsZQK219orphuaKmzN1ueWBrSgiGC6iK89bS7W4s,check,18
7931.015,1Aar2YgsZQK219orphuaKmzN1ueWBrSgiGC6iK89bS7W4s,check,17
7991.0156,1Aar2YgsZQK219orphuaKmzN1ueWBrSgiGC6iK89bS7W4s,check,17
8051.0166,1Aar2YgsZQK219orphuaKmzN1ueWBrSgiGC6iK89bS7W4s,check,18
8111.017,1Aar2YgsZQK219orphuaKmzN1ueWBrSgiGC6iK89bS7W4s,check,16
8171.0156,1Aar2YgsZQK219orphuaKmzN1ueWBrSgiGC6iK89bS7W4s,check,16
8231.016,1Aar2YgsZQK219orphuaKmzN1ueWBrSgiGC6iK89bS7W4s,check,13
8291.017,1Aar2YgsZQK219orphuaKmzN1ueWBrSgiGC6iK89bS7W4s,check,18
8351.015,1Aar2YgsZQK219orphuaKmzN1ueWBrSgiGC6iK89bS7W4s,check,17
8411.016,1Aar2YgsZQK219orphuaKmzN1ueWBrSgiGC6iK89bS7W4s,check,18
8471.016,1Aar2YgsZQK219orphuaKmzN1ueWBrSgiGC6iK89bS7W4s,check,18
8531.02,1Aar2YgsZQK219orphuaKmzN1ueWBrSgiGC6iK89bS7W4s,check,17
8591.019,1Aar2YgsZQK219orphuaKmzN1ueWBrSgiGC6iK89bS7W4s,check,18
8651.016,1Aar2YgsZQK219orphuaKmzN1ueWBrSgiGC6iK89bS7W4s,check,18
8711.016,1Aar2YgsZQK219orphuaKmzN1ueWBrSgiGC6iK89bS7W4s,check,17
8771.016,1Aar2YgsZQK219orphuaKmzN1ueWBrSgiGC6iK89bS7W4s,check,18
8831.016,1Aar2YgsZQK219orphuaKmzN1ueWBrSgiGC6iK89bS7W4s,check,17
8891.016,1Aar2YgsZQK219orphuaKmzN1ueWBrSgiGC6iK89bS7W4s,check,17
8951.016,1Aar2YgsZQK219orphuaKmzN1ueWBrSgiGC6iK89bS7W4s,check,15
9011.015,1Aar2YgsZQK219orphuaKmzN1ueWBrSgiGC6iK89bS7W4s,check,15
9071.018,1Aar2YgsZQK219orphuaKmzN1ueWBrSgiGC6iK89bS7W4s,check,18
9131.015,1Aar2YgsZQK219orphuaKmzN1ueWBrSgiGC6iK89bS7W4s,check,17
9191.013,1Aar2YgsZQK219orphuaKmzN1ueWBrSgiGC6iK89bS7W4s,check,16
9251.014,1Aar2YgsZQK219orphuaKmzN1ueWBrSgiGC6iK89bS7W4s,check,18
9311.007,1Aar2YgsZQK219orphuaKmzN1ueWBrSgiGC6iK89bS7W4s,check,17
9371.006,1Aar2YgsZQK219orphuaKmzN1ueWBrSgiGC6iK89bS7W4s,check,18
9431.005,1Aar2YgsZQK219orphuaKmzN1ueWBrSgiGC6iK89bS7W4s,check,16
9491.008,1Aar2YgsZQK219orphuaKmzN1ueWBrSgiGC6iK89bS7W4s,check,14
9551.011,1Aar2YgsZQK219orphuaKmzN1ueWBrSgiGC6iK89bS7W4s,check,17
9611.017,1Aar2YgsZQK219orphuaKmzN1ueWBrSgiGC6iK89bS7W4s,check,17
9671.018,1Aar2YgsZQK219orphuaKmzN1ueWBrSgiGC6iK89bS7W4s,check,15
9731.016,1Aar2YgsZQK219orphuaKmzN1ueWBrSgiGC6iK89bS7W4s,check,13
9791.017,1Aar2YgsZQK219orphuaKmzN1ueWBrSgiGC6iK89bS7W4s,check,12
9851.017,1Aar2YgsZQK219orphuaKmzN1ueWBrSgiGC6iK89bS7W4s,check,17
9911.008,1Aar2YgsZQK219orphuaKmzN1ueWBrSgiGC6iK89bS7W4s,check,16
9971.017,1Aar2YgsZQK219orphuaKmzN1ueWBrSgiGC6iK89bS7W4s,check,17
10031.018,1Aar2YgsZQK219orphuaKmzN1ueWBrSgiGC6iK89bS7W4s,check,18
10091.016,1Aar2YgsZQK219orphuaKmzN1ueWBrSgiGC6iK89bS7W4s,check,17
10151.016,1Aar2YgsZQK219orphuaKmzN1ueWBrSgiGC6iK89bS7W4s,check,16
10211.016,1Aar2YgsZQK219orphuaKmzN1ueWBrSgiGC6iK89bS7W4s,check,15
10271.017,1Aar2YgsZQK219orphuaKmzN1ueWBrSgiGC6iK89bS7W4s,check,14
10331.016,1Aar2YgsZQK219orphuaKmzN1ueWBrSgiGC6iK89bS7W4s,check,14
10391.018,1Aar2YgsZQK219orphuaKmzN1ueWBrSgiGC6iK89bS7W4s,check,14
10451.017,1Aar2YgsZQK219orphuaKmzN1ueWBrSgiGC6iK89bS7W4s,check,12
10511.017,1Aar2YgsZQK219orphuaKmzN1ueWBrSgiGC6iK89bS7W4s,check,13
10571.018,1Aar2YgsZQK219orphuaKmzN1ueWBrSgiGC6iK89bS7W4s,check,15
10631.019,1Aar2YgsZQK219orphuaKmzN1ueWBrSgiGC6iK89bS7W4s,check,16
10691.019,1Aar2YgsZQK219orphuaKmzN1ueWBrSgiGC6iK89bS7W4s,check,17
10751.018,1Aar2YgsZQK219orphuaKmzN1ueWBrSgiGC6iK89bS7W4s,check,17
10811.017,1Aar2YgsZQK219orphuaKmzN1ueWBrSgiGC6iK89bS7W4s,check,18
10871.018,1Aar2YgsZQK219orphuaKmzN1ueWBrSgiGC6iK89bS7W4s,check,18
10931.02,1Aar2YgsZQK219orphuaKmzN1ueWBrSgiGC6iK89bS7W4s,check,18
10991.016,1Aar2YgsZQK219orphuaKmzN1ueWBrSgiGC6iK89bS7W4s,check,16
11051.017,1Aar2YgsZQK219orphuaKmzN1ueWBrSgiGC6iK89bS7W4s,check,16
11111.018,1Aar2YgsZQK219orphuaKmzN1ueWBrSgiGC6iK89bS7W4s,check,15
11171.017,1Aar2YgsZQK219orphuaKmzN1ueWBrSgiGC6iK89bS7W4s,check,14
11231.019,1Aar2YgsZQK219orphuaKmzN1ueWBrSgiGC6iK89bS7W4s,check,17
11291.016,1Aar2YgsZQK219orphuaKmzN1ueWBrSgiGC6iK89bS7W4s,check,16
11351.017,1Aar2YgsZQK219orphuaKmzN1ueWBrSgiGC6iK89bS7W4s,check,14
11411.016,1Aar2YgsZQK219orphuaKmzN1ueWBrSgiGC6iK89bS7W4s,check,18
11471.017,1Aar2YgsZQK219orphuaKmzN1ueWBrSgiGC6iK89bS7W4s,check,18
11531.018,1Aar2YgsZQK219orphuaKmzN1ueWBrSgiGC6iK89bS7W4s,check,18
11591.015,1Aar2YgsZQK219orphuaKmzN1ueWBrSgiGC6iK89bS7W4s,check,18
11651.016,1Aar2YgsZQK219orphuaKmzN1ueWBrSgiGC6iK89bS7W4s,check,18
11711.021,1Aar2YgsZQK219orphuaKmzN1ueWBrSgiGC6iK89bS7W4s,check,17
11771.016,1Aar2YgsZQK219orphuaKmzN1ueWBrSgiGC6iK89bS7W4s,check,18
11831.017,1Aar2YgsZQK219orphuaKmzN1ueWBrSgiGC6iK89bS7W4s,check,17
11891.016,1Aar2YgsZQK219orphuaKmzN1ueWBrSgiGC6iK89bS7W4s,check,15
11951.016,1Aar2YgsZQK219orphuaKmzN1ueWBrSgiGC6iK89bS7W4s,check,15
12011.015,1Aar2YgsZQK219orphuaKmzN1ueWBrSgiGC6iK89bS7W4s,check,16
12071.018,1Aar2YgsZQK219orphuaKmzN1ueWBrSgiGC6iK89bS7W4s,check,14
12131.012,1Aar2YgsZQK219orphuaKmzN1ueWBrSgiGC6iK89bS7W4s,check,15
12191.017,1Aar2YgsZQK219orphuaKmzN1ueWBrSgiGC6iK89bS7W4s,check,16
12251.018,1Aar2YgsZQK219orphuaKmzN1ueWBrSgiGC6iK89bS7W4s,check,16
12311.017,1Aar2YgsZQK219orphuaKmzN1ueWBrSgiGC6iK89bS7W4s,check,18
12371.016,1Aar2YgsZQK219orphuaKmzN1ueWBrSgiGC6iK89bS7W4s,check,18
12431.018,1Aar2YgsZQK219orphuaKmzN1ueWBrSgiGC6iK89bS7W4s,check,18
12491.017,1Aar2YgsZQK219orphuaKmzN1ueWBrSgiGC6iK89bS7W4s,check,18
12551.016,1Aar2YgsZQK219orphuaKmzN1ueWBrSgiGC6iK89bS7W4s,check,16
12611.016,1Aar2YgsZQK219orphuaKmzN1ueWBrSgiGC6iK89bS7W4s,check,17
12671.017,1Aar2YgsZQK219orphuaKmzN1ueWBrSgiGC6iK89bS7W4s,check,17
12731.017,1Aar2YgsZQK219orphuaKmzN1ueWBrSgiGC6iK89bS7W4s,check,17
12791.016,1Aar2YgsZQK219orphuaKmzN1ueWBrSgiGC6iK89bS7W4s,check,16
12851.018,1Aar2YgsZQK219orphuaKmzN1ueWBrSgiGC6iK89bS7W4s,check,18
12911.016,1Aar2YgsZQK219orphuaKmzN1ueWBrSgiGC6iK89bS7W4s,check,15
12971.017,1Aar2YgsZQK219orphuaKmzN1ueWBrSgiGC6iK89bS7W4s,check,17
13031.016,1Aar2YgsZQK219orphuaKmzN1ueWBrSgiGC6iK89bS7W4s,check,18
13091.02,1Aar2YgsZQK219orphuaKmzN1ueWBrSgiGC6iK89bS7W4s,check,17
13151.021,1Aar2YgsZQK219orphuaKmzN1ueWBrSgiGC6iK89bS7W4s,check,18
13211.0205,1Aar2YgsZQK219orphuaKmzN1ueWBrSgiGC6iK89bS7W4s,check,18
13271.016,1Aar2YgsZQK219orphuaKmzN1ueWBrSgiGC6iK89bS7W4s,check,18
13331.02,1Aar2YgsZQK219orphuaKmzN1ueWBrSgiGC6iK89bS7W4s,check,18
13391.019,1Aar2YgsZQK219orphuaKmzN1ueWBrSgiGC6iK89bS7W4s,check,18
13451.02,1Aar2YgsZQK219orphuaKmzN1ueWBrSgiGC6iK89bS7W4s,check,14
13511.017,1Aar2YgsZQK219orphuaKmzN1ueWBrSgiGC6iK89bS7W4s,check,12
13571.017,1Aar2YgsZQK219orphuaKmzN1ueWBrSgiGC6iK89bS7W4s,check,14
13631.012,1Aar2YgsZQK219orphuaKmzN1ueWBrSgiGC6iK89bS7W4s,check,15
13691.017,1Aar2YgsZQK219orphuaKmzN1ueWBrSgiGC6iK89bS7W4s,check,15
13751.017,1Aar2YgsZQK219orphuaKmzN1ueWBrSgiGC6iK89bS7W4s,check,17
13811.018,1Aar2YgsZQK219orphuaKmzN1ueWBrSgiGC6iK89bS7W4s,check,18
13871.019,1Aar2YgsZQK219orphuaKmzN1ueWBrSgiGC6iK89bS7W4s,check,17
13931.015,1Aar2YgsZQK219orphuaKmzN1ueWBrSgiGC6iK89bS7W4s,check,18
13991.015,1Aar2YgsZQK219orphuaKmzN1ueWBrSgiGC6iK89bS7W4s,check,15
14051.014,1Aar2YgsZQK219orphuaKmzN1ueWBrSgiGC6iK89bS7W4s,check,18
14111.017,1Aar2YgsZQK219orphuaKmzN1ueWBrSgiGC6iK89bS7W4s,check,14
14171.015,1Aar2YgsZQK219orphuaKmzN1ueWBrSgiGC6iK89bS7W4s,check,13
14231.017,1Aar2YgsZQK219orphuaKmzN1ueWBrSgiGC6iK89bS7W4s,check,11
14291.015,1Aar2YgsZQK219orphuaKmzN1ueWBrSgiGC6iK89bS7W4s,check,14
14351.014,1Aar2YgsZQK219orphuaKmzN1ueWBrSgiGC6iK89bS7W4s,check,13
14411.016,1Aar2YgsZQK219orphuaKmzN1ueWBrSgiGC6iK89bS7W4s,check,14
14471.017,1Aar2YgsZQK219orphuaKmzN1ueWBrSgiGC6iK89bS7W4s,check,13
14531.0205,1Aar2YgsZQK219orphuaKmzN1ueWBrSgiGC6iK89bS7W4s,check,17
14591.018,1Aar2YgsZQK219orphuaKmzN1ueWBrSgiGC6iK89bS7W4s,check,17
14651.017,1Aar2YgsZQK219orphuaKmzN1ueWBrSgiGC6iK89bS7W4s,check,16
14711.011,1Aar2YgsZQK219orphuaKmzN1ueWBrSgiGC6iK89bS7W4s,check,16
14771.015,1Aar2YgsZQK219orphuaKmzN1ueWBrSgiGC6iK89bS7W4s,check,14
14831.017,1Aar2YgsZQK219orphuaKmzN1ueWBrSgiGC6iK89bS7W4s,check,15
14891.017,1Aar2YgsZQK219orphuaKmzN1ueWBrSgiGC6iK89bS7W4s,check,15
14951.016,1Aar2YgsZQK219orphuaKmzN1ueWBrSgiGC6iK89bS7W4s,check,17
15011.014,1Aar2YgsZQK219orphuaKmzN1ueWBrSgiGC6iK89bS7W4s,check,14
15071.01,1Aar2YgsZQK219orphuaKmzN1ueWBrSgiGC6iK89bS7W4s,check,16
15131.017,1Aar2YgsZQK219orphuaKmzN1ueWBrSgiGC6iK89bS7W4s,check,16
15191.019,1Aar2YgsZQK219orphuaKmzN1ueWBrSgiGC6iK89bS7W4s,check,15
15251.017,1Aar2YgsZQK219orphuaKmzN1ueWBrSgiGC6iK89bS7W4s,check,15
15311.016,1Aar2YgsZQK219orphuaKmzN1ueWBrSgiGC6iK89bS7W4s,check,16
15371.016,1Aar2YgsZQK219orphuaKmzN1ueWBrSgiGC6iK89bS7W4s,check,16
15431.011,1Aar2YgsZQK219orphuaKmzN1ueWBrSgiGC6iK89bS7W4s,check,16
15491.018,1Aar2YgsZQK219orphuaKmzN1ueWBrSgiGC6iK89bS7W4s,check,17
15551.017,1Aar2YgsZQK219orphuaKmzN1ueWBrSgiGC6iK89bS7W4s,check,18
15611.018,1Aar2YgsZQK219orphuaKmzN1ueWBrSgiGC6iK89bS7W4s,check,15
15671.018,1Aar2YgsZQK219orphuaKmzN1ueWBrSgiGC6iK89bS7W4s,check,14
15731.017,1Aar2YgsZQK219orphuaKmzN1ueWBrSgiGC6iK89bS7W4s,check,15
15791.012,1Aar2YgsZQK219orphuaKmzN1ueWBrSgiGC6iK89bS7W4s,check,15
15851.017,1Aar2YgsZQK219orphuaKmzN1ueWBrSgiGC6iK89bS7W4s,check,15
15911.015,1Aar2YgsZQK219orphuaKmzN1ueWBrSgiGC6iK89bS7W4s,check,14
15971.015,1Aar2YgsZQK219orphuaKmzN1ueWBrSgiGC6iK89bS7W4s,check,14
16031.016,1Aar2YgsZQK219orphuaKmzN1ueWBrSgiGC6iK89bS7W4s,check,14
16091.016,1Aar2YgsZQK219orphuaKmzN1ueWBrSgiGC6iK89bS7W4s,check,15
16151.011,1Aar2YgsZQK219orphuaKmzN1ueWBrSgiGC6iK89bS7W4s,check,15
16211.015,1Aar2YgsZQK219orphuaKmzN1ueWBrSgiGC6iK89bS7W4s,check,14
16271.017,1Aar2YgsZQK219orphuaKmzN1ueWBrSgiGC6iK89bS7W4s,check,16
16331.015,1Aar2YgsZQK219orphuaKmzN1ueWBrSgiGC6iK89bS7W4s,check,17
16391.016,1Aar2YgsZQK219orphuaKmzN1ueWBrSgiGC6iK89bS7W4s,check,15
16451.018,1Aar2YgsZQK219orphuaKmzN1ueWBrSgiGC6iK89bS7W4s,check,14
16511.012,1Aar2YgsZQK219orphuaKmzN1ueWBrSgiGC6iK89bS7W4s,check,14
16571.018,1Aar2YgsZQK219orphuaKmzN1ueWBrSgiGC6iK89bS7W4s,check,12
16631.016,1Aar2YgsZQK219orphuaKmzN1ueWBrSgiGC6iK89bS7W4s,check,13
16691.018,1Aar2YgsZQK219orphuaKmzN1ueWBrSgiGC6iK89bS7W4s,check,13
16751.016,1Aar2YgsZQK219orphuaKmzN1ueWBrSgiGC6iK89bS7W4s,check,13
16811.016,1Aar2YgsZQK219orphuaKmzN1ueWBrSgiGC6iK89bS7W4s,check,15
16871.02,1Aar2YgsZQK219orphuaKmzN1ueWBrSgiGC6iK89bS7W4s,check,15
16931.018,1Aar2YgsZQK219orphuaKmzN1ueWBrSgiGC6iK89bS7W4s,check,17
16991.016,1Aar2YgsZQK219orphuaKmzN1ueWBrSgiGC6iK89bS7W4s,check,16
17051.018,1Aar2YgsZQK219orphuaKmzN1ueWBrSgiGC6iK89bS7W4s,check,13
17111.016,1Aar2YgsZQK219orphuaKmzN1ueWBrSgiGC6iK89bS7W4s,check,18
17171.018,1Aar2YgsZQK219orphuaKmzN1ueWBrSgiGC6iK89bS7W4s,check,17
17231.016,1Aar2YgsZQK219orphuaKmzN1ueWBrSgiGC6iK89bS7W4s,check,14
17291.016,1Aar2YgsZQK219orphuaKmzN1ueWBrSgiGC6iK89bS7W4s,check,15
17351.018,1Aar2YgsZQK219orphuaKmzN1ueWBrSgiGC6iK89bS7W4s,check,13
17411.016,1Aar2YgsZQK219orphuaKmzN1ueWBrSgiGC6iK89bS7W4s,check,15
17471.016,1Aar2YgsZQK219orphuaKmzN1ueWBrSgiGC6iK89bS7W4s,check,14
17531.012,1Aar2YgsZQK219orphuaKmzN1ueWBrSgiGC6iK89bS7W4s,check,13
17591.008,1Aar2YgsZQK219orphuaKmzN1ueWBrSgiGC6iK89bS7W4s,check,16
17651.01,1Aar2YgsZQK219orphuaKmzN1ueWBrSgiGC6iK89bS7W4s,check,16
17711.008,1Aar2YgsZQK219orphuaKmzN1ueWBrSgiGC6iK89bS7W4s,check,18
17771.01,1Aar2YgsZQK219orphuaKmzN1ueWBrSgiGC6iK89bS7W4s,check,16
17831.016,1Aar2YgsZQK219orphuaKmzN1ueWBrSgiGC6iK89bS7W4s,check,18
17891.018,1Aar2YgsZQK219orphuaKmzN1ueWBrSgiGC6iK89bS7W4s,check,18
17951.02,1Aar2YgsZQK219orphuaKmzN1ueWBrSgiGC6iK89bS7W4s,check,16
18011.018,1Aar2YgsZQK219orphuaKmzN1ueWBrSgiGC6iK89bS7W4s,check,16
18071.02,1Aar2YgsZQK219orphuaKmzN1ueWBrSgiGC6iK89bS7W4s,check,18
18131.016,1Aar2YgsZQK219orphuaKmzN1ueWBrSgiGC6iK89bS7W4s,check,15
18191.018,1Aar2YgsZQK219orphuaKmzN1ueWBrSgiGC6iK89bS7W4s,check,12
18251.016,1Aar2YgsZQK219orphuaKmzN1ueWBrSgiGC6iK89bS7W4s,check,13
18311.018,1Aar2YgsZQK219orphuaKmzN1ueWBrSgiGC6iK89bS7W4s,check,14
18371.018,1Aar2YgsZQK219orphuaKmzN1ueWBrSgiGC6iK89bS7W4s,check,18
18431.018,1Aar2YgsZQK219orphuaKmzN1ueWBrSgiGC6iK89bS7W4s,check,17
18491.016,1Aar2YgsZQK219orphuaKmzN1ueWBrSgiGC6iK89bS7W4s,check,17
18551.018,1Aar2YgsZQK219orphuaKmzN1ueWBrSgiGC6iK89bS7W4s,check,16
18611.016,1Aar2YgsZQK219orphuaKmzN1ueWBrSgiGC6iK89bS7W4s,check,17
18671.018,1Aar2YgsZQK219orphuaKmzN1ueWBrSgiGC6iK89bS7W4s,check,18
18731.01,1Aar2YgsZQK219orphuaKmzN1ueWBrSgiGC6iK89bS7W4s,check,18
18791.016,1Aar2YgsZQK219orphuaKmzN1ueWBrSgiGC6iK89bS7W4s,check,16
18851.016,1Aar2YgsZQK219orphuaKmzN1ueWBrSgiGC6iK89bS7W4s,check,17
18911.02,1Aar2YgsZQK219orphuaKmzN1ueWBrSgiGC6iK89bS7W4s,check,17
18971.016,1Aar2YgsZQK219orphuaKmzN1ueWBrSgiGC6iK89bS7W4s,check,15
19031.016,1Aar2YgsZQK219orphuaKmzN1ueWBrSgiGC6iK89bS7W4s,check,16
19091.014,1Aar2YgsZQK219orphuaKmzN1ueWBrSgiGC6iK89bS7W4s,check,18
19151.016,1Aar2YgsZQK219orphuaKmzN1ueWBrSgiGC6iK89bS7W4s,check,18
19211.018,1Aar2YgsZQK219orphuaKmzN1ueWBrSgiGC6iK89bS7W4s,check,18
19271.018,1Aar2YgsZQK219orphuaKmzN1ueWBrSgiGC6iK89bS7W4s,check,18
19331.016,1Aar2YgsZQK219orphuaKmzN1ueWBrSgiGC6iK89bS7W4s,check,17
19391.02,1Aar2YgsZQK219orphuaKmzN1ueWBrSgiGC6iK89bS7W4s,check,17
19451.016,1Aar2YgsZQK219orphuaKmzN1ueWBrSgiGC6iK89bS7W4s,check,15
19511.016,1Aar2YgsZQK219orphuaKmzN1ueWBrSgiGC6iK89bS7W4s,check,15
19571.016,1Aar2YgsZQK219orphuaKmzN1ueWBrSgiGC6iK89bS7W4s,check,16
19631.018,1Aar2YgsZQK219orphuaKmzN1ueWBrSgiGC6iK89bS7W4s,check,16
19691.014,1Aar2YgsZQK219orphuaKmzN1ueWBrSgiGC6iK89bS7W4s,check,15
19751.018,1Aar2YgsZQK219orphuaKmzN1ueWBrSgiGC6iK89bS7W4s,check,16
19811.016,1Aar2YgsZQK219orphuaKmzN1ueWBrSgiGC6iK89bS7W4s,check,12
19871.018,1Aar2YgsZQK219orphuaKmzN1ueWBrSgiGC6iK89bS7W4s,check,13
19931.016,1Aar2YgsZQK219orphuaKmzN1ueWBrSgiGC6iK89bS7W4s,check,18
19991.018,1Aar2YgsZQK219orphuaKmzN1ueWBrSgiGC6iK89bS7W4s,check,18
20051.016,1Aar2YgsZQK219orphuaKmzN1ueWBrSgiGC6iK89bS7W4s,check,17
20111.016,1Aar2YgsZQK219orphuaKmzN1ueWBrSgiGC6iK89bS7W4s,check,17
20171.016,1Aar2YgsZQK219orphuaKmzN1ueWBrSgiGC6iK89bS7W4s,check,17
20231.02,1Aar2YgsZQK219orphuaKmzN1ueWBrSgiGC6iK89bS7W4s,check,18
20291.021,1Aar2YgsZQK219orphuaKmzN1ueWBrSgiGC6iK89bS7W4s,check,17
20351.016,1Aar2YgsZQK219orphuaKmzN1ueWBrSgiGC6iK89bS7W4s,check,18
20411.016,1Aar2YgsZQK219orphuaKmzN1ueWBrSgiGC6iK89bS7W4s,check,18
20471.018,1Aar2YgsZQK219orphuaKmzN1ueWBrSgiGC6iK89bS7W4s,check,17
20531.018,1Aar2YgsZQK219orphuaKmzN1ueWBrSgiGC6iK89bS7W4s,check,15
20591.016,1Aar2YgsZQK219orphuaKmzN1ueWBrSgiGC6iK89bS7W4s,check,16
20651.016,1Aar2YgsZQK219orphuaKmzN1ueWBrSgiGC6iK89bS7W4s,check,15
20711.014,1Aar2YgsZQK219orphuaKmzN1ueWBrSgiGC6iK89bS7W4s,check,17
20771.016,1Aar2YgsZQK219orphuaKmzN1ueWBrSgiGC6iK89bS7W4s,check,17
20831.014,1Aar2YgsZQK219orphuaKmzN1ueWBrSgiGC6iK89bS7W4s,check,18
20891.018,1Aar2YgsZQK219orphuaKmzN1ueWBrSgiGC6iK89bS7W4s,check,18
20951.014,1Aar2YgsZQK219orphuaKmzN1ueWBrSgiGC6iK89bS7W4s,check,17
21011.016,1Aar2YgsZQK219orphuaKmzN1ueWBrSgiGC6iK89bS7W4s,check,18
21071.018,1Aar2YgsZQK219orphuaKmzN1ueWBrSgiGC6iK89bS7W4s,check,16
21131.014,1Aar2YgsZQK219orphuaKmzN1ueWBrSgiGC6iK89bS7W4s,check,15
21191.016,1Aar2YgsZQK219orphuaKmzN1ueWBrSgiGC6iK89bS7W4s,check,16
21251.018,1Aar2YgsZQK219orphuaKmzN1ueWBrSgiGC6iK89bS7W4s,check,16
21311.018,1Aar2YgsZQK219orphuaKmzN1ueWBrSgiGC6iK89bS7W4s,check,16
21371.016,1Aar2YgsZQK219orphuaKmzN1ueWBrSgiGC6iK89bS7W4s,check,15
21431.016,1Aar2YgsZQK219orphuaKmzN1ueWBrSgiGC6iK89bS7W4s,check,14
21491.02,1Aar2YgsZQK219orphuaKmzN1ueWBrSgiGC6iK89bS7W4s,check,18
21551.016,1Aar2YgsZQK219orphuaKmzN1ueWBrSgiGC6iK89bS7W4s,check,15
21611.016,1Aar2YgsZQK219orphuaKmzN1ueWBrSgiGC6iK89bS7W4s,check,18
21671.016,1Aar2YgsZQK219orphuaKmzN1ueWBrSgiGC6iK89bS7W4s,check,18
21731.016,1Aar2YgsZQK219orphuaKmzN1ueWBrSgiGC6iK89bS7W4s,check,18
21791.02,1Aar2YgsZQK219orphuaKmzN1ueWBrSgiGC6iK89bS7W4s,check,17
21851.018,1Aar2YgsZQK219orphuaKmzN1ueWBrSgiGC6iK89bS7W4s,check,17
21911.018,1Aar2YgsZQK219orphuaKmzN1ueWBrSgiGC6iK89bS7W4s,check,15
21971.016,1Aar2YgsZQK219orphuaKmzN1ueWBrSgiGC6iK89bS7W4s,check,14
22031.014,1Aar2YgsZQK219orphuaKmzN1ueWBrSgiGC6iK89bS7W4s,check,15
22091.016,1Aar2YgsZQK219orphuaKmzN1ueWBrSgiGC6iK89bS7W4s,check,13
22151.016,1Aar2YgsZQK219orphuaKmzN1ueWBrSgiGC6iK89bS7W4s,check,16
22211.018,1Aar2YgsZQK219orphuaKmzN1ueWBrSgiGC6iK89bS7W4s,check,16
22271.018,1Aar2YgsZQK219orphuaKmzN1ueWBrSgiGC6iK89bS7W4s,check,17
22331.018,1Aar2YgsZQK219orphuaKmzN1ueWBrSgiGC6iK89bS7W4s,check,17
22391.018,1Aar2YgsZQK219orphuaKmzN1ueWBrSgiGC6iK89bS7W4s,check,16
22451.016,1Aar2YgsZQK219orphuaKmzN1ueWBrSgiGC6iK89bS7W4s,check,18
22511.018,1Aar2YgsZQK219orphuaKmzN1ueWBrSgiGC6iK89bS7W4s,check,15
22571.018,1Aar2YgsZQK219orphuaKmzN1ueWBrSgiGC6iK89bS7W4s,check,18
22631.018,1Aar2YgsZQK219orphuaKmzN1ueWBrSgiGC6iK89bS7W4s,check,18
22691.016,1Aar2YgsZQK219orphuaKmzN1ueWBrSgiGC6iK89bS7W4s,check,15
22751.018,1Aar2YgsZQK219orphuaKmzN1ueWBrSgiGC6iK89bS7W4s,check,17
22811.014,1Aar2YgsZQK219orphuaKmzN1ueWBrSgiGC6iK89bS7W4s,check,17
22871.018,1Aar2YgsZQK219orphuaKmzN1ueWBrSgiGC6iK89bS7W4s,check,18
22931.018,1Aar2YgsZQK219orphuaKmzN1ueWBrSgiGC6iK89bS7W4s,check,16
22991.018,1Aar2YgsZQK219orphuaKmzN1ueWBrSgiGC6iK89bS7W4s,check,16
23051.018,1Aar2YgsZQK219orphuaKmzN1ueWBrSgiGC6iK89bS7W4s,check,16
23111.018,1Aar2YgsZQK219orphuaKmzN1ueWBrSgiGC6iK89bS7W4s,check,14
23171.016,1Aar2YgsZQK219orphuaKmzN1ueWBrSgiGC6iK89bS7W4s,check,14
23231.02,1Aar2YgsZQK219orphuaKmzN1ueWBrSgiGC6iK89bS7W4s,check,18
23291.018,1Aar2YgsZQK219orphuaKmzN1ueWBrSgiGC6iK89bS7W4s,check,15
23351.016,1Aar2YgsZQK219orphuaKmzN1ueWBrSgiGC6iK89bS7W4s,check,13
23411.01,1Aar2YgsZQK219orphuaKmzN1ueWBrSgiGC6iK89bS7W4s,check,16
23471.018,1Aar2YgsZQK219orphuaKmzN1ueWBrSgiGC6iK89bS7W4s,check,17
23531.016,1Aar2YgsZQK219orphuaKmzN1ueWBrSgiGC6iK89bS7W4s,check,13
23591.016,1Aar2YgsZQK219orphuaKmzN1ueWBrSgiGC6iK89bS7W4s,check,13
23651.016,1Aar2YgsZQK219orphuaKmzN1ueWBrSgiGC6iK89bS7W4s,check,15
23711.016,1Aar2YgsZQK219orphuaKmzN1ueWBrSgiGC6iK89bS7W4s,check,11
23771.016,1Aar2YgsZQK219orphuaKmzN1ueWBrSgiGC6iK89bS7W4s,check,14
23831.02,1Aar2YgsZQK219orphuaKmzN1ueWBrSgiGC6iK89bS7W4s,check,18
23891.016,1Aar2YgsZQK219orphuaKmzN1ueWBrSgiGC6iK89bS7W4s,check,17
23951.018,1Aar2YgsZQK219orphuaKmzN1ueWBrSgiGC6iK89bS7W4s,check,18
24011.018,1Aar2YgsZQK219orphuaKmzN1ueWBrSgiGC6iK89bS7W4s,check,17
24071.018,1Aar2YgsZQK219orphuaKmzN1ueWBrSgiGC6iK89bS7W4s,check,18
24131.014,1Aar2YgsZQK219orphuaKmzN1ueWBrSgiGC6iK89bS7W4s,check,18
24191.018,1Aar2YgsZQK219orphuaKmzN1ueWBrSgiGC6iK89bS7W4s,check,18
24251.016,1Aar2YgsZQK219orphuaKmzN1ueWBrSgiGC6iK89bS7W4s,check,17
24311.016,1Aar2YgsZQK219orphuaKmzN1ueWBrSgiGC6iK89bS7W4s,check,18
24371.018,1Aar2YgsZQK219orphuaKmzN1ueWBrSgiGC6iK89bS7W4s,check,17
24431.02,1Aar2YgsZQK219orphuaKmzN1ueWBrSgiGC6iK89bS7W4s,check,17
24491.018,1Aar2YgsZQK219orphuaKmzN1ueWBrSgiGC6iK89bS7W4s,check,15
24551.018,1Aar2YgsZQK219orphuaKmzN1ueWBrSgiGC6iK89bS7W4s,check,15
24611.016,1Aar2YgsZQK219orphuaKmzN1ueWBrSgiGC6iK89bS7W4s,check,18
24671.016,1Aar2YgsZQK219orphuaKmzN1ueWBrSgiGC6iK89bS7W4s,check,17
24731.016,1Aar2YgsZQK219orphuaKmzN1ueWBrSgiGC6iK89bS7W4s,check,17
24791.018,1Aar2YgsZQK219orphuaKmzN1ueWBrSgiGC6iK89bS7W4s,check,18
24851.016,1Aar2YgsZQK219orphuaKmzN1ueWBrSgiGC6iK89bS7W4s,check,18
24911.018,1Aar2YgsZQK219orphuaKmzN1ueWBrSgiGC6iK89bS7W4s,check,17
24971.018,1Aar2YgsZQK219orphuaKmzN1ueWBrSgiGC6iK89bS7W4s,check,17
25031.016,1Aar2YgsZQK219orphuaKmzN1ueWBrSgiGC6iK89bS7W4s,check,15
25091.018,1Aar2YgsZQK219orphuaKmzN1ueWBrSgiGC6iK89bS7W4s,check,16
25151.018,1Aar2YgsZQK219orphuaKmzN1ueWBrSgiGC6iK89bS7W4s,check,17
25211.016,1Aar2YgsZQK219orphuaKmzN1ueWBrSgiGC6iK89bS7W4s,check,15
25271.012,1Aar2YgsZQK219orphuaKmzN1ueWBrSgiGC6iK89bS7W4s,check,16
25331.018,1Aar2YgsZQK219orphuaKmzN1ueWBrSgiGC6iK89bS7W4s,check,14
25391.014,1Aar2YgsZQK219orphuaKmzN1ueWBrSgiGC6iK89bS7W4s,check,16
25451.016,1Aar2YgsZQK219orphuaKmzN1ueWBrSgiGC6iK89bS7W4s,check,15
25511.016,1Aar2YgsZQK219orphuaKmzN1ueWBrSgiGC6iK89bS7W4s,check,14
25571.02,1Aar2YgsZQK219orphuaKmzN1ueWBrSgiGC6iK89bS7W4s,check,15
25631.016,1Aar2YgsZQK219orphuaKmzN1ueWBrSgiGC6iK89bS7W4s,check,13
25691.018,1Aar2YgsZQK219orphuaKmzN1ueWBrSgiGC6iK89bS7W4s,check,16
25751.018,1Aar2YgsZQK219orphuaKmzN1ueWBrSgiGC6iK89bS7W4s,check,15
25811.018,1Aar2YgsZQK219orphuaKmzN1ueWBrSgiGC6iK89bS7W4s,check,13
25871.02,1Aar2YgsZQK219orphuaKmzN1ueWBrSgiGC6iK89bS7W4s,check,13
25931.012,1Aar2YgsZQK219orphuaKmzN1ueWBrSgiGC6iK89bS7W4s,check,13
25991.01,1Aar2YgsZQK219orphuaKmzN1ueWBrSgiGC6iK89bS7W4s,check,12
26051.008,1Aar2YgsZQK219orphuaKmzN1ueWBrSgiGC6iK89bS7W4s,check,11
26111.008,1Aar2YgsZQK219orphuaKmzN1ueWBrSgiGC6iK89bS7W4s,check,11
26171.006,1Aar2YgsZQK219orphuaKmzN1ueWBrSgiGC6iK89bS7W4s,check,14
26231.018,1Aar2YgsZQK219orphuaKmzN1ueWBrSgiGC6iK89bS7W4s,check,18
26291.016,1Aar2YgsZQK219orphuaKmzN1ueWBrSgiGC6iK89bS7W4s,check,15
26351.018,1Aar2YgsZQK219orphuaKmzN1ueWBrSgiGC6iK89bS7W4s,check,15
26411.018,1Aar2YgsZQK219orphuaKmzN1ueWBrSgiGC6iK89bS7W4s,check,15
26471.018,1Aar2YgsZQK219orphuaKmzN1ueWBrSgiGC6iK89bS7W4s,check,16
26531.016,1Aar2YgsZQK219orphuaKmzN1ueWBrSgiGC6iK89bS7W4s,check,15
26591.016,1Aar2YgsZQK219orphuaKmzN1ueWBrSgiGC6iK89bS7W4s,check,13
26651.016,1Aar2YgsZQK219orphuaKmzN1ueWBrSgiGC6iK89bS7W4s,check,11
26711.016,1Aar2YgsZQK219orphuaKmzN1ueWBrSgiGC6iK89bS7W4s,check,11
26771.016,1Aar2YgsZQK219orphuaKmzN1ueWBrSgiGC6iK89bS7W4s,check,11
26831.018,1Aar2YgsZQK219orphuaKmzN1ueWBrSgiGC6iK89bS7W4s,check,11
26891.016,1Aar2YgsZQK219orphuaKmzN1ueWBrSgiGC6iK89bS7W4s,check,11
26951.016,1Aar2YgsZQK219orphuaKmzN1ueWBrSgiGC6iK89bS7W4s,check,13
27011.02,1Aar2YgsZQK219orphuaKmzN1ueWBrSgiGC6iK89bS7W4s,check,18
27071.018,1Aar2YgsZQK219orphuaKmzN1ueWBrSgiGC6iK89bS7W4s,check,16
27131.018,1Aar2YgsZQK219orphuaKmzN1ueWBrSgiGC6iK89bS7W4s,check,18
27191.016,1Aar2YgsZQK219orphuaKmzN1ueWBrSgiGC6iK89bS7W4s,check,18
27251.016,1Aar2YgsZQK219orphuaKmzN1ueWBrSgiGC6iK89bS7W4s,check,17
27311.016,1Aar2YgsZQK219orphuaKmzN1ueWBrSgiGC6iK89bS7W4s,check,15
27371.016,1Aar2YgsZQK219orphuaKmzN1ueWBrSgiGC6iK89bS7W4s,check,15
27431.016,1Aar2YgsZQK219orphuaKmzN1ueWBrSgiGC6iK89bS7W4s,check,15
27491.018,1Aar2YgsZQK219orphuaKmzN1ueWBrSgiGC6iK89bS7W4s,check,14
27551.016,1Aar2YgsZQK219orphuaKmzN1ueWBrSgiGC6iK89bS7W4s,check,15
27611.016,1Aar2YgsZQK219orphuaKmzN1ueWBrSgiGC6iK89bS7W4s,check,17
27671.018,1Aar2YgsZQK219orphuaKmzN1ueWBrSgiGC6iK89bS7W4s,check,15
27731.016,1Aar2YgsZQK219orphuaKmzN1ueWBrSgiGC6iK89bS7W4s,check,18
27791.018,1Aar2YgsZQK219orphuaKmzN1ueWBrSgiGC6iK89bS7W4s,check,18
27851.02,1Aar2YgsZQK219orphuaKmzN1ueWBrSgiGC6iK89bS7W4s,check,18
27911.02,1Aar2YgsZQK219orphuaKmzN1ueWBrSgiGC6iK89bS7W4s,check,18
27971.018,1Aar2YgsZQK219orphuaKmzN1ueWBrSgiGC6iK89bS7W4s,check,17
28031.02,1Aar2YgsZQK219orphuaKmzN1ueWBrSgiGC6iK89bS7W4s,check,17
28091.018,1Aar2YgsZQK219orphuaKmzN1ueWBrSgiGC6iK89bS7W4s,check,16
28151.02,1Aar2YgsZQK219orphuaKmzN1ueWBrSgiGC6iK89bS7W4s,check,17
28211.014,1Aar2YgsZQK219orphuaKmzN1ueWBrSgiGC6iK89bS7W4s,check,17
28271.02,1Aar2YgsZQK219orphuaKmzN1ueWBrSgiGC6iK89bS7W4s,check,15
28331.018,1Aar2YgsZQK219orphuaKmzN1ueWBrSgiGC6iK89bS7W4s,check,16
28391.016,1Aar2YgsZQK219orphuaKmzN1ueWBrSgiGC6iK89bS7W4s,check,15
28451.016,1Aar2YgsZQK219orphuaKmzN1ueWBrSgiGC6iK89bS7W4s,check,15
28511.018,1Aar2YgsZQK219orphuaKmzN1ueWBrSgiGC6iK89bS7W4s,check,16
28571.01,1Aar2YgsZQK219orphuaKmzN1ueWBrSgiGC6iK89bS7W4s,check,16
28631.016,1Aar2YgsZQK219orphuaKmzN1ueWBrSgiGC6iK89bS7W4s,check,16
28691.018,1Aar2YgsZQK219orphuaKmzN1ueWBrSgiGC6iK89bS7W4s,check,16
28751.018,1Aar2YgsZQK219orphuaKmzN1ueWBrSgiGC6iK89bS7W4s,check,16
28811.016,1Aar2YgsZQK219orphuaKmzN1ueWBrSgiGC6iK89bS7W4s,check,14
28871.018,1Aar2YgsZQK219orphuaKmzN1ueWBrSgiGC6iK89bS7W4s,check,16
28931.016,1Aar2YgsZQK219orphuaKmzN1ueWBrSgiGC6iK89bS7W4s,check,16
28991.016,1Aar2YgsZQK219orphuaKmzN1ueWBrSgiGC6iK89bS7W4s,check,15
29051.018,1Aar2YgsZQK219orphuaKmzN1ueWBrSgiGC6iK89bS7W4s,check,14
29111.018,1Aar2YgsZQK219orphuaKmzN1ueWBrSgiGC6iK89bS7W4s,check,13
29171.016,1Aar2YgsZQK219orphuaKmzN1ueWBrSgiGC6iK89bS7W4s,check,11
29231.018,1Aar2YgsZQK219orphuaKmzN1ueWBrSgiGC6iK89bS7W4s,check,15
29291.016,1Aar2YgsZQK219orphuaKmzN1ueWBrSgiGC6iK89bS7W4s,check,16
29351.018,1Aar2YgsZQK219orphuaKmzN1ueWBrSgiGC6iK89bS7W4s,check,16
29411.016,1Aar2YgsZQK219orphuaKmzN1ueWBrSgiGC6iK89bS7W4s,check,16
29471.018,1Aar2YgsZQK219orphuaKmzN1ueWBrSgiGC6iK89bS7W4s,check,15
29531.016,1Aar2YgsZQK219orphuaKmzN1ueWBrSgiGC6iK89bS7W4s,check,15
29591.016,1Aar2YgsZQK219orphuaKmzN1ueWBrSgiGC6iK89bS7W4s,check,16
29651.016,1Aar2YgsZQK219orphuaKmzN1ueWBrSgiGC6iK89bS7W4s,check,14
29711.016,1Aar2YgsZQK219orphuaKmzN1ueWBrSgiGC6iK89bS7W4s,check,12
29771.016,1Aar2YgsZQK219orphuaKmzN1ueWBrSgiGC6iK89bS7W4s,check,11
29831.016,1Aar2YgsZQK219orphuaKmzN1ueWBrSgiGC6iK89bS7W4s,check,11
29891.016,1Aar2YgsZQK219orphuaKmzN1ueWBrSgiGC6iK89bS7W4s,check,13
29951.021,1Aar2YgsZQK219orphuaKmzN1ueWBrSgiGC6iK89bS7W4s,check,14
30011.016,1Aar2YgsZQK219orphuaKmzN1ueWBrSgiGC6iK89bS7W4s,check,16
30071.018,1Aar2YgsZQK219orphuaKmzN1ueWBrSgiGC6iK89bS7W4s,check,16
30131.016,1Aar2YgsZQK219orphuaKmzN1ueWBrSgiGC6iK89bS7W4s,check,16
30191.018,1Aar2YgsZQK219orphuaKmzN1ueWBrSgiGC6iK89bS7W4s,check,15
30251.018,1Aar2YgsZQK219orphuaKmzN1ueWBrSgiGC6iK89bS7W4s,check,16
30311.014,1Aar2YgsZQK219orphuaKmzN1ueWBrSgiGC6iK89bS7W4s,check,15
30371.02,1Aar2YgsZQK219orphuaKmzN1ueWBrSgiGC6iK89bS7W4s,check,16
30431.018,1Aar2YgsZQK219orphuaKmzN1ueWBrSgiGC6iK89bS7W4s,check,15
30491.018,1Aar2YgsZQK219orphuaKmzN1ueWBrSgiGC6iK89bS7W4s,check,15
30551.016,1Aar2YgsZQK219orphuaKmzN1ueWBrSgiGC6iK89bS7W4s,check,15
30611.018,1Aar2YgsZQK219orphuaKmzN1ueWBrSgiGC6iK89bS7W4s,check,16
30671.018,1Aar2YgsZQK219orphuaKmzN1ueWBrSgiGC6iK89bS7W4s,check,15
30731.018,1Aar2YgsZQK219orphuaKmzN1ueWBrSgiGC6iK89bS7W4s,check,14
30791.012,1Aar2YgsZQK219orphuaKmzN1ueWBrSgiGC6iK89bS7W4s,check,14
30851.016,1Aar2YgsZQK219orphuaKmzN1ueWBrSgiGC6iK89bS7W4s,check,15
30911.016,1Aar2YgsZQK219orphuaKmzN1ueWBrSgiGC6iK89bS7W4s,check,16
30971.018,1Aar2YgsZQK219orphuaKmzN1ueWBrSgiGC6iK89bS7W4s,check,16
31031.018,1Aar2YgsZQK219orphuaKmzN1ueWBrSgiGC6iK89bS7W4s,check,16
31091.016,1Aar2YgsZQK219orphuaKmzN1ueWBrSgiGC6iK89bS7W4s,check,16
31151.012,1Aar2YgsZQK219orphuaKmzN1ueWBrSgiGC6iK89bS7W4s,check,16
31211.016,1Aar2YgsZQK219orphuaKmzN1ueWBrSgiGC6iK89bS7W4s,check,16
31271.016,1Aar2YgsZQK219orphuaKmzN1ueWBrSgiGC6iK89bS7W4s,check,16
31331.02,1Aar2YgsZQK219orphuaKmzN1ueWBrSgiGC6iK89bS7W4s,check,16
31391.018,1Aar2YgsZQK219orphuaKmzN1ueWBrSgiGC6iK89bS7W4s,check,15
31451.016,1Aar2YgsZQK219orphuaKmzN1ueWBrSgiGC6iK89bS7W4s,check,15
31511.012,1Aar2YgsZQK219orphuaKmzN1ueWBrSgiGC6iK89bS7W4s,check,15
31571.018,1Aar2YgsZQK219orphuaKmzN1ueWBrSgiGC6iK89bS7W4s,check,16
31631.018,1Aar2YgsZQK219orphuaKmzN1ueWBrSgiGC6iK89bS7W4s,check,16
31691.016,1Aar2YgsZQK219orphuaKmzN1ueWBrSgiGC6iK89bS7W4s,check,16
31751.016,1Aar2YgsZQK219orphuaKmzN1ueWBrSgiGC6iK89bS7W4s,check,16
31811.016,1Aar2YgsZQK219orphuaKmzN1ueWBrSgiGC6iK89bS7W4s,check,16
31871.018,1Aar2YgsZQK219orphuaKmzN1ueWBrSgiGC6iK89bS7W4s,check,16
31931.018,1Aar2YgsZQK219orphuaKmzN1ueWBrSgiGC6iK89bS7W4s,check,16
31991.018,1Aar2YgsZQK219orphuaKmzN1ueWBrSgiGC6iK89bS7W4s,check,16
32051.014,1Aar2YgsZQK219orphuaKmzN1ueWBrSgiGC6iK89bS7W4s,check,16
32111.016,1Aar2YgsZQK219orphuaKmzN1ueWBrSgiGC6iK89bS7W4s,check,16
32171.018,1Aar2YgsZQK219orphuaKmzN1ueWBrSgiGC6iK89bS7W4s,check,16
32231.016,1Aar2YgsZQK219orphuaKmzN1ueWBrSgiGC6iK89bS7W4s,check,16
32291.018,1Aar2YgsZQK219orphuaKmzN1ueWBrSgiGC6iK89bS7W4s,check,15
32351.016,1Aar2YgsZQK219orphuaKmzN1ueWBrSgiGC6iK89bS7W4s,check,16
32411.014,1Aar2YgsZQK219orphuaKmzN1ueWBrSgiGC6iK89bS7W4s,check,16
32471.018,1Aar2YgsZQK219orphuaKmzN1ueWBrSgiGC6iK89bS7W4s,check,16
32531.016,1Aar2YgsZQK219orphuaKmzN1ueWBrSgiGC6iK89bS7W4s,check,15
32591.016,1Aar2YgsZQK219orphuaKmzN1ueWBrSgiGC6iK89bS7W4s,check,15
32651.018,1Aar2YgsZQK219orphuaKmzN1ueWBrSgiGC6iK89bS7W4s,check,12
32711.014,1Aar2YgsZQK219orphuaKmzN1ueWBrSgiGC6iK89bS7W4s,check,15
32771.016,1Aar2YgsZQK219orphuaKmzN1ueWBrSgiGC6iK89bS7W4s,check,16
32831.02,1Aar2YgsZQK219orphuaKmzN1ueWBrSgiGC6iK89bS7W4s,check,15
32891.016,1Aar2YgsZQK219orphuaKmzN1ueWBrSgiGC6iK89bS7W4s,check,15
32951.016,1Aar2YgsZQK219orphuaKmzN1ueWBrSgiGC6iK89bS7W4s,check,15
33011.016,1Aar2YgsZQK219orphuaKmzN1ueWBrSgiGC6iK89bS7W4s,check,15
33071.016,1Aar2YgsZQK219orphuaKmzN1ueWBrSgiGC6iK89bS7W4s,check,15
33131.016,1Aar2YgsZQK219orphuaKmzN1ueWBrSgiGC6iK89bS7W4s,check,16
33191.016,1Aar2YgsZQK219orphuaKmzN1ueWBrSgiGC6iK89bS7W4s,check,16
33251.016,1Aar2YgsZQK219orphuaKmzN1ueWBrSgiGC6iK89bS7W4s,check,15
33311.016,1Aar2YgsZQK219orphuaKmzN1ueWBrSgiGC6iK89bS7W4s,check,15
33371.016,1Aar2YgsZQK219orphuaKmzN1ueWBrSgiGC6iK89bS7W4s,check,16
33431.016,1Aar2YgsZQK219orphuaKmzN1ueWBrSgiGC6iK89bS7W4s,check,15
33491.016,1Aar2YgsZQK219orphuaKmzN1ueWBrSgiGC6iK89bS7W4s,check,15
33551.016,1Aar2YgsZQK219orphuaKmzN1ueWBrSgiGC6iK89bS7W4s,check,15
33611.016,1Aar2YgsZQK219orphuaKmzN1ueWBrSgiGC6iK89bS7W4s,check,15
33671.02,1Aar2YgsZQK219orphuaKmzN1ueWBrSgiGC6iK89bS7W4s,check,14
33731.01,1Aar2YgsZQK219orphuaKmzN1ueWBrSgiGC6iK89bS7W4s,check,16
33791.016,1Aar2YgsZQK219orphuaKmzN1ueWBrSgiGC6iK89bS7W4s,check,16
33851.016,1Aar2YgsZQK219orphuaKmzN1ueWBrSgiGC6iK89bS7W4s,check,16
33911.016,1Aar2YgsZQK219orphuaKmzN1ueWBrSgiGC6iK89bS7W4s,check,15
33971.016,1Aar2YgsZQK219orphuaKmzN1ueWBrSgiGC6iK89bS7W4s,check,15
34031.016,1Aar2YgsZQK219orphuaKmzN1ueWBrSgiGC6iK89bS7W4s,check,16
34091.016,1Aar2YgsZQK219orphuaKmzN1ueWBrSgiGC6iK89bS7W4s,check,16
34151.016,1Aar2YgsZQK219orphuaKmzN1ueWBrSgiGC6iK89bS7W4s,check,16
34211.016,1Aar2YgsZQK219orphuaKmzN1ueWBrSgiGC6iK89bS7W4s,check,16
34271.016,1Aar2YgsZQK219orphuaKmzN1ueWBrSgiGC6iK89bS7W4s,check,16
34331.016,1Aar2YgsZQK219orphuaKmzN1ueWBrSgiGC6iK89bS7W4s,check,13
34391.008,1Aar2YgsZQK219orphuaKmzN1ueWBrSgiGC6iK89bS7W4s,check,16
34451.008,1Aar2YgsZQK219orphuaKmzN1ueWBrSgiGC6iK89bS7W4s,check,15
34511.004,1Aar2YgsZQK219orphuaKmzN1ueWBrSgiGC6iK89bS7W4s,check,16
34571.004,1Aar2YgsZQK219orphuaKmzN1ueWBrSgiGC6iK89bS7W4s,check,16
34631.01,1Aar2YgsZQK219orphuaKmzN1ueWBrSgiGC6iK89bS7W4s,check,16
34691.016,1Aar2YgsZQK219orphuaKmzN1ueWBrSgiGC6iK89bS7W4s,check,16
34751.016,1Aar2YgsZQK219orphuaKmzN1ueWBrSgiGC6iK89bS7W4s,check,16
34811.016,1Aar2YgsZQK219orphuaKmzN1ueWBrSgiGC6iK89bS7W4s,check,16
34871.016,1Aar2YgsZQK219orphuaKmzN1ueWBrSgiGC6iK89bS7W4s,check,16
34931.016,1Aar2YgsZQK219orphuaKmzN1ueWBrSgiGC6iK89bS7W4s,check,15
34991.016,1Aar2YgsZQK219orphuaKmzN1ueWBrSgiGC6iK89bS7W4s,check,16
35051.016,1Aar2YgsZQK219orphuaKmzN1ueWBrSgiGC6iK89bS7W4s,check,16
35111.016,1Aar2YgsZQK219orphuaKmzN1ueWBrSgiGC6iK89bS7W4s,check,16
35171.01,1Aar2YgsZQK219orphuaKmzN1ueWBrSgiGC6iK89bS7W4s,check,16
35231.02,1Aar2YgsZQK219orphuaKmzN1ueWBrSgiGC6iK89bS7W4s,check,16
35291.016,1Aar2YgsZQK219orphuaKmzN1ueWBrSgiGC6iK89bS7W4s,check,15
35351.016,1Aar2YgsZQK219orphuaKmzN1ueWBrSgiGC6iK89bS7W4s,check,15
35411.016,1Aar2YgsZQK219orphuaKmzN1ueWBrSgiGC6iK89bS7W4s,check,14
35471.016,1Aar2YgsZQK219orphuaKmzN1ueWBrSgiGC6iK89bS7W4s,check,15
35531.016,1Aar2YgsZQK219orphuaKmzN1ueWBrSgiGC6iK89bS7W4s,check,14
35591.016,1Aar2YgsZQK219orphuaKmzN1ueWBrSgiGC6iK89bS7W4s,check,15
35651.016,1Aar2YgsZQK219orphuaKmzN1ueWBrSgiGC6iK89bS7W4s,check,16
35711.016,1Aar2YgsZQK219orphuaKmzN1ueWBrSgiGC6iK89bS7W4s,check,15
35771.016,1Aar2YgsZQK219orphuaKmzN1ueWBrSgiGC6iK89bS7W4s,check,15
35831.02,1Aar2YgsZQK219orphuaKmzN1ueWBrSgiGC6iK89bS7W4s,check,15
35891.016,1Aar2YgsZQK219orphuaKmzN1ueWBrSgiGC6iK89bS7W4s,check,16
35951.016,1Aar2YgsZQK219orphuaKmzN1ueWBrSgiGC6iK89bS7W4s,check,14
36011.016,1Aar2YgsZQK219orphuaKmzN1ueWBrSgiGC6iK89bS7W4s,check,16
36071.016,1Aar2YgsZQK219orphuaKmzN1ueWBrSgiGC6iK89bS7W4s,check,16
36131.016,1Aar2YgsZQK219orphuaKmzN1ueWBrSgiGC6iK89bS7W4s,check,15
36191.016,1Aar2YgsZQK219orphuaKmzN1ueWBrSgiGC6iK89bS7W4s,check,16
36251.016,1Aar2YgsZQK219orphuaKmzN1ueWBrSgiGC6iK89bS7W4s,check,16
36311.016,1Aar2YgsZQK219orphuaKmzN1ueWBrSgiGC6iK89bS7W4s,check,14
36371.016,1Aar2YgsZQK219orphuaKmzN1ueWBrSgiGC6iK89bS7W4s,check,16
36431.016,1Aar2YgsZQK219orphuaKmzN1ueWBrSgiGC6iK89bS7W4s,check,15
36491.016,1Aar2YgsZQK219orphuaKmzN1ueWBrSgiGC6iK89bS7W4s,check,16
36551.016,1Aar2YgsZQK219orphuaKmzN1ueWBrSgiGC6iK89bS7W4s,check,15
36611.016,1Aar2YgsZQK219orphuaKmzN1ueWBrSgiGC6iK89bS7W4s,check,15
36671.016,1Aar2YgsZQK219orphuaKmzN1ueWBrSgiGC6iK89bS7W4s,check,15
36731.016,1Aar2YgsZQK219orphuaKmzN1ueWBrSgiGC6iK89bS7W4s,check,15
36791.02,1Aar2YgsZQK219orphuaKmzN1ueWBrSgiGC6iK89bS7W4s,check,14
36851.016,1Aar2YgsZQK219orphuaKmzN1ueWBrSgiGC6iK89bS7W4s,check,16
36911.016,1Aar2YgsZQK219orphuaKmzN1ueWBrSgiGC6iK89bS7W4s,check,16
36971.02,1Aar2YgsZQK219orphuaKmzN1ueWBrSgiGC6iK89bS7W4s,check,14
37031.02,1Aar2YgsZQK219orphuaKmzN1ueWBrSgiGC6iK89bS7W4s,check,16
37091.016,1Aar2YgsZQK219orphuaKmzN1ueWBrSgiGC6iK89bS7W4s,check,16
37151.016,1Aar2YgsZQK219orphuaKmzN1ueWBrSgiGC6iK89bS7W4s,check,16
37211.016,1Aar2YgsZQK219orphuaKmzN1ueWBrSgiGC6iK89bS7W4s,check,16
37271.016,1Aar2YgsZQK219orphuaKmzN1ueWBrSgiGC6iK89bS7W4s,check,16
37331.016,1Aar2YgsZQK219orphuaKmzN1ueWBrSgiGC6iK89bS7W4s,check,16
37391.016,1Aar2YgsZQK219orphuaKmzN1ueWBrSgiGC6iK89bS7W4s,check,16
37451.016,1Aar2YgsZQK219orphuaKmzN1ueWBrSgiGC6iK89bS7W4s,check,15
37511.016,1Aar2YgsZQK219orphuaKmzN1ueWBrSgiGC6iK89bS7W4s,check,15
37571.016,1Aar2YgsZQK219orphuaKmzN1ueWBrSgiGC6iK89bS7W4s,check,14
37631.016,1Aar2YgsZQK219orphuaKmzN1ueWBrSgiGC6iK89bS7W4s,check,15
37691.016,1Aar2YgsZQK219orphuaKmzN1ueWBrSgiGC6iK89bS7W4s,check,14
37751.016,1Aar2YgsZQK219orphuaKmzN1ueWBrSgiGC6iK89bS7W4s,check,16
37811.01,1Aar2YgsZQK219orphuaKmzN1ueWBrSgiGC6iK89bS7W4s,check,16
37871.02,1Aar2YgsZQK219orphuaKmzN1ueWBrSgiGC6iK89bS7W4s,check,16
37931.016,1Aar2YgsZQK219orphuaKmzN1ueWBrSgiGC6iK89bS7W4s,check,15
37991.016,1Aar2YgsZQK219orphuaKmzN1ueWBrSgiGC6iK89bS7W4s,check,15
38051.016,1Aar2YgsZQK219orphuaKmzN1ueWBrSgiGC6iK89bS7W4s,check,16
38111.01,1Aar2YgsZQK219orphuaKmzN1ueWBrSgiGC6iK89bS7W4s,check,16
38171.016,1Aar2YgsZQK219orphuaKmzN1ueWBrSgiGC6iK89bS7W4s,check,15
38231.016,1Aar2YgsZQK219orphuaKmzN1ueWBrSgiGC6iK89bS7W4s,check,13
38291.016,1Aar2YgsZQK219orphuaKmzN1ueWBrSgiGC6iK89bS7W4s,check,14
38351.02,1Aar2YgsZQK219orphuaKmzN1ueWBrSgiGC6iK89bS7W4s,check,14
38411.016,1Aar2YgsZQK219orphuaKmzN1ueWBrSgiGC6iK89bS7W4s,check,15
38471.016,1Aar2YgsZQK219orphuaKmzN1ueWBrSgiGC6iK89bS7W4s,check,15
38531.016,1Aar2YgsZQK219orphuaKmzN1ueWBrSgiGC6iK89bS7W4s,check,16
38591.01,1Aar2YgsZQK219orphuaKmzN1ueWBrSgiGC6iK89bS7W4s,check,15
38651.016,1Aar2YgsZQK219orphuaKmzN1ueWBrSgiGC6iK89bS7W4s,check,16
38711.016,1Aar2YgsZQK219orphuaKmzN1ueWBrSgiGC6iK89bS7W4s,check,15
38771.016,1Aar2YgsZQK219orphuaKmzN1ueWBrSgiGC6iK89bS7W4s,check,15
38831.016,1Aar2YgsZQK219orphuaKmzN1ueWBrSgiGC6iK89bS7W4s,check,15
38891.016,1Aar2YgsZQK219orphuaKmzN1ueWBrSgiGC6iK89bS7W4s,check,16
38951.016,1Aar2YgsZQK219orphuaKmzN1ueWBrSgiGC6iK89bS7W4s,check,16
39011.016,1Aar2YgsZQK219orphuaKmzN1ueWBrSgiGC6iK89bS7W4s,check,16
39071.016,1Aar2YgsZQK219orphuaKmzN1ueWBrSgiGC6iK89bS7W4s,check,16
39131.02,1Aar2YgsZQK219orphuaKmzN1ueWBrSgiGC6iK89bS7W4s,check,15
39191.02,1Aar2YgsZQK219orphuaKmzN1ueWBrSgiGC6iK89bS7W4s,check,16
39251.016,1Aar2YgsZQK219orphuaKmzN1ueWBrSgiGC6iK89bS7W4s,check,15
39311.016,1Aar2YgsZQK219orphuaKmzN1ueWBrSgiGC6iK89bS7W4s,check,15
39371.016,1Aar2YgsZQK219orphuaKmzN1ueWBrSgiGC6iK89bS7W4s,check,11
39431.016,1Aar2YgsZQK219orphuaKmzN1ueWBrSgiGC6iK89bS7W4s,check,16
39491.016,1Aar2YgsZQK219orphuaKmzN1ueWBrSgiGC6iK89bS7W4s,check,15
39551.016,1Aar2YgsZQK219orphuaKmzN1ueWBrSgiGC6iK89bS7W4s,check,16
39611.016,1Aar2YgsZQK219orphuaKmzN1ueWBrSgiGC6iK89bS7W4s,check,16
39671.02,1Aar2YgsZQK219orphuaKmzN1ueWBrSgiGC6iK89bS7W4s,check,15
39731.016,1Aar2YgsZQK219orphuaKmzN1ueWBrSgiGC6iK89bS7W4s,check,16
39791.02,1Aar2YgsZQK219orphuaKmzN1ueWBrSgiGC6iK89bS7W4s,check,14
39851.027,1Aar2YgsZQK219orphuaKmzN1ueWBrSgiGC6iK89bS7W4s,check,16
39911.02,1Aar2YgsZQK219orphuaKmzN1ueWBrSgiGC6iK89bS7W4s,check,15
39971.016,1Aar2YgsZQK219orphuaKmzN1ueWBrSgiGC6iK89bS7W4s,check,15
40031.016,1Aar2YgsZQK219orphuaKmzN1ueWBrSgiGC6iK89bS7W4s,check,15
40091.02,1Aar2YgsZQK219orphuaKmzN1ueWBrSgiGC6iK89bS7W4s,check,16
40151.02,1Aar2YgsZQK219orphuaKmzN1ueWBrSgiGC6iK89bS7W4s,check,16
40211.016,1Aar2YgsZQK219orphuaKmzN1ueWBrSgiGC6iK89bS7W4s,check,16
40271.016,1Aar2YgsZQK219orphuaKmzN1ueWBrSgiGC6iK89bS7W4s,check,16
40331.01,1Aar2YgsZQK219orphuaKmzN1ueWBrSgiGC6iK89bS7W4s,check,16
40391.016,1Aar2YgsZQK219orphuaKmzN1ueWBrSgiGC6iK89bS7W4s,check,16
40451.016,1Aar2YgsZQK219orphuaKmzN1ueWBrSgiGC6iK89bS7W4s,check,16
40511.016,1Aar2YgsZQK219orphuaKmzN1ueWBrSgiGC6iK89bS7W4s,check,16
40571.016,1Aar2YgsZQK219orphuaKmzN1ueWBrSgiGC6iK89bS7W4s,check,16
40631.016,1Aar2YgsZQK219orphuaKmzN1ueWBrSgiGC6iK89bS7W4s,check,16
40691.016,1Aar2YgsZQK219orphuaKmzN1ueWBrSgiGC6iK89bS7W4s,check,15
40751.016,1Aar2YgsZQK219orphuaKmzN1ueWBrSgiGC6iK89bS7W4s,check,16
40811.016,1Aar2YgsZQK219orphuaKmzN1ueWBrSgiGC6iK89bS7W4s,check,15
40871.016,1Aar2YgsZQK219orphuaKmzN1ueWBrSgiGC6iK89bS7W4s,check,15
40931.016,1Aar2YgsZQK219orphuaKmzN1ueWBrSgiGC6iK89bS7W4s,check,16
40991.016,1Aar2YgsZQK219orphuaKmzN1ueWBrSgiGC6iK89bS7W4s,check,16
41051.01,1Aar2YgsZQK219orphuaKmzN1ueWBrSgiGC6iK89bS7W4s,check,15
41111.016,1Aar2YgsZQK219orphuaKmzN1ueWBrSgiGC6iK89bS7W4s,check,16
41171.016,1Aar2YgsZQK219orphuaKmzN1ueWBrSgiGC6iK89bS7W4s,check,16
41231.016,1Aar2YgsZQK219orphuaKmzN1ueWBrSgiGC6iK89bS7W4s,check,16
41291.016,1Aar2YgsZQK219orphuaKmzN1ueWBrSgiGC6iK89bS7W4s,check,15
41351.016,1Aar2YgsZQK219orphuaKmzN1ueWBrSgiGC6iK89bS7W4s,check,16
41411.016,1Aar2YgsZQK219orphuaKmzN1ueWBrSgiGC6iK89bS7W4s,check,16
41471.02,1Aar2YgsZQK219orphuaKmzN1ueWBrSgiGC6iK89bS7W4s,check,16
41531.016,1Aar2YgsZQK219orphuaKmzN1ueWBrSgiGC6iK89bS7W4s,check,16
41591.016,1Aar2YgsZQK219orphuaKmzN1ueWBrSgiGC6iK89bS7W4s,check,16
41651.016,1Aar2YgsZQK219orphuaKmzN1ueWBrSgiGC6iK89bS7W4s,check,16
41711.016,1Aar2YgsZQK219orphuaKmzN1ueWBrSgiGC6iK89bS7W4s,check,15
41771.016,1Aar2YgsZQK219orphuaKmzN1ueWBrSgiGC6iK89bS7W4s,check,16
41831.016,1Aar2YgsZQK219orphuaKmzN1ueWBrSgiGC6iK89bS7W4s,check,16
41891.016,1Aar2YgsZQK219orphuaKmzN1ueWBrSgiGC6iK89bS7W4s,check,16
41951.016,1Aar2YgsZQK219orphuaKmzN1ueWBrSgiGC6iK89bS7W4s,check,15
42011.016,1Aar2YgsZQK219orphuaKmzN1ueWBrSgiGC6iK89bS7W4s,check,16
42071.02,1Aar2YgsZQK219orphuaKmzN1ueWBrSgiGC6iK89bS7W4s,check,16
42131.016,1Aar2YgsZQK219orphuaKmzN1ueWBrSgiGC6iK89bS7W4s,check,15
42191.016,1Aar2YgsZQK219orphuaKmzN1ueWBrSgiGC6iK89bS7W4s,check,16
42251.016,1Aar2YgsZQK219orphuaKmzN1ueWBrSgiGC6iK89bS7W4s,check,15
42311.016,1Aar2YgsZQK219orphuaKmzN1ueWBrSgiGC6iK89bS7W4s,check,15
42371.02,1Aar2YgsZQK219orphuaKmzN1ueWBrSgiGC6iK89bS7W4s,check,16
42431.016,1Aar2YgsZQK219orphuaKmzN1ueWBrSgiGC6iK89bS7W4s,check,16
42491.02,1Aar2YgsZQK219orphuaKmzN1ueWBrSgiGC6iK89bS7W4s,check,16
42551.016,1Aar2YgsZQK219orphuaKmzN1ueWBrSgiGC6iK89bS7W4s,check,16
42611.016,1Aar2YgsZQK219orphuaKmzN1ueWBrSgiGC6iK89bS7W4s,check,16
42671.016,1Aar2YgsZQK219orphuaKmzN1ueWBrSgiGC6iK89bS7W4s,check,16
42731.016,1Aar2YgsZQK219orphuaKmzN1ueWBrSgiGC6iK89bS7W4s,check,15
42791.016,1Aar2YgsZQK219orphuaKmzN1ueWBrSgiGC6iK89bS7W4s,check,16
42851.016,1Aar2YgsZQK219orphuaKmzN1ueWBrSgiGC6iK89bS7W4s,check,15
42911.016,1Aar2YgsZQK219orphuaKmzN1ueWBrSgiGC6iK89bS7W4s,check,16
42971.008,1Aar2YgsZQK219orphuaKmzN1ueWBrSgiGC6iK89bS7W4s,check,16
43031.008,1Aar2YgsZQK219orphuaKmzN1ueWBrSgiGC6iK89bS7W4s,check,16
43091.008,1Aar2YgsZQK219orphuaKmzN1ueWBrSgiGC6iK89bS7W4s,check,16
43151.008,1Aar2YgsZQK219orphuaKmzN1ueWBrSgiGC6iK89bS7W4s,check,16
43211.008,1Aar2YgsZQK219orphuaKmzN1ueWBrSgiGC6iK89bS7W4s,check,16
43271.02,1Aar2YgsZQK219orphuaKmzN1ueWBrSgiGC6iK89bS7W4s,check,16
43331.016,1Aar2YgsZQK219orphuaKmzN1ueWBrSgiGC6iK89bS7W4s,check,16
43391.016,1Aar2YgsZQK219orphuaKmzN1ueWBrSgiGC6iK89bS7W4s,check,16
43451.016,1Aar2YgsZQK219orphuaKmzN1ueWBrSgiGC6iK89bS7W4s,check,16
43511.016,1Aar2YgsZQK219orphuaKmzN1ueWBrSgiGC6iK89bS7W4s,check,16
43571.01,1Aar2YgsZQK219orphuaKmzN1ueWBrSgiGC6iK89bS7W4s,check,15
43631.02,1Aar2YgsZQK219orphuaKmzN1ueWBrSgiGC6iK89bS7W4s,check,16
43691.02,1Aar2YgsZQK219orphuaKmzN1ueWBrSgiGC6iK89bS7W4s,check,16
43751.016,1Aar2YgsZQK219orphuaKmzN1ueWBrSgiGC6iK89bS7W4s,check,16
43811.016,1Aar2YgsZQK219orphuaKmzN1ueWBrSgiGC6iK89bS7W4s,check,16
43871.016,1Aar2YgsZQK219orphuaKmzN1ueWBrSgiGC6iK89bS7W4s,check,16
43931.016,1Aar2YgsZQK219orphuaKmzN1ueWBrSgiGC6iK89bS7W4s,check,16
43991.016,1Aar2YgsZQK219orphuaKmzN1ueWBrSgiGC6iK89bS7W4s,check,16
44051.016,1Aar2YgsZQK219orphuaKmzN1ueWBrSgiGC6iK89bS7W4s,check,16
44111.016,1Aar2YgsZQK219orphuaKmzN1ueWBrSgiGC6iK89bS7W4s,check,16
44171.016,1Aar2YgsZQK219orphuaKmzN1ueWBrSgiGC6iK89bS7W4s,check,16
44231.02,1Aar2YgsZQK219orphuaKmzN1ueWBrSgiGC6iK89bS7W4s,check,16
44291.016,1Aar2YgsZQK219orphuaKmzN1ueWBrSgiGC6iK89bS7W4s,check,16
44351.016,1Aar2YgsZQK219orphuaKmzN1ueWBrSgiGC6iK89bS7W4s,check,15
44411.016,1Aar2YgsZQK219orphuaKmzN1ueWBrSgiGC6iK89bS7W4s,check,16
44471.016,1Aar2YgsZQK219orphuaKmzN1ueWBrSgiGC6iK89bS7W4s,check,16
44531.016,1Aar2YgsZQK219orphuaKmzN1ueWBrSgiGC6iK89bS7W4s,check,16
44591.016,1Aar2YgsZQK219orphuaKmzN1ueWBrSgiGC6iK89bS7W4s,check,16
44651.016,1Aar2YgsZQK219orphuaKmzN1ueWBrSgiGC6iK89bS7W4s,check,16
44711.016,1Aar2YgsZQK219orphuaKmzN1ueWBrSgiGC6iK89bS7W4s,check,16
44771.016,1Aar2YgsZQK219orphuaKmzN1ueWBrSgiGC6iK89bS7W4s,check,16
44831.016,1Aar2YgsZQK219orphuaKmzN1ueWBrSgiGC6iK89bS7W4s,check,16
44891.016,1Aar2YgsZQK219orphuaKmzN1ueWBrSgiGC6iK89bS7W4s,check,15
44951.016,1Aar2YgsZQK219orphuaKmzN1ueWBrSgiGC6iK89bS7W4s,check,16
45011.016,1Aar2YgsZQK219orphuaKmzN1ueWBrSgiGC6iK89bS7W4s,check,16
45071.016,1Aar2YgsZQK219orphuaKmzN1ueWBrSgiGC6iK89bS7W4s,check,16
45131.016,1Aar2YgsZQK219orphuaKmzN1ueWBrSgiGC6iK89bS7W4s,check,16
45191.016,1Aar2YgsZQK219orphuaKmzN1ueWBrSgiGC6iK89bS7W4s,check,16
45251.016,1Aar2YgsZQK219orphuaKmzN1ueWBrSgiGC6iK89bS7W4s,check,16
45311.016,1Aar2YgsZQK219orphuaKmzN1ueWBrSgiGC6iK89bS7W4s,check,15
45371.016,1Aar2YgsZQK219orphuaKmzN1ueWBrSgiGC6iK89bS7W4s,check,16
45431.016,1Aar2YgsZQK219orphuaKmzN1ueWBrSgiGC6iK89bS7W4s,check,15
45491.016,1Aar2YgsZQK219orphuaKmzN1ueWBrSgiGC6iK89bS7W4s,check,15
45551.02,1Aar2YgsZQK219orphuaKmzN1ueWBrSgiGC6iK89bS7W4s,check,16
45611.016,1Aar2YgsZQK219orphuaKmzN1ueWBrSgiGC6iK89bS7W4s,check,15
45671.016,1Aar2YgsZQK219orphuaKmzN1ueWBrSgiGC6iK89bS7W4s,check,15
45731.016,1Aar2YgsZQK219orphuaKmzN1ueWBrSgiGC6iK89bS7W4s,check,16
45791.01,1Aar2YgsZQK219orphuaKmzN1ueWBrSgiGC6iK89bS7W4s,check,16
45851.016,1Aar2YgsZQK219orphuaKmzN1ueWBrSgiGC6iK89bS7W4s,check,16
45911.016,1Aar2YgsZQK219orphuaKmzN1ueWBrSgiGC6iK89bS7W4s,check,15
45971.016,1Aar2YgsZQK219orphuaKmzN1ueWBrSgiGC6iK89bS7W4s,check,16
46031.016,1Aar2YgsZQK219orphuaKmzN1ueWBrSgiGC6iK89bS7W4s,check,16
46091.016,1Aar2YgsZQK219orphuaKmzN1ueWBrSgiGC6iK89bS7W4s,check,15
46151.016,1Aar2YgsZQK219orphuaKmzN1ueWBrSgiGC6iK89bS7W4s,check,15
46211.016,1Aar2YgsZQK219orphuaKmzN1ueWBrSgiGC6iK89bS7W4s,check,15
46271.016,1Aar2YgsZQK219orphuaKmzN1ueWBrSgiGC6iK89bS7W4s,check,16
46331.016,1Aar2YgsZQK219orphuaKmzN1ueWBrSgiGC6iK89bS7W4s,check,16
46391.016,1Aar2YgsZQK219orphuaKmzN1ueWBrSgiGC6iK89bS7W4s,check,16
46451.016,1Aar2YgsZQK219orphuaKmzN1ueWBrSgiGC6iK89bS7W4s,check,16
46511.01,1Aar2YgsZQK219orphuaKmzN1ueWBrSgiGC6iK89bS7W4s,check,16
46571.016,1Aar2YgsZQK219orphuaKmzN1ueWBrSgiGC6iK89bS7W4s,check,16
46631.02,1Aar2YgsZQK219orphuaKmzN1ueWBrSgiGC6iK89bS7W4s,check,16
46691.016,1Aar2YgsZQK219orphuaKmzN1ueWBrSgiGC6iK89bS7W4s,check,16
46751.016,1Aar2YgsZQK219orphuaKmzN1ueWBrSgiGC6iK89bS7W4s,check,16
46811.016,1Aar2YgsZQK219orphuaKmzN1ueWBrSgiGC6iK89bS7W4s,check,16
46871.016,1Aar2YgsZQK219orphuaKmzN1ueWBrSgiGC6iK89bS7W4s,check,16
46931.016,1Aar2YgsZQK219orphuaKmzN1ueWBrSgiGC6iK89bS7W4s,check,15
46991.016,1Aar2YgsZQK219orphuaKmzN1ueWBrSgiGC6iK89bS7W4s,check,14
47051.016,1Aar2YgsZQK219orphuaKmzN1ueWBrSgiGC6iK89bS7W4s,check,16
47111.016,1Aar2YgsZQK219orphuaKmzN1ueWBrSgiGC6iK89bS7W4s,check,16
47171.016,1Aar2YgsZQK219orphuaKmzN1ueWBrSgiGC6iK89bS7W4s,check,16
47231.016,1Aar2YgsZQK219orphuaKmzN1ueWBrSgiGC6iK89bS7W4s,check,16
47291.016,1Aar2YgsZQK219orphuaKmzN1ueWBrSgiGC6iK89bS7W4s,check,16
47351.016,1Aar2YgsZQK219orphuaKmzN1ueWBrSgiGC6iK89bS7W4s,check,16
47411.016,1Aar2YgsZQK219orphuaKmzN1ueWBrSgiGC6iK89bS7W4s,check,16
47471.016,1Aar2YgsZQK219orphuaKmzN1ueWBrSgiGC6iK89bS7W4s,check,16
47531.016,1Aar2YgsZQK219orphuaKmzN1ueWBrSgiGC6iK89bS7W4s,check,16
47591.01,1Aar2YgsZQK219orphuaKmzN1ueWBrSgiGC6iK89bS7W4s,check,16
47651.016,1Aar2YgsZQK219orphuaKmzN1ueWBrSgiGC6iK89bS7W4s,check,16
47711.016,1Aar2YgsZQK219orphuaKmzN1ueWBrSgiGC6iK89bS7W4s,check,15
47771.016,1Aar2YgsZQK219orphuaKmzN1ueWBrSgiGC6iK89bS7W4s,check,15
47831.02,1Aar2YgsZQK219orphuaKmzN1ueWBrSgiGC6iK89bS7W4s,check,16
47891.016,1Aar2YgsZQK219orphuaKmzN1ueWBrSgiGC6iK89bS7W4s,check,16
47951.01,1Aar2YgsZQK219orphuaKmzN1ueWBrSgiGC6iK89bS7W4s,check,16
48011.016,1Aar2YgsZQK219orphuaKmzN1ueWBrSgiGC6iK89bS7W4s,check,15
48071.016,1Aar2YgsZQK219orphuaKmzN1ueWBrSgiGC6iK89bS7W4s,check,16
48131.016,1Aar2YgsZQK219orphuaKmzN1ueWBrSgiGC6iK89bS7W4s,check,16
48191.016,1Aar2YgsZQK219orphuaKmzN1ueWBrSgiGC6iK89bS7W4s,check,16
48251.016,1Aar2YgsZQK219orphuaKmzN1ueWBrSgiGC6iK89bS7W4s,check,16
48311.02,1Aar2YgsZQK219orphuaKmzN1ueWBrSgiGC6iK89bS7W4s,check,16
48371.016,1Aar2YgsZQK219orphuaKmzN1ueWBrSgiGC6iK89bS7W4s,check,16
48431.016,1Aar2YgsZQK219orphuaKmzN1ueWBrSgiGC6iK89bS7W4s,check,15
48491.02,1Aar2YgsZQK219orphuaKmzN1ueWBrSgiGC6iK89bS7W4s,check,15
48551.016,1Aar2YgsZQK219orphuaKmzN1ueWBrSgiGC6iK89bS7W4s,check,16
48611.016,1Aar2YgsZQK219orphuaKmzN1ueWBrSgiGC6iK89bS7W4s,check,15
48671.02,1Aar2YgsZQK219orphuaKmzN1ueWBrSgiGC6iK89bS7W4s,check,16
48731.016,1Aar2YgsZQK219orphuaKmzN1ueWBrSgiGC6iK89bS7W4s,check,16
48791.02,1Aar2YgsZQK219orphuaKmzN1ueWBrSgiGC6iK89bS7W4s,check,15
48851.016,1Aar2YgsZQK219orphuaKmzN1ueWBrSgiGC6iK89bS7W4s,check,16
48911.016,1Aar2YgsZQK219orphuaKmzN1ueWBrSgiGC6iK89bS7W4s,check,16
48971.016,1Aar2YgsZQK219orphuaKmzN1ueWBrSgiGC6iK89bS7W4s,check,16
49031.016,1Aar2YgsZQK219orphuaKmzN1ueWBrSgiGC6iK89bS7W4s,check,15
49091.016,1Aar2YgsZQK219orphuaKmzN1ueWBrSgiGC6iK89bS7W4s,check,16
49151.016,1Aar2YgsZQK219orphuaKmzN1ueWBrSgiGC6iK89bS7W4s,check,16
49211.02,1Aar2YgsZQK219orphuaKmzN1ueWBrSgiGC6iK89bS7W4s,check,16
49271.016,1Aar2YgsZQK219orphuaKmzN1ueWBrSgiGC6iK89bS7W4s,check,16
49331.016,1Aar2YgsZQK219orphuaKmzN1ueWBrSgiGC6iK89bS7W4s,check,16
49391.016,1Aar2YgsZQK219orphuaKmzN1ueWBrSgiGC6iK89bS7W4s,check,15
49451.016,1Aar2YgsZQK219orphuaKmzN1ueWBrSgiGC6iK89bS7W4s,check,16
49511.016,1Aar2YgsZQK219orphuaKmzN1ueWBrSgiGC6iK89bS7W4s,check,16
49571.016,1Aar2YgsZQK219orphuaKmzN1ueWBrSgiGC6iK89bS7W4s,check,16
49631.016,1Aar2YgsZQK219orphuaKmzN1ueWBrSgiGC6iK89bS7W4s,check,16
49691.016,1Aar2YgsZQK219orphuaKmzN1ueWBrSgiGC6iK89bS7W4s,check,16
49751.016,1Aar2YgsZQK219orphuaKmzN1ueWBrSgiGC6iK89bS7W4s,check,16
49811.008,1Aar2YgsZQK219orphuaKmzN1ueWBrSgiGC6iK89bS7W4s,check,16
49871.016,1Aar2YgsZQK219orphuaKmzN1ueWBrSgiGC6iK89bS7W4s,check,16
49931.016,1Aar2YgsZQK219orphuaKmzN1ueWBrSgiGC6iK89bS7W4s,check,16
49991.016,1Aar2YgsZQK219orphuaKmzN1ueWBrSgiGC6iK89bS7W4s,check,16
50051.016,1Aar2YgsZQK219orphuaKmzN1ueWBrSgiGC6iK89bS7W4s,check,16
50111.016,1Aar2YgsZQK219orphuaKmzN1ueWBrSgiGC6iK89bS7W4s,check,16
50171.016,1Aar2YgsZQK219orphuaKmzN1ueWBrSgiGC6iK89bS7W4s,check,15
50231.016,1Aar2YgsZQK219orphuaKmzN1ueWBrSgiGC6iK89bS7W4s,check,16
50291.016,1Aar2YgsZQK219orphuaKmzN1ueWBrSgiGC6iK89bS7W4s,check,15
50351.016,1Aar2YgsZQK219orphuaKmzN1ueWBrSgiGC6iK89bS7W4s,check,16
50411.016,1Aar2YgsZQK219orphuaKmzN1ueWBrSgiGC6iK89bS7W4s,check,16
50471.016,1Aar2YgsZQK219orphuaKmzN1ueWBrSgiGC6iK89bS7W4s,check,16
50531.016,1Aar2YgsZQK219orphuaKmzN1ueWBrSgiGC6iK89bS7W4s,check,16
50591.016,1Aar2YgsZQK219orphuaKmzN1ueWBrSgiGC6iK89bS7W4s,check,16
50651.016,1Aar2YgsZQK219orphuaKmzN1ueWBrSgiGC6iK89bS7W4s,check,15
50711.02,1Aar2YgsZQK219orphuaKmzN1ueWBrSgiGC6iK89bS7W4s,check,15
50771.016,1Aar2YgsZQK219orphuaKmzN1ueWBrSgiGC6iK89bS7W4s,check,15
50831.016,1Aar2YgsZQK219orphuaKmzN1ueWBrSgiGC6iK89bS7W4s,check,16
50891.016,1Aar2YgsZQK219orphuaKmzN1ueWBrSgiGC6iK89bS7W4s,check,16
50951.016,1Aar2YgsZQK219orphuaKmzN1ueWBrSgiGC6iK89bS7W4s,check,16
51011.016,1Aar2YgsZQK219orphuaKmzN1ueWBrSgiGC6iK89bS7W4s,check,16
51071.02,1Aar2YgsZQK219orphuaKmzN1ueWBrSgiGC6iK89bS7W4s,check,16
51131.016,1Aar2YgsZQK219orphuaKmzN1ueWBrSgiGC6iK89bS7W4s,check,16
51191.016,1Aar2YgsZQK219orphuaKmzN1ueWBrSgiGC6iK89bS7W4s,check,15
51251.016,1Aar2YgsZQK219orphuaKmzN1ueWBrSgiGC6iK89bS7W4s,check,16
51311.016,1Aar2YgsZQK219orphuaKmzN1ueWBrSgiGC6iK89bS7W4s,check,16
51371.016,1Aar2YgsZQK219orphuaKmzN1ueWBrSgiGC6iK89bS7W4s,check,15
51431.016,1Aar2YgsZQK219orphuaKmzN1ueWBrSgiGC6iK89bS7W4s,check,16
51491.02,1Aar2YgsZQK219orphuaKmzN1ueWBrSgiGC6iK89bS7W4s,check,16
51551.016,1Aar2YgsZQK219orphuaKmzN1ueWBrSgiGC6iK89bS7W4s,check,16
51611.008,1Aar2YgsZQK219orphuaKmzN1ueWBrSgiGC6iK89bS7W4s,check,16
51671.008,1Aar2YgsZQK219orphuaKmzN1ueWBrSgiGC6iK89bS7W4s,check,15
51731.008,1Aar2YgsZQK219orphuaKmzN1ueWBrSgiGC6iK89bS7W4s,check,16
51791.004,1Aar2YgsZQK219orphuaKmzN1ueWBrSgiGC6iK89bS7W4s,check,16
51851.008,1Aar2YgsZQK219orphuaKmzN1ueWBrSgiGC6iK89bS7W4s,check,16
51911.016,1Aar2YgsZQK219orphuaKmzN1ueWBrSgiGC6iK89bS7W4s,check,16
51971.016,1Aar2YgsZQK219orphuaKmzN1ueWBrSgiGC6iK89bS7W4s,check,16
52031.016,1Aar2YgsZQK219orphuaKmzN1ueWBrSgiGC6iK89bS7W4s,check,16
52091.016,1Aar2YgsZQK219orphuaKmzN1ueWBrSgiGC6iK89bS7W4s,check,16
52151.016,1Aar2YgsZQK219orphuaKmzN1ueWBrSgiGC6iK89bS7W4s,check,16
52211.02,1Aar2YgsZQK219orphuaKmzN1ueWBrSgiGC6iK89bS7W4s,check,16
52271.016,1Aar2YgsZQK219orphuaKmzN1ueWBrSgiGC6iK89bS7W4s,check,16
52331.016,1Aar2YgsZQK219orphuaKmzN1ueWBrSgiGC6iK89bS7W4s,check,16
52391.016,1Aar2YgsZQK219orphuaKmzN1ueWBrSgiGC6iK89bS7W4s,check,15
52451.016,1Aar2YgsZQK219orphuaKmzN1ueWBrSgiGC6iK89bS7W4s,check,16
52511.016,1Aar2YgsZQK219orphuaKmzN1ueWBrSgiGC6iK89bS7W4s,check,16
52571.016,1Aar2YgsZQK219orphuaKmzN1ueWBrSgiGC6iK89bS7W4s,check,16
52631.016,1Aar2YgsZQK219orphuaKmzN1ueWBrSgiGC6iK89bS7W4s,check,16
52691.016,1Aar2YgsZQK219orphuaKmzN1ueWBrSgiGC6iK89bS7W4s,check,16
52751.016,1Aar2YgsZQK219orphuaKmzN1ueWBrSgiGC6iK89bS7W4s,check,16
52811.016,1Aar2YgsZQK219orphuaKmzN1ueWBrSgiGC6iK89bS7W4s,check,16
52871.02,1Aar2YgsZQK219orphuaKmzN1ueWBrSgiGC6iK89bS7W4s,check,16
52931.016,1Aar2YgsZQK219orphuaKmzN1ueWBrSgiGC6iK89bS7W4s,check,16
52991.016,1Aar2YgsZQK219orphuaKmzN1ueWBrSgiGC6iK89bS7W4s,check,15
53051.016,1Aar2YgsZQK219orphuaKmzN1ueWBrSgiGC6iK89bS7W4s,check,16
53111.01,1Aar2YgsZQK219orphuaKmzN1ueWBrSgiGC6iK89bS7W4s,check,16
53171.016,1Aar2YgsZQK219orphuaKmzN1ueWBrSgiGC6iK89bS7W4s,check,16
53231.01,1Aar2YgsZQK219orphuaKmzN1ueWBrSgiGC6iK89bS7W4s,check,16
53291.02,1Aar2YgsZQK219orphuaKmzN1ueWBrSgiGC6iK89bS7W4s,check,16
53351.02,1Aar2YgsZQK219orphuaKmzN1ueWBrSgiGC6iK89bS7W4s,check,16
53411.016,1Aar2YgsZQK219orphuaKmzN1ueWBrSgiGC6iK89bS7W4s,check,15
53471.01,1Aar2YgsZQK219orphuaKmzN1ueWBrSgiGC6iK89bS7W4s,check,15
53531.016,1Aar2YgsZQK219orphuaKmzN1ueWBrSgiGC6iK89bS7W4s,check,15
53591.016,1Aar2YgsZQK219orphuaKmzN1ueWBrSgiGC6iK89bS7W4s,check,15
53651.016,1Aar2YgsZQK219orphuaKmzN1ueWBrSgiGC6iK89bS7W4s,check,15
53711.016,1Aar2YgsZQK219orphuaKmzN1ueWBrSgiGC6iK89bS7W4s,check,16
53771.016,1Aar2YgsZQK219orphuaKmzN1ueWBrSgiGC6iK89bS7W4s,check,15
53831.016,1Aar2YgsZQK219orphuaKmzN1ueWBrSgiGC6iK89bS7W4s,check,16
53891.016,1Aar2YgsZQK219orphuaKmzN1ueWBrSgiGC6iK89bS7W4s,check,15
53951.016,1Aar2YgsZQK219orphuaKmzN1ueWBrSgiGC6iK89bS7W4s,check,16
54011.016,1Aar2YgsZQK219orphuaKmzN1ueWBrSgiGC6iK89bS7W4s,check,16
54071.016,1Aar2YgsZQK219orphuaKmzN1ueWBrSgiGC6iK89bS7W4s,check,16
54131.016,1Aar2YgsZQK219orphuaKmzN1ueWBrSgiGC6iK89bS7W4s,check,16
54191.02,1Aar2YgsZQK219orphuaKmzN1ueWBrSgiGC6iK89bS7W4s,check,15
54251.016,1Aar2YgsZQK219orphuaKmzN1ueWBrSgiGC6iK89bS7W4s,check,15
54311.016,1Aar2YgsZQK219orphuaKmzN1ueWBrSgiGC6iK89bS7W4s,check,16
54371.02,1Aar2YgsZQK219orphuaKmzN1ueWBrSgiGC6iK89bS7W4s,check,15
54431.016,1Aar2YgsZQK219orphuaKmzN1ueWBrSgiGC6iK89bS7W4s,check,16
54491.02,1Aar2YgsZQK219orphuaKmzN1ueWBrSgiGC6iK89bS7W4s,check,15
54551.016,1Aar2YgsZQK219orphuaKmzN1ueWBrSgiGC6iK89bS7W4s,check,16
54611.016,1Aar2YgsZQK219orphuaKmzN1ueWBrSgiGC6iK89bS7W4s,check,16
54671.02,1Aar2YgsZQK219orphuaKmzN1ueWBrSgiGC6iK89bS7W4s,check,16
54731.016,1Aar2YgsZQK219orphuaKmzN1ueWBrSgiGC6iK89bS7W4s,check,15
54791.016,1Aar2YgsZQK219orphuaKmzN1ueWBrSgiGC6iK89bS7W4s,check,16
54851.016,1Aar2YgsZQK219orphuaKmzN1ueWBrSgiGC6iK89bS7W4s,check,15
54911.016,1Aar2YgsZQK219orphuaKmzN1ueWBrSgiGC6iK89bS7W4s,check,16
54971.016,1Aar2YgsZQK219orphuaKmzN1ueWBrSgiGC6iK89bS7W4s,check,16
55031.016,1Aar2YgsZQK219orphuaKmzN1ueWBrSgiGC6iK89bS7W4s,check,15
55091.016,1Aar2YgsZQK219orphuaKmzN1ueWBrSgiGC6iK89bS7W4s,check,15
55151.02,1Aar2YgsZQK219orphuaKmzN1ueWBrSgiGC6iK89bS7W4s,check,16
55211.016,1Aar2YgsZQK219orphuaKmzN1ueWBrSgiGC6iK89bS7W4s,check,16
55271.016,1Aar2YgsZQK219orphuaKmzN1ueWBrSgiGC6iK89bS7W4s,check,16
55331.016,1Aar2YgsZQK219orphuaKmzN1ueWBrSgiGC6iK89bS7W4s,check,16
55391.016,1Aar2YgsZQK219orphuaKmzN1ueWBrSgiGC6iK89bS7W4s,check,16
55451.016,1Aar2YgsZQK219orphuaKmzN1ueWBrSgiGC6iK89bS7W4s,check,16
55511.016,1Aar2YgsZQK219orphuaKmzN1ueWBrSgiGC6iK89bS7W4s,check,16
55571.016,1Aar2YgsZQK219orphuaKmzN1ueWBrSgiGC6iK89bS7W4s,check,16
55631.016,1Aar2YgsZQK219orphuaKmzN1ueWBrSgiGC6iK89bS7W4s,check,16
55691.016,1Aar2YgsZQK219orphuaKmzN1ueWBrSgiGC6iK89bS7W4s,check,15
55751.016,1Aar2YgsZQK219orphuaKmzN1ueWBrSgiGC6iK89bS7W4s,check,16
55811.016,1Aar2YgsZQK219orphuaKmzN1ueWBrSgiGC6iK89bS7W4s,check,15
55871.016,1Aar2YgsZQK219orphuaKmzN1ueWBrSgiGC6iK89bS7W4s,check,16
55931.016,1Aar2YgsZQK219orphuaKmzN1ueWBrSgiGC6iK89bS7W4s,check,15
55991.016,1Aar2YgsZQK219orphuaKmzN1ueWBrSgiGC6iK89bS7W4s,check,15
56051.016,1Aar2YgsZQK219orphuaKmzN1ueWBrSgiGC6iK89bS7W4s,check,16
56111.016,1Aar2YgsZQK219orphuaKmzN1ueWBrSgiGC6iK89bS7W4s,check,15
56171.02,1Aar2YgsZQK219orphuaKmzN1ueWBrSgiGC6iK89bS7W4s,check,16
56231.016,1Aar2YgsZQK219orphuaKmzN1ueWBrSgiGC6iK89bS7W4s,check,16
56291.016,1Aar2YgsZQK219orphuaKmzN1ueWBrSgiGC6iK89bS7W4s,check,16
56351.016,1Aar2YgsZQK219orphuaKmzN1ueWBrSgiGC6iK89bS7W4s,check,15
56411.016,1Aar2YgsZQK219orphuaKmzN1ueWBrSgiGC6iK89bS7W4s,check,16
56471.016,1Aar2YgsZQK219orphuaKmzN1ueWBrSgiGC6iK89bS7W4s,check,16
56531.016,1Aar2YgsZQK219orphuaKmzN1ueWBrSgiGC6iK89bS7W4s,check,15
56591.016,1Aar2YgsZQK219orphuaKmzN1ueWBrSgiGC6iK89bS7W4s,check,16
56651.016,1Aar2YgsZQK219orphuaKmzN1ueWBrSgiGC6iK89bS7W4s,check,15
56711.016,1Aar2YgsZQK219orphuaKmzN1ueWBrSgiGC6iK89bS7W4s,check,16
56771.016,1Aar2YgsZQK219orphuaKmzN1ueWBrSgiGC6iK89bS7W4s,check,16
56831.02,1Aar2YgsZQK219orphuaKmzN1ueWBrSgiGC6iK89bS7W4s,check,15
56891.02,1Aar2YgsZQK219orphuaKmzN1ueWBrSgiGC6iK89bS7W4s,check,15
56951.016,1Aar2YgsZQK219orphuaKmzN1ueWBrSgiGC6iK89bS7W4s,check,16
57011.02,1Aar2YgsZQK219orphuaKmzN1ueWBrSgiGC6iK89bS7W4s,check,16
57071.016,1Aar2YgsZQK219orphuaKmzN1ueWBrSgiGC6iK89bS7W4s,check,15
57131.02,1Aar2YgsZQK219orphuaKmzN1ueWBrSgiGC6iK89bS7W4s,check,16
57191.016,1Aar2YgsZQK219orphuaKmzN1ueWBrSgiGC6iK89bS7W4s,check,15
57251.016,1Aar2YgsZQK219orphuaKmzN1ueWBrSgiGC6iK89bS7W4s,check,16
57311.016,1Aar2YgsZQK219orphuaKmzN1ueWBrSgiGC6iK89bS7W4s,check,16
57371.016,1Aar2YgsZQK219orphuaKmzN1ueWBrSgiGC6iK89bS7W4s,check,15
57431.016,1Aar2YgsZQK219orphuaKmzN1ueWBrSgiGC6iK89bS7W4s,check,15
57491.016,1Aar2YgsZQK219orphuaKmzN1ueWBrSgiGC6iK89bS7W4s,check,16
57551.016,1Aar2YgsZQK219orphuaKmzN1ueWBrSgiGC6iK89bS7W4s,check,16
57611.016,1Aar2YgsZQK219orphuaKmzN1ueWBrSgiGC6iK89bS7W4s,check,15
57671.016,1Aar2YgsZQK219orphuaKmzN1ueWBrSgiGC6iK89bS7W4s,check,16
57731.016,1Aar2YgsZQK219orphuaKmzN1ueWBrSgiGC6iK89bS7W4s,check,14
57791.016,1Aar2YgsZQK219orphuaKmzN1ueWBrSgiGC6iK89bS7W4s,check,15
57851.016,1Aar2YgsZQK219orphuaKmzN1ueWBrSgiGC6iK89bS7W4s,check,15
57911.016,1Aar2YgsZQK219orphuaKmzN1ueWBrSgiGC6iK89bS7W4s,check,15
57971.016,1Aar2YgsZQK219orphuaKmzN1ueWBrSgiGC6iK89bS7W4s,check,15
58031.016,1Aar2YgsZQK219orphuaKmzN1ueWBrSgiGC6iK89bS7W4s,check,14
58091.016,1Aar2YgsZQK219orphuaKmzN1ueWBrSgiGC6iK89bS7W4s,check,14
58151.016,1Aar2YgsZQK219orphuaKmzN1ueWBrSgiGC6iK89bS7W4s,check,15
58211.008,1Aar2YgsZQK219orphuaKmzN1ueWBrSgiGC6iK89bS7W4s,check,15
58271.016,1Aar2YgsZQK219orphuaKmzN1ueWBrSgiGC6iK89bS7W4s,check,15
58331.016,1Aar2YgsZQK219orphuaKmzN1ueWBrSgiGC6iK89bS7W4s,check,15
58391.016,1Aar2YgsZQK219orphuaKmzN1ueWBrSgiGC6iK89bS7W4s,check,15
58451.016,1Aar2YgsZQK219orphuaKmzN1ueWBrSgiGC6iK89bS7W4s,check,15
58511.016,1Aar2YgsZQK219orphuaKmzN1ueWBrSgiGC6iK89bS7W4s,check,15
58571.01,1Aar2YgsZQK219orphuaKmzN1ueWBrSgiGC6iK89bS7W4s,check,15
58631.02,1Aar2YgsZQK219orphuaKmzN1ueWBrSgiGC6iK89bS7W4s,check,14
58691.016,1Aar2YgsZQK219orphuaKmzN1ueWBrSgiGC6iK89bS7W4s,check,15
58751.016,1Aar2YgsZQK219orphuaKmzN1ueWBrSgiGC6iK89bS7W4s,check,15
58811.016,1Aar2YgsZQK219orphuaKmzN1ueWBrSgiGC6iK89bS7W4s,check,15
58871.016,1Aar2YgsZQK219orphuaKmzN1ueWBrSgiGC6iK89bS7W4s,check,14
58931.01,1Aar2YgsZQK219orphuaKmzN1ueWBrSgiGC6iK89bS7W4s,check,14
58991.016,1Aar2YgsZQK219orphuaKmzN1ueWBrSgiGC6iK89bS7W4s,check,14
59051.016,1Aar2YgsZQK219orphuaKmzN1ueWBrSgiGC6iK89bS7W4s,check,15
59111.016,1Aar2YgsZQK219orphuaKmzN1ueWBrSgiGC6iK89bS7W4s,check,15
59171.016,1Aar2YgsZQK219orphuaKmzN1ueWBrSgiGC6iK89bS7W4s,check,15
59231.016,1Aar2YgsZQK219orphuaKmzN1ueWBrSgiGC6iK89bS7W4s,check,15
59291.016,1Aar2YgsZQK219orphuaKmzN1ueWBrSgiGC6iK89bS7W4s,check,14
59351.02,1Aar2YgsZQK219orphuaKmzN1ueWBrSgiGC6iK89bS7W4s,check,15
59411.016,1Aar2YgsZQK219orphuaKmzN1ueWBrSgiGC6iK89bS7W4s,check,15
59471.016,1Aar2YgsZQK219orphuaKmzN1ueWBrSgiGC6iK89bS7W4s,check,15
59531.02,1Aar2YgsZQK219orphuaKmzN1ueWBrSgiGC6iK89bS7W4s,check,15
59591.016,1Aar2YgsZQK219orphuaKmzN1ueWBrSgiGC6iK89bS7W4s,check,14
59651.016,1Aar2YgsZQK219orphuaKmzN1ueWBrSgiGC6iK89bS7W4s,check,15
59711.016,1Aar2YgsZQK219orphuaKmzN1ueWBrSgiGC6iK89bS7W4s,check,15
59771.016,1Aar2YgsZQK219orphuaKmzN1ueWBrSgiGC6iK89bS7W4s,check,15
59831.02,1Aar2YgsZQK219orphuaKmzN1ueWBrSgiGC6iK89bS7W4s,check,15
59891.016,1Aar2YgsZQK219orphuaKmzN1ueWBrSgiGC6iK89bS7W4s,check,15
59951.016,1Aar2YgsZQK219orphuaKmzN1ueWBrSgiGC6iK89bS7W4s,check,15
60011.016,1Aar2YgsZQK219orphuaKmzN1ueWBrSgiGC6iK89bS7W4s,check,15
60071.016,1Aar2YgsZQK219orphuaKmzN1ueWBrSgiGC6iK89bS7W4s,check,15
60131.016,1Aar2YgsZQK219orphuaKmzN1ueWBrSgiGC6iK89bS7W4s,check,15
60191.016,1Aar2YgsZQK219orphuaKmzN1ueWBrSgiGC6iK89bS7W4s,check,15
60251.016,1Aar2YgsZQK219orphuaKmzN1ueWBrSgiGC6iK89bS7W4s,check,15
60311.016,1Aar2YgsZQK219orphuaKmzN1ueWBrSgiGC6iK89bS7W4s,check,15
60371.016,1Aar2YgsZQK219orphuaKmzN1ueWBrSgiGC6iK89bS7W4s,check,15
60431.016,1Aar2YgsZQK219orphuaKmzN1ueWBrSgiGC6iK89bS7W4s,check,15
60491.016,1Aar2YgsZQK219orphuaKmzN1ueWBrSgiGC6iK89bS7W4s,check,14
60551.008,1Aar2YgsZQK219orphuaKmzN1ueWBrSgiGC6iK89bS7W4s,check,14
60611.008,1Aar2YgsZQK219orphuaKmzN1ueWBrSgiGC6iK89bS7W4s,check,15
60671.008,1Aar2YgsZQK219orphuaKmzN1ueWBrSgiGC6iK89bS7W4s,check,14
60731.01,1Aar2YgsZQK219orphuaKmzN1ueWBrSgiGC6iK89bS7W4s,check,15
60791.016,1Aar2YgsZQK219orphuaKmzN1ueWBrSgiGC6iK89bS7W4s,check,14
60851.016,1Aar2YgsZQK219orphuaKmzN1ueWBrSgiGC6iK89bS7W4s,check,14
60911.016,1Aar2YgsZQK219orphuaKmzN1ueWBrSgiGC6iK89bS7W4s,check,15
60971.016,1Aar2YgsZQK219orphuaKmzN1ueWBrSgiGC6iK89bS7W4s,check,14
61031.02,1Aar2YgsZQK219orphuaKmzN1ueWBrSgiGC6iK89bS7W4s,check,14
61091.016,1Aar2YgsZQK219orphuaKmzN1ueWBrSgiGC6iK89bS7W4s,check,15
61151.016,1Aar2YgsZQK219orphuaKmzN1ueWBrSgiGC6iK89bS7W4s,check,15
61211.016,1Aar2YgsZQK219orphuaKmzN1ueWBrSgiGC6iK89bS7W4s,check,15
61271.016,1Aar2YgsZQK219orphuaKmzN1ueWBrSgiGC6iK89bS7W4s,check,15
61331.016,1Aar2YgsZQK219orphuaKmzN1ueWBrSgiGC6iK89bS7W4s,check,15
61391.016,1Aar2YgsZQK219orphuaKmzN1ueWBrSgiGC6iK89bS7W4s,check,15
61451.016,1Aar2YgsZQK219orphuaKmzN1ueWBrSgiGC6iK89bS7W4s,check,14
61511.016,1Aar2YgsZQK219orphuaKmzN1ueWBrSgiGC6iK89bS7W4s,check,15
61571.016,1Aar2YgsZQK219orphuaKmzN1ueWBrSgiGC6iK89bS7W4s,check,15
61631.02,1Aar2YgsZQK219orphuaKmzN1ueWBrSgiGC6iK89bS7W4s,check,15
61691.016,1Aar2YgsZQK219orphuaKmzN1ueWBrSgiGC6iK89bS7W4s,check,15
61751.016,1Aar2YgsZQK219orphuaKmzN1ueWBrSgiGC6iK89bS7W4s,check,15
61811.016,1Aar2YgsZQK219orphuaKmzN1ueWBrSgiGC6iK89bS7W4s,check,14
61871.02,1Aar2YgsZQK219orphuaKmzN1ueWBrSgiGC6iK89bS7W4s,check,14
61931.016,1Aar2YgsZQK219orphuaKmzN1ueWBrSgiGC6iK89bS7W4s,check,15
61991.02,1Aar2YgsZQK219orphuaKmzN1ueWBrSgiGC6iK89bS7W4s,check,15
62051.016,1Aar2YgsZQK219orphuaKmzN1ueWBrSgiGC6iK89bS7W4s,check,15
62111.016,1Aar2YgsZQK219orphuaKmzN1ueWBrSgiGC6iK89bS7W4s,check,15
62171.016,1Aar2YgsZQK219orphuaKmzN1ueWBrSgiGC6iK89bS7W4s,check,15
62231.016,1Aar2YgsZQK219orphuaKmzN1ueWBrSgiGC6iK89bS7W4s,check,15
62291.016,1Aar2YgsZQK219orphuaKmzN1ueWBrSgiGC6iK89bS7W4s,check,14
62351.016,1Aar2YgsZQK219orphuaKmzN1ueWBrSgiGC6iK89bS7W4s,check,14
62411.016,1Aar2YgsZQK219orphuaKmzN1ueWBrSgiGC6iK89bS7W4s,check,15
62471.02,1Aar2YgsZQK219orphuaKmzN1ueWBrSgiGC6iK89bS7W4s,check,14
62531.016,1Aar2YgsZQK219orphuaKmzN1ueWBrSgiGC6iK89bS7W4s,check,15
62591.016,1Aar2YgsZQK219orphuaKmzN1ueWBrSgiGC6iK89bS7W4s,check,15
62651.016,1Aar2YgsZQK219orphuaKmzN1ueWBrSgiGC6iK89bS7W4s,check,15
62711.016,1Aar2YgsZQK219orphuaKmzN1ueWBrSgiGC6iK89bS7W4s,check,15
62771.016,1Aar2YgsZQK219orphuaKmzN1ueWBrSgiGC6iK89bS7W4s,check,15
62831.016,1Aar2YgsZQK219orphuaKmzN1ueWBrSgiGC6iK89bS7W4s,check,14
62891.016,1Aar2YgsZQK219orphuaKmzN1ueWBrSgiGC6iK89bS7W4s,check,15
62951.016,1Aar2YgsZQK219orphuaKmzN1ueWBrSgiGC6iK89bS7W4s,check,15
63011.016,1Aar2YgsZQK219orphuaKmzN1ueWBrSgiGC6iK89bS7W4s,check,14
63071.016,1Aar2YgsZQK219orphuaKmzN1ueWBrSgiGC6iK89bS7W4s,check,15
63131.016,1Aar2YgsZQK219orphuaKmzN1ueWBrSgiGC6iK89bS7W4s,check,13
63191.02,1Aar2YgsZQK219orphuaKmzN1ueWBrSgiGC6iK89bS7W4s,check,15
63251.016,1Aar2YgsZQK219orphuaKmzN1ueWBrSgiGC6iK89bS7W4s,check,15
63311.016,1Aar2YgsZQK219orphuaKmzN1ueWBrSgiGC6iK89bS7W4s,check,15
63371.016,1Aar2YgsZQK219orphuaKmzN1ueWBrSgiGC6iK89bS7W4s,check,15
63431.016,1Aar2YgsZQK219orphuaKmzN1ueWBrSgiGC6iK89bS7W4s,check,15
63491.02,1Aar2YgsZQK219orphuaKmzN1ueWBrSgiGC6iK89bS7W4s,check,15
63551.016,1Aar2YgsZQK219orphuaKmzN1ueWBrSgiGC6iK89bS7W4s,check,15
63611.016,1Aar2YgsZQK219orphuaKmzN1ueWBrSgiGC6iK89bS7W4s,check,15
63671.008,1Aar2YgsZQK219orphuaKmzN1ueWBrSgiGC6iK89bS7W4s,check,14
63731.016,1Aar2YgsZQK219orphuaKmzN1ueWBrSgiGC6iK89bS7W4s,check,15
63791.016,1Aar2YgsZQK219orphuaKmzN1ueWBrSgiGC6iK89bS7W4s,check,15
63851.016,1Aar2YgsZQK219orphuaKmzN1ueWBrSgiGC6iK89bS7W4s,check,15
63911.016,1Aar2YgsZQK219orphuaKmzN1ueWBrSgiGC6iK89bS7W4s,check,15
63971.016,1Aar2YgsZQK219orphuaKmzN1ueWBrSgiGC6iK89bS7W4s,check,15
64031.016,1Aar2YgsZQK219orphuaKmzN1ueWBrSgiGC6iK89bS7W4s,check,14
64091.016,1Aar2YgsZQK219orphuaKmzN1ueWBrSgiGC6iK89bS7W4s,check,13
64151.016,1Aar2YgsZQK219orphuaKmzN1ueWBrSgiGC6iK89bS7W4s,check,14
64211.016,1Aar2YgsZQK219orphuaKmzN1ueWBrSgiGC6iK89bS7W4s,check,15
64271.016,1Aar2YgsZQK219orphuaKmzN1ueWBrSgiGC6iK89bS7W4s,check,14
64331.016,1Aar2YgsZQK219orphuaKmzN1ueWBrSgiGC6iK89bS7W4s,check,15
64391.016,1Aar2YgsZQK219orphuaKmzN1ueWBrSgiGC6iK89bS7W4s,check,14
64451.016,1Aar2YgsZQK219orphuaKmzN1ueWBrSgiGC6iK89bS7W4s,check,14
64511.016,1Aar2YgsZQK219orphuaKmzN1ueWBrSgiGC6iK89bS7W4s,check,15
64571.016,1Aar2YgsZQK219orphuaKmzN1ueWBrSgiGC6iK89bS7W4s,check,15
64631.02,1Aar2YgsZQK219orphuaKmzN1ueWBrSgiGC6iK89bS7W4s,check,14
64691.016,1Aar2YgsZQK219orphuaKmzN1ueWBrSgiGC6iK89bS7W4s,check,14
64751.016,1Aar2YgsZQK219orphuaKmzN1ueWBrSgiGC6iK89bS7W4s,check,14
64811.016,1Aar2YgsZQK219orphuaKmzN1ueWBrSgiGC6iK89bS7W4s,check,15
64871.02,1Aar2YgsZQK219orphuaKmzN1ueWBrSgiGC6iK89bS7W4s,check,13
64931.016,1Aar2YgsZQK219orphuaKmzN1ueWBrSgiGC6iK89bS7W4s,check,14
64991.02,1Aar2YgsZQK219orphuaKmzN1ueWBrSgiGC6iK89bS7W4s,check,14
65051.016,1Aar2YgsZQK219orphuaKmzN1ueWBrSgiGC6iK89bS7W4s,check,15
65111.016,1Aar2YgsZQK219orphuaKmzN1ueWBrSgiGC6iK89bS7W4s,check,15
65171.016,1Aar2YgsZQK219orphuaKmzN1ueWBrSgiGC6iK89bS7W4s,check,14
65231.02,1Aar2YgsZQK219orphuaKmzN1ueWBrSgiGC6iK89bS7W4s,check,15
65291.016,1Aar2YgsZQK219orphuaKmzN1ueWBrSgiGC6iK89bS7W4s,check,15
65351.016,1Aar2YgsZQK219orphuaKmzN1ueWBrSgiGC6iK89bS7W4s,check,14
65411.016,1Aar2YgsZQK219orphuaKmzN1ueWBrSgiGC6iK89bS7W4s,check,14
65471.02,1Aar2YgsZQK219orphuaKmzN1ueWBrSgiGC6iK89bS7W4s,check,13
65531.016,1Aar2YgsZQK219orphuaKmzN1ueWBrSgiGC6iK89bS7W4s,check,14
65591.016,1Aar2YgsZQK219orphuaKmzN1ueWBrSgiGC6iK89bS7W4s,check,14
65651.016,1Aar2YgsZQK219orphuaKmzN1ueWBrSgiGC6iK89bS7W4s,check,15
65711.016,1Aar2YgsZQK219orphuaKmzN1ueWBrSgiGC6iK89bS7W4s,check,15
65771.016,1Aar2YgsZQK219orphuaKmzN1ueWBrSgiGC6iK89bS7W4s,check,15
65831.016,1Aar2YgsZQK219orphuaKmzN1ueWBrSgiGC6iK89bS7W4s,check,15
65891.016,1Aar2YgsZQK219orphuaKmzN1ueWBrSgiGC6iK89bS7W4s,check,15
65951.016,1Aar2YgsZQK219orphuaKmzN1ueWBrSgiGC6iK89bS7W4s,check,15
66011.016,1Aar2YgsZQK219orphuaKmzN1ueWBrSgiGC6iK89bS7W4s,check,14
66071.016,1Aar2YgsZQK219orphuaKmzN1ueWBrSgiGC6iK89bS7W4s,check,14
66131.016,1Aar2YgsZQK219orphuaKmzN1ueWBrSgiGC6iK89bS7W4s,check,14
66191.016,1Aar2YgsZQK219orphuaKmzN1ueWBrSgiGC6iK89bS7W4s,check,14
66251.016,1Aar2YgsZQK219orphuaKmzN1ueWBrSgiGC6iK89bS7W4s,check,14
66311.016,1Aar2YgsZQK219orphuaKmzN1ueWBrSgiGC6iK89bS7W4s,check,14
66371.016,1Aar2YgsZQK219orphuaKmzN1ueWBrSgiGC6iK89bS7W4s,check,14
66431.016,1Aar2YgsZQK219orphuaKmzN1ueWBrSgiGC6iK89bS7W4s,check,14
66491.016,1Aar2YgsZQK219orphuaKmzN1ueWBrSgiGC6iK89bS7W4s,check,14
66551.016,1Aar2YgsZQK219orphuaKmzN1ueWBrSgiGC6iK89bS7W4s,check,15
66611.016,1Aar2YgsZQK219orphuaKmzN1ueWBrSgiGC6iK89bS7W4s,check,15
66671.016,1Aar2YgsZQK219orphuaKmzN1ueWBrSgiGC6iK89bS7W4s,check,14
66731.016,1Aar2YgsZQK219orphuaKmzN1ueWBrSgiGC6iK89bS7W4s,check,15
66791.016,1Aar2YgsZQK219orphuaKmzN1ueWBrSgiGC6iK89bS7W4s,check,15
66851.016,1Aar2YgsZQK219orphuaKmzN1ueWBrSgiGC6iK89bS7W4s,check,13
66911.016,1Aar2YgsZQK219orphuaKmzN1ueWBrSgiGC6iK89bS7W4s,check,15
66971.016,1Aar2YgsZQK219orphuaKmzN1ueWBrSgiGC6iK89bS7W4s,check,15
67031.016,1Aar2YgsZQK219orphuaKmzN1ueWBrSgiGC6iK89bS7W4s,check,15
67091.016,1Aar2YgsZQK219orphuaKmzN1ueWBrSgiGC6iK89bS7W4s,check,14
67151.016,1Aar2YgsZQK219orphuaKmzN1ueWBrSgiGC6iK89bS7W4s,check,14
67211.016,1Aar2YgsZQK219orphuaKmzN1ueWBrSgiGC6iK89bS7W4s,check,14
67271.016,1Aar2YgsZQK219orphuaKmzN1ueWBrSgiGC6iK89bS7W4s,check,15
67331.016,1Aar2YgsZQK219orphuaKmzN1ueWBrSgiGC6iK89bS7W4s,check,13
67391.016,1Aar2YgsZQK219orphuaKmzN1ueWBrSgiGC6iK89bS7W4s,check,13
67451.016,1Aar2YgsZQK219orphuaKmzN1ueWBrSgiGC6iK89bS7W4s,check,15
67511.016,1Aar2YgsZQK219orphuaKmzN1ueWBrSgiGC6iK89bS7W4s,check,15
67571.016,1Aar2YgsZQK219orphuaKmzN1ueWBrSgiGC6iK89bS7W4s,check,15
67631.016,1Aar2YgsZQK219orphuaKmzN1ueWBrSgiGC6iK89bS7W4s,check,14
67691.016,1Aar2YgsZQK219orphuaKmzN1ueWBrSgiGC6iK89bS7W4s,check,14
67751.016,1Aar2YgsZQK219orphuaKmzN1ueWBrSgiGC6iK89bS7W4s,check,13
67811.016,1Aar2YgsZQK219orphuaKmzN1ueWBrSgiGC6iK89bS7W4s,check,14
67871.016,1Aar2YgsZQK219orphuaKmzN1ueWBrSgiGC6iK89bS7W4s,check,15
67931.016,1Aar2YgsZQK219orphuaKmzN1ueWBrSgiGC6iK89bS7W4s,check,15
67991.016,1Aar2YgsZQK219orphuaKmzN1ueWBrSgiGC6iK89bS7W4s,check,14
68051.016,1Aar2YgsZQK219orphuaKmzN1ueWBrSgiGC6iK89bS7W4s,check,15
68111.016,1Aar2YgsZQK219orphuaKmzN1ueWBrSgiGC6iK89bS7W4s,check,11
68171.016,1Aar2YgsZQK219orphuaKmzN1ueWBrSgiGC6iK89bS7W4s,check,14
68231.016,1Aar2YgsZQK219orphuaKmzN1ueWBrSgiGC6iK89bS7W4s,check,14
68291.016,1Aar2YgsZQK219orphuaKmzN1ueWBrSgiGC6iK89bS7W4s,check,14
68351.016,1Aar2YgsZQK219orphuaKmzN1ueWBrSgiGC6iK89bS7W4s,check,14
68411.016,1Aar2YgsZQK219orphuaKmzN1ueWBrSgiGC6iK89bS7W4s,check,9
68471.01,1Aar2YgsZQK219orphuaKmzN1ueWBrSgiGC6iK89bS7W4s,check,9
68531.016,1Aar2YgsZQK219orphuaKmzN1ueWBrSgiGC6iK89bS7W4s,check,9
68591.016,1Aar2YgsZQK219orphuaKmzN1ueWBrSgiGC6iK89bS7W4s,check,9
68651.016,1Aar2YgsZQK219orphuaKmzN1ueWBrSgiGC6iK89bS7W4s,check,9
68711.016,1Aar2YgsZQK219orphuaKmzN1ueWBrSgiGC6iK89bS7W4s,check,9
68771.016,1Aar2YgsZQK219orphuaKmzN1ueWBrSgiGC6iK89bS7W4s,check,9
68831.016,1Aar2YgsZQK219orphuaKmzN1ueWBrSgiGC6iK89bS7W4s,check,13
68891.016,1Aar2YgsZQK219orphuaKmzN1ueWBrSgiGC6iK89bS7W4s,check,9
68951.016,1Aar2YgsZQK219orphuaKmzN1ueWBrSgiGC6iK89bS7W4s,check,9
69011.02,1Aar2YgsZQK219orphuaKmzN1ueWBrSgiGC6iK89bS7W4s,check,14
69071.016,1Aar2YgsZQK219orphuaKmzN1ueWBrSgiGC6iK89bS7W4s,check,13
69131.016,1Aar2YgsZQK219orphuaKmzN1ueWBrSgiGC6iK89bS7W4s,check,15
69191.01,1Aar2YgsZQK219orphuaKmzN1ueWBrSgiGC6iK89bS7W4s,check,13
69251.01,1Aar2YgsZQK219orphuaKmzN1ueWBrSgiGC6iK89bS7W4s,check,13
69311.01,1Aar2YgsZQK219orphuaKmzN1ueWBrSgiGC6iK89bS7W4s,check,12
69371.01,1Aar2YgsZQK219orphuaKmzN1ueWBrSgiGC6iK89bS7W4s,check,11
69431.016,1Aar2YgsZQK219orphuaKmzN1ueWBrSgiGC6iK89bS7W4s,check,13
69491.016,1Aar2YgsZQK219orphuaKmzN1ueWBrSgiGC6iK89bS7W4s,check,12
69551.016,1Aar2YgsZQK219orphuaKmzN1ueWBrSgiGC6iK89bS7W4s,check,12
69611.016,1Aar2YgsZQK219orphuaKmzN1ueWBrSgiGC6iK89bS7W4s,check,15
69671.016,1Aar2YgsZQK219orphuaKmzN1ueWBrSgiGC6iK89bS7W4s,check,14
69731.016,1Aar2YgsZQK219orphuaKmzN1ueWBrSgiGC6iK89bS7W4s,check,14
69791.016,1Aar2YgsZQK219orphuaKmzN1ueWBrSgiGC6iK89bS7W4s,check,14
69851.016,1Aar2YgsZQK219orphuaKmzN1ueWBrSgiGC6iK89bS7W4s,check,15
69911.016,1Aar2YgsZQK219orphuaKmzN1ueWBrSgiGC6iK89bS7W4s,check,14
69971.016,1Aar2YgsZQK219orphuaKmzN1ueWBrSgiGC6iK89bS7W4s,check,14
70031.016,1Aar2YgsZQK219orphuaKmzN1ueWBrSgiGC6iK89bS7W4s,check,15
70091.016,1Aar2YgsZQK219orphuaKmzN1ueWBrSgiGC6iK89bS7W4s,check,14
70151.016,1Aar2YgsZQK219orphuaKmzN1ueWBrSgiGC6iK89bS7W4s,check,14
70211.016,1Aar2YgsZQK219orphuaKmzN1ueWBrSgiGC6iK89bS7W4s,check,13
70271.016,1Aar2YgsZQK219orphuaKmzN1ueWBrSgiGC6iK89bS7W4s,check,14
70331.01,1Aar2YgsZQK219orphuaKmzN1ueWBrSgiGC6iK89bS7W4s,check,9
70391.016,1Aar2YgsZQK219orphuaKmzN1ueWBrSgiGC6iK89bS7W4s,check,12
70451.016,1Aar2YgsZQK219orphuaKmzN1ueWBrSgiGC6iK89bS7W4s,check,13
70511.016,1Aar2YgsZQK219orphuaKmzN1ueWBrSgiGC6iK89bS7W4s,check,14
70571.02,1Aar2YgsZQK219orphuaKmzN1ueWBrSgiGC6iK89bS7W4s,check,12
70631.016,1Aar2YgsZQK219orphuaKmzN1ueWBrSgiGC6iK89bS7W4s,check,11
70691.016,1Aar2YgsZQK219orphuaKmzN1ueWBrSgiGC6iK89bS7W4s,check,14
70751.016,1Aar2YgsZQK219orphuaKmzN1ueWBrSgiGC6iK89bS7W4s,check,13
70811.016,1Aar2YgsZQK219orphuaKmzN1ueWBrSgiGC6iK89bS7W4s,check,11
70871.016,1Aar2YgsZQK219orphuaKmzN1ueWBrSgiGC6iK89bS7W4s,check,9
70931.016,1Aar2YgsZQK219orphuaKmzN1ueWBrSgiGC6iK89bS7W4s,check,9
70991.016,1Aar2YgsZQK219orphuaKmzN1ueWBrSgiGC6iK89bS7W4s,check,9
71051.016,1Aar2YgsZQK219orphuaKmzN1ueWBrSgiGC6iK89bS7W4s,check,9
71111.016,1Aar2YgsZQK219orphuaKmzN1ueWBrSgiGC6iK89bS7W4s,check,9
71171.016,1Aar2YgsZQK219orphuaKmzN1ueWBrSgiGC6iK89bS7W4s,check,14
71231.016,1Aar2YgsZQK219orphuaKmzN1ueWBrSgiGC6iK89bS7W4s,check,15
71291.01,1Aar2YgsZQK219orphuaKmzN1ueWBrSgiGC6iK89bS7W4s,check,14
71351.016,1Aar2YgsZQK219orphuaKmzN1ueWBrSgiGC6iK89bS7W4s,check,15
71411.016,1Aar2YgsZQK219orphuaKmzN1ueWBrSgiGC6iK89bS7W4s,check,15
71471.016,1Aar2YgsZQK219orphuaKmzN1ueWBrSgiGC6iK89bS7W4s,check,15
71531.016,1Aar2YgsZQK219orphuaKmzN1ueWBrSgiGC6iK89bS7W4s,check,15
71591.016,1Aar2YgsZQK219orphuaKmzN1ueWBrSgiGC6iK89bS7W4s,check,12
71651.016,1Aar2YgsZQK219orphuaKmzN1ueWBrSgiGC6iK89bS7W4s,check,11
71711.016,1Aar2YgsZQK219orphuaKmzN1ueWBrSgiGC6iK89bS7W4s,check,11
71771.016,1Aar2YgsZQK219orphuaKmzN1ueWBrSgiGC6iK89bS7W4s,check,11
71831.016,1Aar2YgsZQK219orphuaKmzN1ueWBrSgiGC6iK89bS7W4s,check,13
71891.016,1Aar2YgsZQK219orphuaKmzN1ueWBrSgiGC6iK89bS7W4s,check,10
71951.016,1Aar2YgsZQK219orphuaKmzN1ueWBrSgiGC6iK89bS7W4s,check,14
