71.00986,1Aa2d6KSkBXKNZ2mK23oAtXADv6483UKZj8vR89bv5Vs1Y,check,19
122.93805,1Aa2d6KSkBXKNZ2mK23oAtXADv6483UKZj8vR89bv5Vs1Y,check,20
191.01164,1Aa2d6KSkBXKNZ2mK23oAtXADv6483UKZj8vR89bv5Vs1Y,check,18
241.95598,1Aa2d6KSkBXKNZ2mK23oAtXADv6483UKZj8vR89bv5Vs1Y,check,20
304.44705,1Aa2d6KSkBXKNZ2mK23oAtXADv6483UKZj8vR89bv5Vs1Y,check,20
370.13412,1Aa2d6KSkBXKNZ2mK23oAtXADv6483UKZj8vR89bv5Vs1Y,check,20
431.0096,1Aa2d6KSkBXKNZ2mK23oAtXADv6483UKZj8vR89bv5Vs1Y,check,19
485.3059,1Aa2d6KSkBXKNZ2mK23oAtXADv6483UKZj8vR89bv5Vs1Y,check,20
542.5919,1Aa2d6KSkBXKNZ2mK23oAtXADv6483UKZj8vR89bv5Vs1Y,check,20
602.1627,1Aa2d6KSkBXKNZ2mK23oAtXADv6483UKZj8vR89bv5Vs1Y,check,20
662.7307,1Aa2d6KSkBXKNZ2mK23oAtXADv6483UKZj8vR89bv5Vs1Y,check,20
731.01,1Aa2d6KSkBXKNZ2mK23oAtXADv6483UKZj8vR89bv5Vs1Y,check,19
783.3549,1Aa2d6KSkBXKNZ2mK23oAtXADv6483UKZj8vR89bv5Vs1Y,check,20
841.53705,1Aa2d6KSkBXKNZ2mK23oAtXADv6483UKZj8vR89bv5Vs1Y,check,20
902.3997,1Aa2d6KSkBXKNZ2mK23oAtXADv6483UKZj8vR89bv5Vs1Y,check,20
961.8952,1Aa2d6KSkBXKNZ2mK23oAtXADv6483UKZj8vR89bv5Vs1Y,check,20
1024.7292,1Aa2d6KSkBXKNZ2mK23oAtXADv6483UKZj8vR89bv5Vs1Y,check,20
1087.8296,1Aa2d6KSkBXKNZ2mK23oAtXADv6483UKZj8vR89bv5Vs1Y,check,20
1147.4796,1Aa2d6KSkBXKNZ2mK23oAtXADv6483UKZj8vR89bv5Vs1Y,check,20
1211.0045,1Aa2d6KSkBXKNZ2mK23oAtXADv6483UKZj8vR89bv5Vs1Y,check,19
1267.7983,1Aa2d6KSkBXKNZ2mK23oAtXADv6483UKZj8vR89bv5Vs1Y,check,20
1331.007,1Aa2d6KSkBXKNZ2mK23oAtXADv6483UKZj8vR89bv5Vs1Y,check,19
1391.0049,1Aa2d6KSkBXKNZ2mK23oAtXADv6483UKZj8vR89bv5Vs1Y,check,19
1451.0055,1Aa2d6KSkBXKNZ2mK23oAtXADv6483UKZj8vR89bv5Vs1Y,check,19
1511.0051,1Aa2d6KSkBXKNZ2mK23oAtXADv6483UKZj8vR89bv5Vs1Y,check,19
1571.0068,1Aa2d6KSkBXKNZ2mK23oAtXADv6483UKZj8vR89bv5Vs1Y,check,19
1631.0054,1Aa2d6KSkBXKNZ2mK23oAtXADv6483UKZj8vR89bv5Vs1Y,check,19
1691.009,1Aa2d6KSkBXKNZ2mK23oAtXADv6483UKZj8vR89bv5Vs1Y,check,19
1751.0094,1Aa2d6KSkBXKNZ2mK23oAtXADv6483UKZj8vR89bv5Vs1Y,check,19
1811.008,1Aa2d6KSkBXKNZ2mK23oAtXADv6483UKZj8vR89bv5Vs1Y,check,19
1871.0123,1Aa2d6KSkBXKNZ2mK23oAtXADv6483UKZj8vR89bv5Vs1Y,check,18
1931.006,1Aa2d6KSkBXKNZ2mK23oAtXADv6483UKZj8vR89bv5Vs1Y,check,19
1991.0093,1Aa2d6KSkBXKNZ2mK23oAtXADv6483UKZj8vR89bv5Vs1Y,check,18
2051.0168,1Aa2d6KSkBXKNZ2mK23oAtXADv6483UKZj8vR89bv5Vs1Y,check,17
2111.0042,1Aa2d6KSkBXKNZ2mK23oAtXADv6483UKZj8vR89bv5Vs1Y,check,19
2171.0115,1Aa2d6KSkBXKNZ2mK23oAtXADv6483UKZj8vR89bv5Vs1Y,check,18
2231.0054,1Aa2d6KSkBXKNZ2mK23oAtXADv6483UKZj8vR89bv5Vs1Y,check,19
2291.0098,1Aa2d6KSkBXKNZ2mK23oAtXADv6483UKZj8vR89bv5Vs1Y,check,19
2351.005,1Aa2d6KSkBXKNZ2mK23oAtXADv6483UKZj8vR89bv5Vs1Y,check,19
2411.0068,1Aa2d6KSkBXKNZ2mK23oAtXADv6483UKZj8vR89bv5Vs1Y,check,19
2471.009,1Aa2d6KSkBXKNZ2mK23oAtXADv6483UKZj8vR89bv5Vs1Y,check,19
2531.0085,1Aa2d6KSkBXKNZ2mK23oAtXADv6483UKZj8vR89bv5Vs1Y,check,19
2591.011,1Aa2d6KSkBXKNZ2mK23oAtXADv6483UKZj8vR89bv5Vs1Y,check,18
2651.0112,1Aa2d6KSkBXKNZ2mK23oAtXADv6483UKZj8vR89bv5Vs1Y,check,19
2711.0073,1Aa2d6KSkBXKNZ2mK23oAtXADv6483UKZj8vR89bv5Vs1Y,check,18
2771.007,1Aa2d6KSkBXKNZ2mK23oAtXADv6483UKZj8vR89bv5Vs1Y,check,19
2831.011,1Aa2d6KSkBXKNZ2mK23oAtXADv6483UKZj8vR89bv5Vs1Y,check,18
2891.0063,1Aa2d6KSkBXKNZ2mK23oAtXADv6483UKZj8vR89bv5Vs1Y,check,19
2951.0076,1Aa2d6KSkBXKNZ2mK23oAtXADv6483UKZj8vR89bv5Vs1Y,check,19
3011.006,1Aa2d6KSkBXKNZ2mK23oAtXADv6483UKZj8vR89bv5Vs1Y,check,19
3071.0134,1Aa2d6KSkBXKNZ2mK23oAtXADv6483UKZj8vR89bv5Vs1Y,check,18
3131.005,1Aa2d6KSkBXKNZ2mK23oAtXADv6483UKZj8vR89bv5Vs1Y,check,19
3191.0051,1Aa2d6KSkBXKNZ2mK23oAtXADv6483UKZj8vR89bv5Vs1Y,check,19
3251.007,1Aa2d6KSkBXKNZ2mK23oAtXADv6483UKZj8vR89bv5Vs1Y,check,19
3311.0056,1Aa2d6KSkBXKNZ2mK23oAtXADv6483UKZj8vR89bv5Vs1Y,check,19
3371.0078,1Aa2d6KSkBXKNZ2mK23oAtXADv6483UKZj8vR89bv5Vs1Y,check,19
3431.0107,1Aa2d6KSkBXKNZ2mK23oAtXADv6483UKZj8vR89bv5Vs1Y,check,18
3491.0032,1Aa2d6KSkBXKNZ2mK23oAtXADv6483UKZj8vR89bv5Vs1Y,check,19
3551.003,1Aa2d6KSkBXKNZ2mK23oAtXADv6483UKZj8vR89bv5Vs1Y,check,18
3611.011,1Aa2d6KSkBXKNZ2mK23oAtXADv6483UKZj8vR89bv5Vs1Y,check,18
3671.009,1Aa2d6KSkBXKNZ2mK23oAtXADv6483UKZj8vR89bv5Vs1Y,check,19
3731.0046,1Aa2d6KSkBXKNZ2mK23oAtXADv6483UKZj8vR89bv5Vs1Y,check,19
3791.0051,1Aa2d6KSkBXKNZ2mK23oAtXADv6483UKZj8vR89bv5Vs1Y,check,19
3851.0051,1Aa2d6KSkBXKNZ2mK23oAtXADv6483UKZj8vR89bv5Vs1Y,check,19
3911.0054,1Aa2d6KSkBXKNZ2mK23oAtXADv6483UKZj8vR89bv5Vs1Y,check,19
3971.0088,1Aa2d6KSkBXKNZ2mK23oAtXADv6483UKZj8vR89bv5Vs1Y,check,19
4031.0085,1Aa2d6KSkBXKNZ2mK23oAtXADv6483UKZj8vR89bv5Vs1Y,check,19
4091.0044,1Aa2d6KSkBXKNZ2mK23oAtXADv6483UKZj8vR89bv5Vs1Y,check,19
4151.0093,1Aa2d6KSkBXKNZ2mK23oAtXADv6483UKZj8vR89bv5Vs1Y,check,18
4211.005,1Aa2d6KSkBXKNZ2mK23oAtXADv6483UKZj8vR89bv5Vs1Y,check,19
4271.0063,1Aa2d6KSkBXKNZ2mK23oAtXADv6483UKZj8vR89bv5Vs1Y,check,19
4331.0117,1Aa2d6KSkBXKNZ2mK23oAtXADv6483UKZj8vR89bv5Vs1Y,check,18
4391.01,1Aa2d6KSkBXKNZ2mK23oAtXADv6483UKZj8vR89bv5Vs1Y,check,18
4451.009,1Aa2d6KSkBXKNZ2mK23oAtXADv6483UKZj8vR89bv5Vs1Y,check,19
4511.003,1Aa2d6KSkBXKNZ2mK23oAtXADv6483UKZj8vR89bv5Vs1Y,check,19
4571.005,1Aa2d6KSkBXKNZ2mK23oAtXADv6483UKZj8vR89bv5Vs1Y,check,19
4631.005,1Aa2d6KSkBXKNZ2mK23oAtXADv6483UKZj8vR89bv5Vs1Y,check,19
4691.006,1Aa2d6KSkBXKNZ2mK23oAtXADv6483UKZj8vR89bv5Vs1Y,check,19
4751.0093,1Aa2d6KSkBXKNZ2mK23oAtXADv6483UKZj8vR89bv5Vs1Y,check,18
4811.0063,1Aa2d6KSkBXKNZ2mK23oAtXADv6483UKZj8vR89bv5Vs1Y,check,19
4871.0083,1Aa2d6KSkBXKNZ2mK23oAtXADv6483UKZj8vR89bv5Vs1Y,check,19
4931.0103,1Aa2d6KSkBXKNZ2mK23oAtXADv6483UKZj8vR89bv5Vs1Y,check,19
4991.0054,1Aa2d6KSkBXKNZ2mK23oAtXADv6483UKZj8vR89bv5Vs1Y,check,19
5051.006,1Aa2d6KSkBXKNZ2mK23oAtXADv6483UKZj8vR89bv5Vs1Y,check,19
5111.009,1Aa2d6KSkBXKNZ2mK23oAtXADv6483UKZj8vR89bv5Vs1Y,check,19
5171.005,1Aa2d6KSkBXKNZ2mK23oAtXADv6483UKZj8vR89bv5Vs1Y,check,19
5231.011,1Aa2d6KSkBXKNZ2mK23oAtXADv6483UKZj8vR89bv5Vs1Y,check,19
5291.0093,1Aa2d6KSkBXKNZ2mK23oAtXADv6483UKZj8vR89bv5Vs1Y,check,19
5351.009,1Aa2d6KSkBXKNZ2mK23oAtXADv6483UKZj8vR89bv5Vs1Y,check,19
5411.0083,1Aa2d6KSkBXKNZ2mK23oAtXADv6483UKZj8vR89bv5Vs1Y,check,19
5471.008,1Aa2d6KSkBXKNZ2mK23oAtXADv6483UKZj8vR89bv5Vs1Y,check,19
5531.01,1Aa2d6KSkBXKNZ2mK23oAtXADv6483UKZj8vR89bv5Vs1Y,check,19
5591.007,1Aa2d6KSkBXKNZ2mK23oAtXADv6483UKZj8vR89bv5Vs1Y,check,19
5651.007,1Aa2d6KSkBXKNZ2mK23oAtXADv6483UKZj8vR89bv5Vs1Y,check,19
5711.006,1Aa2d6KSkBXKNZ2mK23oAtXADv6483UKZj8vR89bv5Vs1Y,check,19
5771.005,1Aa2d6KSkBXKNZ2mK23oAtXADv6483UKZj8vR89bv5Vs1Y,check,19
5831.0054,1Aa2d6KSkBXKNZ2mK23oAtXADv6483UKZj8vR89bv5Vs1Y,check,19
5891.008,1Aa2d6KSkBXKNZ2mK23oAtXADv6483UKZj8vR89bv5Vs1Y,check,18
5951.0103,1Aa2d6KSkBXKNZ2mK23oAtXADv6483UKZj8vR89bv5Vs1Y,check,18
6011.0073,1Aa2d6KSkBXKNZ2mK23oAtXADv6483UKZj8vR89bv5Vs1Y,check,18
6071.012,1Aa2d6KSkBXKNZ2mK23oAtXADv6483UKZj8vR89bv5Vs1Y,check,18
6131.0146,1Aa2d6KSkBXKNZ2mK23oAtXADv6483UKZj8vR89bv5Vs1Y,check,17
6191.009,1Aa2d6KSkBXKNZ2mK23oAtXADv6483UKZj8vR89bv5Vs1Y,check,18
6251.0093,1Aa2d6KSkBXKNZ2mK23oAtXADv6483UKZj8vR89bv5Vs1Y,check,18
6311.0083,1Aa2d6KSkBXKNZ2mK23oAtXADv6483UKZj8vR89bv5Vs1Y,check,18
6371.0054,1Aa2d6KSkBXKNZ2mK23oAtXADv6483UKZj8vR89bv5Vs1Y,check,17
6431.011,1Aa2d6KSkBXKNZ2mK23oAtXADv6483UKZj8vR89bv5Vs1Y,check,18
6491.0083,1Aa2d6KSkBXKNZ2mK23oAtXADv6483UKZj8vR89bv5Vs1Y,check,18
6551.0093,1Aa2d6KSkBXKNZ2mK23oAtXADv6483UKZj8vR89bv5Vs1Y,check,18
6611.0083,1Aa2d6KSkBXKNZ2mK23oAtXADv6483UKZj8vR89bv5Vs1Y,check,18
6671.007,1Aa2d6KSkBXKNZ2mK23oAtXADv6483UKZj8vR89bv5Vs1Y,check,18
6731.0054,1Aa2d6KSkBXKNZ2mK23oAtXADv6483UKZj8vR89bv5Vs1Y,check,18
6791.008,1Aa2d6KSkBXKNZ2mK23oAtXADv6483UKZj8vR89bv5Vs1Y,check,17
6851.0034,1Aa2d6KSkBXKNZ2mK23oAtXADv6483UKZj8vR89bv5Vs1Y,check,18
6911.004,1Aa2d6KSkBXKNZ2mK23oAtXADv6483UKZj8vR89bv5Vs1Y,check,18
6971.0103,1Aa2d6KSkBXKNZ2mK23oAtXADv6483UKZj8vR89bv5Vs1Y,check,18
7031.01,1Aa2d6KSkBXKNZ2mK23oAtXADv6483UKZj8vR89bv5Vs1Y,check,18
7091.011,1Aa2d6KSkBXKNZ2mK23oAtXADv6483UKZj8vR89bv5Vs1Y,check,17
7151.0093,1Aa2d6KSkBXKNZ2mK23oAtXADv6483UKZj8vR89bv5Vs1Y,check,17
7211.0117,1Aa2d6KSkBXKNZ2mK23oAtXADv6483UKZj8vR89bv5Vs1Y,check,17
7271.0117,1Aa2d6KSkBXKNZ2mK23oAtXADv6483UKZj8vR89bv5Vs1Y,check,17
7331.0117,1Aa2d6KSkBXKNZ2mK23oAtXADv6483UKZj8vR89bv5Vs1Y,check,16
7391.0166,1Aa2d6KSkBXKNZ2mK23oAtXADv6483UKZj8vR89bv5Vs1Y,check,15
7451.0117,1Aa2d6KSkBXKNZ2mK23oAtXADv6483UKZj8vR89bv5Vs1Y,check,17
7511.0127,1Aa2d6KSkBXKNZ2mK23oAtXADv6483UKZj8vR89bv5Vs1Y,check,16
7571.011,1Aa2d6KSkBXKNZ2mK23oAtXADv6483UKZj8vR89bv5Vs1Y,check,17
7631.0117,1Aa2d6KSkBXKNZ2mK23oAtXADv6483UKZj8vR89bv5Vs1Y,check,17
7691.0083,1Aa2d6KSkBXKNZ2mK23oAtXADv6483UKZj8vR89bv5Vs1Y,check,17
7751.011,1Aa2d6KSkBXKNZ2mK23oAtXADv6483UKZj8vR89bv5Vs1Y,check,17
7811.011,1Aa2d6KSkBXKNZ2mK23oAtXADv6483UKZj8vR89bv5Vs1Y,check,17
7871.0117,1Aa2d6KSkBXKNZ2mK23oAtXADv6483UKZj8vR89bv5Vs1Y,check,17
7931.0103,1Aa2d6KSkBXKNZ2mK23oAtXADv6483UKZj8vR89bv5Vs1Y,check,17
7991.011,1Aa2d6KSkBXKNZ2mK23oAtXADv6483UKZj8vR89bv5Vs1Y,check,17
8051.0127,1Aa2d6KSkBXKNZ2mK23oAtXADv6483UKZj8vR89bv5Vs1Y,check,17
8111.016,1Aa2d6KSkBXKNZ2mK23oAtXADv6483UKZj8vR89bv5Vs1Y,check,16
8171.0127,1Aa2d6KSkBXKNZ2mK23oAtXADv6483UKZj8vR89bv5Vs1Y,check,17
8231.012,1Aa2d6KSkBXKNZ2mK23oAtXADv6483UKZj8vR89bv5Vs1Y,check,16
8291.016,1Aa2d6KSkBXKNZ2mK23oAtXADv6483UKZj8vR89bv5Vs1Y,check,15
8351.016,1Aa2d6KSkBXKNZ2mK23oAtXADv6483UKZj8vR89bv5Vs1Y,check,16
8411.011,1Aa2d6KSkBXKNZ2mK23oAtXADv6483UKZj8vR89bv5Vs1Y,check,17
8471.013,1Aa2d6KSkBXKNZ2mK23oAtXADv6483UKZj8vR89bv5Vs1Y,check,17
8531.012,1Aa2d6KSkBXKNZ2mK23oAtXADv6483UKZj8vR89bv5Vs1Y,check,17
8591.011,1Aa2d6KSkBXKNZ2mK23oAtXADv6483UKZj8vR89bv5Vs1Y,check,17
8651.012,1Aa2d6KSkBXKNZ2mK23oAtXADv6483UKZj8vR89bv5Vs1Y,check,17
8711.011,1Aa2d6KSkBXKNZ2mK23oAtXADv6483UKZj8vR89bv5Vs1Y,check,17
8771.016,1Aa2d6KSkBXKNZ2mK23oAtXADv6483UKZj8vR89bv5Vs1Y,check,16
8831.011,1Aa2d6KSkBXKNZ2mK23oAtXADv6483UKZj8vR89bv5Vs1Y,check,16
8891.011,1Aa2d6KSkBXKNZ2mK23oAtXADv6483UKZj8vR89bv5Vs1Y,check,16
8951.017,1Aa2d6KSkBXKNZ2mK23oAtXADv6483UKZj8vR89bv5Vs1Y,check,15
9011.02,1Aa2d6KSkBXKNZ2mK23oAtXADv6483UKZj8vR89bv5Vs1Y,check,16
9071.013,1Aa2d6KSkBXKNZ2mK23oAtXADv6483UKZj8vR89bv5Vs1Y,check,16
9131.012,1Aa2d6KSkBXKNZ2mK23oAtXADv6483UKZj8vR89bv5Vs1Y,check,17
9191.011,1Aa2d6KSkBXKNZ2mK23oAtXADv6483UKZj8vR89bv5Vs1Y,check,17
9251.013,1Aa2d6KSkBXKNZ2mK23oAtXADv6483UKZj8vR89bv5Vs1Y,check,17
9311.012,1Aa2d6KSkBXKNZ2mK23oAtXADv6483UKZj8vR89bv5Vs1Y,check,17
9371.011,1Aa2d6KSkBXKNZ2mK23oAtXADv6483UKZj8vR89bv5Vs1Y,check,17
9431.013,1Aa2d6KSkBXKNZ2mK23oAtXADv6483UKZj8vR89bv5Vs1Y,check,17
9491.012,1Aa2d6KSkBXKNZ2mK23oAtXADv6483UKZj8vR89bv5Vs1Y,check,16
9551.012,1Aa2d6KSkBXKNZ2mK23oAtXADv6483UKZj8vR89bv5Vs1Y,check,16
9611.016,1Aa2d6KSkBXKNZ2mK23oAtXADv6483UKZj8vR89bv5Vs1Y,check,16
9671.016,1Aa2d6KSkBXKNZ2mK23oAtXADv6483UKZj8vR89bv5Vs1Y,check,15
9731.016,1Aa2d6KSkBXKNZ2mK23oAtXADv6483UKZj8vR89bv5Vs1Y,check,16
9791.017,1Aa2d6KSkBXKNZ2mK23oAtXADv6483UKZj8vR89bv5Vs1Y,check,15
9851.013,1Aa2d6KSkBXKNZ2mK23oAtXADv6483UKZj8vR89bv5Vs1Y,check,17
9911.011,1Aa2d6KSkBXKNZ2mK23oAtXADv6483UKZj8vR89bv5Vs1Y,check,17
9971.011,1Aa2d6KSkBXKNZ2mK23oAtXADv6483UKZj8vR89bv5Vs1Y,check,17
10031.012,1Aa2d6KSkBXKNZ2mK23oAtXADv6483UKZj8vR89bv5Vs1Y,check,17
10091.012,1Aa2d6KSkBXKNZ2mK23oAtXADv6483UKZj8vR89bv5Vs1Y,check,17
10151.011,1Aa2d6KSkBXKNZ2mK23oAtXADv6483UKZj8vR89bv5Vs1Y,check,17
10211.012,1Aa2d6KSkBXKNZ2mK23oAtXADv6483UKZj8vR89bv5Vs1Y,check,17
10271.013,1Aa2d6KSkBXKNZ2mK23oAtXADv6483UKZj8vR89bv5Vs1Y,check,17
10331.014,1Aa2d6KSkBXKNZ2mK23oAtXADv6483UKZj8vR89bv5Vs1Y,check,16
10391.012,1Aa2d6KSkBXKNZ2mK23oAtXADv6483UKZj8vR89bv5Vs1Y,check,17
10451.011,1Aa2d6KSkBXKNZ2mK23oAtXADv6483UKZj8vR89bv5Vs1Y,check,17
10511.017,1Aa2d6KSkBXKNZ2mK23oAtXADv6483UKZj8vR89bv5Vs1Y,check,16
10571.012,1Aa2d6KSkBXKNZ2mK23oAtXADv6483UKZj8vR89bv5Vs1Y,check,17
10631.011,1Aa2d6KSkBXKNZ2mK23oAtXADv6483UKZj8vR89bv5Vs1Y,check,17
10691.01,1Aa2d6KSkBXKNZ2mK23oAtXADv6483UKZj8vR89bv5Vs1Y,check,17
10751.011,1Aa2d6KSkBXKNZ2mK23oAtXADv6483UKZj8vR89bv5Vs1Y,check,17
10811.01,1Aa2d6KSkBXKNZ2mK23oAtXADv6483UKZj8vR89bv5Vs1Y,check,16
10871.013,1Aa2d6KSkBXKNZ2mK23oAtXADv6483UKZj8vR89bv5Vs1Y,check,17
10931.012,1Aa2d6KSkBXKNZ2mK23oAtXADv6483UKZj8vR89bv5Vs1Y,check,17
10991.017,1Aa2d6KSkBXKNZ2mK23oAtXADv6483UKZj8vR89bv5Vs1Y,check,16
11051.008,1Aa2d6KSkBXKNZ2mK23oAtXADv6483UKZj8vR89bv5Vs1Y,check,17
11111.005,1Aa2d6KSkBXKNZ2mK23oAtXADv6483UKZj8vR89bv5Vs1Y,check,17
11171.012,1Aa2d6KSkBXKNZ2mK23oAtXADv6483UKZj8vR89bv5Vs1Y,check,17
11231.012,1Aa2d6KSkBXKNZ2mK23oAtXADv6483UKZj8vR89bv5Vs1Y,check,17
11291.013,1Aa2d6KSkBXKNZ2mK23oAtXADv6483UKZj8vR89bv5Vs1Y,check,17
11351.016,1Aa2d6KSkBXKNZ2mK23oAtXADv6483UKZj8vR89bv5Vs1Y,check,15
11411.012,1Aa2d6KSkBXKNZ2mK23oAtXADv6483UKZj8vR89bv5Vs1Y,check,17
11471.013,1Aa2d6KSkBXKNZ2mK23oAtXADv6483UKZj8vR89bv5Vs1Y,check,16
11531.016,1Aa2d6KSkBXKNZ2mK23oAtXADv6483UKZj8vR89bv5Vs1Y,check,16
11591.011,1Aa2d6KSkBXKNZ2mK23oAtXADv6483UKZj8vR89bv5Vs1Y,check,17
11651.012,1Aa2d6KSkBXKNZ2mK23oAtXADv6483UKZj8vR89bv5Vs1Y,check,17
11711.012,1Aa2d6KSkBXKNZ2mK23oAtXADv6483UKZj8vR89bv5Vs1Y,check,17
11771.012,1Aa2d6KSkBXKNZ2mK23oAtXADv6483UKZj8vR89bv5Vs1Y,check,17
11831.011,1Aa2d6KSkBXKNZ2mK23oAtXADv6483UKZj8vR89bv5Vs1Y,check,17
11891.011,1Aa2d6KSkBXKNZ2mK23oAtXADv6483UKZj8vR89bv5Vs1Y,check,17
11951.012,1Aa2d6KSkBXKNZ2mK23oAtXADv6483UKZj8vR89bv5Vs1Y,check,17
12011.01,1Aa2d6KSkBXKNZ2mK23oAtXADv6483UKZj8vR89bv5Vs1Y,check,16
12071.013,1Aa2d6KSkBXKNZ2mK23oAtXADv6483UKZj8vR89bv5Vs1Y,check,17
12131.017,1Aa2d6KSkBXKNZ2mK23oAtXADv6483UKZj8vR89bv5Vs1Y,check,16
12191.009,1Aa2d6KSkBXKNZ2mK23oAtXADv6483UKZj8vR89bv5Vs1Y,check,17
12251.017,1Aa2d6KSkBXKNZ2mK23oAtXADv6483UKZj8vR89bv5Vs1Y,check,16
12311.013,1Aa2d6KSkBXKNZ2mK23oAtXADv6483UKZj8vR89bv5Vs1Y,check,17
12371.013,1Aa2d6KSkBXKNZ2mK23oAtXADv6483UKZj8vR89bv5Vs1Y,check,17
12431.01,1Aa2d6KSkBXKNZ2mK23oAtXADv6483UKZj8vR89bv5Vs1Y,check,17
12491.013,1Aa2d6KSkBXKNZ2mK23oAtXADv6483UKZj8vR89bv5Vs1Y,check,17
12551.008,1Aa2d6KSkBXKNZ2mK23oAtXADv6483UKZj8vR89bv5Vs1Y,check,17
12611.012,1Aa2d6KSkBXKNZ2mK23oAtXADv6483UKZj8vR89bv5Vs1Y,check,17
12671.012,1Aa2d6KSkBXKNZ2mK23oAtXADv6483UKZj8vR89bv5Vs1Y,check,16
12731.017,1Aa2d6KSkBXKNZ2mK23oAtXADv6483UKZj8vR89bv5Vs1Y,check,16
12791.011,1Aa2d6KSkBXKNZ2mK23oAtXADv6483UKZj8vR89bv5Vs1Y,check,16
12851.018,1Aa2d6KSkBXKNZ2mK23oAtXADv6483UKZj8vR89bv5Vs1Y,check,16
12911.012,1Aa2d6KSkBXKNZ2mK23oAtXADv6483UKZj8vR89bv5Vs1Y,check,16
12971.011,1Aa2d6KSkBXKNZ2mK23oAtXADv6483UKZj8vR89bv5Vs1Y,check,17
13031.011,1Aa2d6KSkBXKNZ2mK23oAtXADv6483UKZj8vR89bv5Vs1Y,check,17
13091.01,1Aa2d6KSkBXKNZ2mK23oAtXADv6483UKZj8vR89bv5Vs1Y,check,16
13151.011,1Aa2d6KSkBXKNZ2mK23oAtXADv6483UKZj8vR89bv5Vs1Y,check,17
13211.012,1Aa2d6KSkBXKNZ2mK23oAtXADv6483UKZj8vR89bv5Vs1Y,check,17
13271.007,1Aa2d6KSkBXKNZ2mK23oAtXADv6483UKZj8vR89bv5Vs1Y,check,17
13331.01,1Aa2d6KSkBXKNZ2mK23oAtXADv6483UKZj8vR89bv5Vs1Y,check,17
13391.012,1Aa2d6KSkBXKNZ2mK23oAtXADv6483UKZj8vR89bv5Vs1Y,check,17
13451.017,1Aa2d6KSkBXKNZ2mK23oAtXADv6483UKZj8vR89bv5Vs1Y,check,15
13511.015,1Aa2d6KSkBXKNZ2mK23oAtXADv6483UKZj8vR89bv5Vs1Y,check,15
13571.018,1Aa2d6KSkBXKNZ2mK23oAtXADv6483UKZj8vR89bv5Vs1Y,check,15
13631.017,1Aa2d6KSkBXKNZ2mK23oAtXADv6483UKZj8vR89bv5Vs1Y,check,15
13691.011,1Aa2d6KSkBXKNZ2mK23oAtXADv6483UKZj8vR89bv5Vs1Y,check,16
13751.011,1Aa2d6KSkBXKNZ2mK23oAtXADv6483UKZj8vR89bv5Vs1Y,check,17
13811.01,1Aa2d6KSkBXKNZ2mK23oAtXADv6483UKZj8vR89bv5Vs1Y,check,17
13871.013,1Aa2d6KSkBXKNZ2mK23oAtXADv6483UKZj8vR89bv5Vs1Y,check,17
13931.011,1Aa2d6KSkBXKNZ2mK23oAtXADv6483UKZj8vR89bv5Vs1Y,check,17
13991.012,1Aa2d6KSkBXKNZ2mK23oAtXADv6483UKZj8vR89bv5Vs1Y,check,17
14051.016,1Aa2d6KSkBXKNZ2mK23oAtXADv6483UKZj8vR89bv5Vs1Y,check,16
14111.012,1Aa2d6KSkBXKNZ2mK23oAtXADv6483UKZj8vR89bv5Vs1Y,check,17
14171.011,1Aa2d6KSkBXKNZ2mK23oAtXADv6483UKZj8vR89bv5Vs1Y,check,16
14231.011,1Aa2d6KSkBXKNZ2mK23oAtXADv6483UKZj8vR89bv5Vs1Y,check,17
14291.015,1Aa2d6KSkBXKNZ2mK23oAtXADv6483UKZj8vR89bv5Vs1Y,check,16
14351.011,1Aa2d6KSkBXKNZ2mK23oAtXADv6483UKZj8vR89bv5Vs1Y,check,16
14411.018,1Aa2d6KSkBXKNZ2mK23oAtXADv6483UKZj8vR89bv5Vs1Y,check,15
14471.012,1Aa2d6KSkBXKNZ2mK23oAtXADv6483UKZj8vR89bv5Vs1Y,check,16
14531.011,1Aa2d6KSkBXKNZ2mK23oAtXADv6483UKZj8vR89bv5Vs1Y,check,17
14591.011,1Aa2d6KSkBXKNZ2mK23oAtXADv6483UKZj8vR89bv5Vs1Y,check,17
14651.012,1Aa2d6KSkBXKNZ2mK23oAtXADv6483UKZj8vR89bv5Vs1Y,check,17
14711.012,1Aa2d6KSkBXKNZ2mK23oAtXADv6483UKZj8vR89bv5Vs1Y,check,17
14771.01,1Aa2d6KSkBXKNZ2mK23oAtXADv6483UKZj8vR89bv5Vs1Y,check,17
14831.012,1Aa2d6KSkBXKNZ2mK23oAtXADv6483UKZj8vR89bv5Vs1Y,check,17
14891.012,1Aa2d6KSkBXKNZ2mK23oAtXADv6483UKZj8vR89bv5Vs1Y,check,17
14951.012,1Aa2d6KSkBXKNZ2mK23oAtXADv6483UKZj8vR89bv5Vs1Y,check,17
15011.015,1Aa2d6KSkBXKNZ2mK23oAtXADv6483UKZj8vR89bv5Vs1Y,check,15
15071.012,1Aa2d6KSkBXKNZ2mK23oAtXADv6483UKZj8vR89bv5Vs1Y,check,16
15131.01,1Aa2d6KSkBXKNZ2mK23oAtXADv6483UKZj8vR89bv5Vs1Y,check,16
15191.007,1Aa2d6KSkBXKNZ2mK23oAtXADv6483UKZj8vR89bv5Vs1Y,check,15
15251.007,1Aa2d6KSkBXKNZ2mK23oAtXADv6483UKZj8vR89bv5Vs1Y,check,16
15311.005,1Aa2d6KSkBXKNZ2mK23oAtXADv6483UKZj8vR89bv5Vs1Y,check,17
15371.012,1Aa2d6KSkBXKNZ2mK23oAtXADv6483UKZj8vR89bv5Vs1Y,check,16
15431.01,1Aa2d6KSkBXKNZ2mK23oAtXADv6483UKZj8vR89bv5Vs1Y,check,16
15491.011,1Aa2d6KSkBXKNZ2mK23oAtXADv6483UKZj8vR89bv5Vs1Y,check,17
15551.016,1Aa2d6KSkBXKNZ2mK23oAtXADv6483UKZj8vR89bv5Vs1Y,check,15
15611.012,1Aa2d6KSkBXKNZ2mK23oAtXADv6483UKZj8vR89bv5Vs1Y,check,17
15671.012,1Aa2d6KSkBXKNZ2mK23oAtXADv6483UKZj8vR89bv5Vs1Y,check,17
15731.011,1Aa2d6KSkBXKNZ2mK23oAtXADv6483UKZj8vR89bv5Vs1Y,check,17
15791.019,1Aa2d6KSkBXKNZ2mK23oAtXADv6483UKZj8vR89bv5Vs1Y,check,15
15851.011,1Aa2d6KSkBXKNZ2mK23oAtXADv6483UKZj8vR89bv5Vs1Y,check,16
15911.012,1Aa2d6KSkBXKNZ2mK23oAtXADv6483UKZj8vR89bv5Vs1Y,check,16
15971.012,1Aa2d6KSkBXKNZ2mK23oAtXADv6483UKZj8vR89bv5Vs1Y,check,16
16031.017,1Aa2d6KSkBXKNZ2mK23oAtXADv6483UKZj8vR89bv5Vs1Y,check,16
16091.012,1Aa2d6KSkBXKNZ2mK23oAtXADv6483UKZj8vR89bv5Vs1Y,check,17
16151.018,1Aa2d6KSkBXKNZ2mK23oAtXADv6483UKZj8vR89bv5Vs1Y,check,16
16211.013,1Aa2d6KSkBXKNZ2mK23oAtXADv6483UKZj8vR89bv5Vs1Y,check,17
16271.013,1Aa2d6KSkBXKNZ2mK23oAtXADv6483UKZj8vR89bv5Vs1Y,check,17
16331.013,1Aa2d6KSkBXKNZ2mK23oAtXADv6483UKZj8vR89bv5Vs1Y,check,17
16391.012,1Aa2d6KSkBXKNZ2mK23oAtXADv6483UKZj8vR89bv5Vs1Y,check,17
16451.018,1Aa2d6KSkBXKNZ2mK23oAtXADv6483UKZj8vR89bv5Vs1Y,check,15
16511.012,1Aa2d6KSkBXKNZ2mK23oAtXADv6483UKZj8vR89bv5Vs1Y,check,16
16571.016,1Aa2d6KSkBXKNZ2mK23oAtXADv6483UKZj8vR89bv5Vs1Y,check,15
16631.012,1Aa2d6KSkBXKNZ2mK23oAtXADv6483UKZj8vR89bv5Vs1Y,check,17
16691.012,1Aa2d6KSkBXKNZ2mK23oAtXADv6483UKZj8vR89bv5Vs1Y,check,17
16751.012,1Aa2d6KSkBXKNZ2mK23oAtXADv6483UKZj8vR89bv5Vs1Y,check,16
16811.01,1Aa2d6KSkBXKNZ2mK23oAtXADv6483UKZj8vR89bv5Vs1Y,check,16
16871.014,1Aa2d6KSkBXKNZ2mK23oAtXADv6483UKZj8vR89bv5Vs1Y,check,17
16931.012,1Aa2d6KSkBXKNZ2mK23oAtXADv6483UKZj8vR89bv5Vs1Y,check,17
16991.014,1Aa2d6KSkBXKNZ2mK23oAtXADv6483UKZj8vR89bv5Vs1Y,check,17
17051.012,1Aa2d6KSkBXKNZ2mK23oAtXADv6483UKZj8vR89bv5Vs1Y,check,17
17111.012,1Aa2d6KSkBXKNZ2mK23oAtXADv6483UKZj8vR89bv5Vs1Y,check,17
17171.012,1Aa2d6KSkBXKNZ2mK23oAtXADv6483UKZj8vR89bv5Vs1Y,check,17
17231.012,1Aa2d6KSkBXKNZ2mK23oAtXADv6483UKZj8vR89bv5Vs1Y,check,16
17291.012,1Aa2d6KSkBXKNZ2mK23oAtXADv6483UKZj8vR89bv5Vs1Y,check,17
17351.012,1Aa2d6KSkBXKNZ2mK23oAtXADv6483UKZj8vR89bv5Vs1Y,check,16
17411.012,1Aa2d6KSkBXKNZ2mK23oAtXADv6483UKZj8vR89bv5Vs1Y,check,16
17471.012,1Aa2d6KSkBXKNZ2mK23oAtXADv6483UKZj8vR89bv5Vs1Y,check,16
17531.016,1Aa2d6KSkBXKNZ2mK23oAtXADv6483UKZj8vR89bv5Vs1Y,check,15
17591.016,1Aa2d6KSkBXKNZ2mK23oAtXADv6483UKZj8vR89bv5Vs1Y,check,15
17651.008,1Aa2d6KSkBXKNZ2mK23oAtXADv6483UKZj8vR89bv5Vs1Y,check,17
17711.01,1Aa2d6KSkBXKNZ2mK23oAtXADv6483UKZj8vR89bv5Vs1Y,check,17
17771.006,1Aa2d6KSkBXKNZ2mK23oAtXADv6483UKZj8vR89bv5Vs1Y,check,17
17831.01,1Aa2d6KSkBXKNZ2mK23oAtXADv6483UKZj8vR89bv5Vs1Y,check,17
17891.012,1Aa2d6KSkBXKNZ2mK23oAtXADv6483UKZj8vR89bv5Vs1Y,check,17
17951.01,1Aa2d6KSkBXKNZ2mK23oAtXADv6483UKZj8vR89bv5Vs1Y,check,17
18011.012,1Aa2d6KSkBXKNZ2mK23oAtXADv6483UKZj8vR89bv5Vs1Y,check,17
18071.012,1Aa2d6KSkBXKNZ2mK23oAtXADv6483UKZj8vR89bv5Vs1Y,check,17
18131.012,1Aa2d6KSkBXKNZ2mK23oAtXADv6483UKZj8vR89bv5Vs1Y,check,16
18191.012,1Aa2d6KSkBXKNZ2mK23oAtXADv6483UKZj8vR89bv5Vs1Y,check,17
18251.012,1Aa2d6KSkBXKNZ2mK23oAtXADv6483UKZj8vR89bv5Vs1Y,check,17
18311.01,1Aa2d6KSkBXKNZ2mK23oAtXADv6483UKZj8vR89bv5Vs1Y,check,16
18371.016,1Aa2d6KSkBXKNZ2mK23oAtXADv6483UKZj8vR89bv5Vs1Y,check,15
18431.01,1Aa2d6KSkBXKNZ2mK23oAtXADv6483UKZj8vR89bv5Vs1Y,check,17
18491.012,1Aa2d6KSkBXKNZ2mK23oAtXADv6483UKZj8vR89bv5Vs1Y,check,17
18551.012,1Aa2d6KSkBXKNZ2mK23oAtXADv6483UKZj8vR89bv5Vs1Y,check,17
18611.012,1Aa2d6KSkBXKNZ2mK23oAtXADv6483UKZj8vR89bv5Vs1Y,check,17
18671.012,1Aa2d6KSkBXKNZ2mK23oAtXADv6483UKZj8vR89bv5Vs1Y,check,16
18731.008,1Aa2d6KSkBXKNZ2mK23oAtXADv6483UKZj8vR89bv5Vs1Y,check,17
18791.016,1Aa2d6KSkBXKNZ2mK23oAtXADv6483UKZj8vR89bv5Vs1Y,check,16
18851.012,1Aa2d6KSkBXKNZ2mK23oAtXADv6483UKZj8vR89bv5Vs1Y,check,17
18911.018,1Aa2d6KSkBXKNZ2mK23oAtXADv6483UKZj8vR89bv5Vs1Y,check,16
18971.016,1Aa2d6KSkBXKNZ2mK23oAtXADv6483UKZj8vR89bv5Vs1Y,check,15
19031.012,1Aa2d6KSkBXKNZ2mK23oAtXADv6483UKZj8vR89bv5Vs1Y,check,17
19091.016,1Aa2d6KSkBXKNZ2mK23oAtXADv6483UKZj8vR89bv5Vs1Y,check,15
19151.018,1Aa2d6KSkBXKNZ2mK23oAtXADv6483UKZj8vR89bv5Vs1Y,check,16
19211.008,1Aa2d6KSkBXKNZ2mK23oAtXADv6483UKZj8vR89bv5Vs1Y,check,16
19271.014,1Aa2d6KSkBXKNZ2mK23oAtXADv6483UKZj8vR89bv5Vs1Y,check,17
19331.012,1Aa2d6KSkBXKNZ2mK23oAtXADv6483UKZj8vR89bv5Vs1Y,check,17
19391.012,1Aa2d6KSkBXKNZ2mK23oAtXADv6483UKZj8vR89bv5Vs1Y,check,17
19451.01,1Aa2d6KSkBXKNZ2mK23oAtXADv6483UKZj8vR89bv5Vs1Y,check,17
19511.012,1Aa2d6KSkBXKNZ2mK23oAtXADv6483UKZj8vR89bv5Vs1Y,check,17
19571.012,1Aa2d6KSkBXKNZ2mK23oAtXADv6483UKZj8vR89bv5Vs1Y,check,16
19631.01,1Aa2d6KSkBXKNZ2mK23oAtXADv6483UKZj8vR89bv5Vs1Y,check,17
19691.012,1Aa2d6KSkBXKNZ2mK23oAtXADv6483UKZj8vR89bv5Vs1Y,check,17
19751.012,1Aa2d6KSkBXKNZ2mK23oAtXADv6483UKZj8vR89bv5Vs1Y,check,17
19811.01,1Aa2d6KSkBXKNZ2mK23oAtXADv6483UKZj8vR89bv5Vs1Y,check,17
19871.014,1Aa2d6KSkBXKNZ2mK23oAtXADv6483UKZj8vR89bv5Vs1Y,check,17
19931.01,1Aa2d6KSkBXKNZ2mK23oAtXADv6483UKZj8vR89bv5Vs1Y,check,16
19991.012,1Aa2d6KSkBXKNZ2mK23oAtXADv6483UKZj8vR89bv5Vs1Y,check,17
20051.012,1Aa2d6KSkBXKNZ2mK23oAtXADv6483UKZj8vR89bv5Vs1Y,check,17
20111.012,1Aa2d6KSkBXKNZ2mK23oAtXADv6483UKZj8vR89bv5Vs1Y,check,17
20171.012,1Aa2d6KSkBXKNZ2mK23oAtXADv6483UKZj8vR89bv5Vs1Y,check,17
20231.012,1Aa2d6KSkBXKNZ2mK23oAtXADv6483UKZj8vR89bv5Vs1Y,check,17
20291.012,1Aa2d6KSkBXKNZ2mK23oAtXADv6483UKZj8vR89bv5Vs1Y,check,17
20351.012,1Aa2d6KSkBXKNZ2mK23oAtXADv6483UKZj8vR89bv5Vs1Y,check,17
20411.016,1Aa2d6KSkBXKNZ2mK23oAtXADv6483UKZj8vR89bv5Vs1Y,check,15
20471.012,1Aa2d6KSkBXKNZ2mK23oAtXADv6483UKZj8vR89bv5Vs1Y,check,17
20531.016,1Aa2d6KSkBXKNZ2mK23oAtXADv6483UKZj8vR89bv5Vs1Y,check,17
20591.012,1Aa2d6KSkBXKNZ2mK23oAtXADv6483UKZj8vR89bv5Vs1Y,check,17
20651.01,1Aa2d6KSkBXKNZ2mK23oAtXADv6483UKZj8vR89bv5Vs1Y,check,16
20711.012,1Aa2d6KSkBXKNZ2mK23oAtXADv6483UKZj8vR89bv5Vs1Y,check,17
20771.012,1Aa2d6KSkBXKNZ2mK23oAtXADv6483UKZj8vR89bv5Vs1Y,check,17
20831.012,1Aa2d6KSkBXKNZ2mK23oAtXADv6483UKZj8vR89bv5Vs1Y,check,17
20891.012,1Aa2d6KSkBXKNZ2mK23oAtXADv6483UKZj8vR89bv5Vs1Y,check,17
20951.01,1Aa2d6KSkBXKNZ2mK23oAtXADv6483UKZj8vR89bv5Vs1Y,check,17
21011.012,1Aa2d6KSkBXKNZ2mK23oAtXADv6483UKZj8vR89bv5Vs1Y,check,17
21071.014,1Aa2d6KSkBXKNZ2mK23oAtXADv6483UKZj8vR89bv5Vs1Y,check,17
21131.018,1Aa2d6KSkBXKNZ2mK23oAtXADv6483UKZj8vR89bv5Vs1Y,check,15
21191.016,1Aa2d6KSkBXKNZ2mK23oAtXADv6483UKZj8vR89bv5Vs1Y,check,16
21251.012,1Aa2d6KSkBXKNZ2mK23oAtXADv6483UKZj8vR89bv5Vs1Y,check,17
21311.01,1Aa2d6KSkBXKNZ2mK23oAtXADv6483UKZj8vR89bv5Vs1Y,check,16
21371.012,1Aa2d6KSkBXKNZ2mK23oAtXADv6483UKZj8vR89bv5Vs1Y,check,17
21431.016,1Aa2d6KSkBXKNZ2mK23oAtXADv6483UKZj8vR89bv5Vs1Y,check,15
21491.01,1Aa2d6KSkBXKNZ2mK23oAtXADv6483UKZj8vR89bv5Vs1Y,check,17
21551.012,1Aa2d6KSkBXKNZ2mK23oAtXADv6483UKZj8vR89bv5Vs1Y,check,17
21611.012,1Aa2d6KSkBXKNZ2mK23oAtXADv6483UKZj8vR89bv5Vs1Y,check,17
21671.012,1Aa2d6KSkBXKNZ2mK23oAtXADv6483UKZj8vR89bv5Vs1Y,check,17
21731.012,1Aa2d6KSkBXKNZ2mK23oAtXADv6483UKZj8vR89bv5Vs1Y,check,17
21791.012,1Aa2d6KSkBXKNZ2mK23oAtXADv6483UKZj8vR89bv5Vs1Y,check,17
21851.012,1Aa2d6KSkBXKNZ2mK23oAtXADv6483UKZj8vR89bv5Vs1Y,check,17
21911.012,1Aa2d6KSkBXKNZ2mK23oAtXADv6483UKZj8vR89bv5Vs1Y,check,17
21971.008,1Aa2d6KSkBXKNZ2mK23oAtXADv6483UKZj8vR89bv5Vs1Y,check,17
22031.012,1Aa2d6KSkBXKNZ2mK23oAtXADv6483UKZj8vR89bv5Vs1Y,check,17
22091.016,1Aa2d6KSkBXKNZ2mK23oAtXADv6483UKZj8vR89bv5Vs1Y,check,15
22151.01,1Aa2d6KSkBXKNZ2mK23oAtXADv6483UKZj8vR89bv5Vs1Y,check,16
22211.012,1Aa2d6KSkBXKNZ2mK23oAtXADv6483UKZj8vR89bv5Vs1Y,check,16
22271.014,1Aa2d6KSkBXKNZ2mK23oAtXADv6483UKZj8vR89bv5Vs1Y,check,17
22331.006,1Aa2d6KSkBXKNZ2mK23oAtXADv6483UKZj8vR89bv5Vs1Y,check,17
22391.012,1Aa2d6KSkBXKNZ2mK23oAtXADv6483UKZj8vR89bv5Vs1Y,check,17
22451.012,1Aa2d6KSkBXKNZ2mK23oAtXADv6483UKZj8vR89bv5Vs1Y,check,16
22511.012,1Aa2d6KSkBXKNZ2mK23oAtXADv6483UKZj8vR89bv5Vs1Y,check,16
22571.012,1Aa2d6KSkBXKNZ2mK23oAtXADv6483UKZj8vR89bv5Vs1Y,check,17
22631.018,1Aa2d6KSkBXKNZ2mK23oAtXADv6483UKZj8vR89bv5Vs1Y,check,16
22691.01,1Aa2d6KSkBXKNZ2mK23oAtXADv6483UKZj8vR89bv5Vs1Y,check,17
22751.016,1Aa2d6KSkBXKNZ2mK23oAtXADv6483UKZj8vR89bv5Vs1Y,check,15
22811.016,1Aa2d6KSkBXKNZ2mK23oAtXADv6483UKZj8vR89bv5Vs1Y,check,15
22871.018,1Aa2d6KSkBXKNZ2mK23oAtXADv6483UKZj8vR89bv5Vs1Y,check,15
22931.018,1Aa2d6KSkBXKNZ2mK23oAtXADv6483UKZj8vR89bv5Vs1Y,check,16
22991.018,1Aa2d6KSkBXKNZ2mK23oAtXADv6483UKZj8vR89bv5Vs1Y,check,15
23051.01,1Aa2d6KSkBXKNZ2mK23oAtXADv6483UKZj8vR89bv5Vs1Y,check,17
23111.012,1Aa2d6KSkBXKNZ2mK23oAtXADv6483UKZj8vR89bv5Vs1Y,check,17
23171.01,1Aa2d6KSkBXKNZ2mK23oAtXADv6483UKZj8vR89bv5Vs1Y,check,17
23231.012,1Aa2d6KSkBXKNZ2mK23oAtXADv6483UKZj8vR89bv5Vs1Y,check,17
23291.01,1Aa2d6KSkBXKNZ2mK23oAtXADv6483UKZj8vR89bv5Vs1Y,check,17
23351.01,1Aa2d6KSkBXKNZ2mK23oAtXADv6483UKZj8vR89bv5Vs1Y,check,17
23411.014,1Aa2d6KSkBXKNZ2mK23oAtXADv6483UKZj8vR89bv5Vs1Y,check,17
23471.01,1Aa2d6KSkBXKNZ2mK23oAtXADv6483UKZj8vR89bv5Vs1Y,check,17
23531.006,1Aa2d6KSkBXKNZ2mK23oAtXADv6483UKZj8vR89bv5Vs1Y,check,17
23591.006,1Aa2d6KSkBXKNZ2mK23oAtXADv6483UKZj8vR89bv5Vs1Y,check,17
23651.008,1Aa2d6KSkBXKNZ2mK23oAtXADv6483UKZj8vR89bv5Vs1Y,check,17
23711.004,1Aa2d6KSkBXKNZ2mK23oAtXADv6483UKZj8vR89bv5Vs1Y,check,15
23771.006,1Aa2d6KSkBXKNZ2mK23oAtXADv6483UKZj8vR89bv5Vs1Y,check,17
23831.012,1Aa2d6KSkBXKNZ2mK23oAtXADv6483UKZj8vR89bv5Vs1Y,check,17
23891.012,1Aa2d6KSkBXKNZ2mK23oAtXADv6483UKZj8vR89bv5Vs1Y,check,17
23951.012,1Aa2d6KSkBXKNZ2mK23oAtXADv6483UKZj8vR89bv5Vs1Y,check,17
24011.012,1Aa2d6KSkBXKNZ2mK23oAtXADv6483UKZj8vR89bv5Vs1Y,check,17
24071.012,1Aa2d6KSkBXKNZ2mK23oAtXADv6483UKZj8vR89bv5Vs1Y,check,17
24131.01,1Aa2d6KSkBXKNZ2mK23oAtXADv6483UKZj8vR89bv5Vs1Y,check,17
24191.006,1Aa2d6KSkBXKNZ2mK23oAtXADv6483UKZj8vR89bv5Vs1Y,check,17
24251.012,1Aa2d6KSkBXKNZ2mK23oAtXADv6483UKZj8vR89bv5Vs1Y,check,16
24311.012,1Aa2d6KSkBXKNZ2mK23oAtXADv6483UKZj8vR89bv5Vs1Y,check,17
24371.012,1Aa2d6KSkBXKNZ2mK23oAtXADv6483UKZj8vR89bv5Vs1Y,check,17
24431.012,1Aa2d6KSkBXKNZ2mK23oAtXADv6483UKZj8vR89bv5Vs1Y,check,17
24491.012,1Aa2d6KSkBXKNZ2mK23oAtXADv6483UKZj8vR89bv5Vs1Y,check,17
24551.012,1Aa2d6KSkBXKNZ2mK23oAtXADv6483UKZj8vR89bv5Vs1Y,check,17
24611.012,1Aa2d6KSkBXKNZ2mK23oAtXADv6483UKZj8vR89bv5Vs1Y,check,17
24671.012,1Aa2d6KSkBXKNZ2mK23oAtXADv6483UKZj8vR89bv5Vs1Y,check,17
24731.014,1Aa2d6KSkBXKNZ2mK23oAtXADv6483UKZj8vR89bv5Vs1Y,check,17
24791.01,1Aa2d6KSkBXKNZ2mK23oAtXADv6483UKZj8vR89bv5Vs1Y,check,17
24851.012,1Aa2d6KSkBXKNZ2mK23oAtXADv6483UKZj8vR89bv5Vs1Y,check,17
24911.012,1Aa2d6KSkBXKNZ2mK23oAtXADv6483UKZj8vR89bv5Vs1Y,check,17
24971.01,1Aa2d6KSkBXKNZ2mK23oAtXADv6483UKZj8vR89bv5Vs1Y,check,17
25031.016,1Aa2d6KSkBXKNZ2mK23oAtXADv6483UKZj8vR89bv5Vs1Y,check,15
25091.016,1Aa2d6KSkBXKNZ2mK23oAtXADv6483UKZj8vR89bv5Vs1Y,check,15
25151.016,1Aa2d6KSkBXKNZ2mK23oAtXADv6483UKZj8vR89bv5Vs1Y,check,15
25211.016,1Aa2d6KSkBXKNZ2mK23oAtXADv6483UKZj8vR89bv5Vs1Y,check,16
25271.018,1Aa2d6KSkBXKNZ2mK23oAtXADv6483UKZj8vR89bv5Vs1Y,check,15
25331.014,1Aa2d6KSkBXKNZ2mK23oAtXADv6483UKZj8vR89bv5Vs1Y,check,15
25391.014,1Aa2d6KSkBXKNZ2mK23oAtXADv6483UKZj8vR89bv5Vs1Y,check,16
25451.016,1Aa2d6KSkBXKNZ2mK23oAtXADv6483UKZj8vR89bv5Vs1Y,check,15
25511.012,1Aa2d6KSkBXKNZ2mK23oAtXADv6483UKZj8vR89bv5Vs1Y,check,16
25571.012,1Aa2d6KSkBXKNZ2mK23oAtXADv6483UKZj8vR89bv5Vs1Y,check,17
25631.01,1Aa2d6KSkBXKNZ2mK23oAtXADv6483UKZj8vR89bv5Vs1Y,check,16
25691.01,1Aa2d6KSkBXKNZ2mK23oAtXADv6483UKZj8vR89bv5Vs1Y,check,16
25751.012,1Aa2d6KSkBXKNZ2mK23oAtXADv6483UKZj8vR89bv5Vs1Y,check,17
25811.012,1Aa2d6KSkBXKNZ2mK23oAtXADv6483UKZj8vR89bv5Vs1Y,check,16
25871.016,1Aa2d6KSkBXKNZ2mK23oAtXADv6483UKZj8vR89bv5Vs1Y,check,16
25931.016,1Aa2d6KSkBXKNZ2mK23oAtXADv6483UKZj8vR89bv5Vs1Y,check,15
25991.016,1Aa2d6KSkBXKNZ2mK23oAtXADv6483UKZj8vR89bv5Vs1Y,check,15
26051.018,1Aa2d6KSkBXKNZ2mK23oAtXADv6483UKZj8vR89bv5Vs1Y,check,15
26111.016,1Aa2d6KSkBXKNZ2mK23oAtXADv6483UKZj8vR89bv5Vs1Y,check,15
26171.01,1Aa2d6KSkBXKNZ2mK23oAtXADv6483UKZj8vR89bv5Vs1Y,check,17
26231.01,1Aa2d6KSkBXKNZ2mK23oAtXADv6483UKZj8vR89bv5Vs1Y,check,17
26291.01,1Aa2d6KSkBXKNZ2mK23oAtXADv6483UKZj8vR89bv5Vs1Y,check,17
26351.01,1Aa2d6KSkBXKNZ2mK23oAtXADv6483UKZj8vR89bv5Vs1Y,check,17
26411.008,1Aa2d6KSkBXKNZ2mK23oAtXADv6483UKZj8vR89bv5Vs1Y,check,17
26471.018,1Aa2d6KSkBXKNZ2mK23oAtXADv6483UKZj8vR89bv5Vs1Y,check,16
26531.012,1Aa2d6KSkBXKNZ2mK23oAtXADv6483UKZj8vR89bv5Vs1Y,check,17
26591.012,1Aa2d6KSkBXKNZ2mK23oAtXADv6483UKZj8vR89bv5Vs1Y,check,16
26651.012,1Aa2d6KSkBXKNZ2mK23oAtXADv6483UKZj8vR89bv5Vs1Y,check,17
26711.01,1Aa2d6KSkBXKNZ2mK23oAtXADv6483UKZj8vR89bv5Vs1Y,check,16
26771.012,1Aa2d6KSkBXKNZ2mK23oAtXADv6483UKZj8vR89bv5Vs1Y,check,16
26831.01,1Aa2d6KSkBXKNZ2mK23oAtXADv6483UKZj8vR89bv5Vs1Y,check,17
26891.01,1Aa2d6KSkBXKNZ2mK23oAtXADv6483UKZj8vR89bv5Vs1Y,check,17
26951.012,1Aa2d6KSkBXKNZ2mK23oAtXADv6483UKZj8vR89bv5Vs1Y,check,17
27011.012,1Aa2d6KSkBXKNZ2mK23oAtXADv6483UKZj8vR89bv5Vs1Y,check,17
27071.014,1Aa2d6KSkBXKNZ2mK23oAtXADv6483UKZj8vR89bv5Vs1Y,check,17
27131.012,1Aa2d6KSkBXKNZ2mK23oAtXADv6483UKZj8vR89bv5Vs1Y,check,17
27191.012,1Aa2d6KSkBXKNZ2mK23oAtXADv6483UKZj8vR89bv5Vs1Y,check,17
27251.012,1Aa2d6KSkBXKNZ2mK23oAtXADv6483UKZj8vR89bv5Vs1Y,check,17
27311.012,1Aa2d6KSkBXKNZ2mK23oAtXADv6483UKZj8vR89bv5Vs1Y,check,17
27371.012,1Aa2d6KSkBXKNZ2mK23oAtXADv6483UKZj8vR89bv5Vs1Y,check,17
27431.012,1Aa2d6KSkBXKNZ2mK23oAtXADv6483UKZj8vR89bv5Vs1Y,check,17
27491.012,1Aa2d6KSkBXKNZ2mK23oAtXADv6483UKZj8vR89bv5Vs1Y,check,17
27551.01,1Aa2d6KSkBXKNZ2mK23oAtXADv6483UKZj8vR89bv5Vs1Y,check,17
27611.01,1Aa2d6KSkBXKNZ2mK23oAtXADv6483UKZj8vR89bv5Vs1Y,check,17
27671.012,1Aa2d6KSkBXKNZ2mK23oAtXADv6483UKZj8vR89bv5Vs1Y,check,17
27731.012,1Aa2d6KSkBXKNZ2mK23oAtXADv6483UKZj8vR89bv5Vs1Y,check,17
27791.016,1Aa2d6KSkBXKNZ2mK23oAtXADv6483UKZj8vR89bv5Vs1Y,check,15
27851.012,1Aa2d6KSkBXKNZ2mK23oAtXADv6483UKZj8vR89bv5Vs1Y,check,17
27911.01,1Aa2d6KSkBXKNZ2mK23oAtXADv6483UKZj8vR89bv5Vs1Y,check,17
27971.01,1Aa2d6KSkBXKNZ2mK23oAtXADv6483UKZj8vR89bv5Vs1Y,check,16
28031.01,1Aa2d6KSkBXKNZ2mK23oAtXADv6483UKZj8vR89bv5Vs1Y,check,17
28091.01,1Aa2d6KSkBXKNZ2mK23oAtXADv6483UKZj8vR89bv5Vs1Y,check,17
28151.012,1Aa2d6KSkBXKNZ2mK23oAtXADv6483UKZj8vR89bv5Vs1Y,check,17
28211.01,1Aa2d6KSkBXKNZ2mK23oAtXADv6483UKZj8vR89bv5Vs1Y,check,16
28271.012,1Aa2d6KSkBXKNZ2mK23oAtXADv6483UKZj8vR89bv5Vs1Y,check,16
28331.012,1Aa2d6KSkBXKNZ2mK23oAtXADv6483UKZj8vR89bv5Vs1Y,check,16
28391.012,1Aa2d6KSkBXKNZ2mK23oAtXADv6483UKZj8vR89bv5Vs1Y,check,17
28451.012,1Aa2d6KSkBXKNZ2mK23oAtXADv6483UKZj8vR89bv5Vs1Y,check,16
28511.012,1Aa2d6KSkBXKNZ2mK23oAtXADv6483UKZj8vR89bv5Vs1Y,check,17
28571.012,1Aa2d6KSkBXKNZ2mK23oAtXADv6483UKZj8vR89bv5Vs1Y,check,17
28631.012,1Aa2d6KSkBXKNZ2mK23oAtXADv6483UKZj8vR89bv5Vs1Y,check,17
28691.01,1Aa2d6KSkBXKNZ2mK23oAtXADv6483UKZj8vR89bv5Vs1Y,check,17
28751.012,1Aa2d6KSkBXKNZ2mK23oAtXADv6483UKZj8vR89bv5Vs1Y,check,17
28811.012,1Aa2d6KSkBXKNZ2mK23oAtXADv6483UKZj8vR89bv5Vs1Y,check,17
28871.016,1Aa2d6KSkBXKNZ2mK23oAtXADv6483UKZj8vR89bv5Vs1Y,check,16
28931.01,1Aa2d6KSkBXKNZ2mK23oAtXADv6483UKZj8vR89bv5Vs1Y,check,16
28991.008,1Aa2d6KSkBXKNZ2mK23oAtXADv6483UKZj8vR89bv5Vs1Y,check,16
29051.016,1Aa2d6KSkBXKNZ2mK23oAtXADv6483UKZj8vR89bv5Vs1Y,check,15
29111.016,1Aa2d6KSkBXKNZ2mK23oAtXADv6483UKZj8vR89bv5Vs1Y,check,15
29171.018,1Aa2d6KSkBXKNZ2mK23oAtXADv6483UKZj8vR89bv5Vs1Y,check,16
29231.018,1Aa2d6KSkBXKNZ2mK23oAtXADv6483UKZj8vR89bv5Vs1Y,check,15
29291.012,1Aa2d6KSkBXKNZ2mK23oAtXADv6483UKZj8vR89bv5Vs1Y,check,17
29351.01,1Aa2d6KSkBXKNZ2mK23oAtXADv6483UKZj8vR89bv5Vs1Y,check,17
29411.012,1Aa2d6KSkBXKNZ2mK23oAtXADv6483UKZj8vR89bv5Vs1Y,check,17
29471.014,1Aa2d6KSkBXKNZ2mK23oAtXADv6483UKZj8vR89bv5Vs1Y,check,17
29531.01,1Aa2d6KSkBXKNZ2mK23oAtXADv6483UKZj8vR89bv5Vs1Y,check,16
29591.012,1Aa2d6KSkBXKNZ2mK23oAtXADv6483UKZj8vR89bv5Vs1Y,check,17
29651.012,1Aa2d6KSkBXKNZ2mK23oAtXADv6483UKZj8vR89bv5Vs1Y,check,17
29711.006,1Aa2d6KSkBXKNZ2mK23oAtXADv6483UKZj8vR89bv5Vs1Y,check,16
29771.012,1Aa2d6KSkBXKNZ2mK23oAtXADv6483UKZj8vR89bv5Vs1Y,check,17
29831.012,1Aa2d6KSkBXKNZ2mK23oAtXADv6483UKZj8vR89bv5Vs1Y,check,16
29891.01,1Aa2d6KSkBXKNZ2mK23oAtXADv6483UKZj8vR89bv5Vs1Y,check,17
29951.012,1Aa2d6KSkBXKNZ2mK23oAtXADv6483UKZj8vR89bv5Vs1Y,check,17
30011.012,1Aa2d6KSkBXKNZ2mK23oAtXADv6483UKZj8vR89bv5Vs1Y,check,17
30071.012,1Aa2d6KSkBXKNZ2mK23oAtXADv6483UKZj8vR89bv5Vs1Y,check,17
30131.012,1Aa2d6KSkBXKNZ2mK23oAtXADv6483UKZj8vR89bv5Vs1Y,check,17
30191.012,1Aa2d6KSkBXKNZ2mK23oAtXADv6483UKZj8vR89bv5Vs1Y,check,17
30251.012,1Aa2d6KSkBXKNZ2mK23oAtXADv6483UKZj8vR89bv5Vs1Y,check,17
30311.012,1Aa2d6KSkBXKNZ2mK23oAtXADv6483UKZj8vR89bv5Vs1Y,check,17
30371.012,1Aa2d6KSkBXKNZ2mK23oAtXADv6483UKZj8vR89bv5Vs1Y,check,17
30431.012,1Aa2d6KSkBXKNZ2mK23oAtXADv6483UKZj8vR89bv5Vs1Y,check,16
30491.012,1Aa2d6KSkBXKNZ2mK23oAtXADv6483UKZj8vR89bv5Vs1Y,check,16
30551.01,1Aa2d6KSkBXKNZ2mK23oAtXADv6483UKZj8vR89bv5Vs1Y,check,16
30611.012,1Aa2d6KSkBXKNZ2mK23oAtXADv6483UKZj8vR89bv5Vs1Y,check,16
30671.012,1Aa2d6KSkBXKNZ2mK23oAtXADv6483UKZj8vR89bv5Vs1Y,check,16
30731.012,1Aa2d6KSkBXKNZ2mK23oAtXADv6483UKZj8vR89bv5Vs1Y,check,16
30791.012,1Aa2d6KSkBXKNZ2mK23oAtXADv6483UKZj8vR89bv5Vs1Y,check,16
30851.012,1Aa2d6KSkBXKNZ2mK23oAtXADv6483UKZj8vR89bv5Vs1Y,check,15
30911.012,1Aa2d6KSkBXKNZ2mK23oAtXADv6483UKZj8vR89bv5Vs1Y,check,16
30971.01,1Aa2d6KSkBXKNZ2mK23oAtXADv6483UKZj8vR89bv5Vs1Y,check,16
31031.01,1Aa2d6KSkBXKNZ2mK23oAtXADv6483UKZj8vR89bv5Vs1Y,check,16
31091.01,1Aa2d6KSkBXKNZ2mK23oAtXADv6483UKZj8vR89bv5Vs1Y,check,16
31151.008,1Aa2d6KSkBXKNZ2mK23oAtXADv6483UKZj8vR89bv5Vs1Y,check,16
31211.012,1Aa2d6KSkBXKNZ2mK23oAtXADv6483UKZj8vR89bv5Vs1Y,check,16
31271.012,1Aa2d6KSkBXKNZ2mK23oAtXADv6483UKZj8vR89bv5Vs1Y,check,16
31331.012,1Aa2d6KSkBXKNZ2mK23oAtXADv6483UKZj8vR89bv5Vs1Y,check,16
31391.012,1Aa2d6KSkBXKNZ2mK23oAtXADv6483UKZj8vR89bv5Vs1Y,check,16
31451.012,1Aa2d6KSkBXKNZ2mK23oAtXADv6483UKZj8vR89bv5Vs1Y,check,15
31511.012,1Aa2d6KSkBXKNZ2mK23oAtXADv6483UKZj8vR89bv5Vs1Y,check,16
31571.014,1Aa2d6KSkBXKNZ2mK23oAtXADv6483UKZj8vR89bv5Vs1Y,check,15
31631.012,1Aa2d6KSkBXKNZ2mK23oAtXADv6483UKZj8vR89bv5Vs1Y,check,16
31691.012,1Aa2d6KSkBXKNZ2mK23oAtXADv6483UKZj8vR89bv5Vs1Y,check,16
31751.012,1Aa2d6KSkBXKNZ2mK23oAtXADv6483UKZj8vR89bv5Vs1Y,check,17
31811.012,1Aa2d6KSkBXKNZ2mK23oAtXADv6483UKZj8vR89bv5Vs1Y,check,17
31871.01,1Aa2d6KSkBXKNZ2mK23oAtXADv6483UKZj8vR89bv5Vs1Y,check,17
31931.008,1Aa2d6KSkBXKNZ2mK23oAtXADv6483UKZj8vR89bv5Vs1Y,check,17
31991.006,1Aa2d6KSkBXKNZ2mK23oAtXADv6483UKZj8vR89bv5Vs1Y,check,17
32051.004,1Aa2d6KSkBXKNZ2mK23oAtXADv6483UKZj8vR89bv5Vs1Y,check,17
32111.004,1Aa2d6KSkBXKNZ2mK23oAtXADv6483UKZj8vR89bv5Vs1Y,check,16
32171.01,1Aa2d6KSkBXKNZ2mK23oAtXADv6483UKZj8vR89bv5Vs1Y,check,17
32231.012,1Aa2d6KSkBXKNZ2mK23oAtXADv6483UKZj8vR89bv5Vs1Y,check,17
32291.01,1Aa2d6KSkBXKNZ2mK23oAtXADv6483UKZj8vR89bv5Vs1Y,check,17
32351.01,1Aa2d6KSkBXKNZ2mK23oAtXADv6483UKZj8vR89bv5Vs1Y,check,17
32411.01,1Aa2d6KSkBXKNZ2mK23oAtXADv6483UKZj8vR89bv5Vs1Y,check,17
32471.014,1Aa2d6KSkBXKNZ2mK23oAtXADv6483UKZj8vR89bv5Vs1Y,check,17
32531.01,1Aa2d6KSkBXKNZ2mK23oAtXADv6483UKZj8vR89bv5Vs1Y,check,17
32591.01,1Aa2d6KSkBXKNZ2mK23oAtXADv6483UKZj8vR89bv5Vs1Y,check,17
32651.006,1Aa2d6KSkBXKNZ2mK23oAtXADv6483UKZj8vR89bv5Vs1Y,check,17
32711.01,1Aa2d6KSkBXKNZ2mK23oAtXADv6483UKZj8vR89bv5Vs1Y,check,17
32771.01,1Aa2d6KSkBXKNZ2mK23oAtXADv6483UKZj8vR89bv5Vs1Y,check,17
32831.01,1Aa2d6KSkBXKNZ2mK23oAtXADv6483UKZj8vR89bv5Vs1Y,check,16
32891.01,1Aa2d6KSkBXKNZ2mK23oAtXADv6483UKZj8vR89bv5Vs1Y,check,17
32951.008,1Aa2d6KSkBXKNZ2mK23oAtXADv6483UKZj8vR89bv5Vs1Y,check,16
33011.01,1Aa2d6KSkBXKNZ2mK23oAtXADv6483UKZj8vR89bv5Vs1Y,check,17
33071.01,1Aa2d6KSkBXKNZ2mK23oAtXADv6483UKZj8vR89bv5Vs1Y,check,17
33131.01,1Aa2d6KSkBXKNZ2mK23oAtXADv6483UKZj8vR89bv5Vs1Y,check,17
33191.008,1Aa2d6KSkBXKNZ2mK23oAtXADv6483UKZj8vR89bv5Vs1Y,check,17
33251.01,1Aa2d6KSkBXKNZ2mK23oAtXADv6483UKZj8vR89bv5Vs1Y,check,17
33311.01,1Aa2d6KSkBXKNZ2mK23oAtXADv6483UKZj8vR89bv5Vs1Y,check,17
33371.01,1Aa2d6KSkBXKNZ2mK23oAtXADv6483UKZj8vR89bv5Vs1Y,check,17
33431.01,1Aa2d6KSkBXKNZ2mK23oAtXADv6483UKZj8vR89bv5Vs1Y,check,17
33491.01,1Aa2d6KSkBXKNZ2mK23oAtXADv6483UKZj8vR89bv5Vs1Y,check,17
33551.01,1Aa2d6KSkBXKNZ2mK23oAtXADv6483UKZj8vR89bv5Vs1Y,check,17
33611.01,1Aa2d6KSkBXKNZ2mK23oAtXADv6483UKZj8vR89bv5Vs1Y,check,17
33671.01,1Aa2d6KSkBXKNZ2mK23oAtXADv6483UKZj8vR89bv5Vs1Y,check,16
33731.01,1Aa2d6KSkBXKNZ2mK23oAtXADv6483UKZj8vR89bv5Vs1Y,check,17
33791.01,1Aa2d6KSkBXKNZ2mK23oAtXADv6483UKZj8vR89bv5Vs1Y,check,17
33851.01,1Aa2d6KSkBXKNZ2mK23oAtXADv6483UKZj8vR89bv5Vs1Y,check,17
33911.01,1Aa2d6KSkBXKNZ2mK23oAtXADv6483UKZj8vR89bv5Vs1Y,check,17
33971.01,1Aa2d6KSkBXKNZ2mK23oAtXADv6483UKZj8vR89bv5Vs1Y,check,17
34031.01,1Aa2d6KSkBXKNZ2mK23oAtXADv6483UKZj8vR89bv5Vs1Y,check,17
34091.01,1Aa2d6KSkBXKNZ2mK23oAtXADv6483UKZj8vR89bv5Vs1Y,check,17
34151.01,1Aa2d6KSkBXKNZ2mK23oAtXADv6483UKZj8vR89bv5Vs1Y,check,17
34211.01,1Aa2d6KSkBXKNZ2mK23oAtXADv6483UKZj8vR89bv5Vs1Y,check,17
34271.01,1Aa2d6KSkBXKNZ2mK23oAtXADv6483UKZj8vR89bv5Vs1Y,check,17
34331.01,1Aa2d6KSkBXKNZ2mK23oAtXADv6483UKZj8vR89bv5Vs1Y,check,17
34391.01,1Aa2d6KSkBXKNZ2mK23oAtXADv6483UKZj8vR89bv5Vs1Y,check,17
34451.01,1Aa2d6KSkBXKNZ2mK23oAtXADv6483UKZj8vR89bv5Vs1Y,check,17
34511.01,1Aa2d6KSkBXKNZ2mK23oAtXADv6483UKZj8vR89bv5Vs1Y,check,17
34571.016,1Aa2d6KSkBXKNZ2mK23oAtXADv6483UKZj8vR89bv5Vs1Y,check,16
34631.01,1Aa2d6KSkBXKNZ2mK23oAtXADv6483UKZj8vR89bv5Vs1Y,check,17
34691.01,1Aa2d6KSkBXKNZ2mK23oAtXADv6483UKZj8vR89bv5Vs1Y,check,17
34751.01,1Aa2d6KSkBXKNZ2mK23oAtXADv6483UKZj8vR89bv5Vs1Y,check,17
34811.01,1Aa2d6KSkBXKNZ2mK23oAtXADv6483UKZj8vR89bv5Vs1Y,check,17
34871.01,1Aa2d6KSkBXKNZ2mK23oAtXADv6483UKZj8vR89bv5Vs1Y,check,17
34931.01,1Aa2d6KSkBXKNZ2mK23oAtXADv6483UKZj8vR89bv5Vs1Y,check,17
34991.01,1Aa2d6KSkBXKNZ2mK23oAtXADv6483UKZj8vR89bv5Vs1Y,check,17
35051.01,1Aa2d6KSkBXKNZ2mK23oAtXADv6483UKZj8vR89bv5Vs1Y,check,17
35111.008,1Aa2d6KSkBXKNZ2mK23oAtXADv6483UKZj8vR89bv5Vs1Y,check,17
35171.01,1Aa2d6KSkBXKNZ2mK23oAtXADv6483UKZj8vR89bv5Vs1Y,check,17
35231.008,1Aa2d6KSkBXKNZ2mK23oAtXADv6483UKZj8vR89bv5Vs1Y,check,17
35291.01,1Aa2d6KSkBXKNZ2mK23oAtXADv6483UKZj8vR89bv5Vs1Y,check,16
35351.01,1Aa2d6KSkBXKNZ2mK23oAtXADv6483UKZj8vR89bv5Vs1Y,check,17
35411.01,1Aa2d6KSkBXKNZ2mK23oAtXADv6483UKZj8vR89bv5Vs1Y,check,17
35471.01,1Aa2d6KSkBXKNZ2mK23oAtXADv6483UKZj8vR89bv5Vs1Y,check,17
35531.01,1Aa2d6KSkBXKNZ2mK23oAtXADv6483UKZj8vR89bv5Vs1Y,check,17
35591.008,1Aa2d6KSkBXKNZ2mK23oAtXADv6483UKZj8vR89bv5Vs1Y,check,17
35651.01,1Aa2d6KSkBXKNZ2mK23oAtXADv6483UKZj8vR89bv5Vs1Y,check,17
35711.01,1Aa2d6KSkBXKNZ2mK23oAtXADv6483UKZj8vR89bv5Vs1Y,check,17
35771.01,1Aa2d6KSkBXKNZ2mK23oAtXADv6483UKZj8vR89bv5Vs1Y,check,17
35831.01,1Aa2d6KSkBXKNZ2mK23oAtXADv6483UKZj8vR89bv5Vs1Y,check,17
35891.01,1Aa2d6KSkBXKNZ2mK23oAtXADv6483UKZj8vR89bv5Vs1Y,check,17
35951.01,1Aa2d6KSkBXKNZ2mK23oAtXADv6483UKZj8vR89bv5Vs1Y,check,17
36011.01,1Aa2d6KSkBXKNZ2mK23oAtXADv6483UKZj8vR89bv5Vs1Y,check,17
36071.01,1Aa2d6KSkBXKNZ2mK23oAtXADv6483UKZj8vR89bv5Vs1Y,check,17
36131.01,1Aa2d6KSkBXKNZ2mK23oAtXADv6483UKZj8vR89bv5Vs1Y,check,17
36191.01,1Aa2d6KSkBXKNZ2mK23oAtXADv6483UKZj8vR89bv5Vs1Y,check,17
36251.01,1Aa2d6KSkBXKNZ2mK23oAtXADv6483UKZj8vR89bv5Vs1Y,check,17
36311.008,1Aa2d6KSkBXKNZ2mK23oAtXADv6483UKZj8vR89bv5Vs1Y,check,17
36371.01,1Aa2d6KSkBXKNZ2mK23oAtXADv6483UKZj8vR89bv5Vs1Y,check,17
36431.008,1Aa2d6KSkBXKNZ2mK23oAtXADv6483UKZj8vR89bv5Vs1Y,check,17
36491.008,1Aa2d6KSkBXKNZ2mK23oAtXADv6483UKZj8vR89bv5Vs1Y,check,17
36551.01,1Aa2d6KSkBXKNZ2mK23oAtXADv6483UKZj8vR89bv5Vs1Y,check,17
36611.01,1Aa2d6KSkBXKNZ2mK23oAtXADv6483UKZj8vR89bv5Vs1Y,check,17
36671.008,1Aa2d6KSkBXKNZ2mK23oAtXADv6483UKZj8vR89bv5Vs1Y,check,17
36731.01,1Aa2d6KSkBXKNZ2mK23oAtXADv6483UKZj8vR89bv5Vs1Y,check,17
36791.01,1Aa2d6KSkBXKNZ2mK23oAtXADv6483UKZj8vR89bv5Vs1Y,check,17
36851.01,1Aa2d6KSkBXKNZ2mK23oAtXADv6483UKZj8vR89bv5Vs1Y,check,17
36911.01,1Aa2d6KSkBXKNZ2mK23oAtXADv6483UKZj8vR89bv5Vs1Y,check,17
36971.01,1Aa2d6KSkBXKNZ2mK23oAtXADv6483UKZj8vR89bv5Vs1Y,check,17
37031.008,1Aa2d6KSkBXKNZ2mK23oAtXADv6483UKZj8vR89bv5Vs1Y,check,17
37091.008,1Aa2d6KSkBXKNZ2mK23oAtXADv6483UKZj8vR89bv5Vs1Y,check,17
37151.01,1Aa2d6KSkBXKNZ2mK23oAtXADv6483UKZj8vR89bv5Vs1Y,check,17
37211.01,1Aa2d6KSkBXKNZ2mK23oAtXADv6483UKZj8vR89bv5Vs1Y,check,17
37271.01,1Aa2d6KSkBXKNZ2mK23oAtXADv6483UKZj8vR89bv5Vs1Y,check,17
37331.016,1Aa2d6KSkBXKNZ2mK23oAtXADv6483UKZj8vR89bv5Vs1Y,check,17
37391.01,1Aa2d6KSkBXKNZ2mK23oAtXADv6483UKZj8vR89bv5Vs1Y,check,17
37451.01,1Aa2d6KSkBXKNZ2mK23oAtXADv6483UKZj8vR89bv5Vs1Y,check,17
37511.01,1Aa2d6KSkBXKNZ2mK23oAtXADv6483UKZj8vR89bv5Vs1Y,check,17
37571.01,1Aa2d6KSkBXKNZ2mK23oAtXADv6483UKZj8vR89bv5Vs1Y,check,17
37631.01,1Aa2d6KSkBXKNZ2mK23oAtXADv6483UKZj8vR89bv5Vs1Y,check,17
37691.016,1Aa2d6KSkBXKNZ2mK23oAtXADv6483UKZj8vR89bv5Vs1Y,check,17
37751.01,1Aa2d6KSkBXKNZ2mK23oAtXADv6483UKZj8vR89bv5Vs1Y,check,16
37811.01,1Aa2d6KSkBXKNZ2mK23oAtXADv6483UKZj8vR89bv5Vs1Y,check,17
37871.01,1Aa2d6KSkBXKNZ2mK23oAtXADv6483UKZj8vR89bv5Vs1Y,check,17
37931.01,1Aa2d6KSkBXKNZ2mK23oAtXADv6483UKZj8vR89bv5Vs1Y,check,17
37991.01,1Aa2d6KSkBXKNZ2mK23oAtXADv6483UKZj8vR89bv5Vs1Y,check,17
38051.01,1Aa2d6KSkBXKNZ2mK23oAtXADv6483UKZj8vR89bv5Vs1Y,check,16
38111.01,1Aa2d6KSkBXKNZ2mK23oAtXADv6483UKZj8vR89bv5Vs1Y,check,17
38171.01,1Aa2d6KSkBXKNZ2mK23oAtXADv6483UKZj8vR89bv5Vs1Y,check,16
38231.01,1Aa2d6KSkBXKNZ2mK23oAtXADv6483UKZj8vR89bv5Vs1Y,check,17
38291.01,1Aa2d6KSkBXKNZ2mK23oAtXADv6483UKZj8vR89bv5Vs1Y,check,17
38351.01,1Aa2d6KSkBXKNZ2mK23oAtXADv6483UKZj8vR89bv5Vs1Y,check,17
38411.01,1Aa2d6KSkBXKNZ2mK23oAtXADv6483UKZj8vR89bv5Vs1Y,check,17
38471.01,1Aa2d6KSkBXKNZ2mK23oAtXADv6483UKZj8vR89bv5Vs1Y,check,16
38531.01,1Aa2d6KSkBXKNZ2mK23oAtXADv6483UKZj8vR89bv5Vs1Y,check,17
38591.01,1Aa2d6KSkBXKNZ2mK23oAtXADv6483UKZj8vR89bv5Vs1Y,check,17
38651.01,1Aa2d6KSkBXKNZ2mK23oAtXADv6483UKZj8vR89bv5Vs1Y,check,17
38711.01,1Aa2d6KSkBXKNZ2mK23oAtXADv6483UKZj8vR89bv5Vs1Y,check,17
38771.01,1Aa2d6KSkBXKNZ2mK23oAtXADv6483UKZj8vR89bv5Vs1Y,check,17
38831.01,1Aa2d6KSkBXKNZ2mK23oAtXADv6483UKZj8vR89bv5Vs1Y,check,17
38891.01,1Aa2d6KSkBXKNZ2mK23oAtXADv6483UKZj8vR89bv5Vs1Y,check,17
38951.01,1Aa2d6KSkBXKNZ2mK23oAtXADv6483UKZj8vR89bv5Vs1Y,check,17
39011.01,1Aa2d6KSkBXKNZ2mK23oAtXADv6483UKZj8vR89bv5Vs1Y,check,17
39071.008,1Aa2d6KSkBXKNZ2mK23oAtXADv6483UKZj8vR89bv5Vs1Y,check,17
39131.01,1Aa2d6KSkBXKNZ2mK23oAtXADv6483UKZj8vR89bv5Vs1Y,check,17
39191.01,1Aa2d6KSkBXKNZ2mK23oAtXADv6483UKZj8vR89bv5Vs1Y,check,17
39251.008,1Aa2d6KSkBXKNZ2mK23oAtXADv6483UKZj8vR89bv5Vs1Y,check,16
39311.01,1Aa2d6KSkBXKNZ2mK23oAtXADv6483UKZj8vR89bv5Vs1Y,check,16
39371.01,1Aa2d6KSkBXKNZ2mK23oAtXADv6483UKZj8vR89bv5Vs1Y,check,17
39431.01,1Aa2d6KSkBXKNZ2mK23oAtXADv6483UKZj8vR89bv5Vs1Y,check,17
39491.01,1Aa2d6KSkBXKNZ2mK23oAtXADv6483UKZj8vR89bv5Vs1Y,check,17
39551.01,1Aa2d6KSkBXKNZ2mK23oAtXADv6483UKZj8vR89bv5Vs1Y,check,17
39611.008,1Aa2d6KSkBXKNZ2mK23oAtXADv6483UKZj8vR89bv5Vs1Y,check,17
39671.01,1Aa2d6KSkBXKNZ2mK23oAtXADv6483UKZj8vR89bv5Vs1Y,check,17
39731.01,1Aa2d6KSkBXKNZ2mK23oAtXADv6483UKZj8vR89bv5Vs1Y,check,17
39791.01,1Aa2d6KSkBXKNZ2mK23oAtXADv6483UKZj8vR89bv5Vs1Y,check,17
39851.01,1Aa2d6KSkBXKNZ2mK23oAtXADv6483UKZj8vR89bv5Vs1Y,check,17
39911.01,1Aa2d6KSkBXKNZ2mK23oAtXADv6483UKZj8vR89bv5Vs1Y,check,17
39971.008,1Aa2d6KSkBXKNZ2mK23oAtXADv6483UKZj8vR89bv5Vs1Y,check,17
40031.01,1Aa2d6KSkBXKNZ2mK23oAtXADv6483UKZj8vR89bv5Vs1Y,check,17
40091.01,1Aa2d6KSkBXKNZ2mK23oAtXADv6483UKZj8vR89bv5Vs1Y,check,17
40151.01,1Aa2d6KSkBXKNZ2mK23oAtXADv6483UKZj8vR89bv5Vs1Y,check,17
40211.01,1Aa2d6KSkBXKNZ2mK23oAtXADv6483UKZj8vR89bv5Vs1Y,check,17
40271.01,1Aa2d6KSkBXKNZ2mK23oAtXADv6483UKZj8vR89bv5Vs1Y,check,17
40331.01,1Aa2d6KSkBXKNZ2mK23oAtXADv6483UKZj8vR89bv5Vs1Y,check,17
40391.01,1Aa2d6KSkBXKNZ2mK23oAtXADv6483UKZj8vR89bv5Vs1Y,check,17
40451.008,1Aa2d6KSkBXKNZ2mK23oAtXADv6483UKZj8vR89bv5Vs1Y,check,17
40511.008,1Aa2d6KSkBXKNZ2mK23oAtXADv6483UKZj8vR89bv5Vs1Y,check,17
40571.004,1Aa2d6KSkBXKNZ2mK23oAtXADv6483UKZj8vR89bv5Vs1Y,check,17
40631.008,1Aa2d6KSkBXKNZ2mK23oAtXADv6483UKZj8vR89bv5Vs1Y,check,17
40691.008,1Aa2d6KSkBXKNZ2mK23oAtXADv6483UKZj8vR89bv5Vs1Y,check,17
40751.004,1Aa2d6KSkBXKNZ2mK23oAtXADv6483UKZj8vR89bv5Vs1Y,check,17
40811.01,1Aa2d6KSkBXKNZ2mK23oAtXADv6483UKZj8vR89bv5Vs1Y,check,17
40871.01,1Aa2d6KSkBXKNZ2mK23oAtXADv6483UKZj8vR89bv5Vs1Y,check,17
40931.01,1Aa2d6KSkBXKNZ2mK23oAtXADv6483UKZj8vR89bv5Vs1Y,check,17
40991.01,1Aa2d6KSkBXKNZ2mK23oAtXADv6483UKZj8vR89bv5Vs1Y,check,17
41051.008,1Aa2d6KSkBXKNZ2mK23oAtXADv6483UKZj8vR89bv5Vs1Y,check,17
41111.01,1Aa2d6KSkBXKNZ2mK23oAtXADv6483UKZj8vR89bv5Vs1Y,check,17
41171.01,1Aa2d6KSkBXKNZ2mK23oAtXADv6483UKZj8vR89bv5Vs1Y,check,17
41231.01,1Aa2d6KSkBXKNZ2mK23oAtXADv6483UKZj8vR89bv5Vs1Y,check,17
41291.01,1Aa2d6KSkBXKNZ2mK23oAtXADv6483UKZj8vR89bv5Vs1Y,check,17
41351.01,1Aa2d6KSkBXKNZ2mK23oAtXADv6483UKZj8vR89bv5Vs1Y,check,17
41411.01,1Aa2d6KSkBXKNZ2mK23oAtXADv6483UKZj8vR89bv5Vs1Y,check,17
41471.01,1Aa2d6KSkBXKNZ2mK23oAtXADv6483UKZj8vR89bv5Vs1Y,check,17
41531.01,1Aa2d6KSkBXKNZ2mK23oAtXADv6483UKZj8vR89bv5Vs1Y,check,17
41591.01,1Aa2d6KSkBXKNZ2mK23oAtXADv6483UKZj8vR89bv5Vs1Y,check,17
41651.01,1Aa2d6KSkBXKNZ2mK23oAtXADv6483UKZj8vR89bv5Vs1Y,check,17
41711.01,1Aa2d6KSkBXKNZ2mK23oAtXADv6483UKZj8vR89bv5Vs1Y,check,17
41771.01,1Aa2d6KSkBXKNZ2mK23oAtXADv6483UKZj8vR89bv5Vs1Y,check,17
41831.01,1Aa2d6KSkBXKNZ2mK23oAtXADv6483UKZj8vR89bv5Vs1Y,check,17
41891.01,1Aa2d6KSkBXKNZ2mK23oAtXADv6483UKZj8vR89bv5Vs1Y,check,17
41951.01,1Aa2d6KSkBXKNZ2mK23oAtXADv6483UKZj8vR89bv5Vs1Y,check,16
42011.008,1Aa2d6KSkBXKNZ2mK23oAtXADv6483UKZj8vR89bv5Vs1Y,check,17
42071.01,1Aa2d6KSkBXKNZ2mK23oAtXADv6483UKZj8vR89bv5Vs1Y,check,17
42131.01,1Aa2d6KSkBXKNZ2mK23oAtXADv6483UKZj8vR89bv5Vs1Y,check,17
42191.01,1Aa2d6KSkBXKNZ2mK23oAtXADv6483UKZj8vR89bv5Vs1Y,check,17
42251.01,1Aa2d6KSkBXKNZ2mK23oAtXADv6483UKZj8vR89bv5Vs1Y,check,17
42311.01,1Aa2d6KSkBXKNZ2mK23oAtXADv6483UKZj8vR89bv5Vs1Y,check,16
42371.01,1Aa2d6KSkBXKNZ2mK23oAtXADv6483UKZj8vR89bv5Vs1Y,check,17
42431.01,1Aa2d6KSkBXKNZ2mK23oAtXADv6483UKZj8vR89bv5Vs1Y,check,17
42491.01,1Aa2d6KSkBXKNZ2mK23oAtXADv6483UKZj8vR89bv5Vs1Y,check,17
42551.01,1Aa2d6KSkBXKNZ2mK23oAtXADv6483UKZj8vR89bv5Vs1Y,check,17
42611.01,1Aa2d6KSkBXKNZ2mK23oAtXADv6483UKZj8vR89bv5Vs1Y,check,17
42671.01,1Aa2d6KSkBXKNZ2mK23oAtXADv6483UKZj8vR89bv5Vs1Y,check,17
42731.01,1Aa2d6KSkBXKNZ2mK23oAtXADv6483UKZj8vR89bv5Vs1Y,check,17
42791.01,1Aa2d6KSkBXKNZ2mK23oAtXADv6483UKZj8vR89bv5Vs1Y,check,17
42851.01,1Aa2d6KSkBXKNZ2mK23oAtXADv6483UKZj8vR89bv5Vs1Y,check,17
42911.01,1Aa2d6KSkBXKNZ2mK23oAtXADv6483UKZj8vR89bv5Vs1Y,check,17
42971.01,1Aa2d6KSkBXKNZ2mK23oAtXADv6483UKZj8vR89bv5Vs1Y,check,17
43031.008,1Aa2d6KSkBXKNZ2mK23oAtXADv6483UKZj8vR89bv5Vs1Y,check,17
43091.01,1Aa2d6KSkBXKNZ2mK23oAtXADv6483UKZj8vR89bv5Vs1Y,check,17
43151.01,1Aa2d6KSkBXKNZ2mK23oAtXADv6483UKZj8vR89bv5Vs1Y,check,17
43211.01,1Aa2d6KSkBXKNZ2mK23oAtXADv6483UKZj8vR89bv5Vs1Y,check,17
43271.01,1Aa2d6KSkBXKNZ2mK23oAtXADv6483UKZj8vR89bv5Vs1Y,check,17
43331.01,1Aa2d6KSkBXKNZ2mK23oAtXADv6483UKZj8vR89bv5Vs1Y,check,17
43391.01,1Aa2d6KSkBXKNZ2mK23oAtXADv6483UKZj8vR89bv5Vs1Y,check,17
43451.01,1Aa2d6KSkBXKNZ2mK23oAtXADv6483UKZj8vR89bv5Vs1Y,check,17
43511.01,1Aa2d6KSkBXKNZ2mK23oAtXADv6483UKZj8vR89bv5Vs1Y,check,17
43571.01,1Aa2d6KSkBXKNZ2mK23oAtXADv6483UKZj8vR89bv5Vs1Y,check,17
43631.008,1Aa2d6KSkBXKNZ2mK23oAtXADv6483UKZj8vR89bv5Vs1Y,check,17
43691.01,1Aa2d6KSkBXKNZ2mK23oAtXADv6483UKZj8vR89bv5Vs1Y,check,17
43751.01,1Aa2d6KSkBXKNZ2mK23oAtXADv6483UKZj8vR89bv5Vs1Y,check,17
43811.01,1Aa2d6KSkBXKNZ2mK23oAtXADv6483UKZj8vR89bv5Vs1Y,check,17
43871.01,1Aa2d6KSkBXKNZ2mK23oAtXADv6483UKZj8vR89bv5Vs1Y,check,17
43931.01,1Aa2d6KSkBXKNZ2mK23oAtXADv6483UKZj8vR89bv5Vs1Y,check,17
43991.008,1Aa2d6KSkBXKNZ2mK23oAtXADv6483UKZj8vR89bv5Vs1Y,check,17
44051.01,1Aa2d6KSkBXKNZ2mK23oAtXADv6483UKZj8vR89bv5Vs1Y,check,17
44111.01,1Aa2d6KSkBXKNZ2mK23oAtXADv6483UKZj8vR89bv5Vs1Y,check,17
44171.01,1Aa2d6KSkBXKNZ2mK23oAtXADv6483UKZj8vR89bv5Vs1Y,check,17
44231.01,1Aa2d6KSkBXKNZ2mK23oAtXADv6483UKZj8vR89bv5Vs1Y,check,17
44291.01,1Aa2d6KSkBXKNZ2mK23oAtXADv6483UKZj8vR89bv5Vs1Y,check,17
44351.01,1Aa2d6KSkBXKNZ2mK23oAtXADv6483UKZj8vR89bv5Vs1Y,check,17
44411.01,1Aa2d6KSkBXKNZ2mK23oAtXADv6483UKZj8vR89bv5Vs1Y,check,17
44471.01,1Aa2d6KSkBXKNZ2mK23oAtXADv6483UKZj8vR89bv5Vs1Y,check,17
44531.01,1Aa2d6KSkBXKNZ2mK23oAtXADv6483UKZj8vR89bv5Vs1Y,check,17
44591.01,1Aa2d6KSkBXKNZ2mK23oAtXADv6483UKZj8vR89bv5Vs1Y,check,17
44651.004,1Aa2d6KSkBXKNZ2mK23oAtXADv6483UKZj8vR89bv5Vs1Y,check,17
44711.01,1Aa2d6KSkBXKNZ2mK23oAtXADv6483UKZj8vR89bv5Vs1Y,check,17
44771.01,1Aa2d6KSkBXKNZ2mK23oAtXADv6483UKZj8vR89bv5Vs1Y,check,17
44831.01,1Aa2d6KSkBXKNZ2mK23oAtXADv6483UKZj8vR89bv5Vs1Y,check,17
44891.01,1Aa2d6KSkBXKNZ2mK23oAtXADv6483UKZj8vR89bv5Vs1Y,check,17
44951.01,1Aa2d6KSkBXKNZ2mK23oAtXADv6483UKZj8vR89bv5Vs1Y,check,17
45011.008,1Aa2d6KSkBXKNZ2mK23oAtXADv6483UKZj8vR89bv5Vs1Y,check,17
45071.01,1Aa2d6KSkBXKNZ2mK23oAtXADv6483UKZj8vR89bv5Vs1Y,check,17
45131.01,1Aa2d6KSkBXKNZ2mK23oAtXADv6483UKZj8vR89bv5Vs1Y,check,17
45191.01,1Aa2d6KSkBXKNZ2mK23oAtXADv6483UKZj8vR89bv5Vs1Y,check,17
45251.01,1Aa2d6KSkBXKNZ2mK23oAtXADv6483UKZj8vR89bv5Vs1Y,check,17
45311.01,1Aa2d6KSkBXKNZ2mK23oAtXADv6483UKZj8vR89bv5Vs1Y,check,17
45371.01,1Aa2d6KSkBXKNZ2mK23oAtXADv6483UKZj8vR89bv5Vs1Y,check,17
45431.008,1Aa2d6KSkBXKNZ2mK23oAtXADv6483UKZj8vR89bv5Vs1Y,check,17
45491.01,1Aa2d6KSkBXKNZ2mK23oAtXADv6483UKZj8vR89bv5Vs1Y,check,17
45551.01,1Aa2d6KSkBXKNZ2mK23oAtXADv6483UKZj8vR89bv5Vs1Y,check,17
45611.01,1Aa2d6KSkBXKNZ2mK23oAtXADv6483UKZj8vR89bv5Vs1Y,check,17
45671.01,1Aa2d6KSkBXKNZ2mK23oAtXADv6483UKZj8vR89bv5Vs1Y,check,17
45731.01,1Aa2d6KSkBXKNZ2mK23oAtXADv6483UKZj8vR89bv5Vs1Y,check,17
45791.01,1Aa2d6KSkBXKNZ2mK23oAtXADv6483UKZj8vR89bv5Vs1Y,check,17
45851.01,1Aa2d6KSkBXKNZ2mK23oAtXADv6483UKZj8vR89bv5Vs1Y,check,17
45911.01,1Aa2d6KSkBXKNZ2mK23oAtXADv6483UKZj8vR89bv5Vs1Y,check,17
45971.01,1Aa2d6KSkBXKNZ2mK23oAtXADv6483UKZj8vR89bv5Vs1Y,check,17
46031.01,1Aa2d6KSkBXKNZ2mK23oAtXADv6483UKZj8vR89bv5Vs1Y,check,17
46091.01,1Aa2d6KSkBXKNZ2mK23oAtXADv6483UKZj8vR89bv5Vs1Y,check,17
46151.01,1Aa2d6KSkBXKNZ2mK23oAtXADv6483UKZj8vR89bv5Vs1Y,check,17
46211.01,1Aa2d6KSkBXKNZ2mK23oAtXADv6483UKZj8vR89bv5Vs1Y,check,17
46271.01,1Aa2d6KSkBXKNZ2mK23oAtXADv6483UKZj8vR89bv5Vs1Y,check,17
46331.008,1Aa2d6KSkBXKNZ2mK23oAtXADv6483UKZj8vR89bv5Vs1Y,check,17
46391.01,1Aa2d6KSkBXKNZ2mK23oAtXADv6483UKZj8vR89bv5Vs1Y,check,17
46451.01,1Aa2d6KSkBXKNZ2mK23oAtXADv6483UKZj8vR89bv5Vs1Y,check,17
46511.008,1Aa2d6KSkBXKNZ2mK23oAtXADv6483UKZj8vR89bv5Vs1Y,check,17
46571.01,1Aa2d6KSkBXKNZ2mK23oAtXADv6483UKZj8vR89bv5Vs1Y,check,17
46631.01,1Aa2d6KSkBXKNZ2mK23oAtXADv6483UKZj8vR89bv5Vs1Y,check,17
46691.01,1Aa2d6KSkBXKNZ2mK23oAtXADv6483UKZj8vR89bv5Vs1Y,check,17
46751.01,1Aa2d6KSkBXKNZ2mK23oAtXADv6483UKZj8vR89bv5Vs1Y,check,17
46811.01,1Aa2d6KSkBXKNZ2mK23oAtXADv6483UKZj8vR89bv5Vs1Y,check,17
46871.01,1Aa2d6KSkBXKNZ2mK23oAtXADv6483UKZj8vR89bv5Vs1Y,check,17
46931.01,1Aa2d6KSkBXKNZ2mK23oAtXADv6483UKZj8vR89bv5Vs1Y,check,17
46991.01,1Aa2d6KSkBXKNZ2mK23oAtXADv6483UKZj8vR89bv5Vs1Y,check,17
47051.01,1Aa2d6KSkBXKNZ2mK23oAtXADv6483UKZj8vR89bv5Vs1Y,check,17
47111.01,1Aa2d6KSkBXKNZ2mK23oAtXADv6483UKZj8vR89bv5Vs1Y,check,17
47171.01,1Aa2d6KSkBXKNZ2mK23oAtXADv6483UKZj8vR89bv5Vs1Y,check,17
47231.01,1Aa2d6KSkBXKNZ2mK23oAtXADv6483UKZj8vR89bv5Vs1Y,check,17
47291.008,1Aa2d6KSkBXKNZ2mK23oAtXADv6483UKZj8vR89bv5Vs1Y,check,17
47351.01,1Aa2d6KSkBXKNZ2mK23oAtXADv6483UKZj8vR89bv5Vs1Y,check,17
47411.01,1Aa2d6KSkBXKNZ2mK23oAtXADv6483UKZj8vR89bv5Vs1Y,check,17
47471.01,1Aa2d6KSkBXKNZ2mK23oAtXADv6483UKZj8vR89bv5Vs1Y,check,17
47531.01,1Aa2d6KSkBXKNZ2mK23oAtXADv6483UKZj8vR89bv5Vs1Y,check,17
47591.01,1Aa2d6KSkBXKNZ2mK23oAtXADv6483UKZj8vR89bv5Vs1Y,check,17
47651.01,1Aa2d6KSkBXKNZ2mK23oAtXADv6483UKZj8vR89bv5Vs1Y,check,17
47711.01,1Aa2d6KSkBXKNZ2mK23oAtXADv6483UKZj8vR89bv5Vs1Y,check,17
47771.01,1Aa2d6KSkBXKNZ2mK23oAtXADv6483UKZj8vR89bv5Vs1Y,check,17
47831.008,1Aa2d6KSkBXKNZ2mK23oAtXADv6483UKZj8vR89bv5Vs1Y,check,17
47891.01,1Aa2d6KSkBXKNZ2mK23oAtXADv6483UKZj8vR89bv5Vs1Y,check,17
47951.01,1Aa2d6KSkBXKNZ2mK23oAtXADv6483UKZj8vR89bv5Vs1Y,check,17
48011.01,1Aa2d6KSkBXKNZ2mK23oAtXADv6483UKZj8vR89bv5Vs1Y,check,17
48071.008,1Aa2d6KSkBXKNZ2mK23oAtXADv6483UKZj8vR89bv5Vs1Y,check,17
48131.01,1Aa2d6KSkBXKNZ2mK23oAtXADv6483UKZj8vR89bv5Vs1Y,check,17
48191.01,1Aa2d6KSkBXKNZ2mK23oAtXADv6483UKZj8vR89bv5Vs1Y,check,17
48251.01,1Aa2d6KSkBXKNZ2mK23oAtXADv6483UKZj8vR89bv5Vs1Y,check,17
48311.01,1Aa2d6KSkBXKNZ2mK23oAtXADv6483UKZj8vR89bv5Vs1Y,check,17
48371.008,1Aa2d6KSkBXKNZ2mK23oAtXADv6483UKZj8vR89bv5Vs1Y,check,17
48431.01,1Aa2d6KSkBXKNZ2mK23oAtXADv6483UKZj8vR89bv5Vs1Y,check,17
48491.01,1Aa2d6KSkBXKNZ2mK23oAtXADv6483UKZj8vR89bv5Vs1Y,check,17
48551.01,1Aa2d6KSkBXKNZ2mK23oAtXADv6483UKZj8vR89bv5Vs1Y,check,17
48611.01,1Aa2d6KSkBXKNZ2mK23oAtXADv6483UKZj8vR89bv5Vs1Y,check,17
48671.01,1Aa2d6KSkBXKNZ2mK23oAtXADv6483UKZj8vR89bv5Vs1Y,check,17
48731.01,1Aa2d6KSkBXKNZ2mK23oAtXADv6483UKZj8vR89bv5Vs1Y,check,17
48791.01,1Aa2d6KSkBXKNZ2mK23oAtXADv6483UKZj8vR89bv5Vs1Y,check,17
48851.01,1Aa2d6KSkBXKNZ2mK23oAtXADv6483UKZj8vR89bv5Vs1Y,check,17
48911.01,1Aa2d6KSkBXKNZ2mK23oAtXADv6483UKZj8vR89bv5Vs1Y,check,17
48971.01,1Aa2d6KSkBXKNZ2mK23oAtXADv6483UKZj8vR89bv5Vs1Y,check,17
49031.01,1Aa2d6KSkBXKNZ2mK23oAtXADv6483UKZj8vR89bv5Vs1Y,check,17
49091.01,1Aa2d6KSkBXKNZ2mK23oAtXADv6483UKZj8vR89bv5Vs1Y,check,17
49151.008,1Aa2d6KSkBXKNZ2mK23oAtXADv6483UKZj8vR89bv5Vs1Y,check,17
49211.008,1Aa2d6KSkBXKNZ2mK23oAtXADv6483UKZj8vR89bv5Vs1Y,check,17
49271.008,1Aa2d6KSkBXKNZ2mK23oAtXADv6483UKZj8vR89bv5Vs1Y,check,17
49331.004,1Aa2d6KSkBXKNZ2mK23oAtXADv6483UKZj8vR89bv5Vs1Y,check,17
49391.004,1Aa2d6KSkBXKNZ2mK23oAtXADv6483UKZj8vR89bv5Vs1Y,check,17
49451.008,1Aa2d6KSkBXKNZ2mK23oAtXADv6483UKZj8vR89bv5Vs1Y,check,17
49511.01,1Aa2d6KSkBXKNZ2mK23oAtXADv6483UKZj8vR89bv5Vs1Y,check,17
49571.01,1Aa2d6KSkBXKNZ2mK23oAtXADv6483UKZj8vR89bv5Vs1Y,check,17
49631.01,1Aa2d6KSkBXKNZ2mK23oAtXADv6483UKZj8vR89bv5Vs1Y,check,17
49691.01,1Aa2d6KSkBXKNZ2mK23oAtXADv6483UKZj8vR89bv5Vs1Y,check,17
49751.01,1Aa2d6KSkBXKNZ2mK23oAtXADv6483UKZj8vR89bv5Vs1Y,check,17
49811.01,1Aa2d6KSkBXKNZ2mK23oAtXADv6483UKZj8vR89bv5Vs1Y,check,17
49871.01,1Aa2d6KSkBXKNZ2mK23oAtXADv6483UKZj8vR89bv5Vs1Y,check,17
49931.01,1Aa2d6KSkBXKNZ2mK23oAtXADv6483UKZj8vR89bv5Vs1Y,check,17
49991.008,1Aa2d6KSkBXKNZ2mK23oAtXADv6483UKZj8vR89bv5Vs1Y,check,17
50051.01,1Aa2d6KSkBXKNZ2mK23oAtXADv6483UKZj8vR89bv5Vs1Y,check,17
50111.01,1Aa2d6KSkBXKNZ2mK23oAtXADv6483UKZj8vR89bv5Vs1Y,check,17
50171.01,1Aa2d6KSkBXKNZ2mK23oAtXADv6483UKZj8vR89bv5Vs1Y,check,17
50231.008,1Aa2d6KSkBXKNZ2mK23oAtXADv6483UKZj8vR89bv5Vs1Y,check,17
50291.01,1Aa2d6KSkBXKNZ2mK23oAtXADv6483UKZj8vR89bv5Vs1Y,check,17
50351.01,1Aa2d6KSkBXKNZ2mK23oAtXADv6483UKZj8vR89bv5Vs1Y,check,17
50411.01,1Aa2d6KSkBXKNZ2mK23oAtXADv6483UKZj8vR89bv5Vs1Y,check,17
50471.01,1Aa2d6KSkBXKNZ2mK23oAtXADv6483UKZj8vR89bv5Vs1Y,check,17
50531.01,1Aa2d6KSkBXKNZ2mK23oAtXADv6483UKZj8vR89bv5Vs1Y,check,17
50591.01,1Aa2d6KSkBXKNZ2mK23oAtXADv6483UKZj8vR89bv5Vs1Y,check,17
50651.01,1Aa2d6KSkBXKNZ2mK23oAtXADv6483UKZj8vR89bv5Vs1Y,check,17
50711.01,1Aa2d6KSkBXKNZ2mK23oAtXADv6483UKZj8vR89bv5Vs1Y,check,17
50771.01,1Aa2d6KSkBXKNZ2mK23oAtXADv6483UKZj8vR89bv5Vs1Y,check,17
50831.01,1Aa2d6KSkBXKNZ2mK23oAtXADv6483UKZj8vR89bv5Vs1Y,check,17
50891.01,1Aa2d6KSkBXKNZ2mK23oAtXADv6483UKZj8vR89bv5Vs1Y,check,17
50951.01,1Aa2d6KSkBXKNZ2mK23oAtXADv6483UKZj8vR89bv5Vs1Y,check,17
51011.01,1Aa2d6KSkBXKNZ2mK23oAtXADv6483UKZj8vR89bv5Vs1Y,check,17
51071.01,1Aa2d6KSkBXKNZ2mK23oAtXADv6483UKZj8vR89bv5Vs1Y,check,17
51131.01,1Aa2d6KSkBXKNZ2mK23oAtXADv6483UKZj8vR89bv5Vs1Y,check,17
51191.01,1Aa2d6KSkBXKNZ2mK23oAtXADv6483UKZj8vR89bv5Vs1Y,check,17
51251.01,1Aa2d6KSkBXKNZ2mK23oAtXADv6483UKZj8vR89bv5Vs1Y,check,17
51311.008,1Aa2d6KSkBXKNZ2mK23oAtXADv6483UKZj8vR89bv5Vs1Y,check,17
51371.01,1Aa2d6KSkBXKNZ2mK23oAtXADv6483UKZj8vR89bv5Vs1Y,check,17
51431.01,1Aa2d6KSkBXKNZ2mK23oAtXADv6483UKZj8vR89bv5Vs1Y,check,17
51491.01,1Aa2d6KSkBXKNZ2mK23oAtXADv6483UKZj8vR89bv5Vs1Y,check,17
51551.01,1Aa2d6KSkBXKNZ2mK23oAtXADv6483UKZj8vR89bv5Vs1Y,check,17
51611.008,1Aa2d6KSkBXKNZ2mK23oAtXADv6483UKZj8vR89bv5Vs1Y,check,17
51671.008,1Aa2d6KSkBXKNZ2mK23oAtXADv6483UKZj8vR89bv5Vs1Y,check,17
51731.008,1Aa2d6KSkBXKNZ2mK23oAtXADv6483UKZj8vR89bv5Vs1Y,check,17
51791.01,1Aa2d6KSkBXKNZ2mK23oAtXADv6483UKZj8vR89bv5Vs1Y,check,17
51851.01,1Aa2d6KSkBXKNZ2mK23oAtXADv6483UKZj8vR89bv5Vs1Y,check,17
51911.008,1Aa2d6KSkBXKNZ2mK23oAtXADv6483UKZj8vR89bv5Vs1Y,check,17
51971.01,1Aa2d6KSkBXKNZ2mK23oAtXADv6483UKZj8vR89bv5Vs1Y,check,17
52031.01,1Aa2d6KSkBXKNZ2mK23oAtXADv6483UKZj8vR89bv5Vs1Y,check,17
52091.008,1Aa2d6KSkBXKNZ2mK23oAtXADv6483UKZj8vR89bv5Vs1Y,check,17
52151.01,1Aa2d6KSkBXKNZ2mK23oAtXADv6483UKZj8vR89bv5Vs1Y,check,17
52211.01,1Aa2d6KSkBXKNZ2mK23oAtXADv6483UKZj8vR89bv5Vs1Y,check,17
52271.01,1Aa2d6KSkBXKNZ2mK23oAtXADv6483UKZj8vR89bv5Vs1Y,check,17
52331.01,1Aa2d6KSkBXKNZ2mK23oAtXADv6483UKZj8vR89bv5Vs1Y,check,17
52391.008,1Aa2d6KSkBXKNZ2mK23oAtXADv6483UKZj8vR89bv5Vs1Y,check,17
52451.01,1Aa2d6KSkBXKNZ2mK23oAtXADv6483UKZj8vR89bv5Vs1Y,check,17
52511.01,1Aa2d6KSkBXKNZ2mK23oAtXADv6483UKZj8vR89bv5Vs1Y,check,17
52571.01,1Aa2d6KSkBXKNZ2mK23oAtXADv6483UKZj8vR89bv5Vs1Y,check,17
52631.01,1Aa2d6KSkBXKNZ2mK23oAtXADv6483UKZj8vR89bv5Vs1Y,check,17
52691.008,1Aa2d6KSkBXKNZ2mK23oAtXADv6483UKZj8vR89bv5Vs1Y,check,17
52751.01,1Aa2d6KSkBXKNZ2mK23oAtXADv6483UKZj8vR89bv5Vs1Y,check,17
52811.01,1Aa2d6KSkBXKNZ2mK23oAtXADv6483UKZj8vR89bv5Vs1Y,check,17
52871.01,1Aa2d6KSkBXKNZ2mK23oAtXADv6483UKZj8vR89bv5Vs1Y,check,17
52931.01,1Aa2d6KSkBXKNZ2mK23oAtXADv6483UKZj8vR89bv5Vs1Y,check,17
52991.01,1Aa2d6KSkBXKNZ2mK23oAtXADv6483UKZj8vR89bv5Vs1Y,check,17
53051.01,1Aa2d6KSkBXKNZ2mK23oAtXADv6483UKZj8vR89bv5Vs1Y,check,17
53111.01,1Aa2d6KSkBXKNZ2mK23oAtXADv6483UKZj8vR89bv5Vs1Y,check,17
53171.01,1Aa2d6KSkBXKNZ2mK23oAtXADv6483UKZj8vR89bv5Vs1Y,check,17
53231.01,1Aa2d6KSkBXKNZ2mK23oAtXADv6483UKZj8vR89bv5Vs1Y,check,16
53291.01,1Aa2d6KSkBXKNZ2mK23oAtXADv6483UKZj8vR89bv5Vs1Y,check,17
53351.01,1Aa2d6KSkBXKNZ2mK23oAtXADv6483UKZj8vR89bv5Vs1Y,check,17
53411.01,1Aa2d6KSkBXKNZ2mK23oAtXADv6483UKZj8vR89bv5Vs1Y,check,17
53471.01,1Aa2d6KSkBXKNZ2mK23oAtXADv6483UKZj8vR89bv5Vs1Y,check,17
53531.01,1Aa2d6KSkBXKNZ2mK23oAtXADv6483UKZj8vR89bv5Vs1Y,check,17
53591.01,1Aa2d6KSkBXKNZ2mK23oAtXADv6483UKZj8vR89bv5Vs1Y,check,17
53651.01,1Aa2d6KSkBXKNZ2mK23oAtXADv6483UKZj8vR89bv5Vs1Y,check,17
53711.01,1Aa2d6KSkBXKNZ2mK23oAtXADv6483UKZj8vR89bv5Vs1Y,check,17
53771.008,1Aa2d6KSkBXKNZ2mK23oAtXADv6483UKZj8vR89bv5Vs1Y,check,17
53831.01,1Aa2d6KSkBXKNZ2mK23oAtXADv6483UKZj8vR89bv5Vs1Y,check,17
53891.01,1Aa2d6KSkBXKNZ2mK23oAtXADv6483UKZj8vR89bv5Vs1Y,check,17
53951.01,1Aa2d6KSkBXKNZ2mK23oAtXADv6483UKZj8vR89bv5Vs1Y,check,17
54011.01,1Aa2d6KSkBXKNZ2mK23oAtXADv6483UKZj8vR89bv5Vs1Y,check,17
54071.01,1Aa2d6KSkBXKNZ2mK23oAtXADv6483UKZj8vR89bv5Vs1Y,check,17
54131.01,1Aa2d6KSkBXKNZ2mK23oAtXADv6483UKZj8vR89bv5Vs1Y,check,17
54191.01,1Aa2d6KSkBXKNZ2mK23oAtXADv6483UKZj8vR89bv5Vs1Y,check,17
54251.01,1Aa2d6KSkBXKNZ2mK23oAtXADv6483UKZj8vR89bv5Vs1Y,check,17
54311.01,1Aa2d6KSkBXKNZ2mK23oAtXADv6483UKZj8vR89bv5Vs1Y,check,17
54371.01,1Aa2d6KSkBXKNZ2mK23oAtXADv6483UKZj8vR89bv5Vs1Y,check,17
54431.01,1Aa2d6KSkBXKNZ2mK23oAtXADv6483UKZj8vR89bv5Vs1Y,check,17
54491.01,1Aa2d6KSkBXKNZ2mK23oAtXADv6483UKZj8vR89bv5Vs1Y,check,17
54551.01,1Aa2d6KSkBXKNZ2mK23oAtXADv6483UKZj8vR89bv5Vs1Y,check,17
54611.01,1Aa2d6KSkBXKNZ2mK23oAtXADv6483UKZj8vR89bv5Vs1Y,check,17
54671.01,1Aa2d6KSkBXKNZ2mK23oAtXADv6483UKZj8vR89bv5Vs1Y,check,17
54731.01,1Aa2d6KSkBXKNZ2mK23oAtXADv6483UKZj8vR89bv5Vs1Y,check,17
54791.01,1Aa2d6KSkBXKNZ2mK23oAtXADv6483UKZj8vR89bv5Vs1Y,check,17
54851.01,1Aa2d6KSkBXKNZ2mK23oAtXADv6483UKZj8vR89bv5Vs1Y,check,17
54911.008,1Aa2d6KSkBXKNZ2mK23oAtXADv6483UKZj8vR89bv5Vs1Y,check,17
54971.008,1Aa2d6KSkBXKNZ2mK23oAtXADv6483UKZj8vR89bv5Vs1Y,check,17
55031.01,1Aa2d6KSkBXKNZ2mK23oAtXADv6483UKZj8vR89bv5Vs1Y,check,17
55091.01,1Aa2d6KSkBXKNZ2mK23oAtXADv6483UKZj8vR89bv5Vs1Y,check,17
55151.01,1Aa2d6KSkBXKNZ2mK23oAtXADv6483UKZj8vR89bv5Vs1Y,check,17
55211.01,1Aa2d6KSkBXKNZ2mK23oAtXADv6483UKZj8vR89bv5Vs1Y,check,17
55271.01,1Aa2d6KSkBXKNZ2mK23oAtXADv6483UKZj8vR89bv5Vs1Y,check,17
55331.01,1Aa2d6KSkBXKNZ2mK23oAtXADv6483UKZj8vR89bv5Vs1Y,check,17
55391.01,1Aa2d6KSkBXKNZ2mK23oAtXADv6483UKZj8vR89bv5Vs1Y,check,17
55451.01,1Aa2d6KSkBXKNZ2mK23oAtXADv6483UKZj8vR89bv5Vs1Y,check,17
55511.01,1Aa2d6KSkBXKNZ2mK23oAtXADv6483UKZj8vR89bv5Vs1Y,check,17
55571.01,1Aa2d6KSkBXKNZ2mK23oAtXADv6483UKZj8vR89bv5Vs1Y,check,17
55631.01,1Aa2d6KSkBXKNZ2mK23oAtXADv6483UKZj8vR89bv5Vs1Y,check,17
55691.01,1Aa2d6KSkBXKNZ2mK23oAtXADv6483UKZj8vR89bv5Vs1Y,check,17
55751.01,1Aa2d6KSkBXKNZ2mK23oAtXADv6483UKZj8vR89bv5Vs1Y,check,17
55811.01,1Aa2d6KSkBXKNZ2mK23oAtXADv6483UKZj8vR89bv5Vs1Y,check,17
55871.01,1Aa2d6KSkBXKNZ2mK23oAtXADv6483UKZj8vR89bv5Vs1Y,check,17
55931.01,1Aa2d6KSkBXKNZ2mK23oAtXADv6483UKZj8vR89bv5Vs1Y,check,17
55991.01,1Aa2d6KSkBXKNZ2mK23oAtXADv6483UKZj8vR89bv5Vs1Y,check,17
56051.01,1Aa2d6KSkBXKNZ2mK23oAtXADv6483UKZj8vR89bv5Vs1Y,check,17
56111.01,1Aa2d6KSkBXKNZ2mK23oAtXADv6483UKZj8vR89bv5Vs1Y,check,17
56171.01,1Aa2d6KSkBXKNZ2mK23oAtXADv6483UKZj8vR89bv5Vs1Y,check,17
56231.01,1Aa2d6KSkBXKNZ2mK23oAtXADv6483UKZj8vR89bv5Vs1Y,check,17
56291.01,1Aa2d6KSkBXKNZ2mK23oAtXADv6483UKZj8vR89bv5Vs1Y,check,17
56351.008,1Aa2d6KSkBXKNZ2mK23oAtXADv6483UKZj8vR89bv5Vs1Y,check,17
56411.01,1Aa2d6KSkBXKNZ2mK23oAtXADv6483UKZj8vR89bv5Vs1Y,check,17
56471.01,1Aa2d6KSkBXKNZ2mK23oAtXADv6483UKZj8vR89bv5Vs1Y,check,17
56531.01,1Aa2d6KSkBXKNZ2mK23oAtXADv6483UKZj8vR89bv5Vs1Y,check,17
56591.01,1Aa2d6KSkBXKNZ2mK23oAtXADv6483UKZj8vR89bv5Vs1Y,check,17
56651.01,1Aa2d6KSkBXKNZ2mK23oAtXADv6483UKZj8vR89bv5Vs1Y,check,17
56711.01,1Aa2d6KSkBXKNZ2mK23oAtXADv6483UKZj8vR89bv5Vs1Y,check,17
56771.008,1Aa2d6KSkBXKNZ2mK23oAtXADv6483UKZj8vR89bv5Vs1Y,check,17
56831.01,1Aa2d6KSkBXKNZ2mK23oAtXADv6483UKZj8vR89bv5Vs1Y,check,17
56891.01,1Aa2d6KSkBXKNZ2mK23oAtXADv6483UKZj8vR89bv5Vs1Y,check,17
56951.01,1Aa2d6KSkBXKNZ2mK23oAtXADv6483UKZj8vR89bv5Vs1Y,check,17
57011.01,1Aa2d6KSkBXKNZ2mK23oAtXADv6483UKZj8vR89bv5Vs1Y,check,17
57071.01,1Aa2d6KSkBXKNZ2mK23oAtXADv6483UKZj8vR89bv5Vs1Y,check,17
57131.01,1Aa2d6KSkBXKNZ2mK23oAtXADv6483UKZj8vR89bv5Vs1Y,check,17
57191.01,1Aa2d6KSkBXKNZ2mK23oAtXADv6483UKZj8vR89bv5Vs1Y,check,17
57251.01,1Aa2d6KSkBXKNZ2mK23oAtXADv6483UKZj8vR89bv5Vs1Y,check,17
57311.01,1Aa2d6KSkBXKNZ2mK23oAtXADv6483UKZj8vR89bv5Vs1Y,check,17
57371.01,1Aa2d6KSkBXKNZ2mK23oAtXADv6483UKZj8vR89bv5Vs1Y,check,17
57431.01,1Aa2d6KSkBXKNZ2mK23oAtXADv6483UKZj8vR89bv5Vs1Y,check,17
57491.01,1Aa2d6KSkBXKNZ2mK23oAtXADv6483UKZj8vR89bv5Vs1Y,check,17
57551.01,1Aa2d6KSkBXKNZ2mK23oAtXADv6483UKZj8vR89bv5Vs1Y,check,17
57611.01,1Aa2d6KSkBXKNZ2mK23oAtXADv6483UKZj8vR89bv5Vs1Y,check,17
57671.01,1Aa2d6KSkBXKNZ2mK23oAtXADv6483UKZj8vR89bv5Vs1Y,check,17
57731.01,1Aa2d6KSkBXKNZ2mK23oAtXADv6483UKZj8vR89bv5Vs1Y,check,17
57791.01,1Aa2d6KSkBXKNZ2mK23oAtXADv6483UKZj8vR89bv5Vs1Y,check,17
57851.01,1Aa2d6KSkBXKNZ2mK23oAtXADv6483UKZj8vR89bv5Vs1Y,check,17
57911.01,1Aa2d6KSkBXKNZ2mK23oAtXADv6483UKZj8vR89bv5Vs1Y,check,17
57971.008,1Aa2d6KSkBXKNZ2mK23oAtXADv6483UKZj8vR89bv5Vs1Y,check,17
58031.008,1Aa2d6KSkBXKNZ2mK23oAtXADv6483UKZj8vR89bv5Vs1Y,check,17
58091.004,1Aa2d6KSkBXKNZ2mK23oAtXADv6483UKZj8vR89bv5Vs1Y,check,17
58151.008,1Aa2d6KSkBXKNZ2mK23oAtXADv6483UKZj8vR89bv5Vs1Y,check,17
58211.004,1Aa2d6KSkBXKNZ2mK23oAtXADv6483UKZj8vR89bv5Vs1Y,check,17
58271.008,1Aa2d6KSkBXKNZ2mK23oAtXADv6483UKZj8vR89bv5Vs1Y,check,17
58331.01,1Aa2d6KSkBXKNZ2mK23oAtXADv6483UKZj8vR89bv5Vs1Y,check,17
58391.01,1Aa2d6KSkBXKNZ2mK23oAtXADv6483UKZj8vR89bv5Vs1Y,check,17
58451.01,1Aa2d6KSkBXKNZ2mK23oAtXADv6483UKZj8vR89bv5Vs1Y,check,17
58511.008,1Aa2d6KSkBXKNZ2mK23oAtXADv6483UKZj8vR89bv5Vs1Y,check,16
58571.01,1Aa2d6KSkBXKNZ2mK23oAtXADv6483UKZj8vR89bv5Vs1Y,check,17
58631.01,1Aa2d6KSkBXKNZ2mK23oAtXADv6483UKZj8vR89bv5Vs1Y,check,17
58691.01,1Aa2d6KSkBXKNZ2mK23oAtXADv6483UKZj8vR89bv5Vs1Y,check,17
58751.01,1Aa2d6KSkBXKNZ2mK23oAtXADv6483UKZj8vR89bv5Vs1Y,check,17
58811.01,1Aa2d6KSkBXKNZ2mK23oAtXADv6483UKZj8vR89bv5Vs1Y,check,17
58871.01,1Aa2d6KSkBXKNZ2mK23oAtXADv6483UKZj8vR89bv5Vs1Y,check,17
58931.01,1Aa2d6KSkBXKNZ2mK23oAtXADv6483UKZj8vR89bv5Vs1Y,check,17
58991.01,1Aa2d6KSkBXKNZ2mK23oAtXADv6483UKZj8vR89bv5Vs1Y,check,17
59051.01,1Aa2d6KSkBXKNZ2mK23oAtXADv6483UKZj8vR89bv5Vs1Y,check,17
59111.01,1Aa2d6KSkBXKNZ2mK23oAtXADv6483UKZj8vR89bv5Vs1Y,check,17
59171.01,1Aa2d6KSkBXKNZ2mK23oAtXADv6483UKZj8vR89bv5Vs1Y,check,17
59231.01,1Aa2d6KSkBXKNZ2mK23oAtXADv6483UKZj8vR89bv5Vs1Y,check,17
59291.01,1Aa2d6KSkBXKNZ2mK23oAtXADv6483UKZj8vR89bv5Vs1Y,check,17
59351.01,1Aa2d6KSkBXKNZ2mK23oAtXADv6483UKZj8vR89bv5Vs1Y,check,17
59411.01,1Aa2d6KSkBXKNZ2mK23oAtXADv6483UKZj8vR89bv5Vs1Y,check,17
59471.01,1Aa2d6KSkBXKNZ2mK23oAtXADv6483UKZj8vR89bv5Vs1Y,check,17
59531.01,1Aa2d6KSkBXKNZ2mK23oAtXADv6483UKZj8vR89bv5Vs1Y,check,17
59591.01,1Aa2d6KSkBXKNZ2mK23oAtXADv6483UKZj8vR89bv5Vs1Y,check,17
59651.01,1Aa2d6KSkBXKNZ2mK23oAtXADv6483UKZj8vR89bv5Vs1Y,check,17
59711.01,1Aa2d6KSkBXKNZ2mK23oAtXADv6483UKZj8vR89bv5Vs1Y,check,17
59771.01,1Aa2d6KSkBXKNZ2mK23oAtXADv6483UKZj8vR89bv5Vs1Y,check,17
59831.01,1Aa2d6KSkBXKNZ2mK23oAtXADv6483UKZj8vR89bv5Vs1Y,check,17
59891.01,1Aa2d6KSkBXKNZ2mK23oAtXADv6483UKZj8vR89bv5Vs1Y,check,17
59951.01,1Aa2d6KSkBXKNZ2mK23oAtXADv6483UKZj8vR89bv5Vs1Y,check,17
60011.01,1Aa2d6KSkBXKNZ2mK23oAtXADv6483UKZj8vR89bv5Vs1Y,check,17
60071.02,1Aa2d6KSkBXKNZ2mK23oAtXADv6483UKZj8vR89bv5Vs1Y,check,17
60131.008,1Aa2d6KSkBXKNZ2mK23oAtXADv6483UKZj8vR89bv5Vs1Y,check,17
60191.01,1Aa2d6KSkBXKNZ2mK23oAtXADv6483UKZj8vR89bv5Vs1Y,check,17
60251.01,1Aa2d6KSkBXKNZ2mK23oAtXADv6483UKZj8vR89bv5Vs1Y,check,17
60311.01,1Aa2d6KSkBXKNZ2mK23oAtXADv6483UKZj8vR89bv5Vs1Y,check,17
60371.01,1Aa2d6KSkBXKNZ2mK23oAtXADv6483UKZj8vR89bv5Vs1Y,check,17
60431.01,1Aa2d6KSkBXKNZ2mK23oAtXADv6483UKZj8vR89bv5Vs1Y,check,17
60491.01,1Aa2d6KSkBXKNZ2mK23oAtXADv6483UKZj8vR89bv5Vs1Y,check,17
60551.01,1Aa2d6KSkBXKNZ2mK23oAtXADv6483UKZj8vR89bv5Vs1Y,check,17
60611.01,1Aa2d6KSkBXKNZ2mK23oAtXADv6483UKZj8vR89bv5Vs1Y,check,17
60671.004,1Aa2d6KSkBXKNZ2mK23oAtXADv6483UKZj8vR89bv5Vs1Y,check,17
60731.01,1Aa2d6KSkBXKNZ2mK23oAtXADv6483UKZj8vR89bv5Vs1Y,check,17
60791.01,1Aa2d6KSkBXKNZ2mK23oAtXADv6483UKZj8vR89bv5Vs1Y,check,17
60851.01,1Aa2d6KSkBXKNZ2mK23oAtXADv6483UKZj8vR89bv5Vs1Y,check,17
60911.01,1Aa2d6KSkBXKNZ2mK23oAtXADv6483UKZj8vR89bv5Vs1Y,check,17
60971.01,1Aa2d6KSkBXKNZ2mK23oAtXADv6483UKZj8vR89bv5Vs1Y,check,17
61031.01,1Aa2d6KSkBXKNZ2mK23oAtXADv6483UKZj8vR89bv5Vs1Y,check,17
61091.01,1Aa2d6KSkBXKNZ2mK23oAtXADv6483UKZj8vR89bv5Vs1Y,check,17
61151.008,1Aa2d6KSkBXKNZ2mK23oAtXADv6483UKZj8vR89bv5Vs1Y,check,17
61211.01,1Aa2d6KSkBXKNZ2mK23oAtXADv6483UKZj8vR89bv5Vs1Y,check,17
61271.01,1Aa2d6KSkBXKNZ2mK23oAtXADv6483UKZj8vR89bv5Vs1Y,check,17
61331.01,1Aa2d6KSkBXKNZ2mK23oAtXADv6483UKZj8vR89bv5Vs1Y,check,17
61391.01,1Aa2d6KSkBXKNZ2mK23oAtXADv6483UKZj8vR89bv5Vs1Y,check,17
61451.01,1Aa2d6KSkBXKNZ2mK23oAtXADv6483UKZj8vR89bv5Vs1Y,check,17
61511.008,1Aa2d6KSkBXKNZ2mK23oAtXADv6483UKZj8vR89bv5Vs1Y,check,17
61571.01,1Aa2d6KSkBXKNZ2mK23oAtXADv6483UKZj8vR89bv5Vs1Y,check,17
61631.01,1Aa2d6KSkBXKNZ2mK23oAtXADv6483UKZj8vR89bv5Vs1Y,check,17
61691.01,1Aa2d6KSkBXKNZ2mK23oAtXADv6483UKZj8vR89bv5Vs1Y,check,17
61751.01,1Aa2d6KSkBXKNZ2mK23oAtXADv6483UKZj8vR89bv5Vs1Y,check,17
61811.01,1Aa2d6KSkBXKNZ2mK23oAtXADv6483UKZj8vR89bv5Vs1Y,check,17
61871.008,1Aa2d6KSkBXKNZ2mK23oAtXADv6483UKZj8vR89bv5Vs1Y,check,17
61931.01,1Aa2d6KSkBXKNZ2mK23oAtXADv6483UKZj8vR89bv5Vs1Y,check,17
61991.01,1Aa2d6KSkBXKNZ2mK23oAtXADv6483UKZj8vR89bv5Vs1Y,check,17
62051.01,1Aa2d6KSkBXKNZ2mK23oAtXADv6483UKZj8vR89bv5Vs1Y,check,17
62111.01,1Aa2d6KSkBXKNZ2mK23oAtXADv6483UKZj8vR89bv5Vs1Y,check,17
62171.01,1Aa2d6KSkBXKNZ2mK23oAtXADv6483UKZj8vR89bv5Vs1Y,check,17
62231.008,1Aa2d6KSkBXKNZ2mK23oAtXADv6483UKZj8vR89bv5Vs1Y,check,17
62291.01,1Aa2d6KSkBXKNZ2mK23oAtXADv6483UKZj8vR89bv5Vs1Y,check,17
62351.01,1Aa2d6KSkBXKNZ2mK23oAtXADv6483UKZj8vR89bv5Vs1Y,check,17
62411.01,1Aa2d6KSkBXKNZ2mK23oAtXADv6483UKZj8vR89bv5Vs1Y,check,17
62471.01,1Aa2d6KSkBXKNZ2mK23oAtXADv6483UKZj8vR89bv5Vs1Y,check,17
62531.01,1Aa2d6KSkBXKNZ2mK23oAtXADv6483UKZj8vR89bv5Vs1Y,check,17
62591.01,1Aa2d6KSkBXKNZ2mK23oAtXADv6483UKZj8vR89bv5Vs1Y,check,17
62651.01,1Aa2d6KSkBXKNZ2mK23oAtXADv6483UKZj8vR89bv5Vs1Y,check,17
62711.008,1Aa2d6KSkBXKNZ2mK23oAtXADv6483UKZj8vR89bv5Vs1Y,check,17
62771.01,1Aa2d6KSkBXKNZ2mK23oAtXADv6483UKZj8vR89bv5Vs1Y,check,17
62831.008,1Aa2d6KSkBXKNZ2mK23oAtXADv6483UKZj8vR89bv5Vs1Y,check,17
62891.01,1Aa2d6KSkBXKNZ2mK23oAtXADv6483UKZj8vR89bv5Vs1Y,check,17
62951.01,1Aa2d6KSkBXKNZ2mK23oAtXADv6483UKZj8vR89bv5Vs1Y,check,17
63011.01,1Aa2d6KSkBXKNZ2mK23oAtXADv6483UKZj8vR89bv5Vs1Y,check,17
63071.01,1Aa2d6KSkBXKNZ2mK23oAtXADv6483UKZj8vR89bv5Vs1Y,check,17
63131.01,1Aa2d6KSkBXKNZ2mK23oAtXADv6483UKZj8vR89bv5Vs1Y,check,16
63191.01,1Aa2d6KSkBXKNZ2mK23oAtXADv6483UKZj8vR89bv5Vs1Y,check,17
63251.01,1Aa2d6KSkBXKNZ2mK23oAtXADv6483UKZj8vR89bv5Vs1Y,check,17
63311.01,1Aa2d6KSkBXKNZ2mK23oAtXADv6483UKZj8vR89bv5Vs1Y,check,17
63371.01,1Aa2d6KSkBXKNZ2mK23oAtXADv6483UKZj8vR89bv5Vs1Y,check,17
63431.01,1Aa2d6KSkBXKNZ2mK23oAtXADv6483UKZj8vR89bv5Vs1Y,check,17
63491.01,1Aa2d6KSkBXKNZ2mK23oAtXADv6483UKZj8vR89bv5Vs1Y,check,17
63551.01,1Aa2d6KSkBXKNZ2mK23oAtXADv6483UKZj8vR89bv5Vs1Y,check,17
63611.01,1Aa2d6KSkBXKNZ2mK23oAtXADv6483UKZj8vR89bv5Vs1Y,check,17
63671.01,1Aa2d6KSkBXKNZ2mK23oAtXADv6483UKZj8vR89bv5Vs1Y,check,17
63731.01,1Aa2d6KSkBXKNZ2mK23oAtXADv6483UKZj8vR89bv5Vs1Y,check,17
63791.01,1Aa2d6KSkBXKNZ2mK23oAtXADv6483UKZj8vR89bv5Vs1Y,check,17
63851.01,1Aa2d6KSkBXKNZ2mK23oAtXADv6483UKZj8vR89bv5Vs1Y,check,17
63911.01,1Aa2d6KSkBXKNZ2mK23oAtXADv6483UKZj8vR89bv5Vs1Y,check,17
63971.01,1Aa2d6KSkBXKNZ2mK23oAtXADv6483UKZj8vR89bv5Vs1Y,check,17
64031.016,1Aa2d6KSkBXKNZ2mK23oAtXADv6483UKZj8vR89bv5Vs1Y,check,17
64091.01,1Aa2d6KSkBXKNZ2mK23oAtXADv6483UKZj8vR89bv5Vs1Y,check,17
64151.01,1Aa2d6KSkBXKNZ2mK23oAtXADv6483UKZj8vR89bv5Vs1Y,check,17
64211.01,1Aa2d6KSkBXKNZ2mK23oAtXADv6483UKZj8vR89bv5Vs1Y,check,17
64271.01,1Aa2d6KSkBXKNZ2mK23oAtXADv6483UKZj8vR89bv5Vs1Y,check,17
64331.01,1Aa2d6KSkBXKNZ2mK23oAtXADv6483UKZj8vR89bv5Vs1Y,check,17
64391.01,1Aa2d6KSkBXKNZ2mK23oAtXADv6483UKZj8vR89bv5Vs1Y,check,17
64451.01,1Aa2d6KSkBXKNZ2mK23oAtXADv6483UKZj8vR89bv5Vs1Y,check,17
64511.01,1Aa2d6KSkBXKNZ2mK23oAtXADv6483UKZj8vR89bv5Vs1Y,check,17
64571.01,1Aa2d6KSkBXKNZ2mK23oAtXADv6483UKZj8vR89bv5Vs1Y,check,17
64631.01,1Aa2d6KSkBXKNZ2mK23oAtXADv6483UKZj8vR89bv5Vs1Y,check,17
64691.01,1Aa2d6KSkBXKNZ2mK23oAtXADv6483UKZj8vR89bv5Vs1Y,check,17
64751.01,1Aa2d6KSkBXKNZ2mK23oAtXADv6483UKZj8vR89bv5Vs1Y,check,17
64811.01,1Aa2d6KSkBXKNZ2mK23oAtXADv6483UKZj8vR89bv5Vs1Y,check,17
64871.01,1Aa2d6KSkBXKNZ2mK23oAtXADv6483UKZj8vR89bv5Vs1Y,check,17
64931.01,1Aa2d6KSkBXKNZ2mK23oAtXADv6483UKZj8vR89bv5Vs1Y,check,17
64991.004,1Aa2d6KSkBXKNZ2mK23oAtXADv6483UKZj8vR89bv5Vs1Y,check,17
65051.01,1Aa2d6KSkBXKNZ2mK23oAtXADv6483UKZj8vR89bv5Vs1Y,check,17
65111.01,1Aa2d6KSkBXKNZ2mK23oAtXADv6483UKZj8vR89bv5Vs1Y,check,17
65171.008,1Aa2d6KSkBXKNZ2mK23oAtXADv6483UKZj8vR89bv5Vs1Y,check,17
65231.01,1Aa2d6KSkBXKNZ2mK23oAtXADv6483UKZj8vR89bv5Vs1Y,check,17
65291.01,1Aa2d6KSkBXKNZ2mK23oAtXADv6483UKZj8vR89bv5Vs1Y,check,16
65351.01,1Aa2d6KSkBXKNZ2mK23oAtXADv6483UKZj8vR89bv5Vs1Y,check,17
65411.01,1Aa2d6KSkBXKNZ2mK23oAtXADv6483UKZj8vR89bv5Vs1Y,check,17
65471.01,1Aa2d6KSkBXKNZ2mK23oAtXADv6483UKZj8vR89bv5Vs1Y,check,17
65531.008,1Aa2d6KSkBXKNZ2mK23oAtXADv6483UKZj8vR89bv5Vs1Y,check,17
65591.01,1Aa2d6KSkBXKNZ2mK23oAtXADv6483UKZj8vR89bv5Vs1Y,check,17
65651.01,1Aa2d6KSkBXKNZ2mK23oAtXADv6483UKZj8vR89bv5Vs1Y,check,17
65711.01,1Aa2d6KSkBXKNZ2mK23oAtXADv6483UKZj8vR89bv5Vs1Y,check,17
65771.01,1Aa2d6KSkBXKNZ2mK23oAtXADv6483UKZj8vR89bv5Vs1Y,check,17
65831.016,1Aa2d6KSkBXKNZ2mK23oAtXADv6483UKZj8vR89bv5Vs1Y,check,17
65891.01,1Aa2d6KSkBXKNZ2mK23oAtXADv6483UKZj8vR89bv5Vs1Y,check,17
65951.016,1Aa2d6KSkBXKNZ2mK23oAtXADv6483UKZj8vR89bv5Vs1Y,check,17
66011.01,1Aa2d6KSkBXKNZ2mK23oAtXADv6483UKZj8vR89bv5Vs1Y,check,16
66071.016,1Aa2d6KSkBXKNZ2mK23oAtXADv6483UKZj8vR89bv5Vs1Y,check,17
66131.016,1Aa2d6KSkBXKNZ2mK23oAtXADv6483UKZj8vR89bv5Vs1Y,check,17
66191.01,1Aa2d6KSkBXKNZ2mK23oAtXADv6483UKZj8vR89bv5Vs1Y,check,17
66251.01,1Aa2d6KSkBXKNZ2mK23oAtXADv6483UKZj8vR89bv5Vs1Y,check,16
66311.01,1Aa2d6KSkBXKNZ2mK23oAtXADv6483UKZj8vR89bv5Vs1Y,check,17
66371.016,1Aa2d6KSkBXKNZ2mK23oAtXADv6483UKZj8vR89bv5Vs1Y,check,16
66431.016,1Aa2d6KSkBXKNZ2mK23oAtXADv6483UKZj8vR89bv5Vs1Y,check,17
66491.01,1Aa2d6KSkBXKNZ2mK23oAtXADv6483UKZj8vR89bv5Vs1Y,check,17
66551.016,1Aa2d6KSkBXKNZ2mK23oAtXADv6483UKZj8vR89bv5Vs1Y,check,17
66611.01,1Aa2d6KSkBXKNZ2mK23oAtXADv6483UKZj8vR89bv5Vs1Y,check,17
66671.01,1Aa2d6KSkBXKNZ2mK23oAtXADv6483UKZj8vR89bv5Vs1Y,check,17
66731.01,1Aa2d6KSkBXKNZ2mK23oAtXADv6483UKZj8vR89bv5Vs1Y,check,17
66791.01,1Aa2d6KSkBXKNZ2mK23oAtXADv6483UKZj8vR89bv5Vs1Y,check,17
66851.01,1Aa2d6KSkBXKNZ2mK23oAtXADv6483UKZj8vR89bv5Vs1Y,check,17
66911.01,1Aa2d6KSkBXKNZ2mK23oAtXADv6483UKZj8vR89bv5Vs1Y,check,17
66971.01,1Aa2d6KSkBXKNZ2mK23oAtXADv6483UKZj8vR89bv5Vs1Y,check,17
67031.01,1Aa2d6KSkBXKNZ2mK23oAtXADv6483UKZj8vR89bv5Vs1Y,check,17
67091.016,1Aa2d6KSkBXKNZ2mK23oAtXADv6483UKZj8vR89bv5Vs1Y,check,17
67151.01,1Aa2d6KSkBXKNZ2mK23oAtXADv6483UKZj8vR89bv5Vs1Y,check,17
67211.016,1Aa2d6KSkBXKNZ2mK23oAtXADv6483UKZj8vR89bv5Vs1Y,check,17
67271.01,1Aa2d6KSkBXKNZ2mK23oAtXADv6483UKZj8vR89bv5Vs1Y,check,17
67331.016,1Aa2d6KSkBXKNZ2mK23oAtXADv6483UKZj8vR89bv5Vs1Y,check,15
67391.01,1Aa2d6KSkBXKNZ2mK23oAtXADv6483UKZj8vR89bv5Vs1Y,check,17
67451.01,1Aa2d6KSkBXKNZ2mK23oAtXADv6483UKZj8vR89bv5Vs1Y,check,17
67511.01,1Aa2d6KSkBXKNZ2mK23oAtXADv6483UKZj8vR89bv5Vs1Y,check,17
67571.01,1Aa2d6KSkBXKNZ2mK23oAtXADv6483UKZj8vR89bv5Vs1Y,check,17
67631.016,1Aa2d6KSkBXKNZ2mK23oAtXADv6483UKZj8vR89bv5Vs1Y,check,17
67691.016,1Aa2d6KSkBXKNZ2mK23oAtXADv6483UKZj8vR89bv5Vs1Y,check,15
67751.016,1Aa2d6KSkBXKNZ2mK23oAtXADv6483UKZj8vR89bv5Vs1Y,check,15
67811.016,1Aa2d6KSkBXKNZ2mK23oAtXADv6483UKZj8vR89bv5Vs1Y,check,15
67871.016,1Aa2d6KSkBXKNZ2mK23oAtXADv6483UKZj8vR89bv5Vs1Y,check,15
67931.016,1Aa2d6KSkBXKNZ2mK23oAtXADv6483UKZj8vR89bv5Vs1Y,check,15
67991.016,1Aa2d6KSkBXKNZ2mK23oAtXADv6483UKZj8vR89bv5Vs1Y,check,15
68051.01,1Aa2d6KSkBXKNZ2mK23oAtXADv6483UKZj8vR89bv5Vs1Y,check,16
68111.016,1Aa2d6KSkBXKNZ2mK23oAtXADv6483UKZj8vR89bv5Vs1Y,check,15
68171.016,1Aa2d6KSkBXKNZ2mK23oAtXADv6483UKZj8vR89bv5Vs1Y,check,16
68231.016,1Aa2d6KSkBXKNZ2mK23oAtXADv6483UKZj8vR89bv5Vs1Y,check,15
68291.01,1Aa2d6KSkBXKNZ2mK23oAtXADv6483UKZj8vR89bv5Vs1Y,check,17
68351.01,1Aa2d6KSkBXKNZ2mK23oAtXADv6483UKZj8vR89bv5Vs1Y,check,17
68411.016,1Aa2d6KSkBXKNZ2mK23oAtXADv6483UKZj8vR89bv5Vs1Y,check,16
68471.016,1Aa2d6KSkBXKNZ2mK23oAtXADv6483UKZj8vR89bv5Vs1Y,check,17
68531.016,1Aa2d6KSkBXKNZ2mK23oAtXADv6483UKZj8vR89bv5Vs1Y,check,17
68591.016,1Aa2d6KSkBXKNZ2mK23oAtXADv6483UKZj8vR89bv5Vs1Y,check,17
68651.01,1Aa2d6KSkBXKNZ2mK23oAtXADv6483UKZj8vR89bv5Vs1Y,check,17
68711.016,1Aa2d6KSkBXKNZ2mK23oAtXADv6483UKZj8vR89bv5Vs1Y,check,15
68771.016,1Aa2d6KSkBXKNZ2mK23oAtXADv6483UKZj8vR89bv5Vs1Y,check,17
68831.01,1Aa2d6KSkBXKNZ2mK23oAtXADv6483UKZj8vR89bv5Vs1Y,check,17
68891.01,1Aa2d6KSkBXKNZ2mK23oAtXADv6483UKZj8vR89bv5Vs1Y,check,17
68951.01,1Aa2d6KSkBXKNZ2mK23oAtXADv6483UKZj8vR89bv5Vs1Y,check,17
69011.01,1Aa2d6KSkBXKNZ2mK23oAtXADv6483UKZj8vR89bv5Vs1Y,check,17
69071.016,1Aa2d6KSkBXKNZ2mK23oAtXADv6483UKZj8vR89bv5Vs1Y,check,17
69131.01,1Aa2d6KSkBXKNZ2mK23oAtXADv6483UKZj8vR89bv5Vs1Y,check,17
69191.01,1Aa2d6KSkBXKNZ2mK23oAtXADv6483UKZj8vR89bv5Vs1Y,check,17
69251.01,1Aa2d6KSkBXKNZ2mK23oAtXADv6483UKZj8vR89bv5Vs1Y,check,17
69311.01,1Aa2d6KSkBXKNZ2mK23oAtXADv6483UKZj8vR89bv5Vs1Y,check,17
69371.016,1Aa2d6KSkBXKNZ2mK23oAtXADv6483UKZj8vR89bv5Vs1Y,check,17
69431.01,1Aa2d6KSkBXKNZ2mK23oAtXADv6483UKZj8vR89bv5Vs1Y,check,16
69491.016,1Aa2d6KSkBXKNZ2mK23oAtXADv6483UKZj8vR89bv5Vs1Y,check,17
69551.016,1Aa2d6KSkBXKNZ2mK23oAtXADv6483UKZj8vR89bv5Vs1Y,check,16
69611.01,1Aa2d6KSkBXKNZ2mK23oAtXADv6483UKZj8vR89bv5Vs1Y,check,17
69671.016,1Aa2d6KSkBXKNZ2mK23oAtXADv6483UKZj8vR89bv5Vs1Y,check,16
69731.01,1Aa2d6KSkBXKNZ2mK23oAtXADv6483UKZj8vR89bv5Vs1Y,check,17
69791.016,1Aa2d6KSkBXKNZ2mK23oAtXADv6483UKZj8vR89bv5Vs1Y,check,15
69851.01,1Aa2d6KSkBXKNZ2mK23oAtXADv6483UKZj8vR89bv5Vs1Y,check,15
69911.016,1Aa2d6KSkBXKNZ2mK23oAtXADv6483UKZj8vR89bv5Vs1Y,check,17
69971.01,1Aa2d6KSkBXKNZ2mK23oAtXADv6483UKZj8vR89bv5Vs1Y,check,16
70031.01,1Aa2d6KSkBXKNZ2mK23oAtXADv6483UKZj8vR89bv5Vs1Y,check,16
70091.016,1Aa2d6KSkBXKNZ2mK23oAtXADv6483UKZj8vR89bv5Vs1Y,check,15
70151.016,1Aa2d6KSkBXKNZ2mK23oAtXADv6483UKZj8vR89bv5Vs1Y,check,15
70211.016,1Aa2d6KSkBXKNZ2mK23oAtXADv6483UKZj8vR89bv5Vs1Y,check,15
70271.02,1Aa2d6KSkBXKNZ2mK23oAtXADv6483UKZj8vR89bv5Vs1Y,check,15
70331.016,1Aa2d6KSkBXKNZ2mK23oAtXADv6483UKZj8vR89bv5Vs1Y,check,15
70391.01,1Aa2d6KSkBXKNZ2mK23oAtXADv6483UKZj8vR89bv5Vs1Y,check,16
70451.016,1Aa2d6KSkBXKNZ2mK23oAtXADv6483UKZj8vR89bv5Vs1Y,check,15
70511.01,1Aa2d6KSkBXKNZ2mK23oAtXADv6483UKZj8vR89bv5Vs1Y,check,17
70571.01,1Aa2d6KSkBXKNZ2mK23oAtXADv6483UKZj8vR89bv5Vs1Y,check,17
70631.016,1Aa2d6KSkBXKNZ2mK23oAtXADv6483UKZj8vR89bv5Vs1Y,check,17
70691.016,1Aa2d6KSkBXKNZ2mK23oAtXADv6483UKZj8vR89bv5Vs1Y,check,17
70751.01,1Aa2d6KSkBXKNZ2mK23oAtXADv6483UKZj8vR89bv5Vs1Y,check,17
70811.01,1Aa2d6KSkBXKNZ2mK23oAtXADv6483UKZj8vR89bv5Vs1Y,check,17
70871.016,1Aa2d6KSkBXKNZ2mK23oAtXADv6483UKZj8vR89bv5Vs1Y,check,16
70931.016,1Aa2d6KSkBXKNZ2mK23oAtXADv6483UKZj8vR89bv5Vs1Y,check,16
70991.01,1Aa2d6KSkBXKNZ2mK23oAtXADv6483UKZj8vR89bv5Vs1Y,check,17
71051.01,1Aa2d6KSkBXKNZ2mK23oAtXADv6483UKZj8vR89bv5Vs1Y,check,16
71111.01,1Aa2d6KSkBXKNZ2mK23oAtXADv6483UKZj8vR89bv5Vs1Y,check,16
71171.01,1Aa2d6KSkBXKNZ2mK23oAtXADv6483UKZj8vR89bv5Vs1Y,check,17
71231.01,1Aa2d6KSkBXKNZ2mK23oAtXADv6483UKZj8vR89bv5Vs1Y,check,17
71291.01,1Aa2d6KSkBXKNZ2mK23oAtXADv6483UKZj8vR89bv5Vs1Y,check,17
71351.01,1Aa2d6KSkBXKNZ2mK23oAtXADv6483UKZj8vR89bv5Vs1Y,check,17
71411.01,1Aa2d6KSkBXKNZ2mK23oAtXADv6483UKZj8vR89bv5Vs1Y,check,17
71471.01,1Aa2d6KSkBXKNZ2mK23oAtXADv6483UKZj8vR89bv5Vs1Y,check,17
71531.01,1Aa2d6KSkBXKNZ2mK23oAtXADv6483UKZj8vR89bv5Vs1Y,check,17
71591.01,1Aa2d6KSkBXKNZ2mK23oAtXADv6483UKZj8vR89bv5Vs1Y,check,17
71651.01,1Aa2d6KSkBXKNZ2mK23oAtXADv6483UKZj8vR89bv5Vs1Y,check,17
71711.016,1Aa2d6KSkBXKNZ2mK23oAtXADv6483UKZj8vR89bv5Vs1Y,check,17
71771.01,1Aa2d6KSkBXKNZ2mK23oAtXADv6483UKZj8vR89bv5Vs1Y,check,17
71831.016,1Aa2d6KSkBXKNZ2mK23oAtXADv6483UKZj8vR89bv5Vs1Y,check,17
71891.016,1Aa2d6KSkBXKNZ2mK23oAtXADv6483UKZj8vR89bv5Vs1Y,check,16
71951.01,1Aa2d6KSkBXKNZ2mK23oAtXADv6483UKZj8vR89bv5Vs1Y,check,17
